movie_id,genre_id
315946,99
766094,16
751212,16
585297,16
159897,99
1191584,
16463,99
96882,99
16464,99
335765,99
355995,99
32406,99
355764,99
32571,99
33315,99
33316,99
33317,
386743,99
355846,99
33229,99
33318,99
104852,99
355999,
355997,
355851,
355848,
336380,99
312452,99
416258,99
88013,35
88013,16
16622,16
16613,16
105153,99
355936,36
355936,99
355757,
16624,18
16624,99
105160,99
159896,16
152218,18
159904,99
159904,37
155107,99
155107,37
16612,99
105158,99
104396,10402
356154,
159895,99
154339,99
356155,35
152215,99
152215,35
159905,99
189054,99
751244,16
356151,10749
82120,35
34372,36
194085,99
144410,99
194081,99
122134,99
122134,10751
189056,99
127777,99
129436,18
129436,99
133063,14
133063,27
104462,35
104462,27
147554,14
147554,10751
160,99
126413,99
194583,99
194562,99
190560,99
144391,99
144391,35
49296,35
49296,14
104700,14
104702,14
49295,35
114108,18
114108,10751
114108,14
114108,10749
195620,80
195620,14
195620,9648
144432,16
144432,35
144432,14
179236,18
154171,35
105303,35
195626,18
49280,35
49280,14
49280,10402
1137292,
193408,99
179235,10749
179235,35
106814,35
49279,35
49279,14
185219,10749
185219,35
49275,18
49275,27
49275,14
775,12
775,878
108292,14
190669,878
108278,27
108278,14
5698,80
5698,28
5698,37
5698,12
16465,14
16465,27
49273,35
49273,10402
44449,14
44449,27
127097,14
44335,35
44335,14
44333,14
44324,14
44324,35
2963,12
2963,35
2963,14
2963,878
44330,35
44342,14
44342,35
20105,80
20105,18
20105,28
20105,36
49272,14
49272,27
134750,35
134750,16
49277,14
49277,35
137757,35
137757,14
137757,27
196287,35
120026,35
49278,35
49278,14
49278,10749
49298,35
350807,16
350807,35
350807,14
144440,35
144440,14
49271,14
49271,35
232957,35
193988,35
49281,35
49281,16
113194,12
113194,878
113194,14
71266,18
71266,36
127271,37
193833,
191911,
105408,18
105408,53
105408,27
110803,35
110803,14
618,18
618,36
618,10752
126925,
265051,35
265051,18
13707,35
3059,18
3059,36
174598,14
174598,18
174711,10749
174711,36
174711,18
36822,18
36822,35
95866,18
95866,35
95866,14
174708,18
174708,10749
174708,37
174731,80
174731,9648
174731,12
76951,28
76951,12
70753,18
53637,35
48263,35
48263,10749
72497,10749
72497,28
72497,35
899,18
899,10749
234,18
234,27
234,53
234,80
108988,35
108988,18
108988,10751
77621,18
77621,10749
77621,80
42511,18
42511,36
42511,10749
10098,35
10098,18
155953,18
58129,18
58129,14
58129,27
653,27
28480,18
28480,10749
175594,18
175594,36
171432,9648
171432,18
171432,12
171432,53
57283,99
57283,27
57283,36
25770,37
25770,35
669,99
669,18
35227,18
35227,53
5998,80
5998,53
22596,35
41348,35
175695,18
49452,18
701,35
701,10749
28974,18
28974,10749
31506,12
31506,18
31506,14
42512,12
42512,18
42512,14
28963,10749
28963,12
28963,14
120673,18
120673,10749
32318,35
32318,28
32318,12
32318,10749
992,28
992,35
992,9648
40574,35
40574,10749
176283,10749
176283,35
176283,18
84880,99
176272,35
176272,27
1405,18
1405,80
964,18
964,27
643,18
643,36
643,10752
962,12
962,35
962,18
33015,35
33015,37
42359,35
42359,10749
32600,35
32600,10749
2981,12
2981,14
2981,18
3060,10749
3060,10752
3060,18
44967,18
95956,10749
95956,18
38687,18
38687,10749
961,35
961,28
961,12
961,10752
42368,35
183514,35
19354,16
19354,12
19354,14
19354,10749
82283,35
82283,10749
19,18
19,878
42536,18
42536,36
42536,10752
27503,18
27503,10749
27503,27
631,18
631,10749
16661,35
16661,18
110655,37
73969,18
73969,35
73969,10749
28966,18
28966,28
28966,10752
28966,10749
939,18
939,10402
52782,18
52782,12
780,18
780,36
22595,35
28978,35
28978,10751
28978,10749
31411,35
31411,10749
25768,35
25768,10749
27777,80
27777,18
85697,12
85697,18
85697,80
189935,18
110887,12
110887,35
53209,35
53209,10749
53209,18
190160,18
190160,80
27517,18
27517,10749
27517,27
3061,18
3061,10749
885,18
885,10749
42614,18
42614,10749
626,27
626,14
20625,35
20625,10402
53528,35
905,18
905,80
905,10749
26317,99
543,18
543,53
543,80
35454,18
35454,12
35454,10749
47695,18
47695,35
65203,10402
65203,10749
65203,18
228,18
143,18
143,10752
42812,18
42812,10749
122047,18
122047,10749
5729,10749
5729,35
5729,18
42641,18
42641,10749
85505,18
85505,35
166645,10402
166645,35
26162,9648
26162,35
26162,80
26162,27
31930,9648
31930,80
31930,53
13913,35
13913,10402
832,18
832,53
832,80
9653,18
9653,10749
51394,80
51394,18
51394,35
3035,18
3035,27
3035,878
238069,18
35545,80
35545,18
35545,10749
977,10749
977,18
977,12
53797,18
53797,10749
53797,35
99732,18
375282,35
138,27
13911,35
901,35
901,18
901,10749
31409,35
31409,10749
156324,18
17687,80
17687,18
26614,18
26614,80
31514,35
31514,10402
27899,18
27899,80
52748,18
36049,35
36049,10749
36049,18
36049,12
39259,27
42861,18
42861,37
42861,36
41062,35
41062,10749
84295,18
84295,10751
84295,35
42816,18
29740,18
29740,80
33680,18
33680,10749
118731,10749
118731,18
13912,35
13912,10749
26860,27
48365,35
28268,35
28268,18
1994,53
1994,12
1994,27
136,18
136,27
3031,27
3031,878
31592,18
31592,27
31592,53
81107,35
81107,18
81107,10749
157888,35
157888,10402
779,27
779,14
779,9648
875,18
875,10749
875,10752
875,80
875,36
42914,80
42914,18
31532,35
31532,10749
877,80
877,18
77966,35
77966,10749
77966,18
59158,9648
59158,35
59158,27
91181,18
91181,9648
72495,18
72495,12
72495,14
15007,53
15007,9648
15007,80
15007,35
28432,35
28432,10402
31526,10749
31526,36
31526,18
43122,36
43122,18
244,12
244,14
244,27
39938,18
39938,10751
25694,10751
25694,14
25694,35
43148,27
43148,53
3062,35
3062,18
3062,10749
167657,18
3063,35
3063,10752
164865,80
164865,18
31511,35
31511,18
83868,10749
83868,35
38585,80
38585,9648
38585,53
217645,16
217645,10402
10787,27
10787,878
27449,18
77210,35
77210,10749
56164,18
56164,10752
3078,35
3078,10749
41347,35
31527,18
31527,36
31527,10749
82096,18
82096,10749
43691,18
43691,12
43902,36
43902,18
43902,10749
43905,18
43905,10749
43904,10749
43904,18
43904,35
46910,28
46910,10752
38725,18
23122,27
43901,35
43901,18
43901,10751
182922,28
182922,12
182922,35
82179,35
82179,80
53864,18
53864,9648
53864,10749
8208,53
8208,9648
47921,18
47921,10749
140517,9648
3080,10402
3080,35
3080,10749
260,9648
260,53
70881,36
70881,18
70881,10749
12311,12
12311,18
12311,36
43894,10402
43894,10749
31798,35
31798,10402
31798,10749
47920,18
47920,10749
37719,35
37719,10402
229,27
229,878
164894,9648
164894,10749
198982,80
198982,9648
28261,27
28261,10749
20325,10749
20325,35
3082,35
3082,18
3082,10749
43884,18
43884,12
43884,10752
43881,18
43881,10749
43881,10402
38721,18
38721,35
38721,10749
17030,80
17030,18
17030,10749
17030,53
24807,35
24807,18
24807,10749
43872,35
43872,10402
43872,10749
23389,27
38070,35
43877,18
52429,35
52429,10749
43277,10402
43277,18
43277,10749
38713,9648
38713,53
52047,18
43874,18
43874,10749
43874,36
189005,35
189005,18
189005,10402
43879,18
43879,10749
27974,80
27974,18
13562,35
12684,18
12684,53
12684,80
14615,80
14615,18
203045,9648
337245,27
54569,18
54569,10749
2761,53
2761,9648
2761,10749
22440,18
22440,14
22440,27
31530,35
31530,10749
43864,35
43864,18
43865,18
43865,10749
30630,36
30630,18
30630,10749
23101,35
23101,14
23101,10749
3598,12
3598,14
3598,18
3598,10749
43867,10749
43867,12
43867,18
87115,36
87115,18
87115,12
87115,10749
249799,18
249799,36
249799,10749
408,14
408,16
408,10751
11939,35
11939,10402
37650,35
37650,10749
41059,18
41059,10749
44579,80
44579,9648
26252,18
26252,80
26252,10749
14675,35
14675,10749
2762,53
2762,10749
2762,9648
25563,80
25563,18
25563,53
59950,35
43278,18
43278,36
29872,10402
29872,35
29872,10749
940,9648
940,53
940,35
16274,35
16274,10749
16274,18
46688,28
46688,18
46688,10752
1976,18
1976,10749
140995,18
42390,18
23255,80
23255,53
23255,9648
10907,12
10907,10749
10907,36
31996,35
31996,10749
900,35
900,10749
67880,18
67880,10402
67880,10749
43855,35
43855,80
43855,9648
43855,10749
43844,35
43844,18
13696,80
13696,18
630,12
630,14
630,10751
770,18
770,10752
770,10749
17660,37
22490,35
22490,18
995,37
995,12
3084,18
3084,10749
42852,18
42852,10749
1859,35
1859,10749
78318,18
78318,36
78318,10749
27972,18
27972,10749
16902,18
16902,36
16902,10749
43838,18
43838,36
43829,37
73194,18
73194,36
73194,10752
67375,18
67375,36
22999,35
22999,10752
31685,18
31685,10749
31685,27
22553,35
22553,10402
89723,35
89723,9648
59701,9648
59701,53
51802,18
776,18
776,35
776,10749
32610,35
32610,10402
43828,37
43828,35
23280,35
23280,80
23280,9648
17481,80
17481,9648
17481,53
3083,35
3083,18
31995,80
31995,12
31995,53
27053,80
27053,18
42518,16
42518,10751
42518,28
42518,12
43739,18
43739,10749
10895,16
10895,10751
10895,14
223,9648
223,10749
223,53
223,18
12232,12
12232,14
12232,10749
989,18
32194,35
32194,10749
55604,12
55604,18
55604,10749
55604,37
50271,18
50271,10749
50271,12
43821,37
43807,18
43807,10749
17801,80
17801,18
596,18
33810,35
37426,27
37426,878
1718,37
3085,35
3085,10749
26201,12
26201,36
26201,10749
914,35
914,10752
43818,18
43818,10749
80054,18
80054,10749
46939,27
46939,53
46939,9648
32196,18
32196,35
32196,10749
981,35
981,10749
756,16
756,10751
756,14
115112,18
55207,53
55207,9648
152275,28
152275,80
152275,18
25670,53
25670,9648
25670,28
20334,35
20334,18
20334,10749
43812,18
95874,35
95874,10749
42678,18
963,9648
963,80
963,53
15,9648
15,18
11360,16
11360,10751
43802,18
43802,10749
43802,36
3086,35
3086,10749
43801,35
43801,10749
31309,16
31309,35
31309,10751
27725,80
27725,18
13666,27
13666,18
142876,35
142876,18
105038,18
21735,10752
21735,53
29601,35
29601,10402
14604,35
14604,27
32574,35
32574,18
16305,35
16305,10749
16305,12
252463,35
252463,80
252463,9648
42066,18
42066,53
11462,9648
11462,10749
11462,53
43797,35
43797,10402
43797,10749
43266,18
22752,10751
22752,16
22752,35
22752,14
23104,27
23104,35
39871,35
39871,10749
32847,10749
32847,18
289,18
289,10749
965,18
965,10749
3170,16
3170,18
3170,10751
44530,10749
44530,12
44530,18
27017,10402
27017,10749
27017,10752
43523,10749
43523,35
43523,14
25508,9648
25508,27
25508,10749
22741,27
22741,10752
27372,18
27655,18
27655,35
27655,10749
26319,35
20640,35
20640,10749
20640,18
198,35
198,10752
198,10749
18706,9648
18706,53
18706,80
31997,53
31997,9648
27367,18
27367,10749
27367,10752
14906,16
14906,12
14906,10402
26922,878
26922,27
55086,18
68440,18
68440,53
40916,35
40916,10749
40916,10402
27130,9648
27130,27
27130,18
43515,35
43515,10749
43515,10402
18783,12
18783,10752
43510,28
43510,10752
43510,18
100910,18
100910,10749
100910,10752
41391,18
41391,36
25037,10752
25037,18
25037,10749
25037,35
29084,9648
29084,18
29084,53
21734,53
35022,18
72103,18
72103,10752
84656,18
84656,10752
980,37
980,18
150778,10752
150778,18
150778,10749
22744,18
22744,10749
80616,35
80616,10749
54288,14
54288,18
54288,27
55835,18
20945,27
20945,9648
162641,10752
162641,18
162641,12
5155,80
5155,18
5155,10749
212,35
212,80
996,80
996,53
43307,18
43307,10749
909,35
909,18
909,10749
909,10751
36498,35
36498,10752
51144,18
17136,53
17136,80
17136,18
1939,18
1939,9648
21622,10402
21622,35
21622,10749
42401,18
42401,10749
42401,10752
22584,12
22584,10749
22584,10752
30719,10749
30719,18
17641,18
17641,10751
17988,18
17988,10752
13321,10752
13321,18
15947,16
15947,10751
15947,10402
218096,10402
15696,18
15696,9648
15696,10752
15696,35
16373,9648
16373,27
16373,14
16373,10749
878,35
3309,80
3309,18
56137,10749
56137,18
56137,35
43495,10402
43495,18
851,18
851,10749
72163,37
72163,35
30348,27
43494,18
43494,14
43494,10749
43490,10752
43490,12
43490,18
43490,28
28580,18
20367,18
20367,53
4174,53
4174,9648
4174,10749
307,18
307,10752
17058,18
17058,80
2457,18
2457,10749
178575,18
178575,10752
34327,9648
34327,80
34327,53
17889,10402
17889,35
17889,10749
14594,35
14594,9648
38466,9648
13581,27
13581,53
49845,18
49845,10749
41073,18
41073,12
41073,36
303,53
303,10749
303,9648
28907,10402
28907,37
28907,10749
28907,35
910,9648
910,80
910,53
25736,18
25736,10749
25736,80
25736,53
28162,10749
28162,14
28162,18
28162,10752
28162,35
648,18
648,14
648,10749
25502,18
25502,10749
25502,10402
90093,18
83098,35
83098,10402
1585,18
1585,10751
1585,14
31206,18
31206,10402
3767,10749
3767,18
3767,53
32945,18
32945,53
32945,36
3088,37
3088,10749
3088,18
887,18
887,10749
887,10752
20417,9648
20417,80
20417,53
32275,37
32275,10749
32275,18
29100,53
29100,80
13850,10751
13850,16
20408,9648
20408,80
20408,53
21336,80
21336,18
20246,53
20246,80
20343,16
20343,10402
20343,10751
89186,18
89186,10749
14320,18
14320,10749
16391,18
98539,12
98539,10749
43461,80
43461,18
43461,53
31513,10402
31513,35
31513,10749
111042,35
111042,10402
111042,10749
42342,35
42342,10749
31667,18
31667,9648
31667,10749
22292,10749
22292,14
22292,18
55308,37
28120,80
28120,9648
28120,53
117241,10749
678,80
678,53
101780,18
46929,16
46929,10402
17487,18
33079,80
33079,18
98578,18
98578,10402
3766,9648
3766,80
3766,53
11881,35
11881,18
11881,10751
33667,18
3089,37
19542,18
19542,10749
23383,18
208708,18
208708,36
208708,10752
33111,18
33111,10749
32066,18
32066,10749
23861,10752
23861,18
81294,16
81294,10751
81294,14
81294,10402
29380,10749
29380,10402
1580,53
1580,80
1580,18
62694,18
62694,9648
45628,10402
45628,80
43454,12
43454,35
43454,80
43454,10749
32294,35
3090,12
3090,18
3090,37
43442,10751
43442,18
32850,53
26038,80
26038,18
43443,18
43443,36
5156,18
13757,16
13757,10402
13757,10751
27883,18
111650,18
1092,53
1092,9648
29885,35
29885,10749
31516,10402
31516,35
31516,10749
25431,35
25431,18
25431,10749
62727,18
43397,18
43397,10749
43397,53
17218,18
17218,80
43436,10749
43436,18
43436,10751
39314,12
39314,14
39314,18
39314,28
47308,53
20530,18
45578,10749
45578,18
45578,9648
11898,35
11898,80
24650,18
24650,10749
28571,18
28571,10749
28571,36
23567,35
23567,10749
23567,10752
13465,27
13465,14
13465,16
13465,10751
4175,18
4175,36
25430,18
206145,28
206145,12
206145,14
4595,35
124994,18
124994,10749
705,18
599,18
11224,10751
11224,14
11224,16
11224,10749
548,80
548,18
548,9648
43390,10402
43390,10749
16958,80
16958,18
11787,35
11787,14
4558,10749
4558,14
4558,18
24481,35
24481,10749
43391,53
43391,878
17057,18
17057,10749
17057,9648
17057,80
80636,10752
80636,18
80636,36
28433,18
28433,80
28433,53
18995,9648
18995,53
18995,80
1978,53
32690,18
15390,18
43394,18
119325,28
119325,12
29381,80
29381,18
25364,18
845,80
845,53
12092,16
12092,10751
12092,14
12092,12
488,10749
488,12
828,878
828,53
702,18
702,53
17820,10402
17820,10749
17820,18
43376,18
2769,10402
2769,10749
2769,35
50247,18
10785,18
10785,27
10785,878
43372,35
43372,18
173797,18
11620,18
11620,36
11620,10749
29835,53
29835,18
29835,80
101557,12
101557,18
101557,37
24774,18
24774,10749
103937,18
76088,28
76088,12
872,35
872,10749
80596,18
43367,12
43367,37
43367,10749
43363,35
43363,10402
43363,10749
288,37
288,53
3109,10749
3109,35
3109,18
24003,18
24003,10749
5000,18
5000,10752
28971,10749
28971,18
28971,10402
4460,12
4460,10749
4460,18
3782,18
32499,18
32499,10749
41464,18
27191,18
27191,10749
73551,28
73551,12
197361,18
27884,28
27884,12
18019,18
18019,36
10693,16
10693,10751
10693,12
10693,14
204,18
204,53
204,12
804,10749
804,35
804,18
25009,12
25009,18
25009,10749
18148,18
29376,10402
29376,35
29376,10749
632,35
632,18
632,10752
8974,878
8974,28
14117,35
14117,10402
14117,10749
14117,37
759,35
759,10749
16914,18
16914,36
16914,10752
44140,18
44140,10402
44140,10749
40165,18
40165,10749
3110,18
3110,37
23125,27
23125,878
11426,10752
11426,10749
11426,18
41462,53
41462,80
30159,18
30159,53
30159,80
14580,80
14580,53
10297,35
10297,10749
10165,18
10165,10752
10165,53
25955,53
25955,80
778,35
14696,14
14696,18
14696,9648
47735,18
47735,10749
24018,18
28696,18
35073,18
35073,27
35073,878
37198,12
37198,53
37198,18
33743,10751
33743,14
33743,10402
19483,878
19483,27
27030,18
27030,10749
18573,27
18573,80
73553,28
73553,12
80316,35
80316,10749
27430,80
27430,53
16563,35
16563,18
16563,37
13368,35
13368,10402
13368,10749
26596,37
26596,18
26596,10749
654,80
654,18
654,10749
173,12
173,878
173,10751
567,53
567,9648
11071,878
11071,27
6620,35
6620,10749
6620,18
16410,35
16410,18
55859,28
55859,35
521,53
521,80
346,28
346,18
3111,18
3111,10402
3111,10749
43336,18
2748,18
2748,10749
17729,18
17729,10402
17729,10749
41503,18
41503,10749
36871,18
10973,12
10973,27
10973,878
56290,18
56290,10752
23620,18
23620,36
1678,53
1678,27
1678,878
11848,16
11848,18
45993,10749
45993,18
101028,18
43294,35
51044,18
51044,10749
58007,35
23020,80
23020,53
10178,18
10178,10752
381,9648
381,10749
381,53
3112,80
3112,18
3112,53
10340,10751
10340,16
10340,10749
33218,10402
33218,10749
11700,35
11700,10749
5506,35
5506,80
4825,35
4825,80
4825,10749
827,27
827,53
827,9648
13210,18
13210,28
13210,36
13210,53
13210,10752
221,18
20174,28
20174,80
20174,18
22342,18
22342,80
934,80
934,53
934,18
5996,35
5996,80
36489,27
36489,878
9077,878
9077,27
15919,18
15919,10749
13936,37
13936,10402
13936,10749
10653,35
10653,10749
50363,18
50363,10749
10056,53
10056,80
10056,18
5801,18
1679,878
1679,27
831,878
831,12
831,27
139799,10402
139799,14
139799,10749
139799,35
60966,10402
60966,35
52857,18
11219,35
11219,9648
138357,18
138357,12
66436,35
66436,10749
76117,18
76117,10749
3114,37
123354,18
42196,53
42196,18
42196,27
16520,10402
16520,10749
16520,36
40953,35
22527,80
22527,18
830,878
830,12
187790,37
187790,10749
11549,878
11549,27
11549,53
11839,10402
11839,12
11839,35
11706,10752
11706,10749
11706,18
11706,36
26036,18
6844,18
6844,36
8420,18
8420,10749
2897,12
2897,35
2897,10751
2897,14
2897,10749
60525,18
60525,10749
48385,80
48385,27
48385,878
24010,35
24010,18
24010,10749
247,80
247,53
897,18
15244,18
15244,53
19742,27
19742,878
43791,53
43791,10752
43791,18
43791,36
11424,10402
11424,35
11424,10749
104607,18
574,53
574,9648
46493,18
94407,80
94407,18
94407,9648
94407,53
170412,80
170412,18
458,18
458,35
458,10749
56068,35
10626,35
10626,18
49701,35
49701,18
389,18
83354,37
24203,35
24203,10749
38360,18
38360,10749
38360,10752
31682,878
31682,27
975,10752
975,18
975,36
22660,12
22660,18
22660,10751
22660,37
28285,18
13320,10402
13320,35
13320,10749
19426,18
29933,10752
29933,18
15876,10752
490,14
490,18
25103,14
25103,27
25103,9648
976,18
56188,18
56188,12
56188,10749
37103,12
37103,10752
37103,18
614,18
40885,18
40885,10749
43240,35
43240,10749
826,18
826,36
826,10752
24012,35
24012,10749
8356,18
8356,10749
272805,18
21849,18
85853,18
37257,18
37257,9648
37257,80
43226,878
43226,28
43226,18
43226,53
43226,10752
52367,35
52367,10749
14837,37
3777,18
3777,36
260640,37
260640,36
260640,18
120303,27
37373,18
37373,10749
43230,878
216356,35
426,9648
426,10749
426,53
4955,18
19759,12
19759,878
42661,12
42661,36
42661,28
18784,18
18784,10752
43137,35
43137,10749
11815,878
11815,27
11815,18
70864,878
70864,28
11868,27
43144,12
43144,35
43144,14
34078,53
34078,27
427,35
1480,80
1480,53
1480,9648
17281,35
17281,10749
11414,80
11414,18
16347,35
16347,18
43136,18
43136,10749
17352,10402
17352,10749
17352,10752
22874,35
22874,10749
34084,9648
34084,53
34084,27
37451,10752
37451,18
261,18
66966,10749
66966,18
66966,80
52639,27
52639,878
1059,18
1059,28
1059,12
27179,27
27179,878
60899,18
28577,18
28577,80
147,18
10882,14
10882,16
10882,10749
10882,10751
665,36
665,18
665,12
665,28
11571,12
11571,14
11571,10751
27029,18
18887,12
18887,10751
18887,14
18887,10749
239,35
239,10749
239,80
34148,18
34148,10749
213,53
213,12
14698,53
14698,18
14698,9648
34077,27
34077,878
89688,99
26857,27
26857,878
66965,18
66965,80
66965,9648
66965,35
28276,35
28276,10751
28276,18
55823,35
55823,10752
55823,18
53050,35
53050,27
22642,35
22642,27
93,80
93,18
93,9648
15856,27
15856,9648
27545,878
27545,27
35813,27
35813,9648
35813,53
35813,80
43096,35
43096,10749
62472,878
896,18
301,37
4952,35
4952,10749
4928,18
4928,878
4928,10749
10513,878
10513,27
32623,27
1566,18
1566,36
1566,10752
43049,35
43049,18
43049,10749
31417,18
31417,27
31417,53
269,18
269,80
966,37
966,28
966,12
967,36
967,10752
967,18
967,12
1908,18
284,35
284,18
284,10749
539,27
539,53
539,9648
1941,18
1941,10752
24014,35
24014,10749
21967,18
31392,27
8422,18
8422,10749
27632,27
36878,14
36878,18
50173,27
50173,18
39890,9648
39890,27
2546,35
2546,14
44023,35
61711,18
61711,10749
43042,18
43042,36
11656,18
11656,36
82311,18
82311,10749
439,35
439,18
24167,18
24167,10752
11167,53
11167,27
11167,18
29259,18
29259,53
29259,80
23220,27
1818,18
1818,53
1818,80
36741,35
73898,18
73898,10752
43039,35
43039,10749
17938,878
2134,53
2134,12
2134,14
2134,878
2134,10749
31589,80
31589,18
31589,53
27419,18
11878,18
11878,53
20139,18
27717,878
164,35
164,10749
164,18
18993,12
18993,878
28699,80
28699,53
12230,12
12230,16
12230,35
12230,10751
16638,28
16638,18
16638,36
16638,10749
16638,10752
11536,37
11536,18
11536,10749
990,18
990,10749
430,35
1725,80
1725,18
1725,10749
22727,27
22727,878
18228,35
18228,10402
33710,10749
33710,18
33710,10402
28569,18
28569,10749
25062,18
19186,35
19186,10751
29478,18
29478,10749
30126,12
30126,35
30126,18
30126,10751
30126,14
41050,18
41050,10749
39410,12
39410,878
39410,14
31522,35
31522,18
31522,10749
10911,10752
10911,12
10911,53
10911,28
28752,27
63892,18
63892,10749
12491,18
11602,18
16372,27
16372,9648
171898,18
40641,18
40641,10749
36362,18
36362,36
1628,18
1628,10749
31442,18
31442,10752
947,12
947,36
947,10752
10242,53
10242,18
10242,27
802,18
802,35
802,10749
595,18
21143,878
21143,27
982,53
982,18
3009,80
3009,18
3009,9648
13671,35
13671,10751
13671,10402
13671,10749
16093,27
16093,9648
499,18
33468,27
33468,878
39391,35
39391,18
39391,10402
48764,18
48764,36
76000,18
76000,10749
662,10749
662,878
48421,27
48421,9648
43001,18
12708,35
12708,10749
646,12
646,28
646,53
1162,18
686487,28
686487,878
686487,35
686487,12
686487,14
11385,12
11385,35
16103,18
45267,35
45267,10749
17185,18
10421,35
10421,18
26866,12
26866,35
26866,10749
26866,28
71767,35
60792,18
1626,18
9289,10752
9289,28
9289,18
5636,37
5636,12
256,10749
256,18
256,35
14537,28
14537,18
14537,36
5925,12
5925,18
5925,10752
2690,10749
936,35
936,80
27759,36
27759,10752
27759,18
81399,10749
81399,18
4808,35
4808,9648
4808,10749
9960,18
9960,12
9960,53
25504,18
25504,53
25504,9648
571,27
571,53
26484,35
26484,10402
19254,35
266,18
266,10749
25167,35
25167,10402
9078,16
9078,10751
9078,14
44065,99
11772,27
39222,27
37204,10402
37204,35
37204,10751
28503,27
28503,9648
28503,53
5769,35
5769,12
5769,36
5769,10749
657,28
657,53
657,12
32569,878
32569,53
32569,27
30204,35
30204,10749
11506,18
11506,10749
29056,35
29056,27
29056,14
120959,18
422,18
11712,18
11712,28
11712,35
4498,35
4498,18
35072,878
35072,28
35072,12
35072,14
43532,10402
43532,10749
42987,18
86764,18
86764,10749
29455,18
37969,12
37969,10751
136467,878
11576,28
11576,12
11576,35
8095,18
8095,36
8095,10749
3685,37
3685,12
935,35
935,10752
391,37
433,35
433,10751
433,14
13382,16
13382,10751
13382,10770
13382,12
201429,18
201429,10749
16672,18
16672,53
40618,35
34276,12
34276,878
44736,12
44736,18
11113,10402
11113,35
11113,10749
11113,18
704,35
704,10402
8073,80
8073,18
8073,35
42791,35
42791,18
42791,10749
42791,10752
14433,28
14433,18
14433,36
14433,10752
39113,35
39113,10402
39113,10749
39231,35
39231,10749
49687,18
49687,10749
49687,35
10299,27
10299,9648
10299,53
24192,18
96394,10752
96394,18
96394,36
3763,27
502,53
502,18
502,10752
2098,10402
2098,10749
2098,35
658,12
658,28
658,53
22543,80
22543,18
22543,53
22543,27
5967,18
5967,10749
21159,27
21159,878
114785,53
3482,10752
3482,53
15766,878
15766,28
15766,14
15766,53
5066,35
42797,35
26638,18
1682,18
1682,28
1682,878
506,53
506,9648
506,10749
506,18
1594,35
1594,9648
1594,80
66022,18
66022,9648
86666,18
86666,80
131344,18
42790,35
42790,18
49160,878
49160,12
49160,18
9547,37
9547,12
3686,37
3686,12
9347,12
9347,37
12553,12
12553,37
15121,18
15121,10751
15121,10402
15121,10749
39951,16
39951,878
39951,10751
19120,35
19120,18
19120,14
11481,18
11481,53
11481,27
42729,80
42729,18
42729,27
42729,9648
660,12
660,28
660,53
20723,10751
20723,35
20723,80
15247,53
8072,18
8072,878
8072,9648
938,37
10243,12
10243,18
11799,12
11799,35
11799,10749
11799,37
49683,18
49683,10402
49683,10749
24134,18
24134,10749
315,80
315,28
315,53
43644,18
907,18
907,10749
907,10752
1942,9648
1942,53
19545,878
19545,28
21930,28
21930,27
21930,878
3160,27
3160,878
138030,18
138030,10749
83356,27
148782,18
26685,35
33364,18
33364,10749
32323,35
19199,12
19199,37
7085,12
7085,37
9627,12
9627,37
19195,12
19195,37
19194,12
19194,37
3780,18
42744,35
42744,10749
797,18
17295,18
17295,10752
17295,36
429,37
46919,35
46919,18
15598,35
15598,18
15598,10749
86451,878
38606,35
2161,878
2161,12
1052,18
1052,9648
1052,53
37301,37
84278,18
396,18
3149,80
3149,27
3149,878
3149,37
1888,35
23728,28
23728,35
23728,12
23728,878
263640,18
263640,10770
1714,18
1714,878
5923,18
5923,10752
42719,35
42719,18
42719,10749
874,18
874,36
10772,28
10772,37
895,18
895,36
29070,27
23832,35
23832,12
3001,35
3001,80
3001,10749
5780,53
3115,878
3115,28
3115,14
28719,27
28719,14
28719,18
28856,14
28856,27
28856,12
28857,18
28857,14
28857,27
22899,14
22899,28
22899,878
95597,18
49397,37
3591,12
3591,14
29049,27
17102,27
45706,53
45706,80
45706,28
114333,18
114333,53
22293,27
41057,28
41057,10752
66953,35
66953,18
6644,37
9628,12
9628,37
9629,12
9629,37
9629,28
261653,14
903,28
903,18
903,80
9325,10751
9325,16
9325,12
37247,18
37247,10749
37247,35
25904,18
25904,36
475,80
475,18
667,28
667,53
667,12
32489,35
32489,10402
32489,10749
12208,12
12208,28
12208,35
42695,18
42692,18
42692,10749
42692,36
1654,28
1654,12
1654,10752
3055,18
3055,10749
649,18
649,10749
10633,80
10633,18
10633,9648
10633,53
18209,14
18209,35
18209,10749
5767,18
5767,10749
5767,35
11206,53
11206,27
42689,80
42689,18
42689,27
42689,9648
42689,53
3053,35
3053,27
5511,80
5511,53
4837,18
4837,10749
10227,35
74896,18
11047,10751
11047,16
11047,12
11047,35
61041,35
61041,18
1879,18
1879,10749
110479,35
18627,12
18627,10751
18627,878
42712,878
42712,27
52728,28
52728,12
52728,27
52728,878
17905,53
17905,80
17905,28
105584,18
105584,53
2433,10749
2433,35
2433,18
17887,35
17887,10749
4949,37
4949,10752
2984,35
2984,10749
74544,10749
74544,18
74544,80
41608,37
61943,37
61943,28
61943,27
52686,12
52686,18
52686,16
52686,14
871,878
871,12
871,18
871,28
29146,18
29146,10749
29146,878
30197,35
30197,10402
805,18
805,27
805,53
62,878
62,9648
62,12
11046,28
11046,12
11046,10752
6003,18
6003,10749
12105,10402
12105,16
12105,12
12105,35
12105,14
52959,18
52959,10402
52959,10749
32726,28
32726,12
32726,10749
8069,878
8069,12
8069,35
8069,14
335,18
335,37
10794,35
18988,18
18988,36
14794,18
18193,35
18193,10402
4929,37
10331,27
10331,53
22937,12
22937,35
47069,18
4191,80
4191,18
4191,9648
9929,10751
9929,16
9929,12
9929,35
16085,35
16085,18
16085,10749
54575,35
54575,18
18333,18
18333,27
3107,878
3107,28
58658,18
58658,80
34131,12
34131,28
34131,878
34131,10751
916,28
916,80
916,53
916,10749
916,18
35166,18
35166,35
17657,28
17657,12
17657,53
29778,27
41064,10751
41064,18
41861,10752
41861,36
41861,10749
41861,12
315986,18
3054,28
3054,35
11708,10751
11708,10402
11708,12
11708,14
11708,35
46570,37
46570,53
17917,18
17917,10751
10638,37
10638,12
46443,37
46443,28
29790,27
66027,18
66027,10749
10237,80
10237,18
10237,10749
10237,53
11574,35
11574,37
37437,28
37437,12
37437,18
37437,10751
20391,35
20391,37
20391,10402
642,37
642,12
624,12
624,18
29228,35
29228,10751
29228,18
33166,18
5179,18
10536,28
10536,80
10536,35
10536,53
133343,18
13384,18
17529,37
5638,18
5638,35
3116,18
1651,10749
1651,18
1651,80
1651,53
15383,10752
15383,36
15383,53
668,12
668,28
668,53
14030,10402
14030,35
14030,10749
39462,14
39462,878
39462,10751
28145,18
49225,18
49225,35
11485,35
11485,80
2721,53
2721,80
2721,18
48831,10749
48831,35
48831,18
42602,18
4946,18
4946,53
92312,37
92312,27
72309,18
72309,27
11657,80
11657,53
5722,35
5722,18
5722,10402
10112,16
10112,35
10112,10751
10112,12
13400,16
13400,10751
13400,14
13400,10770
28476,14
28476,16
28476,12
11916,37
59408,18
59408,35
31952,27
198289,18
198289,10770
26617,18
9062,10749
9062,18
82976,35
82976,18
34377,18
34479,27
29748,27
71943,18
71943,27
71943,53
10671,28
10671,18
10671,53
72899,18
72899,10402
8416,18
42586,10402
42586,10752
42586,18
42586,35
42586,10749
14801,878
14801,53
5620,27
33205,18
35838,18
5590,14
5590,35
5590,10402
5590,10749
11040,12
11040,37
11040,35
11040,18
33157,36
33157,18
33157,10752
2860,18
2860,10749
11165,10752
11165,36
11165,18
3423,18
3423,10749
10364,10752
10364,35
37662,18
37662,10751
80560,18
80560,80
9394,28
9394,35
9394,37
12127,12
12127,10751
26593,37
11202,10752
11202,18
11202,36
4255,35
4255,18
2912,53
2912,80
2912,18
36040,12
36040,18
252,10751
252,14
252,35
636,878
636,28
636,18
185,878
185,80
22777,35
22777,10751
59881,10402
59881,35
59881,18
47182,16
47182,10751
47182,12
12335,12
12335,14
12335,35
12335,10751
12335,10402
12335,16
9267,35
343,35
343,18
343,10749
25188,18
994,18
994,53
482,28
482,80
482,53
1687,28
1687,878
5822,28
5822,80
5822,18
5822,53
172475,12
172475,35
47446,18
74689,35
74689,18
15393,18
15393,53
64345,35
64345,37
46067,18
46067,36
31472,27
16154,27
16154,9648
16154,18
1051,28
1051,80
1051,53
11302,35
29005,37
29005,18
40486,28
40486,18
6619,18
6619,10749
681,28
681,53
56231,18
839,28
839,53
839,10770
39464,878
39464,28
39464,10751
39464,27
26405,18
26405,53
466,53
466,9648
466,80
39261,27
39261,9648
31767,18
31767,36
38646,18
38646,10752
38646,36
17343,27
1485,80
1485,53
61799,35
26234,80
26234,53
11316,10752
11316,18
56259,28
56259,27
31283,18
31283,37
31283,80
40732,18
40732,36
26513,18
26513,53
46175,18
46175,27
46175,53
36850,35
36850,10749
11951,28
11951,80
11951,18
48207,35
48207,18
48207,10749
26237,18
11829,35
11829,37
16328,10752
16328,18
10514,878
10514,53
593,18
593,878
593,9648
692,35
692,80
4683,35
4683,80
53806,18
53806,27
12116,18
12116,10749
10238,18
90391,27
90391,53
90391,10770
238,18
238,80
12530,35
12530,10749
2000,36
2000,12
2000,18
49361,27
10669,18
10669,12
10669,53
11943,12
11943,37
14902,18
14902,36
5183,12
5183,35
55106,35
55106,10749
49106,18
49106,36
49106,10752
6949,35
6949,10749
10784,10402
10784,18
10784,10749
1643,18
1643,10749
551,12
551,18
551,53
29852,53
29852,27
29852,9648
993,53
993,9648
993,80
993,35
93068,18
62382,18
34280,12
34280,35
68053,18
68053,53
19336,28
19336,12
19336,10751
19336,878
84642,18
5853,35
10310,18
10310,10749
30566,27
30566,14
15516,27
15516,53
573,80
573,53
573,27
91487,53
91487,18
4593,35
23148,18
23148,10402
41471,18
41471,28
17810,28
17810,18
41477,28
41474,18
41474,28
22307,53
22307,27
22307,9648
214525,80
214525,28
214525,18
22910,28
22910,80
22910,18
1721,12
1721,28
1721,35
20803,35
20803,878
3133,80
3133,18
3133,10749
931,53
931,18
931,27
9552,27
9552,18
16307,27
760,35
28797,28
28797,80
28797,53
4495,18
4495,14
9277,35
9277,80
9277,18
42458,35
42458,10749
11561,35
11561,878
31596,27
9040,80
9040,18
12101,878
12101,53
12101,80
8327,18
5924,80
5924,18
11293,35
11293,80
11293,18
12545,10402
12545,18
838,35
838,18
11886,16
11886,10751
11886,12
16180,27
16180,9648
11901,37
11901,18
11901,9648
80911,18
80911,10402
203,18
203,80
253,12
253,28
253,53
82969,18
1675,35
1675,18
13479,16
13479,35
13479,10751
13479,10770
20842,27
20842,35
39264,28
39264,12
39264,10751
39264,878
39264,14
2487,28
2487,80
2487,18
28156,27
28156,53
21035,18
21035,10749
12550,27
29425,878
29425,53
29425,27
42457,18
35669,27
11577,37
91618,28
91618,18
91618,53
91618,80
9461,28
32615,80
32615,18
32615,53
16306,16
16306,878
11048,28
11048,35
11048,80
11048,18
88950,28
88950,53
88950,18
28802,27
19095,27
84473,27
84473,18
84473,14
84473,10749
9474,35
9474,37
2926,28
2926,12
2926,10749
2926,10751
42463,80
42463,18
42463,53
27019,35
27019,18
27019,14
11072,37
11072,35
3034,35
4923,14
4923,28
4923,53
4923,878
1410,35
1410,878
21489,53
16153,10749
16153,18
829,80
829,18
829,9648
829,53
27977,35
30497,27
35275,35
35275,10402
16938,27
16938,9648
16938,53
240,18
240,80
592,80
592,18
592,9648
5919,28
5919,18
5919,53
50254,10770
50254,36
50254,18
216,10749
216,18
682,12
682,28
682,53
13939,80
13939,18
13939,28
27327,10402
27327,35
27327,27
27327,14
14267,35
14267,80
17365,80
17365,18
17365,53
22048,28
22048,80
22048,53
22121,18
22121,28
22121,53
38582,28
38582,12
38582,878
38582,10751
115497,18
115497,10770
4031,35
4031,18
24402,18
24402,10749
29845,18
26480,28
26480,27
93934,18
93934,10749
25627,27
86889,18
86889,27
86889,10770
86889,10749
30885,27
5121,80
5121,18
27932,18
27932,53
27932,28
20121,10770
20121,878
20121,53
20121,27
41486,28
41486,12
41486,18
41486,14
41486,36
29039,28
29039,12
6916,28
6916,35
25944,27
11020,18
11020,9648
12223,9648
12223,53
12223,878
12223,27
11963,53
11963,9648
43430,10770
43430,35
43430,10749
17346,99
11326,18
11326,10402
510,18
36685,35
36685,878
36685,14
36685,27
9764,28
9764,12
9764,18
762,12
762,35
762,14
3175,18
3175,10749
3175,10752
3175,36
578,27
578,53
578,12
258563,18
170677,18
44012,18
1396,18
1396,36
968,80
968,18
968,53
4561,18
3121,18
3121,10402
3121,35
19174,28
19174,35
19174,80
18450,12
18450,28
18450,35
18450,37
19333,878
19333,28
19333,18
4917,18
4917,878
4917,35
52633,28
52633,80
52633,18
82095,35
82095,18
82095,53
28209,18
28209,10749
20126,27
20126,9648
20126,53
5336,27
5336,18
5336,10752
42258,18
42258,36
11686,35
32069,18
32069,35
13282,28
13282,878
112823,18
11053,28
11053,35
11053,53
11053,18
38027,10749
38027,18
38027,36
4546,12
4546,28
4546,18
4546,36
4546,10770
17814,53
17814,28
17814,80
7340,27
7340,53
10747,37
991,878
991,18
794,27
794,53
10803,28
10803,878
10774,18
103,80
103,18
1366,18
10970,35
9385,10751
9385,16
9385,35
9385,12
8446,18
8446,28
8446,35
8446,10402
8446,10751
21554,18
21554,10402
56675,35
6037,35
6037,80
6037,9648
6037,53
42241,18
5879,18
5879,10749
10518,53
19610,18
19610,10402
19610,10749
1660,35
1660,18
19971,18
19971,9648
19971,53
37769,35
5854,35
5854,80
5854,53
11558,35
11558,80
11558,10749
11558,53
48203,36
48203,18
891,18
891,36
891,9648
891,53
98964,18
48197,27
48197,9648
48197,53
48197,80
11482,53
11482,27
11482,9648
77660,18
77660,10752
25305,35
6883,28
6883,53
22561,14
22561,16
22561,18
22561,35
22561,10402
6609,37
116982,36
116982,80
86194,36
86194,28
86194,53
86194,18
91473,12
91473,18
122791,18
11,12
11,28
11,878
31139,35
31139,10749
61280,18
61280,10749
42222,18
42222,10749
42222,53
11009,10402
11009,18
250480,16
250480,10751
250480,12
11319,14
11319,10751
11319,16
11319,12
11698,18
703,35
703,18
703,10749
14741,35
14741,18
14741,10749
633,18
633,53
633,10752
11906,27
41662,18
25623,35
25623,14
25623,27
42229,18
42229,10749
5902,18
5902,36
5902,10752
32097,18
14336,35
14336,18
14336,10402
30062,27
840,878
840,18
77078,10749
77078,10402
77078,35
1421,18
1421,35
1421,10749
985,27
18196,27
18196,9648
18196,14
46114,28
46114,35
12535,35
12535,9648
12535,53
102283,18
102283,27
102283,9648
11590,35
11590,18
25763,28
25763,12
25763,878
691,12
691,28
691,53
26517,27
26517,18
12262,27
14262,35
14262,80
11598,35
30315,27
30315,878
12707,27
12707,53
11114,14
11114,16
11114,35
11114,10751
31718,10751
31718,16
31718,35
19067,18
19067,10752
40074,27
66489,27
66489,35
66489,80
80220,35
80220,18
38020,878
38020,53
38020,28
29437,27
29437,878
4199,36
4199,12
4199,10770
5205,99
39412,18
39412,10749
86508,12
86508,18
86508,53
86508,27
86508,80
25388,18
25388,12
25388,10752
16642,18
16642,10749
8469,35
22311,28
22311,10752
22311,12
12761,18
621,10749
621,35
74849,14
74849,878
74849,10751
74849,10770
48131,53
48131,9648
48131,27
10766,27
10766,53
923,27
15867,18
1924,878
1924,28
1924,12
11837,12
11837,16
11837,18
166680,28
166680,12
166680,18
11778,18
11778,10752
948,27
948,53
4192,9648
111469,18
111469,35
11327,18
11327,80
62847,35
62847,80
62847,9648
4484,35
77859,16
77859,18
77859,10751
25239,27
25239,53
2186,27
24961,10402
24961,14
24961,12
148980,878
148980,12
15659,35
15659,9648
15659,53
34193,18
34193,27
16241,18
16241,9648
16241,878
579,27
579,53
22049,14
22049,878
123,12
123,16
123,14
31948,53
31948,18
31948,28
26973,18
24429,35
24429,80
2153,80
2153,53
2153,28
9584,28
9584,35
9584,18
11144,28
11144,35
41426,35
41426,18
41426,14
41426,10402
348,27
348,878
696,35
696,18
696,10749
11474,28
11474,53
583,35
16972,12
16972,35
16972,37
659,18
659,36
659,10752
152,878
152,12
152,9648
16858,18
10322,35
10322,18
661,18
19827,28
19827,12
19827,35
19827,9648
28,18
28,10752
988,18
988,53
6471,35
6404,18
6404,27
10734,18
10734,53
698,28
698,12
698,53
698,878
1398,878
1398,18
10373,18
10373,10402
11449,27
26326,35
26326,10402
88034,18
88034,9648
16659,18
16659,10749
24750,12
24750,18
24750,35
24750,878
24750,53
14035,35
31251,28
31251,35
180407,18
9659,12
9659,28
9659,53
9659,878
1367,18
1367,10749
9638,27
9638,878
9570,12
9570,878
9570,28
10654,10402
10654,18
10654,35
12102,18
13570,27
13570,14
15371,16
15371,12
15371,35
15371,80
256166,9648
256166,80
256166,10770
256166,53
11176,12
11176,10402
11176,10751
11176,35
27924,18
27924,10749
27924,35
25476,18
25476,80
38438,35
38438,80
65156,10751
65156,28
65156,35
65156,80
16323,18
16323,10402
16323,10749
40842,18
525,10402
525,35
525,28
525,80
3537,18
3537,10402
1891,12
1891,28
1891,878
21028,18
21028,35
21028,10749
19494,35
813,35
694,27
694,53
1578,18
23954,80
23954,18
23954,10749
77334,18
26200,28
26200,35
26200,80
26200,9648
44805,35
17169,28
17169,12
17169,35
98864,18
98864,14
8689,27
40034,18
40034,27
40034,53
40034,35
790,27
27458,35
27458,18
10765,35
15668,14
15668,878
15668,10749
27958,80
27958,9648
27958,53
4499,35
4499,18
3604,878
3604,35
3604,12
3604,28
16633,18
16633,14
16633,10749
40932,35
40932,10402
8536,878
8536,28
8536,12
4488,27
10935,18
10935,37
10935,10749
16769,10402
16769,18
5689,10749
5689,12
18910,18
18910,53
18910,35
18910,9648
18910,27
16619,18
14460,878
14460,28
14460,12
28319,27
28319,28
8738,10752
8738,28
8738,878
22504,16
22504,10751
22504,14
6028,9648
6028,80
6028,53
27346,27
63625,35
11335,28
11335,12
11335,35
11335,10751
166,18
166,10749
166,35
2768,80
2768,18
2768,9648
11953,28
11953,18
11953,36
11953,10752
85,12
85,28
10323,12
10323,14
25468,18
22171,80
22171,53
22171,28
109962,18
12528,53
12528,28
10948,12
10948,16
10948,18
10948,10751
1103,878
1103,28
10156,35
12579,18
12579,10749
71303,18
71303,10402
62204,12
62204,18
14269,35
14269,18
14900,80
14900,35
14900,9648
14900,10402
14900,10749
14900,10751
387,18
387,36
387,10752
35685,18
35685,10749
18254,18
18254,36
18254,10749
36819,10751
36819,14
36819,878
36819,12
36819,35
10540,878
10540,28
814,35
814,27
11827,16
11827,878
11827,12
11827,14
11827,10402
14412,80
14412,10749
15660,18
764,27
9589,18
17450,18
17450,10402
17450,10749
21874,878
21874,53
9725,27
9725,53
11281,27
11281,53
10890,28
10890,35
46364,27
46364,878
11298,27
699,12
699,28
699,53
289706,18
32480,35
21764,35
21764,10749
9443,18
9443,36
250155,18
250155,10770
250155,36
11644,53
11644,9648
11644,80
848,14
848,12
19204,27
37936,27
37936,9648
110001,18
110001,53
27997,35
27997,10402
4485,28
4485,18
4485,53
44247,27
44247,53
44247,9648
28893,28
28893,12
28893,27
28893,878
25566,18
25566,36
11527,12
11527,14
11524,80
11524,53
11524,18
11816,18
11816,10749
24274,27
24274,9648
19429,18
19429,10749
63441,28
63441,18
9538,878
9538,27
17360,18
17360,10752
21610,28
21610,80
21610,53
8691,12
8691,27
21484,27
4483,18
4483,36
78,878
78,18
78,53
9387,12
9387,14
9387,28
27016,35
27016,18
27016,10402
15739,35
15739,18
15739,10751
154,28
154,12
154,878
154,53
97,878
97,28
97,12
15764,18
15764,10749
15764,10752
11639,12
11639,10751
11639,14
11704,10751
11704,16
11704,14
11704,12
10150,14
10150,16
10150,10751
10150,12
601,878
601,12
601,10751
601,14
20980,878
20980,35
1091,27
1091,9648
1091,878
17590,9648
17590,53
17590,35
262,18
262,35
13342,35
10831,36
10831,9648
10831,18
94066,18
94066,10402
94066,10749
67772,18
6217,53
6217,27
9576,35
9576,10749
9037,35
9037,10402
9037,10749
5961,14
5961,18
5961,9648
27475,27
27475,35
1368,28
1368,12
1368,53
1368,10752
42251,27
42251,878
32692,18
32692,35
10246,35
11314,99
11314,18
16363,35
13776,35
13776,18
609,27
36431,18
9728,27
9728,53
11340,28
11340,35
3526,18
150,53
150,28
150,35
150,80
150,18
12104,10402
12104,18
27088,35
136052,18
24226,18
1371,18
30363,18
29702,53
29702,27
29702,9648
17918,27
17918,878
2623,18
2623,10749
40219,27
40219,14
40219,878
358807,18
47886,27
47886,53
15600,18
15600,9648
15600,53
4193,53
4193,80
4193,9648
4193,18
23615,28
23615,18
23615,10749
23615,10770
24740,27
24740,9648
24740,53
12614,10402
12614,35
12614,10749
27332,18
11949,35
171,35
171,10749
171,18
783,18
783,36
49398,35
11840,35
41889,28
41889,12
41889,14
12502,18
12502,53
8769,27
1892,12
1892,28
1892,878
38291,18
38291,35
1621,35
11654,27
11654,18
42113,18
11609,35
11609,12
1058,10749
1058,18
1058,28
232,80
232,18
232,10749
17435,12
17435,18
8220,35
8220,18
11235,35
11235,18
36832,18
36832,878
78177,18
78177,10749
860,53
860,878
860,18
837,27
837,878
837,9648
535,18
535,10749
9531,35
9531,878
9531,28
9531,12
11050,18
11050,35
11616,12
11616,28
11616,35
11591,35
11591,878
393673,18
393673,53
26452,28
26452,12
26452,14
111,28
111,80
111,18
11336,53
11336,27
11336,878
850,35
850,10751
11948,18
11948,36
11948,10752
849,28
849,12
849,14
849,878
14813,10751
14813,16
700,12
700,28
700,53
4543,35
29140,53
29140,9648
17692,53
17692,27
62981,80
62981,9648
98596,18
227,80
227,18
10269,10402
10269,18
10269,10749
10489,27
10489,53
14087,16
14087,18
14087,10752
14087,36
12921,35
15895,28
15895,14
14243,18
14243,10402
27163,35
27163,18
27163,10751
28054,18
28054,10402
28054,53
9346,10749
9346,35
9346,18
12503,18
12503,10752
11981,35
45233,28
45233,80
45233,27
620,35
620,14
927,14
927,27
927,35
9610,12
9610,14
9610,28
40775,18
40775,10749
81,12
81,16
81,14
9336,35
9336,80
279,36
279,10402
279,18
11379,878
11379,35
11379,12
11379,10749
655,18
87,12
87,28
8221,35
8221,18
157,878
157,28
157,12
157,53
218,28
218,53
218,878
15144,35
15144,10749
1885,28
1885,18
1885,10751
841,28
841,878
841,12
11031,10402
11031,35
90,35
90,80
90,28
9651,12
9651,14
9651,28
26522,9648
26522,80
26522,18
14347,35
14347,10749
52109,18
18462,35
18462,27
18462,878
57565,35
2619,35
2619,10749
2619,14
11393,18
28968,14
28968,27
34584,12
34584,14
34584,10751
34584,18
377,27
13763,18
13763,10402
13763,10749
13820,35
13820,878
27670,35
37296,35
4437,53
4437,878
11884,12
11884,878
11884,28
11899,10749
11899,35
11899,10751
8764,35
15927,18
15927,12
15927,36
11507,80
11507,9648
11507,53
9730,27
9730,53
151992,18
11368,80
11368,18
11368,53
14052,35
31939,18
31939,10749
9663,878
9663,10749
9663,18
10823,27
10823,53
5677,878
5677,80
311,18
311,80
12309,35
16806,35
16806,80
39256,28
39256,878
39256,53
27414,53
27414,27
75877,18
10606,878
10606,12
10606,53
10179,878
10179,28
10179,12
10179,35
11221,35
11221,10752
1803,28
1803,80
1803,27
26178,27
99760,18
9314,18
9314,878
9314,10749
9326,10749
9326,35
9326,28
9326,12
63360,27
63360,9648
63360,53
10631,35
10631,14
10631,10749
16551,35
23730,27
23730,878
55976,35
12098,35
46500,12
46500,14
47345,28
47345,12
47345,14
40978,18
40978,10749
8833,28
8833,35
105,12
105,35
105,878
2108,35
2108,18
24548,35
24548,10749
9626,12
9626,14
9626,28
21042,18
11814,35
11814,14
11814,878
10157,35
10157,80
24735,18
24735,9648
226860,28
16263,35
16263,10751
16263,10402
16263,10749
68,35
68,878
17663,10751
17663,18
44018,18
873,18
873,36
14370,35
14370,10749
14370,878
16082,18
16082,53
15196,35
15196,53
15196,80
15196,9648
526,12
526,35
526,14
11257,18
11257,10749
135418,35
8130,18
8130,35
8130,80
92990,18
92990,10402
92990,36
47908,18
9749,35
9749,80
9749,9648
10957,16
10957,12
10957,10751
10957,14
11864,18
11864,878
20348,35
20348,18
67342,28
67342,35
67342,27
11645,28
11645,18
11645,36
8868,35
8868,16
8868,10751
8868,12
10999,28
10999,12
10999,53
147747,18
147747,9648
13155,12
13155,10751
13155,14
9340,12
9340,35
9340,10751
13667,35
13667,10749
32147,12
32147,16
32147,10751
32147,878
294,18
294,10749
1816,18
1816,10402
42045,18
42045,10402
42045,10749
8408,27
8408,18
8408,9648
10843,35
10843,53
10843,18
11976,12
11976,14
11243,12
11243,14
11243,16
11243,35
11243,10751
52710,80
52710,35
52710,18
29903,12
29903,14
29161,27
29161,53
29263,18
29263,36
11240,35
11240,18
11240,10749
10849,14
10849,35
10849,10749
8992,35
8992,10749
9731,27
9731,9648
9731,53
1694,878
1694,35
1694,27
9080,35
9080,12
9281,80
9281,18
9281,10749
9281,53
15982,28
15982,35
15982,18
11830,35
11797,35
11797,27
10014,27
606,36
606,10749
606,18
25237,18
25237,10752
707,12
707,28
707,53
10176,18
10176,878
10176,53
11703,18
1369,28
1369,12
1369,53
1369,10752
42034,18
42034,14
1374,18
15916,16
15916,14
15916,9648
12775,12
12775,18
37585,12
37585,16
37585,18
37585,10751
37585,9648
37585,14
40027,28
13651,35
29794,53
29794,27
29794,35
308363,99
40993,16
40993,10751
40993,14
5683,35
5683,12
12111,12
12111,80
13938,28
13938,12
13938,10402
11824,35
11824,14
11824,10749
8879,37
8879,18
88304,35
313612,10751
313612,18
313612,10402
10853,35
2605,878
2605,35
2605,10751
9377,35
13597,12
13597,10751
13597,14
679,28
679,53
679,878
10515,12
10515,14
10515,16
10515,28
10515,10751
12118,35
12118,80
235,80
235,18
5143,35
5143,18
8009,12
8009,28
8009,14
20874,35
20874,878
13853,12
13853,18
744,28
744,18
10945,10749
10945,35
10945,53
10776,27
10776,35
10013,35
10013,18
10013,14
6978,28
6978,35
6978,14
10466,35
10466,10749
2620,28
2620,35
2620,80
4978,16
4978,35
4978,12
4978,18
4978,10751
168,878
168,12
13766,10751
13766,12
13766,878
793,9648
793,53
793,80
793,10749
10857,16
10857,10752
10857,878
9426,27
9426,878
47951,12
47951,18
47951,10751
34760,18
1554,80
1554,18
1554,35
42025,28
42025,16
42025,35
42025,878
792,18
792,10752
792,28
9671,12
9671,35
9994,16
9994,10751
9994,12
9994,9648
1857,16
1857,878
1857,28
1857,12
1857,10751
11522,10749
11522,18
11522,35
42031,18
42031,35
10122,10751
10122,878
10122,12
51881,10751
51881,35
51881,10770
15596,35
12151,35
10658,35
10658,14
10658,878
9980,27
9980,28
9980,878
9873,28
9873,53
9318,10751
9318,16
9318,12
9318,35
19492,10402
19492,878
19492,10751
8388,35
8388,37
8388,18
55562,18
55562,36
11454,80
11454,27
11454,53
63269,18
63269,36
39776,28
39776,35
8856,12
8856,18
8856,28
8856,10749
8856,10751
1890,18
1890,10749
24913,27
24913,9648
11416,12
11416,18
11416,28
11416,36
14510,27
14510,878
192,18
192,53
192,9648
30194,878
30194,53
8047,18
8047,53
30163,35
30163,80
11483,12
11483,35
3980,35
3980,27
3980,878
28941,27
28941,878
33278,27
33278,878
60800,16
60800,12
60800,35
78450,18
78450,80
27995,35
27995,10749
33345,35
33345,10402
33345,10749
11471,28
11471,80
11471,18
18169,35
18169,18
18169,10749
9874,28
9874,80
9874,53
11037,28
16113,28
16113,53
16113,12
16113,10752
12721,28
279984,10770
279984,18
10225,27
10225,53
16337,27
16337,35
801,35
801,18
801,10752
88,18
88,10402
88,10749
2493,12
2493,10751
2493,14
2493,35
2493,10749
5548,28
5548,53
5548,878
10587,35
10587,80
600,18
600,10752
11832,18
65501,35
65501,18
10780,35
10780,10749
941,12
941,28
941,35
941,53
941,80
957,35
957,878
22477,18
49815,18
96,28
96,35
96,80
227019,35
13446,35
13446,18
15677,18
15677,10749
106,878
106,28
106,12
106,53
26719,80
26719,53
3543,35
3543,18
117233,35
117233,18
144,18
144,14
144,10749
6069,35
6069,14
6069,27
26011,28
26011,12
30890,35
635,27
635,9648
11215,18
11215,35
11215,10749
26371,18
26371,10749
49969,18
35463,28
35463,35
2039,35
2039,18
2039,10749
2609,35
1547,27
1547,35
1547,53
746,18
746,36
136215,16
136215,10402
136215,10770
9003,27
9003,53
9003,14
57244,35
57244,10749
57244,878
8852,27
378,35
378,80
21793,16
21793,10751
21793,12
21793,35
21793,10402
240491,18
765,27
765,35
765,14
20242,35
11411,28
11411,12
11411,878
6917,27
6917,14
19345,53
10023,28
10023,35
10023,80
10998,53
10998,18
10998,10749
2115,10402
2115,18
42015,35
42015,99
72984,10751
72984,14
12626,35
12626,10749
10110,18
10110,36
10110,10752
37530,14
37530,27
37530,35
10072,27
10072,53
10072,14
223658,35
223658,18
223658,10770
1786,18
1786,10752
16288,27
16288,35
580,12
580,53
580,27
12154,35
32054,18
32054,10752
32054,10751
9964,28
9964,35
9964,27
9964,878
14367,35
60311,35
4043,18
4043,10749
4043,53
4043,35
29445,18
29445,27
10021,35
865,28
865,878
865,53
865,80
51521,35
51521,14
51521,27
51521,10749
18305,28
18305,80
18305,53
12919,18
12919,35
12919,10749
28218,28
28218,12
28218,35
28218,14
42012,28
42012,12
11649,28
11649,14
11649,878
11649,12
11649,53
11896,35
11896,80
5709,35
5709,878
146047,28
146047,18
293867,35
293867,10749
293867,10770
10083,53
10083,18
856,14
856,16
856,35
856,80
9602,35
9602,10749
8392,14
8392,16
8392,10751
9493,35
11825,35
11825,80
562,28
562,53
4011,14
4011,35
847,14
847,12
847,28
14240,80
14240,27
14240,9648
2640,35
2640,80
11191,35
11191,18
11191,10749
3525,35
3525,10749
3525,18
8337,878
8337,28
12233,16
12233,35
12233,10751
11690,28
11690,53
859,18
859,10749
52286,10749
52286,35
52286,18
10306,27
10306,53
37136,35
37136,80
16296,35
16296,27
16296,878
623,35
623,80
9013,28
9013,35
9013,80
149,16
149,878
149,28
4203,35
4203,18
11054,35
17126,35
17126,10402
17126,10749
15592,35
15592,18
10868,80
10868,18
12710,35
25884,35
25884,80
10117,28
10117,35
10128,878
10128,80
10128,53
12144,10751
12144,16
12144,12
41799,18
41799,10402
8463,35
8463,18
8463,10749
13350,16
13350,10751
13350,10770
13350,9648
13350,14
380,18
2321,35
2321,80
2321,10749
45295,80
45295,16
45295,878
11967,37
11967,28
11967,12
455348,18
455348,12
5241,18
5241,10749
9540,53
9540,27
10585,27
12120,35
12120,878
38141,28
38141,878
22572,28
22572,35
22572,878
9647,14
9647,35
9647,18
27397,35
27397,10749
11216,18
11216,10749
11051,18
395018,10770
395018,27
187361,35
9064,27
9064,53
9064,14
2280,14
2280,18
2280,35
2280,10749
2280,10751
22478,18
18509,35
14506,14
14506,12
14506,35
12477,16
12477,18
12477,10752
8740,53
8740,9648
10131,27
10131,53
24163,18
24163,80
24163,10749
26515,14
26515,27
31052,35
31052,18
31052,10749
80047,27
80047,18
80047,10749
80047,53
10127,35
10127,27
10127,878
2210,35
2210,878
49365,9648
49365,27
49365,53
10130,18
10130,36
287,35
287,10749
20847,18
20847,53
20847,9648
2383,12
2383,18
2383,10751
1370,28
1370,12
1370,53
1370,10752
175,10749
175,18
175,12
21185,10749
21185,28
21185,35
352463,10751
352463,18
5680,35
5680,14
5680,27
114281,28
107420,28
107420,12
107420,878
61108,18
61108,10749
12663,12
12663,28
12663,10752
1316934,28
1316934,12
1316934,18
165,12
165,35
165,878
2616,35
2616,18
2616,10751
639,35
639,10749
639,18
50201,16
50201,10751
50201,12
50201,14
10135,28
10135,53
11895,35
11895,80
11305,35
10144,16
10144,10751
10144,14
16859,16
16859,10751
16859,14
27461,18
27461,36
27461,10752
22102,10751
22102,12
22102,35
10860,35
10860,18
10860,10749
268,14
268,28
268,80
89,12
89,28
172,878
172,28
172,12
172,53
18683,10749
18683,35
18614,18
18614,53
2978,35
2978,14
9354,12
9354,35
9354,10751
9354,878
5203,18
5203,10749
2756,12
2756,28
2756,53
2756,878
19118,35
14628,35
14628,80
14628,9648
8491,35
8491,80
33787,28
33787,35
33787,10751
33787,10770
33787,878
1412,18
11974,35
11974,27
11974,53
10705,10752
10705,18
10705,36
207,18
1648,12
1648,35
1648,878
11157,35
11497,18
11497,16
11497,10751
11497,35
11497,14
11562,35
11562,18
11562,80
9942,35
32761,18
14372,12
14372,27
14372,53
14372,878
476,18
476,80
11959,35
8216,35
8216,10402
38043,35
38043,18
38043,10749
2028,10749
2028,35
2028,18
709,12
709,28
709,53
14550,35
14550,80
14550,53
7452,80
7452,18
10493,53
10493,27
11475,35
11475,10402
25199,35
25199,14
25199,10749
6951,28
6951,35
6951,53
6951,80
6951,10751
27070,35
27070,27
2604,18
2604,10752
10160,27
10160,53
925,18
10283,27
10283,53
9665,18
9665,36
9665,10752
17362,35
17362,10749
18289,28
18289,27
18289,14
18289,878
942,28
942,12
942,35
942,80
942,53
403,18
2323,18
2323,14
10161,18
4296,878
45182,18
45182,10749
5825,35
69141,18
69141,14
69141,27
35927,12
35927,16
35927,10751
35927,14
67394,28
67394,53
10222,28
10222,53
10222,18
19124,28
19124,53
10495,28
10495,10751
10495,18
10495,12
10835,28
10835,80
10835,18
10835,53
20713,10752
20713,12
9618,28
9618,53
9618,35
9618,18
19142,27
19142,878
8867,28
8867,80
8867,18
861,28
861,12
861,878
196,12
196,35
196,878
10166,14
10166,10751
10166,27
771,35
771,10751
4587,35
4587,18
4587,10749
1700,18
1700,53
22414,35
22414,18
36843,35
36843,18
9322,28
9322,53
20815,18
20815,878
48745,18
251,14
251,18
251,53
251,9648
251,10749
31225,99
9362,27
9362,28
9362,878
9362,35
123763,18
123763,10749
123763,36
28761,12
28761,18
114,10749
114,35
769,18
769,80
9556,28
9556,878
9556,53
29779,27
29779,35
2891,18
9586,35
9586,18
162,14
162,18
162,10749
483,80
483,53
483,10749
2565,35
2565,10749
1551,18
1551,878
1551,27
1573,28
1573,53
1669,28
1669,12
1669,53
44283,10751
44283,16
10170,18
10170,53
10170,10749
30017,80
30017,18
96466,10749
96466,14
96466,12
96466,18
19384,28
19384,53
19384,878
19384,80
19384,27
388645,10402
388645,10749
388645,35
51763,18
51763,36
7975,35
7975,80
7975,18
7975,10749
123778,18
123778,12
3101,35
3101,80
11186,27
11186,53
26914,27
26914,14
379,18
379,53
379,80
11856,28
11856,12
11856,35
11856,18
169,878
169,28
169,53
5549,28
5549,12
5549,80
5549,878
5549,53
1498,878
1498,28
1498,12
1498,35
1498,10751
28213,18
28213,10749
7974,18
8996,36
8996,18
8996,10752
10847,12
10847,18
10847,53
47329,10749
47329,18
31923,35
31923,18
2291,18
2291,9648
2291,27
48864,35
48864,18
11092,9648
11092,80
11092,53
39101,28
39101,16
39101,878
8217,14
8217,18
8217,10749
8217,35
259808,10770
259808,18
951,35
9768,35
9768,10749
4339,35
4339,18
39323,16
39323,28
39323,878
39323,18
39323,14
581,12
581,18
581,37
18971,35
18971,18
47869,18
47869,53
23535,878
23535,28
11135,16
11135,12
11135,10751
11135,14
242,80
242,18
242,53
15389,35
15389,18
15389,10749
21168,18
21168,53
21168,27
29904,28
29904,12
29904,14
24016,18
24016,12
11909,28
11909,80
11909,53
427910,28
19086,28
60801,10749
60801,18
36884,28
36884,80
36884,18
36884,53
9399,28
1375,18
299668,10770
299668,18
299668,10752
299668,36
928,35
928,27
928,14
20481,27
20481,14
20481,28
274,80
274,18
274,53
10020,10749
10020,10751
10020,16
10020,14
1541,18
1541,53
1541,80
1541,12
15080,16
15080,18
15080,10749
6463,35
1089,28
1089,53
1089,80
8222,18
8222,35
8222,80
1633,18
1633,35
280,28
280,53
280,878
26291,35
26291,80
17990,18
17990,35
17990,10402
17990,10749
879,12
879,14
879,35
879,10751
21828,18
21828,10749
10404,18
12227,28
12227,12
12227,18
12227,10751
58648,18
58648,53
11821,35
11821,10749
8367,28
8367,12
8367,18
177,35
177,18
10750,28
10750,12
10750,53
37137,35
37137,80
14022,18
14022,35
1600,18
129542,18
290,35
290,18
41784,12
41784,18
41784,36
32853,18
68427,18
68427,10749
10380,16
10380,10751
10380,37
10380,12
10380,35
15413,35
15413,10751
1497,878
1497,12
1497,28
1497,35
1497,10751
28117,14
28117,35
28117,10749
339,35
339,18
49410,35
49410,12
12702,35
12702,27
12702,878
41792,12
41792,18
41792,35
88818,18
88818,35
88818,80
1649,12
1649,35
1649,878
10276,35
9292,28
9292,12
9292,35
9595,28
9595,35
9595,10752
174,878
174,28
174,12
174,53
2907,35
2907,14
10249,28
10249,12
10249,878
10249,10751
23378,18
23378,10402
9319,28
9319,53
77195,878
77195,12
77195,28
6524,35
12186,35
12186,14
12186,10749
2107,35
2107,14
2107,10749
9065,80
9065,18
9065,53
42001,12
42001,16
42001,10751
42001,14
214594,53
214594,28
10174,10402
10174,99
4032,35
4032,18
2767,18
2767,10749
650,80
650,18
47252,35
47252,80
29475,18
29475,10402
8592,12
8592,35
8592,80
11284,27
11284,53
24752,28
24752,16
24752,878
48636,27
48636,18
48636,10749
25562,35
30840,12
13122,27
13122,35
20645,18
50270,18
50270,10749
820,18
820,53
820,36
1406,35
1406,37
59058,35
59058,18
3784,18
3784,10749
3784,35
468,18
11890,35
1598,18
1598,80
1598,53
38251,35
38251,10749
38251,10752
10341,18
10341,878
10341,12
65374,28
65374,80
65374,35
65374,53
8010,14
8010,28
8010,12
8010,53
47363,28
47363,12
47363,14
26340,28
26340,12
24993,28
24993,12
9594,53
9594,28
9594,80
9594,18
1915,35
1915,28
11187,27
11187,53
13154,28
13154,35
13154,80
500,80
500,53
812,16
812,10751
812,12
812,14
812,10749
8077,878
8077,28
8077,27
772,35
772,10751
772,12
9504,80
9504,18
9504,9648
881,18
11287,35
11287,18
10206,28
10206,35
10206,27
10608,35
10608,18
364,28
364,14
47866,18
47866,10749
2005,10402
2005,35
766,14
766,27
766,35
10437,10402
10437,35
10437,10751
10437,14
10437,18
10414,35
10414,10751
10414,18
13225,10751
13225,14
13225,16
13225,12
11597,10751
11597,14
11597,35
11597,878
27073,80
27073,28
27073,53
9374,35
9374,14
9374,27
9300,18
9300,14
9367,28
9367,80
9367,53
9367,37
10377,35
26561,10749
26561,18
41768,18
8293,18
8293,10749
1923,18
1923,9648
1923,27
35936,10402
35936,18
35936,10751
54715,18
54715,35
9605,53
9605,27
41776,35
41776,18
15300,18
15300,10402
15300,36
15300,10751
37264,35
37264,10749
11386,80
11386,18
11386,53
11621,10751
11621,35
11621,16
11621,12
47648,28
47648,35
47648,18
10403,9648
10403,18
10403,53
10403,35
9475,18
9475,35
14002,99
763,27
763,35
1883,18
1883,36
8872,35
8872,10402
9876,28
9876,35
10435,18
16562,10749
16562,35
16562,18
19087,35
19087,10751
18183,18
18183,10749
28384,35
28384,18
28384,10749
402,53
402,9648
6114,10749
6114,27
11012,18
11012,10749
10699,35
10699,18
9529,18
9529,27
9529,53
10163,878
10163,27
11066,35
11066,10749
48150,18
48150,10749
56115,35
299963,28
299963,16
299963,12
2322,35
2322,80
2322,18
39103,28
39103,16
39103,878
293,18
293,10751
11068,35
11068,18
11068,10749
11569,27
11569,53
11790,35
11790,18
40213,28
40213,53
33,37
110395,12
110395,16
110395,10751
110395,14
110395,878
9361,28
9361,36
9361,10749
9361,10752
13006,28
13006,80
13006,27
13006,878
22582,16
22582,35
22582,10751
22582,10402
11782,28
11782,53
11782,80
10407,35
10407,10749
10497,53
10497,18
10497,10749
12525,35
12525,27
12525,878
12772,35
12772,18
12772,10749
10406,35
619,28
619,18
619,10749
124088,18
124088,10749
11087,18
11087,53
74714,18
74714,10752
10995,18
10995,10749
23939,35
23939,14
10409,35
10409,18
10409,10749
10538,28
10538,12
10538,53
6547,35
6547,36
329,12
329,878
137,10749
137,14
137,18
137,35
9739,80
9739,28
9739,878
788,35
788,18
788,10751
10498,28
10498,80
10498,53
858,35
858,18
858,10749
21057,16
21057,18
21057,10749
10439,14
10439,35
10439,10751
10419,10402
10419,18
10440,35
10440,9648
47889,18
47889,10749
9571,35
9571,18
11528,10751
11528,35
14135,80
14135,18
14135,35
108,18
8005,35
864,35
864,12
864,18
18215,18
18215,10749
18215,53
9261,35
9261,18
9261,10749
6878,12
6878,35
6878,10751
11566,35
11236,18
11236,10751
11236,14
2758,35
2758,10751
2758,14
6279,10402
6279,35
12661,35
12661,80
424,18
424,36
424,10752
156054,28
156054,14
20435,10770
20435,28
20435,53
34444,35
34444,18
34444,10749
34444,37
26141,35
26141,80
26672,16
26672,10751
26672,14
26672,10749
69703,53
69703,18
713,18
713,10749
33539,16
33539,10751
33539,12
9479,14
9479,16
9479,10751
7500,28
7500,80
7500,53
1689,18
1689,36
5503,28
5503,53
5503,18
19931,18
10436,18
10436,10749
12187,14
12187,35
12187,10749
1550,35
1550,18
11969,37
11969,28
37100,16
37100,10749
37100,28
37100,14
14291,18
9350,28
9350,12
9350,53
26333,35
26333,18
26333,10749
43636,28
43636,14
43636,53
21450,18
21450,35
10852,28
10852,14
10852,36
11041,35
11041,10751
17912,10770
17912,35
17912,18
17912,10402
1245,18
1245,10749
13063,35
13063,37
13063,53
11122,35
11122,18
9607,12
9607,14
9607,35
9607,10751
204569,80
204569,18
204569,9648
204569,10749
204569,10770
9612,35
9612,878
9612,10751
14919,28
14919,16
14919,80
14919,9648
14919,18
10655,18
10655,36
10655,10752
33506,35
33506,18
10423,18
10423,36
10423,28
5550,28
5550,12
5550,80
5550,878
5550,53
2149,18
2149,53
2149,10749
695,18
695,35
4722,27
4722,878
7007,28
7007,18
7007,53
37233,18
37233,9648
37233,53
9702,80
9702,28
9702,18
9702,53
14587,35
14587,18
9800,18
867,18
867,53
9255,28
9255,35
9255,10752
10997,18
319,28
319,80
319,10749
1587,10749
1587,18
25389,35
58787,18
58787,12
58787,53
39324,16
39324,28
39324,878
31578,27
31578,35
31578,10770
9944,53
41660,
7984,18
15765,18
15765,10402
15765,36
9559,18
9559,80
4104,35
4104,18
4478,10749
4478,18
9386,28
9386,18
9386,53
9386,80
9386,9648
8223,35
8223,18
2259,10749
2259,18
8291,18
8291,10749
10502,18
32325,80
32325,18
31642,36
31642,10752
31642,28
31642,18
23210,9648
23210,18
23210,35
11971,18
11971,35
11971,10749
20239,35
33607,35
33607,27
9593,12
9593,14
9593,28
9593,35
9593,10751
2019,28
2019,12
2019,80
2019,53
61197,35
61197,27
61197,878
11811,27
11811,35
11811,14
680,53
680,80
8587,10751
8587,16
8587,18
628,27
628,18
628,14
15283,12
15283,16
15283,14
278,18
278,80
1637,28
1637,53
3049,35
3049,9648
2292,35
1024,18
1024,14
4954,28
4954,53
8831,53
8831,878
8831,28
8831,80
13,35
13,18
13,10749
2788,18
2788,10749
8467,35
2164,28
2164,12
2164,878
9587,18
9587,10749
11395,14
11395,18
11395,35
11395,10751
15969,10751
15969,12
15969,16
15969,10749
15139,10751
15139,14
15139,16
24795,35
24795,10751
24795,14
36955,28
36955,53
10731,18
10731,53
10731,80
10731,9648
30157,80
30157,35
30157,18
30157,53
211211,18
211211,35
211211,10770
101,80
101,18
101,28
11853,10749
11853,37
18620,18
18620,10749
18620,35
36593,35
36593,80
306,28
306,35
306,80
11546,35
11546,80
522,35
522,18
522,36
10451,35
10451,18
10451,10749
236,35
236,18
236,10749
86369,18
86369,35
34152,35
34152,18
8850,14
8850,28
40156,18
40156,10749
18670,28
18670,35
18670,12
15097,35
57834,18
57834,10749
64900,18
64900,9648
64900,53
41589,35
41589,10751
41589,14
11934,35
25284,53
25284,80
25284,10749
25284,18
25645,28
25645,35
25645,18
25645,10749
77728,18
77728,27
77728,12
22059,28
22059,878
22059,12
48992,35
48992,18
48992,10749
10447,28
10447,18
10447,878
10447,53
30575,16
30575,14
30575,28
30575,10749
30575,35
33633,18
2759,18
2759,35
11667,28
11667,12
11667,35
11667,53
39767,35
2636,28
2636,53
9495,14
9495,28
9495,53
10464,35
10464,18
10464,10751
10464,10749
22586,10751
22586,16
22586,14
22586,12
22586,35
11104,18
11104,35
11104,10749
10467,35
10467,10749
10467,18
33783,35
109,35
109,18
109,9648
44925,18
44925,53
193,878
193,28
193,12
193,53
4337,27
4337,10770
854,10749
854,35
854,80
854,14
8983,16
8983,9648
8983,53
8983,27
8983,14
4476,18
4476,37
4476,10749
4476,10752
4476,28
18591,53
14237,27
14237,878
11450,36
11450,18
11450,9648
2124,10749
2124,9648
2124,53
255988,36
2654,27
2654,9648
2654,14
21947,878
21947,28
13595,35
13595,80
13595,10402
241,80
241,53
241,18
888,14
888,35
888,10751
82027,18
10897,10749
10897,35
10897,10751
11596,27
11596,9648
11596,14
64347,18
64347,80
712,35
712,18
712,10749
11592,35
11592,80
14522,10751
14522,12
14522,18
114218,18
114218,53
11164,35
11164,28
11164,10751
11164,18
10531,18
10531,53
11777,35
11777,18
11777,10749
10462,35
10462,10770
10660,35
10660,18
10660,10749
12207,28
12207,35
305656,18
305656,10770
76594,10751
76594,10770
98287,35
98287,10770
14334,12
14334,14
14334,10751
14334,18
12519,35
12519,18
342474,35
342474,18
436167,35
436167,18
11985,18
10510,14
10510,18
10510,10751
9331,28
9331,18
9331,53
11231,28
11231,18
11231,10751
11231,12
10732,12
10732,28
10732,35
38940,28
30526,28
29803,14
29803,53
29803,9648
29803,27
29803,878
29803,10770
9673,35
30304,18
30304,36
11858,35
11858,18
629,18
629,80
629,53
807,80
807,9648
807,53
862,16
862,12
862,10751
862,35
10428,28
10428,80
10428,53
10428,18
8839,14
8839,35
8839,10751
6950,28
6950,18
6950,878
6950,53
1572,28
1572,53
13531,10402
13531,35
13531,18
11017,35
197,28
197,18
197,36
197,10752
10530,12
10530,16
10530,10751
10530,10749
4584,18
4584,10749
37797,16
37797,18
37797,10751
688,18
688,10749
2293,10749
2293,35
10802,18
9067,28
9067,35
9067,878
9067,14
32513,35
32513,10749
11861,18
11861,10749
9323,28
9323,16
9323,878
281,80
281,18
281,878
281,53
9603,35
9603,10749
9603,18
9263,35
9263,18
9263,10749
22625,18
22625,10749
8391,18
8391,10749
9312,28
9312,14
11446,35
11446,18
880,18
880,35
5,35
414,28
414,80
414,14
21032,10751
21032,16
21032,12
2064,10749
2064,35
949,80
949,18
949,28
11238,12
11238,16
11238,10751
397,35
397,10749
15789,10749
15789,16
15789,10751
15789,35
15789,12
35645,18
35645,12
35645,10751
35645,9648
19101,18
19101,10751
19101,14
11860,35
11860,10749
568,18
568,36
9382,35
9382,18
1710,53
1710,80
1710,9648
1710,27
9090,35
9090,18
524,80
524,18
9909,18
9804,12
9804,28
9804,878
32646,18
11929,80
11929,18
11929,9648
48260,80
48260,18
48260,10749
48260,53
1775,35
34996,18
34996,27
32562,99
32562,36
33542,80
33542,28
33542,35
33542,53
63,878
63,53
63,9648
1642,80
1642,18
1642,9648
1642,53
1642,28
29371,35
29371,18
29371,10749
49809,18
49809,10770
48287,35
48287,18
48287,10751
17015,18
17015,10749
54648,16
54648,12
54648,10751
11220,28
11220,10749
11220,80
28460,16
28460,14
28460,28
28460,10749
28460,35
9070,28
9070,12
9070,878
9070,14
9087,35
9087,18
9087,10749
8844,12
8844,14
8844,10751
406,18
76,18
76,10749
9348,878
9348,27
9348,28
12106,37
12106,28
9691,28
9691,12
9691,80
9691,53
18872,18
11902,35
11902,18
11902,10752
10329,28
10329,12
10329,878
9089,35
9089,18
9089,10749
12110,35
12110,27
139937,27
139937,10770
139937,9648
8512,53
8512,80
8512,9648
902,14
902,878
902,12
39108,16
39108,28
39108,878
9273,80
9273,35
9273,12
19404,35
19404,18
19404,10749
9344,18
9344,80
11443,28
11443,80
6520,28
6520,12
6520,18
6520,10749
16295,18
16295,80
710,12
710,28
710,53
16420,18
8068,53
8068,28
8068,80
36196,35
36196,18
74840,18
74840,53
9598,14
9598,18
9598,35
9598,10751
10722,27
10722,35
10722,28
12122,53
12122,27
12122,878
69272,27
98952,16
98952,10751
98952,14
98952,12
2086,53
2086,80
2086,28
38884,10752
38884,18
38884,36
4307,18
4307,10749
10634,35
11381,35
9482,878
9482,28
24962,12
24962,14
24962,18
24962,10751
687,18
10474,18
10474,80
36834,18
36834,10749
41841,12
41841,10751
41841,37
451,18
451,10749
14819,10751
14819,35
10612,18
10612,35
10612,10749
31357,35
31357,18
31357,10749
33689,35
33689,10751
33689,10749
11780,12
11780,36
11780,18
11780,28
11780,10752
11008,12
11008,35
11008,10751
1802,18
1802,53
62013,35
62013,18
37144,80
37144,9648
37144,53
9802,28
9802,12
9802,53
47333,18
47333,10749
10535,35
10535,28
627,18
627,80
9303,18
9303,53
9303,80
10830,35
10830,10751
10830,14
9208,28
9208,12
9208,53
2300,10751
2300,16
2300,35
2300,878
2300,12
2300,14
602,28
602,12
602,878
954,12
954,28
954,53
755,27
755,28
755,53
755,80
9894,35
9894,18
9894,53
9103,28
9103,12
9103,18
9101,35
4232,80
4232,27
4232,9648
58097,10752
58097,18
58097,36
38223,35
38223,18
38223,10751
513,18
513,10749
2925,35
26890,18
110513,35
110513,18
18555,28
18555,18
18555,53
11229,35
11229,80
11229,53
8840,14
8840,28
8840,12
8840,18
10545,18
10545,16
10545,10751
11412,80
11412,28
11412,9648
11412,53
76996,35
76996,10749
11159,18
10549,18
12709,35
12709,18
12709,10749
10874,35
10874,12
10874,10751
10874,28
10874,10402
9100,27
9100,18
9100,14
10061,28
10061,12
10061,878
10061,53
11076,12
11076,18
11076,10751
11674,10751
11674,35
25059,12
25059,35
25059,18
25059,10751
664,28
664,12
664,18
9279,10751
9279,35
9279,12
41801,18
41801,10749
41801,53
9879,35
9879,80
9879,18
275,80
275,18
275,53
11112,35
222106,18
312,18
312,10402
9400,80
9400,18
9400,53
58985,35
58985,18
58985,10402
3573,10749
3573,35
3573,18
409,18
409,10749
409,10752
47907,35
47907,18
25189,35
25189,18
25189,10749
2061,28
2061,80
2061,18
8426,18
8426,80
8426,10402
8426,878
9591,35
9591,18
9591,10749
9591,10402
9450,35
9450,10749
9450,18
49963,35
49963,18
49963,10749
9283,35
9283,18
9283,10749
11956,35
20318,18
20318,36
161070,10749
161070,35
161070,18
199,878
199,28
199,12
199,53
9625,28
9625,80
9625,53
8052,18
8052,80
41343,35
41343,18
41343,14
10779,27
10779,35
27233,18
27233,80
11543,35
18203,18
18203,10749
10539,12
10539,16
10539,10751
10539,14
454,18
454,10749
10543,53
15674,10770
15674,14
15674,10751
15674,35
55049,35
55049,80
55049,14
55049,9648
75,35
75,14
75,878
9566,53
9566,28
9566,18
47475,35
47475,10749
25355,35
25355,18
17182,53
8866,35
8866,10749
12123,878
12123,28
12123,18
12123,53
18220,18
18220,10749
18220,53
11000,35
88224,18
88224,35
8766,27
8766,878
26748,18
26748,9648
26748,10749
21539,10751
21539,14
21539,18
21539,35
21539,10749
282808,14
282808,16
10218,35
3179,16
3179,35
3179,12
884,53
884,18
10938,35
10938,18
10938,10749
49806,35
49806,18
16448,35
16448,10402
142451,28
142451,18
14553,18
14553,10749
34935,16
34935,35
549,18
549,36
79174,18
79174,10749
3065,35
3065,878
99479,18
2928,35
2928,18
2928,14
12241,35
12241,80
12241,53
25518,35
9268,28
9268,18
9268,9648
9268,53
44705,18
44705,35
44705,10749
21612,80
21612,18
819,80
819,18
819,53
14646,35
8818,36
8818,18
7095,35
7095,10751
7095,18
1592,80
1592,18
1592,9648
1592,53
11069,28
11069,27
11069,35
20539,18
20539,36
9390,35
9390,18
9390,10749
9819,18
16355,28
16355,12
16355,16
16355,35
16355,10751
16355,878
9333,80
9333,28
9401,35
9401,80
9401,53
10478,18
10478,10749
10478,35
44479,18
44479,35
44479,10749
27265,35
27265,18
36271,35
36271,27
36271,878
11228,28
11228,12
11228,53
11867,878
11867,28
11867,12
85866,10751
85866,35
1770,10752
1770,18
1770,53
1770,36
9826,12
9826,28
816,878
816,35
816,80
18,878
18,28
18,12
2649,18
2649,53
2649,9648
9415,28
9415,18
9415,9648
9415,53
9415,80
782,53
782,878
782,9648
782,10749
607,28
607,12
607,35
607,878
1813,18
1813,9648
1813,53
1813,27
563,12
563,28
563,53
563,878
8078,878
8078,27
8078,28
8834,28
8834,18
8834,9648
8834,53
128,12
128,14
128,16
11365,18
11365,36
597,18
597,10749
9619,28
9619,12
9619,18
9619,53
1624,35
9574,35
9574,10751
9574,878
4421,28
4421,18
1701,28
1701,53
1701,80
637,35
637,18
489,18
9922,878
9922,12
9922,28
8413,27
8413,878
8413,9648
11970,16
11970,10751
11970,14
11970,12
11970,35
11970,10749
9611,35
9611,10749
431,53
431,878
431,9648
686,18
686,878
686,9648
49462,18
2898,18
2898,35
2898,10749
9434,28
9434,35
9434,53
9434,10749
415,28
415,878
415,12
9446,35
9446,10751
10371,35
9772,28
9772,53
25994,18
46200,18
46200,10749
46200,10770
38225,12
38225,35
38225,10751
10234,18
10234,27
10234,53
8874,35
8874,10749
9444,16
9444,10751
9444,14
9444,12
20737,35
20737,10751
14817,10751
14817,35
42884,10770
42884,10751
42884,14
42884,10402
42884,10749
6116,12
6116,14
6116,18
6116,35
6116,10402
115744,18
30020,18
12145,35
12145,10749
13852,18
13852,35
55561,18
24662,16
24662,35
24662,10751
24662,10402
45153,18
184,80
184,18
184,53
2118,80
2118,9648
2118,53
4995,18
10357,878
10357,28
10357,18
10357,53
2255,35
2255,18
2255,10749
77223,10752
77223,18
77223,36
58708,18
11419,35
16052,18
16052,10402
16052,36
17834,12
17834,35
17834,10751
17834,14
18329,18
18329,10749
6499,28
6499,12
6499,10751
6499,14
6499,878
10336,28
10336,12
10336,14
10336,27
10336,878
10336,53
9437,53
9437,80
9437,9648
9437,18
8675,35
9092,14
9092,27
9823,28
9823,14
9823,878
638,18
638,53
638,9648
9311,18
9311,53
27103,18
27103,35
1610,35
1610,10749
10603,12
10603,35
10603,10751
10603,10749
40882,18
6623,28
6623,53
14585,35
14585,18
38904,18
38904,10749
15313,35
15313,53
4233,27
4233,9648
3597,27
3597,53
3597,9648
19797,35
19797,10749
94895,14
94895,10749
94895,18
94895,9648
56842,35
330,12
330,28
330,878
18491,16
18491,878
18491,28
18491,18
18519,10751
18519,12
158,35
158,80
9413,10749
9413,35
9413,18
754,28
754,80
754,878
29461,35
29461,18
12238,27
12238,9648
43274,35
43274,10751
43274,27
159797,
48254,35
48254,18
1902,18
1902,53
1902,878
33344,35
33344,18
70687,878
70687,18
5910,80
5910,18
9427,35
36095,80
36095,53
36095,27
36095,9648
14903,16
14903,10751
14903,12
8067,14
8067,35
8067,10749
9366,80
9366,18
9366,53
978,12
978,18
978,36
9406,27
9406,35
9406,14
267,18
267,10749
267,53
41012,35
41012,10402
18415,18
18415,35
2142,80
2142,18
2142,53
9769,18
9769,10749
9360,12
9360,27
9360,53
17589,18
17589,36
17589,10749
714,12
714,28
714,53
9714,35
9714,10751
26689,878
26689,53
26689,28
26689,80
26689,18
9631,28
9631,80
9631,18
9631,53
36647,27
36647,28
8656,28
8656,18
8656,878
16365,28
16365,878
16365,10770
10674,16
10674,10751
10674,12
37165,35
37165,18
9454,18
9454,10749
9454,35
8741,18
8741,36
8741,10752
19381,18
19381,35
9844,35
9844,18
17962,14
17962,18
11545,35
11545,18
10153,878
10153,9648
10153,53
10153,27
9445,18
9445,53
115,35
115,80
1878,12
1878,18
1878,35
1808,18
1808,10402
9276,27
9276,878
9276,9648
11003,10749
11003,35
8545,35
8545,18
8545,10402
14533,10749
14533,18
95,28
95,53
95,878
95,12
9489,35
9489,10749
37636,18
37636,10749
9827,27
9827,878
9827,53
10209,10749
10209,18
14283,18
14283,53
14283,9648
14283,10402
14283,10749
10683,35
10683,18
11634,35
11634,10749
11634,18
3682,18
3682,10402
200,878
200,28
200,12
200,53
9342,28
9342,12
6068,35
6068,28
6068,12
6068,10749
20756,16
20756,10751
9840,18
6435,10749
6435,35
6435,14
2657,14
2657,35
2657,18
9313,12
9313,28
9313,18
857,18
857,36
857,10752
9820,35
9820,10751
9820,10749
9441,18
9441,10749
9441,35
2109,28
2109,35
2109,80
10220,18
10220,80
473,9648
473,18
473,53
9837,12
9837,16
9837,18
9837,10751
100,35
100,80
77469,18
77469,35
2666,9648
2666,878
1934,10749
1934,36
1934,35
18937,14
18937,16
18937,18
18937,10749
18937,10751
10494,16
10494,53
846,9648
846,878
846,53
70846,18
4518,18
4518,36
9464,18
9464,10749
9464,35
104,28
104,18
104,53
9487,10751
9487,16
9487,12
9487,35
929,878
929,28
929,53
1389,10749
1389,35
1389,80
24584,18
24584,10749
9440,18
452,35
452,18
73,18
5332,18
14662,35
14662,18
309,18
11551,35
11551,12
11551,14
11551,878
11551,28
105980,53
105980,18
6396,35
6396,18
6396,80
6396,10402
16155,35
16155,80
13151,16
13151,9648
13151,10751
13151,27
20862,18
20862,35
2137,14
2137,28
2137,12
9732,10751
9732,12
9732,16
9732,28
8838,28
8838,80
8838,18
8838,53
14013,35
9424,9648
9424,27
9424,878
9945,28
9945,14
9945,27
10215,35
10215,18
10215,14
10215,10749
16980,35
16980,18
16980,10749
39437,18
39437,53
39437,27
10216,878
10216,28
10216,27
666,18
83678,18
83678,10751
9715,10749
9715,18
9715,35
32144,18
32144,10749
11932,35
11932,27
9877,27
9877,9648
2671,27
2671,53
11675,27
11675,53
617,9648
617,53
617,18
1075,35
1075,10749
1075,80
9320,28
9320,12
9320,53
9320,878
9320,35
40254,27
40254,18
40254,9648
9798,28
9798,18
9798,53
2157,878
2157,12
544,10749
544,35
55066,27
55066,9648
9706,14
9706,27
9706,9648
9706,53
9421,35
795,10749
795,18
795,14
24525,35
24525,18
11660,18
11660,53
10312,35
10312,18
14444,10751
14444,16
14444,35
14444,12
3600,27
3600,9648
3600,53
11854,10749
11854,18
11854,35
23598,18
11855,35
8195,28
8195,53
8195,80
15805,16
15805,28
15805,80
92657,18
10663,35
253077,35
16129,35
16129,10749
16129,18
8688,53
8688,80
8688,9648
65749,10402
65749,10749
65749,18
32118,18
9466,18
9466,35
62097,18
62097,10749
9410,35
9410,18
9410,10749
297,14
297,18
297,10749
8129,18
9812,53
944,28
944,12
944,35
944,80
944,53
35680,10751
35680,35
35680,18
1965,80
1965,53
1965,18
8916,10751
8916,16
8916,12
8916,35
15037,35
15037,10749
21348,14
21348,12
21348,16
21348,10751
12159,18
12159,14
12159,10749
159582,35
159582,80
27850,12
27850,35
27850,10751
27850,14
27850,10770
55107,18
55107,10749
8583,18
8583,10749
13761,16
13761,10751
13761,12
13761,10749
41469,35
41469,18
41469,10749
30814,18
30814,28
30814,35
30814,80
817,12
817,35
817,80
817,878
10563,35
10563,10749
1542,35
603,28
603,878
14,18
863,16
863,35
863,10751
2668,18
2668,14
2668,53
2668,9648
2668,27
8224,53
8224,80
8224,9648
11001,28
11001,35
11001,80
550,18
4816,80
4816,18
20770,35
20770,10749
3558,18
226,80
226,18
18892,35
18892,80
99,35
99,18
4951,35
4951,10749
4951,18
1893,12
1893,28
1893,878
745,9648
745,53
745,18
2241,35
31582,35
31582,18
8374,28
8374,53
8374,80
1832,14
1832,35
1832,12
345,18
345,53
345,9648
18417,35
18417,18
18417,10749
9430,80
9430,35
9430,53
9451,35
9451,10749
9451,18
9451,9648
10386,10751
10386,16
10386,878
10386,12
492,35
492,18
492,14
926,35
926,878
926,12
4291,35
4291,18
37135,10751
37135,12
37135,16
37135,18
8487,28
8487,12
8487,35
8487,878
8487,37
10210,14
10210,35
10210,10749
1439,18
1439,10749
1439,36
10228,16
10228,10751
10228,12
10228,14
10228,28
61663,35
61663,10749
10137,10751
10137,14
10137,35
10137,12
18212,18
18212,10749
18212,35
10490,35
36210,18
21349,18
21349,35
21349,10749
54111,27
54111,10749
54111,18
9473,16
9473,35
2105,35
2105,10749
15723,35
15723,18
334,18
12524,18
12524,36
796,18
796,10749
33253,35
33253,80
33253,53
38809,18
35612,35
35612,18
10908,28
10908,18
10908,10749
13787,35
13787,18
564,12
564,28
564,14
20067,18
20067,10749
9423,27
9423,28
9423,878
2667,27
2667,9648
1911,12
1911,36
1911,28
9535,35
9535,80
11355,10749
11355,35
11355,18
509,10749
509,35
2112,28
2112,18
2112,80
2112,53
7341,27
7341,53
7341,878
497,14
497,18
497,80
121105,18
121105,10402
121105,10770
1715,18
35122,35
35122,10749
10390,18
10390,10749
170200,53
19738,16
19738,14
19738,28
19738,10749
1213,53
1213,80
1213,18
9824,12
9824,14
9824,28
9824,35
9824,878
46435,35
46435,18
46435,10402
46435,36
9669,27
9669,9648
9669,878
49745,27
49745,9648
49745,53
10212,12
10212,27
10212,37
10212,35
10350,878
10350,28
10350,12
10208,10751
10208,878
10208,14
10208,35
11618,27
11618,53
11618,14
11618,9648
10342,35
10342,53
1661,18
1661,35
16406,35
16406,12
1946,28
1946,53
1946,878
26177,10402
26177,10751
26177,35
1850,35
1850,18
11622,18
11622,10749
11622,35
10314,35
10314,10749
404,18
17707,18
17707,53
17707,9648
11374,35
1443,18
10399,10749
10399,18
28029,18
28029,10749
1812,35
1812,10749
14626,18
37726,27
37726,9648
52404,27
52404,10749
11353,35
10368,35
10368,18
10368,10752
55257,35
55257,18
55257,10749
11129,35
11129,18
11075,27
11075,18
10400,18
14005,27
14005,35
54982,18
622,9648
622,53
622,27
15256,35
15256,18
15256,10749
2211,18
2211,36
2211,10749
9684,35
9684,18
9684,10402
37576,27
37576,53
571818,18
571818,10770
571818,10749
9564,10751
9564,12
9564,35
9564,14
36643,12
36643,28
36643,53
49948,16
49948,10751
49948,10402
9439,53
9439,9648
9439,27
9439,18
2277,878
2277,18
10207,10749
10207,18
16076,35
16076,10770
16076,18
10402,35
913,18
913,80
913,10749
10557,18
10557,35
30943,18
30943,9648
61416,10752
61416,35
61416,18
10307,27
10307,53
10307,14
9825,27
9825,35
9825,28
9825,878
9825,53
35215,10770
35215,18
35215,35
35215,10751
35215,878
83965,10770
83965,12
83965,35
83965,10751
10398,18
10398,53
10398,9648
26149,18
26149,10402
110650,27
105462,18
105462,10770
116213,28
8914,28
8914,27
8914,878
36293,28
36293,878
36293,53
13466,18
13466,10751
4806,35
4806,10749
8870,53
8870,28
8870,878
77,9648
77,53
1359,53
1359,18
1359,80
9383,28
9383,878
9383,53
2067,878
2067,12
2067,53
36657,12
36657,28
36657,878
11678,12
11678,28
11678,53
8584,12
8584,28
8584,35
8584,37
8859,35
8859,10749
2069,35
2069,80
11688,12
11688,16
11688,35
11688,10751
11688,14
12490,35
12490,53
77434,35
77434,18
77434,10749
2787,53
2787,878
2787,28
37691,35
37691,18
23941,18
23941,9648
462,18
9871,14
9871,27
20861,18
14181,80
14181,18
14181,53
1493,35
1493,80
1493,28
7443,16
7443,35
7443,10751
1588,35
392,35
392,18
392,10749
146,12
146,18
146,28
146,10749
44756,16
44756,35
44756,10770
786,18
786,10402
10564,35
10564,18
10564,10749
13785,35
10468,35
10468,18
243,18
243,35
243,10749
243,10402
7450,16
7450,28
7450,878
7450,10751
7450,12
10501,10751
10501,12
10501,16
10501,35
10501,14
2655,18
2655,27
2655,9648
2655,53
2621,10749
2621,35
10637,18
2440,10752
2440,18
2440,53
2440,9648
107,80
107,35
15653,16
15653,10751
15653,35
19348,18
11826,80
11826,53
11826,35
10560,18
10560,10402
10473,14
10473,28
10473,12
10473,35
3176,18
3176,53
3176,28
9741,53
9741,18
9741,9648
4327,28
4327,12
4327,35
4327,80
4327,53
98,28
98,18
98,12
6282,35
6282,18
6282,10402
6282,10749
3981,35
3981,10749
28031,10749
28031,18
16,18
16,80
62677,18
62677,10402
33379,35
33379,18
33379,28
33379,80
33379,10749
73138,18
73138,80
73138,35
641,80
641,18
15940,35
15940,80
15940,18
15940,53
13898,18
10597,10402
10597,35
37716,35
77332,18
77332,10749
77332,9648
77332,27
29572,10749
29572,18
29572,10402
29572,10752
1597,35
1597,10749
16366,10751
16366,16
16366,14
14736,35
14736,18
14736,10749
742,18
742,35
742,10749
9679,28
9679,80
9679,53
2024,18
2024,36
2024,10752
2024,28
71,18
71,35
71,10402
8653,18
8653,53
16234,16
16234,10751
16234,28
16234,878
2360,80
2360,35
843,18
843,10749
11477,35
11477,53
11477,80
134,12
134,35
134,80
9678,35
9678,14
11973,36
11973,53
8358,12
8358,18
2046,27
2046,18
2046,53
2046,9648
1907,18
1907,12
1907,10749
1907,53
19094,35
144524,
24664,35
24664,18
36968,10770
36968,10751
36968,35
36968,14
14195,80
14195,35
14195,28
10898,16
10898,12
10898,10751
10898,35
2085,28
2085,80
2085,53
8843,27
8843,878
8843,53
3134,80
3134,18
3134,53
9532,27
5257,35
5257,18
5257,36
44379,99
4234,27
4234,9648
1619,28
1619,80
1619,18
1619,53
16340,10751
16340,16
16340,12
16340,35
10180,28
10180,35
10180,80
12619,27
12619,9648
12619,53
22914,18
22914,16
22914,878
9674,27
9674,53
9674,18
112,35
112,18
112,10749
28311,53
48246,10751
48246,14
48246,35
48246,16
48246,10402
12597,27
12597,9648
12597,14
10867,18
8452,878
8452,28
8452,9648
8452,18
44069,18
15655,16
15655,10751
15655,35
4247,35
955,12
955,28
955,53
14273,99
11366,9648
11366,14
11366,27
55,18
55,53
218660,18
218660,80
10862,18
10862,10749
10481,10751
10481,35
43079,35
43079,10749
43079,18
52409,27
39141,35
39141,18
39141,10749
18011,27
18011,35
25242,35
25242,10751
25242,16
25242,10402
32250,27
32250,9648
44203,27
44203,9648
409705,35
409705,18
10385,18
10385,35
10384,878
10384,27
10384,53
49979,18
42332,35
42332,14
39880,12
39880,14
83581,35
83581,18
22617,18
22617,28
22617,53
5551,28
5551,12
5551,53
71235,16
71235,10751
10647,18
4369,18
4369,10749
10567,16
10567,10751
10567,12
711,18
711,36
10641,18
10641,10749
10391,18
10391,27
10391,53
10391,80
10471,35
8871,10751
8871,35
8871,14
1900,53
1900,18
1900,80
420634,27
420634,53
88494,35
11004,35
11004,18
11978,18
5994,35
5994,18
5994,10749
5994,14
72753,10751
72753,18
72753,35
72753,10770
34299,35
34299,18
2133,28
2133,12
2133,18
2133,53
2123,35
95251,28
95251,53
95251,18
95251,10752
10393,35
25538,18
25538,35
4965,28
4965,878
4965,53
161,53
161,80
644,18
644,878
644,12
1613,53
1613,28
1613,35
1613,80
12103,53
12103,9648
11086,18
11086,10749
11470,27
11470,878
2043,80
2043,9648
2043,53
2043,28
585,16
585,35
585,10751
9989,28
9989,80
9989,18
2294,35
10034,28
10034,80
10034,35
808,16
808,35
808,14
808,12
808,10751
9397,35
9397,878
9397,28
50035,35
50035,18
50035,10749
453,18
453,10749
57961,27
57961,53
57961,35
1548,35
1548,18
19666,12
19666,18
19666,36
19366,35
19366,10402
120,12
120,14
120,28
17612,18
17612,10749
10016,28
10016,27
10016,878
9880,35
9880,10751
9880,10749
9428,35
9428,18
9476,12
9476,18
9476,10749
9476,28
1995,12
1995,14
1995,28
1995,53
480,35
480,18
480,10749
1018,53
1018,18
1018,9648
15647,35
855,28
855,10752
855,36
8835,35
8835,10749
1391,18
1391,10749
26976,18
1933,27
1933,9648
1933,53
129,16
129,10751
129,14
141,14
141,18
141,9648
9081,16
9081,18
194,35
194,10749
21997,10770
21997,53
21997,18
21997,36
21997,10749
1791,18
1791,10749
2018,35
2018,10749
5279,18
5279,9648
5279,53
13496,37
13496,28
3640,10749
3640,35
441,18
441,35
10865,16
10865,10751
10865,12
10865,878
69850,18
69850,35
11232,10749
11232,35
11232,14
9398,35
39939,35
39939,80
39939,9648
824,18
824,10749
824,10402
39497,35
671,12
671,14
37288,18
10054,28
10054,35
10054,10751
10054,12
33320,16
33320,18
33320,10749
33320,14
15098,18
27329,36
27329,10752
27329,18
27329,28
13403,35
13403,10402
13403,18
49680,35
49680,18
49680,10749
5521,18
5521,53
20004,878
66609,18
12658,35
12658,10749
676,10752
676,36
676,10749
676,18
676,28
50957,18
2171,35
51215,27
51215,28
51215,878
13777,35
570,18
43774,18
43774,10749
26290,18
6312,12
6312,27
6312,28
6312,36
8922,27
8922,53
8922,9648
8922,18
2034,28
2034,80
2034,18
11770,28
11770,35
37959,18
37959,10749
10808,35
10808,10751
10808,10749
10808,14
12720,18
12720,27
12720,53
23685,12
23685,14
23685,16
23685,35
23685,878
1591,18
41839,18
41839,10749
9889,35
9889,10749
40373,18
40373,35
40373,10770
56753,28
56753,12
56753,18
18734,18
18734,80
9740,80
9740,18
9740,53
24068,18
24068,10770
6173,80
6173,18
6173,10749
6173,53
9025,18
9025,35
9025,10749
10796,28
10796,878
10796,53
25797,35
25797,10751
25797,14
21597,35
21597,27
11299,28
11299,16
11299,878
2140,28
2140,80
2140,53
33343,18
53482,35
53482,18
10984,27
10984,53
1903,878
1903,10749
1903,18
1903,14
1903,53
1903,9648
59297,12
59297,16
59297,14
59297,9648
8341,12
8341,18
8341,10749
768,27
768,9648
768,53
9816,18
9816,10751
9816,10749
9816,10402
172422,53
172422,10770
23550,18
23550,10749
634,35
634,10749
634,18
4133,80
4133,18
9378,27
9378,53
2176,18
2176,53
12610,12
12610,16
12610,28
12610,35
12610,10751
2029,35
57278,12
57278,14
9799,28
9799,80
9799,53
10950,18
11091,35
11091,18
11091,10749
10833,35
10833,10749
10833,80
35831,14
35831,9648
35831,27
11088,28
11088,80
11088,18
11088,53
9896,12
9896,35
9778,35
9778,10749
9778,18
170431,18
170431,10770
2770,35
2770,10749
173670,35
173670,18
173670,10770
1365,18
1365,10749
44164,18
23834,28
23834,35
10757,35
10757,18
12660,18
12660,36
12660,10749
12660,10752
869,53
869,878
869,28
869,12
331,12
331,28
331,53
331,878
4248,35
9705,28
9705,80
9705,53
167,878
167,18
167,9648
2191,878
10696,18
10696,10402
10696,10749
107548,18
107548,10749
52408,27
1734,12
1734,28
1734,14
8386,35
11397,35
64362,10749
64362,35
64362,18
64362,10751
1433,14
1433,18
1433,27
1433,53
27324,27
27324,53
27324,9648
19405,10751
19405,16
2779,35
2779,80
2779,10749
35824,18
12587,12
12587,27
12587,878
10836,14
10836,27
10836,53
25985,18
25985,35
25985,10749
8007,28
8007,18
8007,53
8007,10752
5175,28
5175,35
5175,80
27204,35
27204,10749
2057,53
2057,18
2057,9648
2057,10749
10829,28
10829,35
10829,27
10829,878
10829,53
1999,18
1999,53
11371,28
11371,80
11371,53
11371,9648
6073,28
6073,35
6073,80
6073,10749
1921,18
1921,10749
59884,18
59884,10770
41093,10749
41093,35
41093,18
16723,80
16723,35
16723,18
58429,18
58429,35
12589,10751
12589,12
12589,16
12589,35
12589,878
13166,35
15167,16
15167,10751
1535,28
1535,80
1535,53
9696,28
9696,80
9696,27
2114,12
2114,28
2114,14
2114,878
2114,53
2114,10749
2114,16
25587,16
25587,12
25587,10751
16209,28
16209,35
16209,27
37632,12
37632,28
37632,35
15449,35
29742,10751
29742,10770
29742,12
29742,35
29742,878
8366,37
8366,35
8366,12
12149,18
12149,53
12149,80
818,35
818,80
818,878
4108,28
4108,80
4108,53
425,16
425,35
425,10751
425,12
608,28
608,35
608,878
11560,18
11560,9648
11560,53
11560,80
180,878
180,28
180,53
2022,35
2022,10749
8427,28
8427,12
8427,35
8427,53
320,80
320,53
1817,53
1817,80
2501,28
2501,18
2501,9648
2501,53
11692,28
11692,35
11692,878
201,878
201,28
201,12
201,53
9296,878
9296,35
9296,18
9296,14
9296,10749
7299,28
7299,878
7299,53
590,18
1574,35
1574,80
1574,18
455,35
455,18
455,10749
9555,12
9555,18
9555,36
121,12
121,14
121,28
1576,27
1576,28
1576,878
1958,35
1958,53
1958,9648
8198,10749
8198,53
8198,18
8198,10752
9266,12
9266,10749
9266,18
1088,18
1088,10751
20718,35
20718,10749
640,18
640,80
170,27
170,53
170,878
1894,12
1894,28
1894,878
11544,16
11544,10751
11544,35
79,18
79,12
79,28
79,36
99648,18
99648,35
565,27
565,9648
24232,16
24232,35
24232,10770
8346,35
8346,18
8346,10749
10955,80
10955,53
9583,35
9583,18
9021,14
9021,35
9021,10751
9026,35
9026,18
9026,36
9026,10749
13768,18
13768,10751
13768,14
13768,10749
59387,16
59387,28
59387,10751
51378,35
51378,18
10894,18
10894,27
10894,10749
6278,12
6278,28
6278,14
11013,35
11013,18
11013,10749
1809,18
1809,10749
1809,35
15370,12
15370,14
15370,16
15370,18
15370,10751
14633,18
11888,35
11888,10751
11888,12
1360,18
1360,10749
557,28
557,878
192084,18
10994,18
17614,10752
17614,18
17614,10749
9488,28
9488,12
9488,10751
9488,35
9488,878
9488,18
10771,53
10771,28
10771,35
10771,878
2757,35
2757,80
2757,18
9023,16
9023,12
9023,35
9023,10751
9023,18
9023,37
9023,10749
9016,12
9016,16
9016,10751
9016,14
9016,878
598,18
598,80
30309,35
30309,18
36586,14
36586,27
36586,28
36586,53
15015,16
15015,10751
9962,18
9962,35
9962,10749
2642,35
2642,10749
7451,28
7451,12
7451,53
7451,80
10712,18
10712,10749
672,12
672,14
8094,18
8094,36
12496,18
12496,10749
2750,35
2750,18
2750,10402
18941,18
4147,80
4147,18
4147,53
11547,27
4547,80
4547,18
4547,53
65,18
65,10402
3131,18
3131,36
3131,80
156,35
156,18
156,10749
13497,18
13497,10749
13497,35
13497,10402
55015,18
9533,80
9533,53
9533,27
9275,35
9275,80
9275,18
9275,53
2755,18
2755,35
1416,18
1416,10752
12079,35
12079,80
12079,18
22707,99
9034,35
9034,18
12454,18
245896,878
245896,53
41209,28
41209,18
41209,53
41209,80
9637,9648
9637,12
9637,35
21118,35
21118,10749
4689,28
4689,18
4689,53
7342,27
7342,18
7342,10770
11812,10749
11812,35
36669,12
36669,28
36669,53
979,18
979,53
979,80
33693,18
33693,35
33693,10749
7303,35
7303,18
7303,10749
437,53
437,878
437,9648
16857,35
16857,18
65856,10749
21769,53
21769,28
21769,16
21769,878
21769,12
11979,14
11979,27
11979,10749
12448,16
12448,10751
12448,35
12093,80
12093,18
17130,18
17130,10749
17130,35
9685,35
9685,18
12205,27
12205,9648
12205,53
21925,99
16876,18
16876,53
1956,18
1956,12
2103,18
2103,878
2103,9648
10133,53
10133,878
10590,28
10590,36
10590,10752
24488,18
24488,9648
24488,53
13435,18
13435,36
13435,10749
1429,80
1429,18
11852,35
11852,14
2675,18
2675,53
2675,878
2675,9648
8051,10749
8051,18
8051,35
10229,18
10229,10749
12277,28
12277,35
16028,27
16028,53
81540,35
81540,18
81540,10749
81540,878
12590,53
12590,27
12590,9648
31005,10749
31005,18
423,18
423,10752
11838,27
13908,35
13908,10751
13908,14
3472,80
3472,18
3472,53
4912,35
4912,80
4912,18
2637,18
2637,27
2637,9648
15917,18
15917,10749
16643,35
16643,18
16643,10749
116094,18
116094,10749
9357,18
9357,53
55616,27
55616,10402
14317,16
14317,12
14317,10751
28594,27
28594,878
28594,10770
2899,10751
2899,14
2899,35
2899,12
14008,10751
14008,35
14008,18
83505,18
83505,80
45767,18
45767,10751
45767,878
45767,14
10775,18
10775,28
10775,53
10775,80
10775,9648
10636,18
52407,27
8434,35
8434,18
8434,10749
9334,28
9334,12
9334,14
9334,18
2251,53
2251,18
2251,10749
8665,18
8665,36
8665,53
8665,9648
8665,10752
54580,18
54580,35
9613,18
9613,9648
9613,53
36945,35
1376,80
1376,18
11529,35
11529,10749
245,18
245,35
245,10749
9045,18
9045,36
40360,35
10052,53
10052,14
10052,9648
12112,18
12112,10749
12112,53
97754,18
97754,35
65830,80
65830,18
65830,53
65830,10770
11880,27
11880,28
11880,53
12100,10752
12100,18
12100,28
12100,36
64,18
64,10749
10426,35
9280,9648
9280,80
9280,53
226916,18
18602,18
16875,35
21803,35
21803,10751
23967,35
9645,27
9645,9648
9645,53
126934,10770
126934,10749
126934,18
126934,10751
26189,10751
26189,35
26189,9648
26189,10770
71886,10770
71886,10751
71886,18
40640,18
31130,18
31130,10749
31130,53
2135,878
2135,12
2135,28
29092,35
1957,18
1957,53
4614,53
4614,28
4614,18
37964,10749
37964,35
17906,35
17906,18
17906,10749
11870,10751
11870,35
11870,12
45069,18
45069,10770
9257,28
9257,53
9257,80
11329,18
11329,53
9654,28
9654,80
277,14
277,28
277,53
1647,28
1647,53
604,12
604,28
604,53
604,878
605,12
605,28
605,53
605,878
36658,12
36658,28
36658,878
6038,28
6038,12
6038,35
6038,37
2832,9648
2832,53
310,14
310,35
122,12
122,14
122,28
504,80
504,18
8696,18
8696,35
13398,16
13398,18
13398,35
9341,878
9341,12
9341,53
4256,35
1996,28
1996,12
1996,14
1996,53
24,28
24,80
22,12
22,14
22,28
14926,35
14926,18
12,16
12,10751
508,35
508,10749
508,18
17473,18
17473,10749
8619,12
8619,18
8619,10752
10934,10749
10934,35
9662,16
9662,35
9662,18
14411,10751
14411,16
14411,12
14411,35
14411,14
14411,28
302,80
302,53
153,18
153,10749
14873,10751
14873,16
14873,12
11375,28
11375,12
11375,35
11375,53
12456,99
8326,12
8326,10751
8326,18
8326,35
9919,35
9919,10749
21059,35
11523,35
11523,10749
11523,18
10330,35
10330,10751
10330,14
17920,18
17920,10749
2289,10752
2289,36
2289,12
2289,10749
11820,18
11820,36
11820,10749
246,12
246,18
246,28
10981,35
10981,14
10981,878
29556,27
10720,35
10720,10749
616,18
616,28
616,10752
12146,53
12146,37
12146,12
35021,18
35021,12
35021,36
11659,18
11659,36
11659,10749
10327,35
10327,10749
12279,28
12279,12
12279,35
12279,10751
12279,878
9499,18
9499,10749
9499,35
338,35
338,18
8698,14
8698,28
8698,53
8698,878
446,18
9480,14
9480,28
10944,18
10944,9648
10944,53
4552,18
4552,27
4552,9648
11023,18
8991,27
8991,28
8991,35
8991,878
587,12
587,14
587,18
11042,35
11042,18
6964,18
6964,35
6964,10749
28026,18
28026,10402
553,80
553,18
553,53
13537,18
13537,36
252549,99
11093,18
24092,35
24092,18
24092,53
24092,27
9358,27
9358,9648
38244,18
13156,10751
13156,35
1278,18
1278,10749
54772,28
54772,12
54772,53
3635,18
3635,10749
10601,12
10601,14
10601,10751
638750,
48567,16
48567,10751
48567,35
1927,878
1927,12
1927,28
9471,28
9471,12
9471,35
1584,35
1584,10402
11351,27
11351,53
296,28
296,53
296,878
9902,27
9902,53
10708,35
10708,10751
37910,16
37910,878
37910,10749
322,53
322,80
322,18
322,9648
16932,35
16932,10749
14652,18
14652,35
336568,
6171,18
6171,27
6171,878
6171,53
670,18
670,53
670,9648
670,28
11049,16
11049,878
11049,10402
11049,12
883,35
883,18
59210,18
59210,10749
10623,28
10623,80
10623,18
9316,28
9316,53
9316,80
9316,12
33339,35
33339,10402
33339,18
9562,28
9562,12
9562,878
18087,10749
18087,35
4972,35
200806,35
584,28
584,80
584,53
6443,35
6443,18
470,18
470,80
470,53
10727,53
10727,27
113,18
11059,27
11059,28
11059,53
1807,80
1807,18
41198,10749
41198,18
40823,35
40823,18
40823,10749
40823,80
4970,27
4970,53
4970,9648
27079,18
31076,35
31076,18
416386,35
2830,35
2830,10749
10782,28
10782,18
10782,9648
10782,53
10782,80
11775,35
11775,10749
10226,27
10226,53
10226,9648
125233,18
125233,10770
18736,10751
18736,35
37696,53
2056,18
2056,35
20694,16
20694,10751
20694,12
20694,35
9666,27
9666,53
1428,28
1428,18
1428,9648
9486,12
9486,28
9486,35
20032,18
20032,878
20032,10749
24190,18
56616,18
56616,35
11635,35
37609,10751
37609,35
37609,18
37609,10402
37609,10770
32526,10770
32526,18
32526,10749
32526,80
10009,12
10009,16
10009,10751
11423,80
11423,18
11423,53
11197,18
2662,27
10735,35
10735,10749
10735,18
10735,10751
8424,18
8424,35
8424,10749
20,18
20,10749
47159,10751
47159,16
47159,28
47159,878
10147,18
10147,35
10147,80
10719,35
10719,10751
10719,14
25300,9648
25300,18
25300,53
25300,80
6466,27
83,18
83,53
83,27
24078,18
9506,35
5204,35
5204,80
5204,18
5204,53
38376,18
10628,28
10628,12
10628,35
10628,10751
10628,80
25608,35
25608,10749
77606,18
77606,10751
77606,10770
11007,35
11007,10751
11007,18
15016,16
15016,10751
15394,80
15394,18
15394,53
28200,18
28200,10749
12765,18
5889,12
5889,18
5889,28
5889,53
5889,10749
9567,10752
9567,28
9567,18
20106,35
9620,28
9620,12
9620,9648
9620,878
9620,53
62326,28
62326,18
62326,36
62326,10770
19277,28
19277,18
19277,53
8046,35
8046,80
8046,18
8046,10749
12703,18
36218,10751
36218,28
36218,16
36218,12
36218,14
36218,878
10588,35
10588,12
10588,10751
10588,14
8961,28
8961,80
8961,35
19187,28
19187,35
2048,28
2048,878
9806,28
9806,12
9806,16
9806,10751
435,28
435,12
435,878
435,53
1954,878
1954,53
2502,28
2502,18
2502,53
2122,35
2122,53
2122,80
38,878
38,18
38,10749
11184,18
809,16
809,10751
809,35
809,14
809,12
809,10749
10625,18
10625,35
11282,35
11282,12
4935,14
4935,16
4935,12
1577,27
1577,28
1577,878
11823,35
11823,10749
1404,18
1404,10749
8699,35
11866,28
11866,12
11866,18
163,53
163,80
393,28
393,80
393,53
540,28
540,35
540,10749
49007,18
49007,10770
13193,35
5137,9648
5137,28
5137,53
5137,878
5137,12
2539,35
13702,35
13702,14
12242,16
12242,35
12242,10751
12242,28
12540,35
11036,10749
11036,18
26275,35
176,27
176,9648
176,80
14442,10751
14442,14
14442,35
10045,28
10045,53
10045,878
1599,35
1599,10749
42971,53
42971,10751
42971,10770
42971,18
1392,99
438,9648
438,878
438,53
652,12
652,36
652,10752
7131,27
7131,12
7131,28
9528,18
9528,10749
747,27
747,35
11130,35
11130,18
11130,10751
11130,10749
314,28
314,14
314,80
21385,12
21385,16
21385,35
21385,10751
19416,99
14337,878
14337,18
14337,53
1824,35
1824,10749
15058,18
9890,35
9890,878
9890,27
70,18
10204,28
10204,12
10204,35
1901,35
1901,18
1901,10749
33623,18
33623,9648
2789,28
2789,878
11534,18
11534,10749
11534,14
14292,18
14292,36
28769,18
28769,10770
2841,18
2841,10749
2841,10752
558,28
558,12
558,878
11247,35
11247,10751
11247,10749
613,18
613,36
613,10752
11633,16
11633,28
11633,878
1918,18
866,18
866,14
10797,16
10797,35
10797,9648
10797,53
2288,18
2288,10749
594,35
594,18
9709,18
9709,10749
11774,12
11774,35
11774,10751
5552,18
5552,28
5552,878
395,12
395,878
395,28
395,27
9675,35
9675,18
9675,10749
401,35
401,18
401,10749
8193,35
673,12
673,14
3989,12
3989,28
3989,35
15184,35
15184,10749
9833,53
9833,18
9833,10749
27799,18
27799,35
27799,10749
18923,18
18923,10749
13073,35
13073,18
34207,35
34207,18
1538,18
1538,80
1538,53
19316,35
19316,10749
19316,18
11109,18
33908,27
11171,18
363,18
363,10749
9759,28
9759,53
9759,18
9759,80
11099,18
11099,9648
11099,878
11099,53
11328,80
11328,18
26347,18
1677,18
1677,10402
924,28
924,27
924,878
11025,35
844,18
844,878
844,10749
2567,18
436,18
436,53
436,80
9953,18
28633,28
11024,9648
11024,14
11024,12
11024,35
4599,18
4599,35
4599,10749
9470,28
9470,35
9470,80
9470,14
1280,18
1280,10749
1280,80
49214,10749
49214,18
49214,28
1640,18
1970,27
1970,9648
1970,53
10096,35
10096,14
10096,10749
65513,18
65513,14
12924,16
12924,12
12924,18
12924,10749
12924,878
41568,878
41568,27
41568,35
5255,16
5255,12
5255,10751
5255,14
4836,18
4836,53
4836,80
15673,35
15673,80
15673,10402
20125,35
20125,12
20125,28
3040,14
3040,28
3040,53
10361,18
10361,27
12153,35
12153,80
1487,14
1487,28
45404,10749
45404,35
36290,35
36290,10770
421,12
421,35
421,18
13700,16
13700,10751
60382,10751
60382,16
11045,28
11045,35
11045,53
11045,80
16358,35
16358,18
1586,9648
1586,53
14024,10402
14024,18
14024,10749
14024,10751
195833,18
57825,18
57825,35
57825,10749
142689,18
33636,18
33636,53
21198,27
21198,9648
21198,18
8555,27
8555,53
8555,9648
44413,18
6947,18
6947,9648
6947,53
9801,35
9801,10749
10555,16
10555,28
10555,35
10555,10751
33137,16
29404,27
80,18
80,10749
9472,35
693,35
693,10749
2059,12
2059,28
2059,53
2059,9648
35949,27
35949,9648
35949,53
14207,12
14207,28
14207,14
10589,28
10589,35
10589,80
10589,18
11081,53
8981,18
8981,10751
9541,35
9541,10749
9541,18
21379,28
21379,16
21379,12
21379,878
21379,14
4553,53
4553,18
13505,35
13505,80
20912,35
20912,18
18701,35
18701,18
18701,10749
1966,10752
1966,36
1966,28
1966,12
1966,18
1966,10749
17111,27
17111,9648
17111,53
13673,35
13673,10751
4251,18
4251,10749
15774,18
10762,35
10762,28
10762,12
10762,53
26962,27
26962,35
26962,878
26962,10770
11430,10751
11430,16
11430,35
11430,28
49643,10749
15165,16
15165,10751
15165,35
11137,35
11137,10749
139240,
27,18
27,10402
27,10749
1944,18
16907,35
16907,28
16907,16
16907,12
1913,18
12877,18
12877,53
12877,80
842,18
842,36
842,53
842,80
20695,53
20695,9648
20695,27
11052,16
11052,14
11052,28
11052,878
12653,28
12653,27
26108,35
26108,10749
11836,10751
11836,16
11836,35
11836,14
11836,12
9893,10751
9893,35
75160,18
75160,10770
9393,18
24363,35
24363,18
16617,9648
16617,53
16617,80
17110,18
17110,27
17110,9648
17110,878
10677,10749
10677,18
7220,28
7220,80
7220,18
36648,28
36648,27
36648,878
276,18
276,35
615,18
66926,12
66926,35
143961,35
16635,10749
16635,18
52251,27
52251,18
52251,9648
37859,35
115626,10751
115626,35
115626,10402
115626,10770
12657,10749
12657,35
34065,10751
34065,12
34065,16
34065,14
11358,12
11358,18
11358,28
11358,53
153770,18
27275,35
27275,12
27275,878
11132,35
56527,27
56527,28
9352,35
9596,10402
9596,18
9596,14
9596,80
63816,10749
31097,28
31097,18
31097,53
17124,80
17124,18
17124,9648
272,28
272,80
272,18
187,53
187,28
187,80
7453,12
7453,35
7453,878
752,28
752,53
752,878
9928,16
9928,35
9928,10751
9928,878
69,18
69,10402
69,10749
16320,878
16320,28
16320,12
16320,53
8978,53
8978,28
8978,12
8978,80
8978,18
5236,35
5236,80
5236,9648
25,18
25,10752
546,18
546,12
546,35
11451,35
11451,10751
11451,12
11451,14
11451,10749
11661,18
11661,10752
11661,10749
11661,36
1444,35
1444,18
13498,35
13498,28
9392,12
9392,27
9388,35
9388,18
2652,18
2652,53
3291,18
3291,36
11096,27
11096,9648
1635,28
1635,53
1635,878
1635,12
9270,18
9270,9648
15624,18
15624,10749
1895,12
1895,28
1895,878
7509,18
7509,10749
254,12
254,18
254,28
1544,18
1544,35
1544,10749
4550,18
4550,53
9701,18
257,80
257,18
257,10751
6957,35
6957,10749
9913,18
9913,27
9913,9648
9913,53
308,35
308,18
308,9648
308,10749
9681,12
9681,35
9681,18
9681,10749
11225,99
2117,18
2117,36
1656,28
1656,12
1656,37
74,12
74,53
74,878
10040,28
10040,35
411,12
411,10751
411,14
10475,18
215,27
11227,10749
11227,35
11227,18
11227,14
8814,28
8814,27
8814,878
1495,18
1495,28
1495,12
1495,36
1495,10752
20910,10751
20910,12
20910,35
20910,10402
20910,14
20910,10770
11400,18
11400,36
11400,10749
33358,35
33358,10749
3933,10749
3933,14
3933,16
9007,18
9007,35
9007,10749
9007,14
8202,878
8202,28
8202,53
1985,18
1985,9648
1985,53
98246,18
98246,36
11931,35
11931,18
11931,10749
10707,35
10707,18
7553,35
7553,10749
11344,28
11344,18
11344,80
11459,12
11459,35
11459,10751
9667,18
9667,14
9667,9648
9667,878
9667,53
14199,12
14199,10751
14199,878
10027,28
10027,80
9779,18
9779,35
9779,10749
47880,18
47880,35
20981,27
20981,53
20981,14
20981,878
142,18
142,10749
1830,80
1830,18
1830,53
1382,35
1382,18
13020,99
9522,35
9522,10749
11460,53
11460,9648
2610,35
2610,18
2610,10749
9923,28
9923,80
16367,35
16367,18
16367,10402
674,12
674,14
921,10749
921,18
921,36
29657,10749
29657,18
29657,10402
14922,35
14922,18
14922,10749
1833,18
1833,10749
118,12
118,35
118,10751
118,14
87943,99
87943,80
9315,53
9315,18
9315,9648
13141,35
7552,35
7552,80
9009,27
9009,9648
9009,18
9738,28
9738,14
9738,878
8435,35
8435,36
17113,18
7214,18
7214,36
11559,14
11559,18
11559,53
11559,878
10913,35
10913,80
10913,18
10913,10749
10982,16
10982,35
10982,10751
10982,80
10982,10402
16022,18
16022,10749
10799,28
647,16
647,28
647,12
647,14
647,878
953,10751
953,16
953,12
953,35
25967,27
25967,878
1904,18
1904,10749
1904,36
10476,80
10476,18
10476,10402
14517,14
9777,18
9777,9648
787,28
787,35
787,18
787,53
1696,18
1696,27
1696,80
29293,27
29293,10770
10320,18
10320,27
10320,53
13374,10751
13374,18
13374,35
561,14
561,28
561,27
1690,27
13499,35
13499,10751
13499,10749
6961,10749
6961,35
31541,27
31541,53
398,80
398,18
14177,35
14177,10749
13284,16
13284,10751
116,18
116,53
116,80
116,10749
8488,35
8488,18
8488,10749
21246,35
21246,18
11648,10749
11648,35
35683,53
35683,18
35683,27
18164,18
168705,14
168705,27
2800,35
2800,10749
10048,878
96235,27
96235,878
96235,10770
96235,28
96235,12
4348,18
4348,10749
32671,18
32671,53
16608,28
16608,12
16608,80
16608,18
16608,53
16608,37
791,27
791,53
791,18
791,9648
17021,35
17021,10749
612,18
612,28
612,36
612,53
8643,80
8643,18
8643,27
8643,53
9722,35
9722,14
9722,10749
8053,12
8053,80
8053,18
8053,9648
8053,37
40938,35
40938,18
10012,27
10012,35
67,80
67,53
67,18
67,10752
10065,27
10214,14
10214,35
10214,10751
10214,12
13274,28
13274,12
13274,16
13274,14
13274,878
55831,35
55831,18
55831,10749
34186,35
34186,80
34186,18
34186,53
11804,18
11804,27
11804,53
38583,10749
38583,18
38583,53
9687,35
9335,28
9335,53
9335,80
1115,18
1023,18
1023,35
1023,80
8968,53
8968,27
8968,18
8968,9648
91908,27
91908,53
31048,18
31048,10749
49717,35
49717,18
49717,10402
49717,10749
27134,35
27134,27
25422,35
25422,27
14228,27
9787,18
6795,878
6795,12
6795,10751
15906,16
15906,10751
15906,10749
13653,18
13653,53
14175,10751
14175,16
14175,12
14175,35
14175,10752
36175,35
38567,16
38567,35
38567,18
38567,9648
38567,14
10292,27
10292,53
230358,18
13994,35
13994,10402
13994,10749
46113,18
46113,27
46113,53
11421,35
11421,18
11348,27
11348,53
11348,9648
59,18
59,53
59,80
68259,18
68259,53
1420,18
1420,35
14217,27
14217,9648
1393,18
27176,18
9291,18
9291,35
21136,35
21136,878
21136,14
16553,35
16553,10749
10022,35
10022,10751
10022,28
10066,9648
10066,27
10066,53
4379,10749
4379,35
9947,28
9947,14
9947,12
7483,18
40592,27
40592,9648
9982,16
9982,10751
9982,35
9885,27
9885,53
27337,35
27337,10402
27337,18
324268,16
6077,28
6077,53
31073,10402
31073,35
15648,35
15648,18
15648,10751
15648,10749
8292,28
8292,80
10092,27
10092,53
13417,16
13417,35
13417,10751
9899,35
21481,35
21481,18
21481,10751
21481,14
21481,10770
9993,18
9993,80
9729,18
9729,9648
9729,53
24553,18
8066,9648
8066,53
8066,18
9813,18
9813,53
25902,18
25902,35
25902,10749
123879,35
123879,18
57251,35
57251,18
9621,35
9621,18
9621,10749
533,12
533,16
533,35
533,10751
16998,18
16998,9648
5890,28
9753,18
9753,53
53122,35
53122,18
53122,27
7512,35
7512,878
7512,12
350,18
350,35
58,12
58,14
58,28
7985,14
7985,35
7985,10749
1402,18
1581,35
1581,10749
36557,12
36557,28
36557,53
12555,35
27359,18
27359,9648
27359,35
1948,28
1948,53
1948,80
1887,18
1887,36
36668,12
36668,28
36668,878
36668,53
9693,18
9693,28
9693,53
9693,878
219,35
219,18
219,10749
1969,28
1969,35
1969,37
1969,80
14055,18
14055,35
14055,10749
1593,28
1593,12
1593,35
1593,10751
1593,14
1417,14
1417,18
1417,10752
1440,18
1440,10749
5723,18
5723,10402
5723,10749
1262,35
1262,18
1262,14
1262,10749
20405,35
20405,18
20405,10749
13751,18
9655,35
9655,10749
773,35
773,18
18654,35
13209,35
13209,18
1116,18
1116,10752
15163,18
11211,35
582,18
582,53
588,27
588,9648
9075,18
9075,53
9075,10752
1491,14
1491,18
1491,53
1491,10749
9895,35
9895,10749
9895,53
1730,53
1730,9648
1730,14
1730,27
3603,27
3603,35
2346,18
2346,10749
17379,12
17379,35
17379,18
12808,10749
12808,35
12808,18
255667,18
255667,10770
13551,9648
13551,18
13551,80
13551,53
6948,9648
6948,27
6948,53
1819,35
1819,10749
13185,18
12094,28
12094,35
12094,99
1422,18
1422,53
1422,80
148340,18
268975,18
268975,9648
268975,53
1271,28
1271,12
1271,10752
8998,35
8998,18
8998,10749
186,18
186,53
186,80
186,9648
2486,14
2486,28
2486,12
2486,10751
9786,35
9786,18
14845,35
14845,10749
1378,10749
1378,18
1378,35
13205,16
13205,18
13205,10751
8324,18
8324,35
950,16
950,10751
950,35
950,12
38848,18
38848,53
23817,35
23817,18
1165,18
1165,36
14799,35
10115,35
10115,18
9035,27
9035,878
9035,35
17245,27
7516,28
7516,35
7516,80
7516,53
14113,10751
14113,35
14113,12
14113,28
14113,878
4977,16
4977,878
4977,53
9656,27
9656,9648
14069,14
14069,16
14069,18
14069,878
1427,80
1427,14
1427,18
326,28
326,12
326,80
326,27
326,53
13967,18
13967,10751
13967,10749
7510,18
7510,35
4723,878
4723,53
4723,35
1381,18
1381,12
1381,878
1381,10749
920,16
920,12
920,35
920,10751
13754,28
13754,12
13754,16
9353,35
9353,10751
9353,18
1124,18
1124,9648
1124,878
5850,18
388,80
388,18
388,53
18590,18
38305,35
38305,18
38305,10751
41044,35
41044,10749
41044,18
16700,35
16700,18
8199,18
8199,10749
8194,80
8194,18
1247,18
1247,53
1247,36
7859,18
3509,16
3509,878
3509,53
8436,18
8436,10402
8436,53
1259,18
1259,10749
9526,18
9526,35
9526,10402
14784,12
14784,14
14784,18
9920,878
9920,28
9920,53
4643,28
4643,12
4643,18
70234,35
43639,27
15049,28
15049,35
15049,80
11170,18
11170,36
1251,28
1251,18
1251,10752
64499,18
3549,18
523,18
13198,35
13198,18
13198,14
13198,10749
34204,10751
34204,14
34204,35
34204,10770
34204,28
31289,18
31289,35
5488,18
5488,35
5488,10749
300,35
300,18
300,14
341,80
31421,18
31421,10749
2295,35
142795,
8618,18
45349,18
45349,10749
45444,12
45444,35
45444,14
1494,28
1494,18
1494,14
2266,18
2266,10749
19955,35
19955,10749
25035,27
25035,28
25035,53
16070,99
165603,18
10118,35
10118,10751
10118,10749
13816,80
13816,18
13816,10402
14191,14
14191,10749
14191,10751
14191,35
12763,18
12763,35
12763,10402
14654,35
14654,18
9293,35
9293,10749
1975,27
1975,53
9297,16
9297,35
9297,10751
9297,14
11705,18
11705,53
7913,35
7913,18
7913,36
7913,10749
9906,14
9906,12
9906,16
9906,35
9906,10751
11910,14
11910,10770
7484,16
7484,10751
7484,12
7484,35
11619,12
11619,16
11619,35
11619,10751
1180572,27
13943,18
13943,53
13943,10749
1255,27
1255,18
1255,878
25585,18
44827,18
9676,80
9676,53
9676,18
10051,35
10051,18
10051,10749
9053,12
9053,28
9053,53
9697,18
9697,14
9697,9648
10010,12
10010,16
10010,10751
1452,878
1452,28
1452,12
10288,27
10288,35
10288,10749
10288,18
313,10749
313,18
12225,18
12225,35
12225,10749
19344,18
19344,10749
9756,53
9756,27
9756,18
9286,27
9286,9648
14202,10749
14202,18
1372,18
1372,53
1372,28
10053,27
10053,9648
24200,28
24200,35
24200,53
61717,10751
61717,28
61717,12
61717,10770
61717,35
9992,12
9992,14
9992,16
9992,10751
17566,16
17566,12
17566,9648
17566,14
14823,80
14823,18
14823,53
120624,35
120624,18
120624,10751
261444,18
261444,10770
2044,18
2044,9648
2044,10749
9767,10749
9767,35
13075,18
503,12
503,28
503,18
503,53
4351,80
4351,18
4351,9648
4351,53
14458,27
14458,878
14458,53
43085,27
43085,28
43085,878
43085,35
12526,18
12526,27
12526,53
496,35
591,53
591,9648
12197,18
4441,18
4441,10749
9761,16
9761,878
10947,35
10947,18
10947,10751
10947,10402
10947,10749
10947,10770
17287,27
17287,35
17287,14
24159,35
24159,18
139200,18
139200,10770
1579,28
1579,18
1579,36
9339,35
9339,18
9339,14
14208,14
14208,28
14208,12
1249,80
1249,18
1249,9648
1249,53
24801,35
24801,10751
24801,10770
13002,16
13002,10751
12096,35
12096,9648
12096,80
12096,12
12096,10751
1252,18
1252,53
1252,80
1252,10749
956,12
956,28
956,53
182,18
182,9648
25657,18
25657,35
1125,18
1125,10402
13979,18
13979,53
9900,35
21705,10751
21705,16
1164,18
317,18
317,36
10251,27
10251,53
11798,18
11798,80
10886,53
10886,18
10886,9648
9788,35
9954,14
9954,27
9954,12
9954,28
9988,35
376788,27
214,27
214,53
214,80
39405,10402
39405,16
12795,35
12795,10749
16781,18
16781,35
16781,10749
1717,18
1717,53
46820,18
15575,14
15575,16
15575,878
993517,27
993517,10770
305655,27
305655,10770
319314,27
319314,10770
319309,27
319309,10770
233738,27
233738,10770
9792,27
9792,53
288743,27
288743,10770
68418,27
68418,10770
289021,27
289021,10770
298723,27
298723,53
298723,10770
288588,27
288588,10770
71919,27
71919,9648
71919,10770
15021,18
15021,27
15021,53
15021,10770
17214,18
17214,27
17214,53
34993,27
34993,18
34993,9648
34993,10770
46879,18
46879,27
46879,9648
9907,16
9907,35
9907,10751
15590,10749
15590,35
15590,10751
222664,16
9762,10402
9762,18
9762,10749
9762,80
24590,18
9836,16
9836,35
9836,10751
4257,35
9530,10751
9530,35
9530,10749
9530,18
2179,35
2179,10402
2179,14
2179,12
9918,18
9918,36
68499,18
118895,18
58946,18
58946,53
48141,18
20085,18
20085,35
20085,10749
37933,16
37933,14
37933,12
51202,18
51202,10749
51202,9648
82,28
82,80
82,53
10961,35
10961,27
10961,53
9615,28
9615,80
9615,18
9615,53
2180,18
2180,35
9708,27
9708,9648
9708,53
1919,18
1919,10749
10067,35
10067,10751
9718,35
6877,10749
6877,35
1852,18
1852,36
1852,53
57965,18
7518,10751
7518,35
7518,16
1246,18
9924,28
9924,53
19167,28
19213,35
7551,28
7551,53
7551,878
35199,99
7861,35
7861,18
7861,10749
1991,28
1991,53
7249,16
7249,35
7249,878
7249,10770
7326,35
7326,18
7326,10749
1738,28
1738,878
1738,53
9911,28
9911,80
9911,53
2062,16
2062,35
2062,10751
2062,14
5174,28
5174,35
5174,80
7737,27
7737,28
7737,878
4413,80
4413,18
4413,53
13363,878
13363,18
810,14
810,12
810,16
810,35
810,10751
9963,53
9963,18
9963,9648
1992,27
1992,28
1992,53
3489,53
3489,9648
7350,18
7350,35
45205,16
45205,35
45205,14
285,12
285,14
285,28
7345,18
4964,35
4964,10749
4964,18
2976,35
2976,10749
2976,18
13258,35
2011,16
2011,18
7347,18
7347,28
7347,80
5915,12
5915,18
3638,35
3638,10749
3638,18
2270,12
2270,14
2270,10749
2270,10751
4638,80
4638,28
4638,35
675,12
675,14
10190,18
5375,28
5375,35
5375,18
35,16
35,35
35,10751
10074,35
10074,28
1858,12
1858,878
1858,28
13196,35
13196,18
13196,10749
298,80
298,53
8271,53
8271,18
8271,9648
2268,12
2268,14
8272,18
8272,35
4998,18
10294,27
10294,53
6479,18
6479,878
6479,53
1272,18
1272,878
1272,53
4538,12
4538,18
4538,35
13885,18
13885,27
23827,27
23827,9648
8363,35
7979,18
6977,80
6977,18
6977,53
2977,10749
2977,18
10758,18
10758,35
10758,10749
15261,35
6023,18
6023,10749
4523,35
4523,10751
4523,14
4523,10749
1571,28
1571,53
5176,37
11199,28
11199,12
11199,35
6022,18
6022,10749
4347,18
4347,10749
13025,27
18865,35
18865,18
18865,10749
8669,35
8669,18
8669,10749
7006,53
7006,27
7006,14
31031,10749
31031,18
44443,99
17097,35
17097,10749
17097,18
13072,18
13072,28
13072,53
7485,18
7485,28
7485,53
13121,35
13121,27
1620,28
1620,53
1620,18
6537,27
6537,18
6537,53
10520,35
41330,99
5951,35
5951,10749
8270,80
8270,18
8270,53
1912,35
1912,18
2196,35
2196,18
11148,18
13391,16
13391,878
50364,35
50364,18
50364,10751
50364,10749
50364,10770
20223,35
21784,35
21784,27
21784,9648
21784,53
23202,27
23202,35
14448,18
14448,10749
13981,16
13981,28
13981,53
13981,878
5259,35
5259,18
69214,35
69214,18
2009,18
15048,36
15048,18
15048,10752
10748,35
10748,10751
10748,878
2013,18
2013,36
4566,18
4566,53
4566,80
28871,35
28871,18
2284,10751
2284,14
2284,35
2014,18
38142,16
38142,10749
38142,18
1267,16
1267,35
1267,10751
22100,35
22100,10749
4513,27
4513,53
1562,27
1562,53
1562,878
12473,80
12473,18
12473,10402
11172,35
11172,10402
11172,10749
18290,18
18290,35
18290,10749
13574,35
13574,18
13574,10749
5718,35
5718,18
13059,27
13059,878
13059,53
4771,80
4771,18
4771,9648
13998,35
13998,18
14123,35
14123,10402
14123,10751
1691,27
8748,35
8748,10749
6145,53
13019,35
13019,18
13019,10749
6538,35
6538,18
6538,36
4169,18
4169,53
4169,80
4169,36
14636,28
14636,53
13980,28
13980,16
13980,36
18093,10749
18093,18
18093,10770
17483,18
17483,10749
1989,18
1989,10749
4633,18
4633,35
31262,9648
31262,80
31262,18
6615,35
6615,18
6615,10749
196235,18
44306,12
44306,18
2882,10749
2882,18
15019,35
15019,18
15019,10749
13910,18
13910,10749
39011,18
2252,53
2252,80
2252,9648
2310,12
2310,28
2310,16
1407,10402
1407,18
10760,35
3021,27
3021,9648
4517,18
4517,36
4517,10749
12435,35
12435,18
12435,10749
5876,27
5876,878
5876,53
1265,12
1265,18
1265,10751
14139,878
14139,53
14432,18
14432,10749
28563,28
28563,27
28563,14
5595,9648
5595,53
1922,18
10094,18
10094,27
10094,9648
10094,53
14138,12
14138,18
14138,27
70438,16
36172,28
36172,35
36172,18
36172,14
36172,27
36172,10749
48420,35
48420,10751
7211,35
7211,10749
7211,18
20497,18
20497,10751
13312,27
8329,27
8329,9648
2082,27
14843,35
14843,18
14843,10749
7973,18
7973,35
7973,10749
15137,16
15137,878
15137,28
15137,18
17778,14
17778,16
17778,18
17778,27
17778,878
9955,35
1273,12
1273,16
1273,35
1273,10751
8827,18
8827,35
85330,10749
10818,18
10818,10749
7972,80
7972,18
7972,53
5857,53
5857,27
5857,9648
4688,18
4688,10749
4688,14
3594,53
3594,9648
3594,80
13283,16
13283,10751
17106,35
17106,18
17106,10749
26645,35
26645,18
19025,35
19025,27
19025,53
39562,10770
39562,35
44487,99
13958,99
2001,18
2001,80
2001,53
1248,80
1248,53
1248,27
58700,16
58700,10751
58700,14
58700,12
58700,18
58700,878
60129,16
60129,10751
60129,14
1257,10749
1257,35
45718,18
45718,53
34916,35
14397,27
14397,53
16240,35
16240,18
12823,18
12823,10749
12823,35
8471,18
8471,53
8471,10749
8471,80
24874,27
24874,53
13474,27
13474,53
16126,27
1646,80
1646,18
13079,53
13079,18
13079,9648
9966,9648
9966,53
9966,27
18116,35
18116,27
16725,18
1979,878
1979,12
1979,28
14163,18
14456,27
14456,9648
13168,35
1845,35
1845,10749
25055,878
25055,28
25055,12
4141,28
4141,53
4141,35
4141,80
15568,18
559,28
559,12
559,878
4588,28
4588,18
4588,10749
4588,53
34985,35
34985,18
2503,28
2503,18
2503,9648
2503,53
55076,35
55076,27
14001,27
9757,35
14019,35
14019,80
14019,18
14019,53
14928,18
14928,10749
70043,18
70043,10749
13649,35
13649,18
13649,10751
13649,10402
13649,10749
13649,10770
4519,35
4519,18
663,27
663,53
663,80
9760,35
9760,12
9760,14
10071,35
14043,10751
14043,12
14043,80
14043,9648
14043,35
7942,35
7942,10749
72140,18
72140,10770
72140,35
337550,16
337550,878
13078,18
14791,35
14791,14
3902,18
3902,10402
12247,18
12247,53
17101,28
17101,16
17101,53
5708,18
13483,53
13483,80
13483,9648
4515,28
4515,12
4515,18
4515,36
27605,18
319302,53
319302,27
319302,10770
233885,27
233885,10770
319297,27
319297,10770
319206,27
319206,10770
319203,27
319203,10770
51201,10749
51201,18
86531,18
86531,10749
60850,35
1949,80
1949,18
1949,9648
1949,53
6391,18
6391,10749
4982,18
4982,80
5559,10751
5559,16
5559,12
5559,35
2267,18
2267,878
2267,12
24870,35
24870,18
7992,18
16962,16
16962,10751
16962,14
16962,10749
13252,80
13252,53
13252,9648
69335,18
69335,35
1683,27
25961,10751
25961,12
25961,16
25961,14
25961,28
25961,878
54318,10751
54318,12
54318,14
4512,18
4512,37
440,28
440,878
440,53
440,27
34183,35
34183,10751
8277,35
6589,10751
6589,28
6589,12
6589,35
6589,14
6589,878
9038,35
9038,10749
461648,14
461648,10749
1268,10751
1268,35
1250,53
1250,28
1250,14
7183,53
7183,80
7183,9648
49084,35
49084,878
13641,18
13641,53
13641,80
13525,35
13525,18
13525,10749
52116,10751
52116,12
52116,35
5123,10751
5123,18
5123,10402
32579,18
6637,28
6637,12
6637,9648
6637,53
11127,12
11127,878
11127,28
10681,16
10681,10751
10681,878
8848,53
8848,80
8848,18
8247,28
8247,12
8247,878
8321,35
8321,18
8321,80
8065,18
8065,80
155,18
155,28
155,80
155,53
12177,35
12177,10749
8960,14
8960,28
13256,28
13256,12
13256,27
13256,878
10488,12
10488,35
10488,10751
10488,14
11665,28
11665,35
11665,53
8909,28
8909,53
8909,80
12889,16
12889,35
12889,878
12889,10770
8780,35
8780,10749
14422,35
14422,18
4953,18
4953,35
7461,18
7461,28
7461,53
7461,80
1726,28
1726,878
1726,12
9029,35
9029,10749
4944,35
4944,18
7459,10751
7459,28
7459,12
7459,35
11260,35
11260,878
11260,12
11260,10751
88751,28
88751,878
88751,12
88751,35
88751,10751
1724,878
1724,28
1724,12
12690,18
12690,37
12690,80
12182,35
12182,10402
12182,18
12182,10749
6557,35
6557,10749
11253,14
11253,12
11253,28
15373,35
13053,16
13053,10751
13053,12
13053,35
10483,28
10483,53
10483,878
8882,18
8882,80
13387,28
13387,53
13387,80
10139,36
10139,18
5038,18
5038,10749
12405,18
12405,10749
10183,18
10183,80
14359,18
12133,35
7446,28
7446,35
7446,12
7446,10752
16005,35
16005,18
16005,36
8055,18
8055,10749
4148,18
4148,10749
13648,16
13648,27
13648,28
13648,878
12163,18
12163,10749
3580,80
3580,18
3580,9648
10200,18
10200,878
10200,53
10201,35
10201,10749
2309,12
2309,10751
2309,14
13051,80
13051,28
13051,18
13051,53
10202,14
10202,35
10202,10751
10202,10749
11631,35
11631,10749
13253,16
13253,35
13253,878
13253,10770
13090,35
13090,18
12178,18
12178,35
12178,10749
13972,35
13972,10749
8338,18
8338,9648
8338,878
8338,53
10189,28
10189,35
10189,80
8681,28
8681,53
9030,18
9030,27
9030,53
13688,35
13688,18
13688,10751
13688,14
13688,878
13027,9648
13027,53
13027,28
11887,35
11887,10749
11887,18
11887,10751
11887,10402
10764,12
10764,28
10764,53
10764,80
12429,16
12429,14
12429,10751
14914,18
13179,16
13179,10751
13179,12
13179,14
19624,18
19624,10749
12162,18
12162,53
12162,10752
14976,18
14976,10749
16899,35
16899,10749
8966,14
8966,18
8966,10749
13223,18
8881,18
8881,36
8881,10752
4922,18
4922,14
4922,10749
12797,18
12797,35
12797,14
38879,99
13942,80
13942,9648
13942,53
13812,27
13812,878
13812,53
14353,27
14353,878
14353,10402
8390,35
8390,10749
8884,14
8884,53
8884,18
13310,27
13310,18
9502,28
9502,12
9502,16
9502,10751
9502,35
58391,18
13964,28
13964,12
13964,35
13964,80
13964,27
13964,53
4564,35
4564,18
4564,10749
13532,12
13532,35
28422,28
28422,35
28422,18
28422,10749
16804,18
40016,10749
40016,27
40016,53
7191,28
7191,53
7191,878
19603,18
19603,10749
10188,12
10188,35
10188,18
12193,35
12193,10749
12193,18
12837,10751
12837,12
12837,18
23963,27
23963,9648
23963,878
8276,18
11499,18
11499,36
13600,12
13600,10751
13600,14
12620,10749
12620,35
217,12
217,28
34883,18
2454,12
2454,10751
2454,14
20846,35
20846,18
12914,28
12914,12
12914,878
10503,35
10503,18
139299,27
8328,10402
8328,18
8328,10749
73029,35
73029,18
12222,16
12222,35
12222,10751
12222,12
12222,14
1729,28
1729,12
1729,14
14306,35
14306,10751
14248,16
14248,35
14248,10751
14248,14
14248,27
13944,18
13944,9648
13944,53
13944,10749
26235,12
26235,35
26235,14
13635,18
13635,28
13635,53
13635,80
12412,18
12412,10752
33429,18
13809,28
13809,80
13809,53
8899,80
8899,18
13001,28
13001,12
13001,878
13971,35
13971,18
13971,10749
9539,27
9539,18
9539,53
4960,18
16166,27
12184,18
12184,10749
12184,36
10199,12
10199,16
10199,10751
14438,18
14438,10749
13094,35
13094,27
39369,10749
39369,35
8937,18
8942,18
8885,18
8885,16
8885,10752
8885,99
12289,12
12289,18
12289,36
12289,28
12289,10752
37573,18
15877,28
15877,12
15877,16
15877,10752
15877,878
9870,35
9870,10749
9870,18
6972,12
6972,10749
6972,18
40751,18
40751,28
16164,80
16164,18
16164,53
12085,28
12085,35
12085,80
12471,18
293878,35
293878,27
21179,18
14415,36
14415,18
11321,18
24475,18
24475,10749
21371,18
90175,99
19079,18
13009,35
13009,27
12621,35
12621,10402
13018,53
13018,9648
15801,28
15801,80
15801,18
28424,18
28424,10749
21755,12
21755,35
21755,18
21755,10749
70279,99
39366,18
26191,18
17077,18
17077,36
24566,99
13058,80
13058,18
2253,18
2253,53
2253,10752
67892,80
67892,27
67892,28
9017,28
9017,12
9017,27
5871,18
6687,53
6687,80
6687,9648
69454,18
15749,18
15749,27
15749,53
20529,16
20529,18
20529,10402
20529,10749
20529,14
13613,28
13613,27
13613,878
12689,35
12689,18
12689,10751
12689,10749
37583,99
13004,16
13004,10751
14538,28
14538,36
14538,18
8900,18
19173,18
19173,10749
21910,35
21910,18
21910,27
12783,18
12783,36
12783,10749
15457,18
14061,18
14061,36
14061,10749
38846,18
38846,35
19375,14
19375,10749
10665,27
10665,9648
10665,53
14092,28
14092,16
14092,18
14092,80
14092,9648
14092,878
14092,53
13813,28
13813,18
13813,36
13813,10752
13460,28
13460,53
13460,878
21583,35
21583,18
21583,10749
13956,12
13956,16
13956,10751
14312,12
14312,35
6968,28
6968,80
6968,18
6968,36
6968,53
13490,35
13490,18
13490,10751
15125,878
49429,18
49429,53
24330,27
24330,53
8285,28
8285,35
8285,80
8285,14
8285,18
18505,27
18505,35
17631,35
35452,35
35452,18
35452,10749
10761,35
10761,10749
33788,9648
33788,53
23966,27
23966,53
8617,27
8617,18
8617,9648
232435,18
232435,10751
41362,14
41362,10751
13515,27
13515,9648
13160,35
11918,35
11918,28
11918,878
674119,
18533,18
18533,28
18533,80
11152,27
34478,9648
34478,53
34478,80
31216,18
31216,10749
1735,12
1735,28
1735,14
21194,35
21194,18
25695,18
15450,18
15450,10749
15451,80
15451,18
15451,10749
13855,80
13855,53
13855,28
18032,12
18032,14
18032,10749
14637,18
14637,53
14859,18
14859,10749
16409,18
16409,10749
12165,18
12165,10749
12165,80
8265,35
8265,18
8265,10749
13655,10402
13655,35
13655,18
13655,10749
13655,10751
13655,10770
29989,18
8836,9648
8836,878
8836,53
63597,35
13646,10749
13646,18
13646,35
20764,18
20764,878
20764,53
24450,35
7840,12
7840,28
7840,18
7840,14
39277,10749
39277,35
7346,18
7346,10749
7346,35
96918,99
17893,18
8898,18
8898,9648
8898,53
7860,18
7555,28
7555,53
7555,10752
14574,18
14574,10752
14574,36
17165,28
17165,16
17165,14
17165,18
32695,80
32695,18
32695,53
7735,18
7735,53
19703,18
19703,53
12568,18
12568,10749
10360,18
10360,36
15179,18
15179,35
15671,35
15671,10770
1290563,35
1290563,10402
1290563,18
1290563,878
13190,16
13190,27
13190,878
13190,53
16439,18
16439,10749
7267,53
7267,80
13617,18
17780,35
13996,35
13996,18
83059,18
8204,10751
8204,12
8204,14
8204,18
27374,27
27374,53
62459,35
62459,10751
62459,10770
11917,27
11917,53
11917,80
13279,18
13279,80
13279,53
14756,18
14756,28
14756,36
7278,35
7278,14
8456,18
8456,28
14220,35
12180,16
12180,28
12180,878
12180,12
14298,35
14298,18
15060,16
15060,35
15060,878
15060,10770
14849,18
14849,14
14849,35
14979,28
14979,53
14979,80
16614,35
16614,18
16614,10749
14836,16
14836,10751
14836,14
16996,35
16996,14
16996,18
16996,10749
13475,878
13475,28
13475,12
13448,53
13448,9648
14160,16
14160,35
14160,10751
14160,12
534,28
534,878
534,53
17332,18
17332,10402
13455,878
13455,28
13455,12
13455,53
13811,28
13811,9648
13811,878
13811,53
13183,9648
13183,28
13183,878
18785,35
11322,80
11322,36
11322,18
767,12
767,14
19851,36
19851,18
19851,10770
19458,10751
19458,10770
19458,35
20829,35
20829,18
1450,28
1450,12
1450,27
1450,878
1450,53
24803,10749
24803,18
19913,35
19913,18
19913,10749
14869,12
14869,28
14869,53
14869,878
18487,80
18487,53
18487,28
8355,16
8355,35
8355,10751
8355,12
17654,878
21208,27
21208,53
8373,878
8373,28
8373,12
18480,35
15472,18
15472,53
15472,80
15472,9648
12244,28
12244,12
12244,16
12244,878
12244,53
19833,35
19265,35
19265,10749
16558,10749
16558,35
16558,80
2080,12
2080,28
2080,878
16325,28
16325,53
16538,35
16538,10749
22798,18
19959,878
19959,28
19959,53
19908,35
19908,27
24271,35
24271,80
22794,16
22794,35
22794,10751
41545,18
41545,36
12437,14
12437,28
12437,53
17431,878
17431,18
10313,35
10313,10752
10315,12
10315,16
10315,35
10315,10751
23082,35
23082,14
23082,10749
16869,18
16869,53
16869,10752
10198,16
10198,10749
10198,14
10198,10751
22832,28
22832,12
22832,53
22947,18
22947,10749
19995,28
19995,12
19995,14
19995,878
10528,28
10528,12
10528,80
10528,9648
25793,18
26715,18
26715,28
26715,35
26715,53
26715,80
25983,27
25983,9648
12403,53
12403,9648
12403,12
19994,27
19994,35
17609,18
17609,27
17609,53
16871,27
16871,53
53846,18
53846,53
53846,9648
53846,10749
53103,18
30018,80
30018,18
30018,9648
18826,35
26428,12
26428,18
26428,36
8054,12
8054,14
8054,9648
34653,18
34653,10749
26963,16
26963,10751
26963,14
10197,18
10197,10402
10197,10749
38810,18
20766,12
20766,18
1731,18
7980,14
7980,18
39378,18
39378,10402
39378,12
291081,53
291081,9648
291081,80
291081,18
291081,10770
22074,99
8952,35
8952,80
8952,18
8952,10749
21474,35
22897,35
22897,10749
4475,35
4475,18
4475,10749
18239,12
18239,14
18239,18
18239,10749
10024,18
19255,18
19255,35
19255,10749
31175,18
31175,35
142085,18
18947,18
18947,35
24469,18
24684,18
24684,10749
29963,18
29963,10749
24424,80
24424,18
22803,18
22803,80
22803,53
37707,27
37707,878
16577,16
16577,28
16577,10751
16577,878
19901,28
19901,14
19901,878
20048,35
20048,10749
23720,35
22494,35
22494,18
22494,10749
22494,878
36811,18
36811,10749
26390,80
26390,18
26390,53
37169,27
11323,18
11323,35
11323,80
27989,35
27989,10749
36703,35
36703,18
41248,18
41248,10749
44527,18
25053,18
25053,14
22954,18
22954,36
28211,18
28211,53
28211,9648
46207,18
50722,18
50722,36
73970,18
36549,18
36549,9648
36549,878
36549,53
58251,18
39800,35
39800,18
31011,878
31011,18
31011,10749
16866,16
16866,10751
16866,35
16866,878
16866,12
39334,18
39334,10749
52799,18
52799,10749
34069,53
34069,9648
34069,878
29182,18
29182,80
45806,18
22327,35
22327,10749
23706,35
39358,18
39358,9648
18240,35
18240,10749
18240,18
32909,12
32909,18
32909,28
44096,18
25376,9648
25376,53
25376,18
37080,18
37080,10749
31189,18
31189,10749
46458,53
46458,18
46458,10749
29917,53
29917,9648
68987,35
68987,18
51971,18
28874,16
28874,878
7445,18
7445,53
7445,10752
34423,35
18320,18
18320,36
18320,10749
41009,28
41009,35
41009,80
41009,18
53445,18
53445,10770
17680,18
10521,35
10521,10749
14451,27
14451,35
37181,18
38984,18
38984,10749
41537,35
14161,28
14161,12
14161,878
37714,18
37714,53
29426,27
13788,27
13788,53
13788,9648
20943,35
20943,10749
22536,18
22536,27
22536,53
28355,27
28355,9648
28355,53
21575,80
21575,18
27936,28
27936,35
27936,80
8284,80
8284,18
8284,9648
8284,53
15105,35
15105,10770
32084,18
32084,10752
74666,18
41123,18
32511,18
32511,35
32511,80
28644,18
38542,80
38542,18
38542,53
11156,18
11156,36
34769,18
34769,28
34769,35
34769,80
12573,35
12573,18
18238,27
18238,35
24420,18
24420,10749
24420,14
26171,18
70044,53
70044,18
15577,80
15577,18
22881,18
35619,18
39037,35
39037,10749
33613,28
33613,53
33613,80
33613,9648
45576,99
45576,18
38448,18
38448,10749
44028,35
44028,27
44028,10402
24253,18
24253,28
24253,53
24253,80
24253,9648
39545,14
39545,18
39545,35
39545,878
39545,10749
24056,27
24056,28
24056,53
26280,18
22825,53
22825,878
43550,18
43550,10749
43550,35
44718,18
44718,9648
44718,35
29151,35
29151,18
16523,10751
16523,14
16523,18
16523,12
28520,18
28520,53
28520,10749
19585,16
19585,10751
19585,14
19585,28
19585,12
19585,35
35052,18
35052,9648
35052,53
13804,28
13804,80
13804,18
13804,53
25183,35
25183,18
25183,10749
11699,18
11699,80
19597,35
19597,18
37810,10749
37810,18
37961,53
37961,18
37961,9648
17911,27
17911,878
14435,27
14435,9648
14435,53
18501,28
18501,53
18501,878
42819,18
40623,12
40623,16
40623,35
40623,10751
40623,14
22821,28
22821,53
22821,80
17886,27
17886,878
33997,18
15512,16
15512,10751
15512,12
15512,878
24238,16
24238,35
24238,18
34647,14
34647,18
71394,18
71394,35
28089,18
28089,10749
24869,28
24869,14
8088,18
8088,10749
8088,53
42571,80
42571,18
42571,9648
42571,10749
42571,53
31896,35
25968,18
25968,10749
61730,35
61730,10749
15588,80
15588,28
15588,35
20453,18
20453,35
41066,10751
41066,16
41066,9648
44027,80
44027,18
44027,53
37905,28
37905,27
37905,53
177096,18
177096,53
10184,35
10184,10749
10184,18
25941,53
25941,80
25941,18
25941,28
20458,53
35411,18
137868,18
137868,10749
25205,18
25205,35
39260,28
39260,35
39260,27
39260,878
109455,18
15359,28
15359,12
15359,16
15359,14
15359,878
26379,18
26379,10751
22843,16
22843,878
22843,28
22843,18
27567,18
27567,35
4597,28
4597,80
4597,18
4597,53
4597,9648
321597,18
25693,27
2325,10752
2325,18
77565,18
77565,10749
33091,18
33091,10751
25475,16
25475,10751
25475,12
25475,14
38248,16
38248,878
38248,53
26035,18
26035,10749
24804,35
24804,28
22476,28
22476,35
22476,27
22476,878
60821,10770
60821,35
60821,10751
60821,14
60821,10749
37861,12
37861,18
37861,28
37861,14
19898,28
19898,27
19898,9648
19898,878
19898,53
25073,18
25073,27
25073,53
22824,9648
22824,878
22824,53
13975,53
13975,18
13975,80
13975,9648
24116,27
24116,53
17927,35
36577,27
36577,35
41310,35
41310,18
41310,10749
41310,10770
22051,18
22051,10749
31166,53
31166,9648
22787,28
22787,80
22787,9648
22787,53
65214,27
33282,35
44680,18
44680,53
28891,80
28891,18
28891,53
13207,27
13207,53
19912,27
19912,9648
25769,28
25769,18
25769,27
25769,878
25769,53
10664,53
10664,27
14254,27
64631,9648
64631,18
64631,10749
22302,80
22302,18
22302,53
32857,28
32857,27
32857,53
44125,10749
44125,18
49674,18
49674,10749
42556,35
42556,10749
42556,10770
16995,53
16995,80
16995,9648
26864,18
26864,53
26864,10749
22573,35
22573,27
26773,53
26773,80
26773,18
26773,9648
36142,18
36142,53
33511,18
172480,
38150,18
38150,27
38150,53
23947,18
21988,18
18405,80
18405,53
18405,27
18405,18
8915,12
8915,18
8915,36
60246,35
60246,10402
38645,35
38645,18
38645,10749
35065,35
35065,18
26032,18
26032,35
26032,10749
30388,35
30388,27
41479,35
41479,18
20856,12
20856,35
20856,10751
20856,14
20856,878
616862,18
616862,27
616862,53
42973,35
42973,18
848514,18
848514,35
26466,27
21636,18
21636,37
25754,27
25754,53
25754,10770
26693,14
26693,27
36917,14
36917,27
58450,35
58450,18
25643,18
25643,10749
38415,35
38415,18
38415,10749
71883,16
71883,28
71883,878
32985,12
32985,14
32985,28
26688,27
26688,9648
26320,10402
26320,35
26320,18
36419,18
36419,27
36419,9648
36419,53
34480,12
34480,27
34480,53
185377,35
185377,878
185377,27
185377,28
185377,14
15670,35
15670,80
15670,18
18530,18
18530,9648
18530,53
285931,18
285931,35
29483,18
26367,18
26367,35
130858,18
130858,10749
130858,10770
255508,10770
18162,12
18162,35
18162,878
45261,18
45261,35
45261,10749
37721,35
37721,18
40850,18
40850,10749
40850,53
23488,14
23488,18
23488,53
59462,53
18898,18
18898,35
33273,28
33273,53
33273,18
45650,53
45650,12
45650,14
38087,35
38087,80
38087,9648
38087,53
76981,35
28178,18
28178,10751
44990,35
44990,10749
24528,35
24528,16
24528,28
24528,12
24528,53
17610,35
17610,12
30250,35
30250,18
30250,14
30250,878
24864,35
9503,18
9503,36
9503,10749
18360,12
18360,14
18360,28
18360,35
18360,10751
49568,878
49568,53
32395,18
29427,9648
29427,27
29427,28
12155,10751
12155,14
12155,12
34563,35
22972,10752
22972,28
22972,12
22972,18
22972,53
33217,35
33217,10751
10191,14
10191,12
10191,16
10191,10751
23048,878
23048,35
23048,12
11324,18
11324,53
11324,9648
7978,27
7978,53
31867,28
31867,878
31867,53
31867,80
23483,28
23483,80
36801,18
36801,35
35056,35
35056,28
35056,12
10138,12
10138,28
10138,878
34806,35
34806,10749
20662,28
20662,12
20662,36
37056,35
37056,18
37056,10749
37931,28
37931,35
11439,53
11439,9648
9543,12
9543,14
9543,28
27586,10402
27586,18
27586,36
37786,35
37786,18
37786,10749
20504,28
20504,53
20504,878
32823,12
32823,35
32823,10402
27583,35
27583,18
27583,10749
10192,35
10192,12
10192,14
10192,16
10192,10751
38093,10749
38093,35
40247,35
40247,18
39013,18
39013,9648
38575,28
38575,12
38575,18
38575,10751
47607,10749
47607,35
47607,18
10193,16
10193,10751
10193,35
11761,9648
11761,53
11761,18
73423,18
34544,53
34544,28
34544,12
34544,35
34544,80
22894,27
22894,28
22894,14
38365,35
39452,99
32856,35
32856,10749
783341,878
41110,18
41110,10749
43541,35
43541,18
39356,18
39356,35
10196,28
10196,12
10196,14
41210,35
41210,10749
41210,18
38843,35
38843,10751
23759,12
23759,28
23759,18
130266,35
27578,53
27578,12
27578,28
41505,27
41505,9648
41505,53
27022,14
27022,12
27022,28
23169,18
23169,10749
23168,80
23168,18
23168,53
38842,18
38842,35
38842,80
27581,28
27581,35
27581,80
39413,18
39413,35
38031,35
38031,18
38031,10749
47909,18
35791,28
35791,12
35791,27
35791,878
27576,28
27576,9648
27576,53
37834,28
37834,35
46909,14
46909,35
46909,53
46909,9648
148292,35
148292,10749
39781,35
39781,18
167425,18
24021,12
24021,14
24021,18
24021,10749
20352,16
20352,10751
20352,35
39053,35
39053,18
39053,10749
34851,878
34851,28
34851,53
27205,28
27205,878
27205,12
37735,35
27579,80
27579,18
27579,53
23742,28
23742,35
23742,80
34813,28
34813,12
34813,80
34813,9648
34813,53
46789,18
40911,53
71559,18
38167,18
38167,10749
23631,28
23631,35
23631,53
38778,35
22538,28
22538,35
22538,10749
45202,53
45202,18
38073,35
38073,18
38073,10749
38358,27
38358,53
38358,9648
57413,35
267299,99
51241,18
51241,10749
37799,18
47261,53
47261,18
47261,10749
38303,35
38303,10749
41402,18
41402,27
41402,9648
26388,18
26388,53
26388,9648
54144,18
54144,35
46138,35
46138,18
46138,36
44638,18
44638,14
44638,35
42296,99
33909,18
33909,80
44214,18
44214,53
44214,27
39486,18
56440,18
58857,12
58857,18
58857,28
39514,28
39514,12
39514,35
39514,80
39514,53
44040,27
44040,9648
44040,53
57771,35
38357,18
38357,35
38357,10749
42297,18
42297,10749
53457,18
53457,10752
38055,16
38055,28
38055,35
38055,10751
38055,878
44115,12
44115,18
44115,53
44048,28
44048,53
44009,18
44009,35
18823,12
18823,14
18823,28
12444,12
12444,14
38368,18
38368,14
43539,10749
43539,18
43539,53
43539,80
38757,16
38757,10751
46332,18
46332,36
63498,16
63498,10402
63498,10749
43933,18
43933,53
43933,878
20526,12
20526,28
20526,878
44264,18
44264,12
44264,37
45269,18
45269,36
37950,18
37950,10749
33602,18
33602,36
37710,28
37710,53
37710,10749
42684,878
42684,28
42684,53
10140,12
10140,10751
10140,14
41515,35
41515,10751
41515,16
41515,12
44991,35
44991,18
44991,10749
42188,18
42188,10749
42188,878
36550,12
36550,35
36550,10751
36550,14
43090,18
43090,28
43090,35
43090,37
41180,18
41180,10770
80293,18
80293,10402
39312,10752
39312,99
45317,18
31007,18
55165,35
55165,18
41201,16
41201,18
81656,18
44160,18
45958,18
54186,18
54186,53
54186,9648
46705,18
46705,10749
23172,28
23172,35
23172,10751
43347,18
43347,35
43347,10749
38325,18
38325,53
46665,18
46665,53
33107,9648
33107,53
43923,35
43923,18
46837,35
46837,878
46837,9648
48303,18
48303,10749
39210,18
22971,18
22971,10749
22971,10752
45162,878
45162,28
45162,12
45162,16
35153,53
35153,28
35153,12
48650,18
48650,10749
41283,80
41283,18
41283,28
41283,53
46738,18
46738,10752
46738,9648
49020,18
49020,35
49020,10749
41733,35
41733,18
150664,18
46829,35
46829,18
70925,18
70925,36
57120,37
57120,18
45094,18
27585,18
45649,35
45649,18
45649,14
45649,27
45649,9648
44244,35
44244,10402
44244,10770
51447,35
22907,28
22907,80
22907,18
22907,53
54812,99
54812,53
49018,27
49018,53
45132,35
45132,28
45132,18
45658,35
45658,18
45658,10749
44944,18
40662,878
40662,80
40662,28
40662,16
40662,9648
45324,35
45324,80
45324,18
57400,35
57400,18
52903,99
38961,35
38961,10749
63946,28
63946,18
63946,53
35019,35
35019,14
35019,10751
44629,80
44629,18
81649,99
74495,18
74495,10402
74495,10749
55347,18
55347,10749
55347,35
56815,18
47218,35
47218,18
47218,10749
51739,14
51739,16
51739,10751
32657,12
32657,14
32657,10751
63578,35
63578,18
44147,28
44147,35
70110,28
70110,53
70110,10770
79854,18
79854,35
58496,99
44877,28
44877,53
44877,80
44877,10749
48289,18
48289,53
46146,14
46146,27
46261,14
46261,27
46261,53
55246,35
55246,10749
48492,28
48492,12
48492,18
48492,9648
69794,53
69794,80
92662,99
92662,35
92662,10751
77444,18
77444,878
77444,53
77444,27
59441,35
59441,18
57243,35
48034,35
48034,18
35552,14
35552,12
35552,28
35552,9648
47904,28
47904,18
47904,36
47904,10752
38568,18
38363,18
38363,53
48243,53
48243,10752
57703,18
57703,10749
46838,35
46838,27
41556,18
41556,10749
41436,27
41436,9648
89825,12
89825,16
89825,10751
46564,18
52015,18
52015,27
52015,878
43935,28
43935,35
43935,27
43935,9648
43935,878
43935,53
45657,27
45657,9648
87824,35
87824,10749
56833,99
96311,18
96311,36
138829,99
73211,18
73211,28
57749,9648
57749,27
57749,53
57749,80
60309,80
60309,18
60309,36
52696,35
52696,18
52696,10749
59435,10751
59435,18
59435,10749
59435,35
56405,36
56405,18
47763,27
30061,28
30061,12
30061,16
30061,878
44560,18
56272,35
56272,18
52043,35
52043,18
65760,18
65760,53
65760,80
37472,28
37472,36
37472,18
50838,9648
50838,53
50838,27
85441,18
52767,18
52767,53
55244,99
36696,10751
36696,16
280171,35
280171,27
42194,80
42194,18
42194,28
42194,53
42194,878
49797,53
49797,27
28562,28
28562,12
28562,35
28562,27
37495,35
37495,80
37495,18
142119,99
12201,80
12201,18
12201,9648
12201,53
41273,35
41273,18
39750,878
39750,28
39750,10770
69461,35
69461,18
43200,35
43200,18
48871,14
48871,27
48871,28
48871,53
44363,53
51764,35
51764,10749
45272,18
45272,10749
45272,10402
59457,10749
59457,878
73283,18
73283,878
43754,18
43754,53
43754,9648
59421,53
59421,80
59421,18
59421,27
50099,18
50099,35
50099,10749
40205,14
40205,18
40205,10751
148284,28
148284,878
58446,18
58446,10749
44683,16
44683,12
44683,10751
44683,14
52264,16
52264,35
37414,80
37414,18
37414,53
61005,18
61005,10751
61005,14
47386,27
47386,53
43552,9648
43552,27
43552,53
51991,18
51991,35
51991,10749
59468,12
59468,35
59468,18
63943,35
48833,18
48833,10749
62494,80
62494,35
103970,35
103970,27
175141,35
175141,10402
175141,10749
70448,27
70448,35
56743,18
56743,10749
54770,12
54770,878
44918,28
44918,53
44918,10749
44918,12
72843,35
48395,14
48395,27
132250,27
43549,53
43549,18
63700,35
63700,12
63700,14
63700,10770
52272,16
52272,10751
55567,35
55567,10402
55567,10751
62592,35
62592,10749
62592,10770
52274,27
52274,53
80188,28
80188,80
80188,18
80188,53
109125,28
109125,35
109125,878
109125,12
109125,16
13477,35
13477,14
13477,10749
52587,14
52587,18
52587,27
52587,10749
65056,18
65056,35
61948,27
43930,28
43930,12
43930,18
254582,18
34134,16
34134,10751
34134,14
74890,18
48838,18
48838,80
54892,16
54892,28
54892,12
82640,18
82640,10749
40794,35
40794,18
40794,10749
42293,35
42293,18
44811,27
44811,878
44811,10770
73976,18
41993,35
41993,18
41993,10749
41360,878
41360,53
42941,27
42941,53
35690,18
35690,10751
35690,10749
23437,27
23437,9648
23437,53
193125,18
193125,35
29920,18
29920,53
29920,80
53269,16
109979,18
42888,35
42888,18
42888,10749
55061,18
55061,53
72946,18
72946,10749
27004,80
27004,53
27004,35
27004,9648
43943,35
43943,18
43943,10749
43949,10749
43949,18
60534,80
60534,53
60534,18
62116,18
49009,18
49009,12
49009,36
48392,35
48392,80
432608,10749
432608,18
49787,18
49787,27
49787,53
48393,27
48393,53
43931,27
43931,9648
45752,16
45752,35
45752,10751
45752,9648
37645,18
37645,80
37645,53
573531,16
573531,10752
573531,28
573531,878
25195,10749
25195,35
75170,18
65831,35
65831,18
50037,878
50037,27
50037,9648
474102,
49350,10751
49350,35
49350,18
49350,10770
38408,35
38408,10749
38408,18
66195,35
66195,53
66195,80
41135,12
41135,28
41135,35
41135,53
63415,53
63415,80
63415,9648
64611,18
64611,53
64611,80
72013,16
72013,14
41233,18
41233,10749
47519,28
47519,27
47519,35
56832,27
56832,28
56832,878
340558,18
63458,18
23629,28
23629,14
23629,53
40805,28
40805,80
40805,35
51481,35
39513,12
39513,35
39513,878
48171,18
48171,53
48171,27
46529,28
46529,53
46529,878
46529,12
258214,35
49494,12
49494,18
38050,878
38050,53
38050,10749
44896,16
44896,35
44896,10751
44896,37
44896,12
44943,878
44943,28
55721,35
55721,10749
49730,53
49730,18
49730,14
49730,9648
49730,27
38117,18
38117,14
38117,10749
45772,16
45772,10751
54445,28
54445,80
54445,53
59726,18
59726,27
59726,53
50348,80
50348,18
50348,53
45612,53
45612,878
45612,9648
51876,53
51876,9648
51876,878
50456,28
50456,53
50456,12
38319,35
38319,14
38319,12
38319,28
49012,35
49012,10749
41446,27
41446,9648
50359,16
50359,35
50359,10751
46195,16
46195,12
46195,35
46195,10751
56780,18
56780,53
56780,878
56780,9648
10195,12
10195,14
10195,28
51497,28
51497,53
51497,80
41630,35
41630,10749
50014,18
55725,18
55725,35
44835,18
62215,18
62215,878
1865,12
1865,28
1865,14
55787,18
55787,10749
65034,18
65034,10770
45243,35
8967,18
8967,14
49538,28
49538,878
49538,12
38684,18
38684,10749
37686,53
37686,878
37686,9648
44912,12
44912,28
44912,53
44912,878
58224,35
58224,10751
212927,35
212927,10749
52449,35
38356,28
38356,878
38356,12
59436,14
59436,35
59436,10749
103050,
51540,35
51540,80
12445,14
12445,12
50544,10749
50544,35
1771,28
1771,12
1771,878
50646,35
50646,18
50646,10749
49849,28
49849,878
49849,53
49849,37
78646,18
61791,53
61791,28
61791,18
61791,878
51162,16
51162,10751
51162,35
51162,12
70768,18
62206,28
62206,12
62206,35
63311,18
63311,27
63311,9648
63311,53
37430,12
37430,14
37430,28
124733,27
124733,53
124733,9648
41513,16
41513,10751
41513,12
41513,35
41513,14
60243,18
50357,27
50357,53
50357,878
67913,28
67913,35
67913,53
67913,80
39538,18
39538,53
39538,878
64690,18
64690,53
64690,80
49444,16
49444,10751
49444,35
65599,18
65599,27
62837,18
62837,10751
64639,18
64639,53
48572,27
48572,28
48572,53
69798,35
94478,10402
94478,10749
94478,35
86305,18
86305,27
145099,10402
145099,27
137217,14
137217,9648
137217,18
49021,28
49021,12
49021,53
86555,18
86555,35
86555,10749
60308,18
60421,18
50875,18
50875,53
62321,18
74830,18
74830,35
115745,
108373,99
79108,35
75000,99
75000,36
133372,35
59678,28
59678,35
59678,878
10316,18
49517,18
49517,53
49517,9648
63144,99
39254,28
39254,878
39254,18
27582,28
27582,53
27582,80
68817,18
68817,10402
68817,10749
74643,18
74643,35
74643,10749
70703,99
70703,878
60935,27
60935,878
60935,9648
49013,16
49013,10751
49013,12
49013,35
52451,12
52451,28
52451,53
73937,35
167447,
47760,18
47760,10749
71859,18
71859,53
63849,18
63849,35
84890,35
49530,28
49530,53
49530,878
17578,12
17578,16
17578,9648
40807,35
40807,18
50839,53
50839,18
83860,18
54662,18
54662,14
54662,10749
75453,18
64720,53
64720,18
64720,27
69668,9648
69668,18
69668,53
80048,35
50837,18
50837,53
37958,14
37958,28
37958,18
55465,35
85741,18
85741,36
85741,10752
60420,18
60420,10749
65057,35
65057,18
73568,80
73568,18
73568,53
50546,35
50546,10749
55779,27
55779,9648
72571,27
72571,9648
417859,16
417859,10751
417859,14
417859,12
417859,35
43959,10751
43959,18
75900,18
75900,10749
64328,35
64328,10751
64328,10402
73532,18
73532,35
57089,35
57089,16
57089,10751
38321,28
38321,14
38321,27
38321,53
77338,18
77338,35
71157,18
71157,53
62046,9648
62046,35
62046,80
58574,12
58574,28
58574,80
58574,9648
48988,35
48988,10749
49950,53
49950,18
49950,27
55301,35
55301,14
55301,10751
55301,10402
55301,16
57157,35
57157,18
65754,53
65754,80
65754,9648
60307,10751
60307,35
71469,27
71469,28
71469,53
71469,878
57212,10752
57212,36
57212,12
56831,18
56831,10770
59108,28
59108,35
56292,28
56292,53
56292,12
58151,27
58151,35
72440,12
72440,14
72440,28
72440,10751
44826,12
44826,18
44826,10751
23514,35
23514,18
72113,35
72113,18
75802,35
75802,10749
70435,28
70435,53
74879,18
74879,80
164052,18
164052,27
59968,35
59968,18
87368,18
119335,18
119335,36
119335,10751
52067,35
64685,18
59440,18
59440,28
89191,80
89191,99
73873,18
71688,36
71688,18
71676,28
71676,14
71676,53
83389,16
83389,18
59115,27
59115,9648
59115,878
69278,53
69278,878
69278,35
80038,35
80038,10749
80038,18
73872,18
74465,18
74465,35
74465,10751
74997,18
74997,27
74997,80
72049,18
72049,10749
59860,12
59860,35
59860,10749
82532,18
82532,35
74534,18
74534,35
78480,18
78480,35
22970,27
22970,9648
83552,99
77949,27
77949,53
77949,9648
45156,35
45156,18
45156,10749
9364,18
9364,10749
81857,18
76226,18
90147,80
90147,18
51994,18
51994,10749
78604,18
79070,18
79070,53
85033,18
85033,10749
77221,12
77221,18
81025,18
81025,10749
81025,35
73939,18
82533,35
82533,18
82533,10749
72551,35
92473,18
92473,35
58233,80
58233,28
58233,35
94329,28
94329,53
94329,80
228655,99
65229,18
72842,18
60422,35
60422,18
76543,18
76543,10749
62564,18
62564,35
51999,18
51999,878
51999,10749
82529,18
75736,18
75736,28
75736,53
58882,18
58882,36
70670,53
70670,80
70670,28
102860,18
61667,18
61667,35
80591,18
80591,10749
70821,18
70821,10770
74725,27
74725,53
74725,80
98232,18
98232,80
98232,36
105538,35
105538,10749
105538,878
71880,35
71880,10751
55420,18
55420,878
85836,18
85836,36
44754,18
48231,18
48231,53
38541,27
38541,878
38541,53
64678,18
64678,10749
76025,18
81534,35
81534,18
84355,35
85542,18
85542,10749
86391,35
86391,18
49010,80
49010,28
49010,53
74505,27
74505,53
63310,80
63310,18
58428,27
58428,53
77462,18
77462,35
53487,18
57119,35
91549,27
91549,9648
91930,35
91930,18
77461,18
77461,35
56418,35
56418,18
89708,99
62835,28
62835,53
62835,80
62835,18
86812,878
86812,18
86812,9648
86812,53
86812,27
80767,99
50619,12
50619,14
50619,10749
98631,80
98631,18
74777,27
74777,9648
74777,53
68818,12
68818,28
68818,37
69735,28
69735,16
69735,80
69735,878
144271,10749
144271,80
144271,18
144271,35
86987,28
86987,35
86987,80
68684,27
68684,35
68684,878
80583,878
59883,12
59883,28
59883,14
101173,18
101173,53
77561,878
77561,18
58443,12
58443,18
70577,53
70577,80
94363,35
94363,18
79728,35
79728,18
77458,35
85735,10749
85735,35
111943,18
76451,18
76451,35
92424,10749
92424,35
79697,35
74549,18
74549,10770
87425,18
87425,53
87425,9648
87425,10749
76758,18
76758,36
76758,10752
75654,36
75654,18
75654,12
74726,27
74726,35
73262,27
73262,878
73262,53
73262,9648
117098,18
117098,35
117098,10749
55190,18
55190,10751
73108,18
73108,14
73108,35
73108,10770
116322,10751
116322,16
116322,14
116322,27
98545,35
98545,18
98545,10749
115712,18
115712,35
82624,18
83899,27
83899,53
83899,9648
73499,28
73499,18
73499,80
62838,35
62838,10749
85449,35
85449,18
73588,27
73588,53
73588,9648
40161,18
40161,35
40161,10749
70590,18
70590,28
70590,80
73867,18
79120,18
79120,10749
82321,18
82321,10749
55680,18
55680,53
65650,18
65650,53
65650,9648
97795,27
97795,53
72841,99
63492,35
63492,10749
51052,18
51052,16
51052,10751
51052,35
50321,12
50321,16
50321,10751
64586,18
64586,10749
81390,12
81390,28
81390,53
81390,80
75595,18
102640,18
57431,35
79582,878
79582,27
79582,53
58043,18
58043,35
50217,35
50217,18
50217,10749
91550,53
91550,80
91550,18
91550,28
91550,35
169730,18
169730,53
78093,27
78093,53
74147,16
74147,10751
72213,18
86304,878
86304,53
91186,18
65218,18
65218,35
65218,10402
65218,10770
98870,18
84427,18
59006,35
169068,35
169068,10749
49520,35
91070,35
91070,18
91070,10749
71325,10749
71325,18
50698,53
50698,27
92182,27
92182,9648
92182,18
58232,35
58232,10749
70954,18
70954,53
70954,12
51588,35
51588,10749
81401,18
136476,878
136476,53
70868,10749
70868,35
48138,28
48138,9648
48138,53
71179,18
75948,28
75948,14
74308,18
150065,18
252674,18
252674,10751
91155,35
75233,18
86507,18
77495,53
77495,27
80184,53
80184,9648
51828,18
51828,10749
68202,35
68202,10749
285726,18
53569,80
53569,18
77299,35
77299,18
77560,14
77560,18
75491,35
75491,16
89008,35
89008,10749
89008,18
92591,35
92591,80
92591,18
73456,10751
73456,16
73456,14
120811,16
120811,10751
120811,12
120811,35
120811,10402
171634,35
171634,18
55215,16
55215,27
55215,878
59965,53
59965,28
59965,9648
74387,35
74387,18
44564,35
44564,18
66129,35
74149,80
74149,9648
74149,18
82968,18
63894,18
63894,10749
63894,35
74135,28
74135,9648
74135,878
74135,27
38543,10749
38543,12
38543,28
38543,36
100270,35
100270,27
76420,28
76420,16
76420,80
81393,10749
81393,35
81393,14
81393,10770
108147,35
108147,27
108147,12
103269,878
103269,16
103269,28
76487,27
76487,53
52520,14
52520,28
52520,27
72431,18
72431,28
72431,12
72431,36
72431,10752
75174,18
75174,53
75174,28
75174,12
76726,878
76726,18
76726,53
59962,28
59962,35
59962,10749
78698,12
78698,18
78698,10749
78698,14
79548,53
79548,18
65086,18
65086,27
65086,53
72570,18
72570,10749
49529,28
49529,12
49529,878
98548,18
70160,878
70160,12
70160,14
57165,14
57165,12
57165,28
62764,12
62764,35
62764,10751
62764,14
10679,28
10679,35
10679,878
72197,16
72197,12
72197,10751
72197,35
111075,18
77930,18
77930,35
112735,35
113294,18
44833,53
44833,28
44833,12
44833,878
24428,878
24428,28
24428,12
72207,35
72207,10749
76494,10749
76494,35
76494,18
80321,16
80321,10751
80321,35
80321,12
88042,35
62213,35
62213,14
70436,80
70436,53
70436,9648
87428,35
87428,18
41154,28
41154,35
41154,878
93856,27
93856,53
76493,35
49527,28
49527,53
49527,80
58595,12
58595,14
58595,18
70981,878
70981,12
70981,9648
88284,18
83666,35
83666,18
83666,10749
84332,35
84332,10749
84332,878
80585,35
80585,18
80585,10749
87408,18
64688,28
64688,35
64688,80
62177,16
62177,12
62177,35
62177,10751
62177,28
62177,14
82525,80
82525,18
82525,53
1930,28
1930,12
1930,878
84175,18
84175,14
72105,35
72105,14
127061,18
127061,10751
127061,35
127061,10749
127061,10770
103133,35
103133,10749
64932,28
64932,18
64932,53
64932,27
81836,35
81836,10749
81836,18
49026,28
49026,80
49026,18
49026,53
85446,10402
85446,18
85446,10749
80035,35
80035,28
80035,878
77174,10751
77174,16
77174,12
77174,35
49040,28
49040,53
50647,35
50647,10749
84200,35
84200,18
72331,28
72331,14
72331,27
84188,18
84188,53
84184,35
84184,18
84184,10749
49014,18
76163,28
76163,12
76163,53
71864,14
71864,18
71864,35
71864,10751
82633,80
82633,18
82633,37
73567,80
73567,35
73567,53
103328,18
103328,14
73723,16
73723,10751
77953,35
49526,80
49526,28
49526,53
77883,27
77883,53
77883,18
84329,878
84329,35
84329,18
84329,80
84340,35
83686,18
83686,53
49049,28
49049,878
88005,35
88005,18
88005,10749
88005,12
64635,28
64635,878
64635,53
71679,28
71679,27
71679,878
103332,35
103332,10749
103332,14
103332,18
116463,27
116463,878
68722,18
59967,28
59967,53
59967,878
82505,27
82505,53
64689,80
64689,53
458877,35
458877,18
458877,10749
111440,27
111440,9648
111440,53
114150,35
114150,10402
114150,10749
176069,35
176069,18
126797,35
126797,18
62214,16
62214,35
62214,10751
86838,35
86838,80
82507,27
82507,53
82507,9648
119278,27
76492,16
76492,35
76492,10751
76492,14
83542,18
83542,878
105531,18
105531,27
105531,10749
82696,18
82696,35
82696,10749
86597,27
86597,9648
86597,53
37724,28
37724,12
37724,53
68734,18
68734,53
84341,35
84341,18
84341,10749
61012,53
61012,27
61012,9648
82690,10751
82690,16
82690,35
82690,12
72976,36
72976,18
127501,18
127501,10749
127501,35
121873,18
110146,35
110146,18
121872,18
123587,35
192655,53
88036,10402
88036,18
88036,10749
113947,18
113947,10749
113947,35
60747,28
60747,53
84174,35
84174,10749
128564,35
128564,878
82825,9648
82825,53
138202,18
96724,18
96724,10749
96724,36
118051,10749
118051,18
118051,35
97630,53
97630,18
84323,18
84323,35
147358,
75629,16
75629,878
75629,28
75629,18
49051,12
49051,14
49051,28
75780,80
75780,18
75780,53
75780,28
82695,36
82695,18
112336,18
50620,12
50620,14
50620,18
50620,10749
81188,16
81188,10751
81188,14
109843,80
109843,18
60599,18
60599,53
87827,12
87827,18
89492,35
147405,28
147405,35
147405,80
86837,18
86837,10749
82675,28
82675,80
82675,53
68718,18
68718,37
93858,18
93858,10749
117974,35
117974,80
117974,10749
118628,35
118628,18
118628,10751
148265,14
75258,16
75258,10751
75258,14
75258,12
82693,18
82693,35
82693,10749
91010,10770
91010,18
91010,35
91010,36
127872,53
127872,18
123025,878
123025,28
123025,16
123025,9648
128270,18
90130,18
121826,18
121826,35
121826,10749
84892,18
101731,18
101731,35
116811,27
116811,18
116811,53
44667,16
44667,28
44667,14
72387,28
72387,80
72387,53
122081,18
122081,80
110398,18
110398,36
138038,10751
138038,35
138038,878
138038,10770
87502,18
87504,35
87504,18
87504,36
127533,12
127533,28
127533,14
127533,10752
127533,36
131503,18
131503,10749
131503,36
80278,18
80278,53
80278,36
103740,18
103740,10749
137700,18
82631,18
84348,53
84348,27
84312,18
505020,
133411,35
133411,18
121835,18
121835,10752
121835,53
70074,28
70074,80
70074,53
121879,10402
121879,18
77866,53
77866,28
77866,18
77866,80
70667,12
70667,36
70793,35
123366,18
136403,35
136403,10749
139575,18
138701,35
138701,18
94901,18
60281,18
60281,10749
130694,35
130694,18
97367,18
97367,80
103663,18
137182,18
103686,18
126250,35
126250,10749
126250,18
130739,18
130739,35
103747,18
103747,35
112198,35
84165,35
84165,18
84165,10749
134632,16
134632,10751
94671,18
94671,10749
121986,35
121986,18
139933,53
139933,27
139933,10749
84178,53
84178,27
91679,18
127373,18
97434,35
97434,80
362203,53
362203,18
362203,878
114591,35
114591,18
132236,53
138907,35
138907,18
144752,18
97430,28
91739,35
82618,35
82618,18
109099,53
109099,18
109099,80
109099,9648
173294,35
173294,18
87440,35
87440,18
127856,18
127856,36
136911,80
136911,53
136911,9648
79940,35
114574,35
134673,18
134673,10749
123235,35
123235,10749
102780,18
102780,14
102780,53
118737,28
118737,53
109513,28
109513,35
109513,10749
75761,27
75761,35
87496,18
87496,53
82990,27
89185,35
89185,18
89185,10751
89185,10770
89185,10402
116340,18
116340,37
128216,99
139998,35
139998,18
126277,27
126277,53
114779,35
111083,53
111083,9648
661971,10749
661971,18
104755,27
104755,53
52001,18
52001,27
52001,53
128104,18
82390,53
82390,18
82390,9648
95775,18
110420,16
110420,10751
110420,18
110420,14
97605,878
97605,53
133823,99
120478,27
75674,28
75674,53
75674,10752
159121,80
159121,35
111443,18
111443,53
111443,878
67660,35
67660,10749
98369,18
98369,35
204779,35
204779,878
136080,28
136080,36
643755,12
84194,18
84194,27
115738,80
115738,35
115738,27
123105,27
123105,878
123105,53
94684,16
94684,27
127846,53
127846,18
80280,27
111839,18
111839,10749
115199,35
115199,878
115199,10402
84204,878
84204,35
84204,53
84204,27
84204,9648
114606,35
114606,27
123359,27
123359,53
97683,18
97683,35
138222,35
138222,18
136718,10749
136718,18
136718,10770
97632,28
97632,53
97632,878
97632,10752
126319,16
126319,35
126319,18
126319,10751
126319,12
124501,9648
124501,18
132705,27
85646,18
85646,27
85646,53
148644,27
148644,53
214426,35
214426,18
164372,16
164372,14
164372,10751
77016,80
77016,18
77016,53
77877,18
77877,10749
82687,35
168426,18
168426,35
168426,10749
140441,27
107178,18
116723,10749
116723,53
134461,10751
134461,35
131887,27
131887,53
72358,18
72358,35
115442,878
115442,18
130593,10402
130593,18
84336,53
1054225,
516783,53
180097,35
180097,18
1101085,
188984,18
127867,35
127867,14
127867,53
84192,99
121734,16
121734,35
121734,12
121734,10751
100046,35
100046,18
100046,10749
88478,35
88478,10749
126323,53
126323,27
84333,35
84333,10749
150230,28
150230,80
150230,53
106021,28
106021,53
134671,10751
111969,18
111969,35
145015,18
97989,53
97989,18
97989,80
100493,27
100493,10402
78571,18
169782,18
169782,10770
89237,18
102784,28
102784,80
102784,18
127651,27
102000,18
149427,14
149427,12
149427,10751
104185,878
104185,28
104185,53
84306,10749
84306,35
84306,18
126749,18
126749,9648
133764,10749
133764,878
133764,53
60540,53
60540,80
124555,18
126315,18
127864,18
127864,14
104524,18
104524,27
88273,18
88273,36
88273,10749
171698,
99770,10751
99770,12
99770,35
113388,18
73935,35
73935,10749
73935,27
231716,18
231716,10749
160955,10749
160955,18
128073,18
57214,35
128154,18
128154,10749
128154,53
100529,35
118677,35
118677,18
115290,18
115290,12
115290,10749
115290,10770
103609,35
103609,28
103609,12
127913,18
93837,28
93837,35
121875,35
121875,18
121875,9648
121875,53
442170,80
442170,18
442170,9648
442170,53
442170,10770
82650,35
82650,10751
90369,18
90369,10749
72545,12
72545,28
72545,878
97051,53
97051,27
101682,35
101682,18
57800,16
57800,35
57800,12
57800,10751
174772,878
174772,53
82682,80
82682,18
82682,28
82682,53
132232,27
60304,14
60304,27
60304,28
163431,18
163431,10749
163431,35
82654,27
82654,35
82654,10749
170744,
109431,35
109431,80
166660,28
166660,878
112949,10749
112949,53
109421,53
109421,80
109421,18
109491,14
109491,18
109491,10749
133805,18
133805,27
165013,35
165013,10751
165013,14
68179,16
68179,35
68179,12
68179,10751
68179,878
81005,14
81005,28
81005,12
81005,18
68728,14
68728,12
68728,10751
102362,53
102362,28
102362,80
102362,18
124459,35
144340,35
144340,18
144340,10749
87499,18
87499,53
72559,28
72559,878
72559,12
117263,28
117263,53
72710,28
72710,12
72710,878
109428,27
68727,53
68727,80
68727,18
68727,9648
158011,80
158011,53
109410,18
75612,28
75612,878
75612,12
75612,9648
231308,18
68721,28
68721,12
68721,878
103731,18
167581,18
167581,10749
180371,35
54138,28
54138,12
54138,878
146203,27
146203,53
49519,16
49519,12
49519,10751
49519,14
49519,35
49519,28
64682,18
64682,10749
76617,27
76617,53
87567,35
160118,18
44865,28
44865,18
44865,36
119283,28
119283,80
268868,
109414,28
109414,35
119675,18
119675,10749
116711,16
116711,12
116711,10751
116711,14
109439,35
75656,53
75656,80
180810,35
82700,878
82700,28
82700,12
82992,28
82992,53
82992,80
107811,35
134374,28
134374,80
134374,35
136795,28
136795,35
136795,80
195423,80
195423,18
195423,37
195423,10749
198677,28
198677,14
198677,12
72359,35
657438,99
116741,35
158015,878
158015,27
158015,53
77234,28
77234,53
49521,28
49521,12
49521,878
62211,16
62211,10751
72190,28
72190,27
72190,878
72190,53
201676,16
201676,35
201676,10751
201676,14
201676,10402
132344,10749
132344,18
57201,28
57201,12
57201,37
86825,18
86825,27
86825,53
157820,18
157820,14
96936,18
96936,80
93456,16
93456,35
93456,10751
129112,18
144789,35
176339,18
176339,10770
117251,28
117251,18
117251,53
68726,28
68726,878
68726,12
205321,878
205321,28
205321,27
205321,35
77987,18
77987,53
77987,80
172631,35
172631,18
138843,27
138843,53
77950,16
77950,10751
173847,10749
173847,80
173847,35
49524,14
49524,28
49524,35
165864,27
165864,35
76170,28
76170,878
76170,12
146216,28
146216,35
146216,80
146216,53
107985,35
107985,28
107985,878
77931,14
77931,10751
77931,35
77931,16
109418,35
147773,35
147773,18
170689,18
170689,53
129139,35
129139,10749
93828,28
93828,12
93828,80
160588,18
157354,18
205939,14
205939,12
136400,28
136400,35
136400,80
170752,35
159014,99
159014,10402
68724,878
68724,28
68724,18
68724,53
158743,35
145135,878
145135,53
145135,27
151960,16
151960,10751
151960,12
151960,35
59859,28
59859,12
59859,80
72890,35
157360,35
257327,18
257327,9648
199581,10752
199581,28
199581,18
113148,35
113148,18
133790,35
133790,10770
123553,14
123553,28
123553,9648
270805,35
270805,18
138832,35
138832,80
214264,14
214264,35
214264,12
132363,18
77663,28
77663,53
218688,35
178809,28
178809,878
178809,53
87421,878
87421,28
87421,53
127517,18
127517,53
186971,18
186971,36
138697,10749
138697,35
138697,18
77805,18
146223,9648
146223,18
146223,80
146223,53
169813,18
139651,35
139651,18
218691,18
218691,53
112205,80
112205,35
112205,28
179111,27
179111,53
179111,14
199373,53
199373,80
156708,35
156708,18
172533,10749
172533,18
172533,35
204582,10751
204582,10770
146233,18
146233,53
146233,80
223381,18
223381,36
223381,10752
191294,18
191294,10402
106747,28
106747,80
106747,53
211954,35
211954,18
146238,80
146238,53
146238,18
49047,878
49047,53
49047,18
204384,18
129670,18
129670,12
152532,18
152532,36
175528,10749
175528,35
109424,28
109424,18
109424,53
85889,80
85889,18
85889,35
107846,28
107846,53
197919,27
197919,53
152584,10749
152584,18
122906,18
122906,10749
122906,14
162903,18
162903,53
357110,18
209266,18
109091,53
109091,80
109091,18
110550,18
172542,80
172542,18
80274,878
80274,28
80274,12
76338,28
76338,12
76338,14
214100,10402
214100,35
214100,18
179538,35
179538,27
256314,80
256314,99
256314,36
152747,28
152747,12
152747,18
209263,35
209263,18
209263,10749
110428,18
110428,36
112200,35
112200,18
224815,53
224815,27
224815,878
111190,18
86829,18
86829,10402
159024,12
159024,35
184314,18
156965,18
160139,9648
160139,10749
160139,53
101299,12
101299,28
101299,878
542623,18
204553,80
204553,28
204553,53
191714,18
191714,10749
109445,16
109445,10751
109445,12
109445,14
152601,10749
152601,878
152601,18
202215,35
205220,18
313106,878
313106,12
60932,14
200462,27
91586,27
91586,53
152737,35
152737,18
76285,12
76285,10751
76285,14
76544,28
76544,18
164457,53
164457,18
164457,80
168672,18
168672,80
116745,12
116745,35
116745,18
116745,14
57158,14
57158,12
57158,28
106646,80
106646,18
106646,35
157409,35
157409,12
162215,18
162215,28
162215,53
162215,10752
172469,35
159128,18
159128,27
159128,53
232100,14
140823,35
140823,18
140823,36
47964,28
47964,53
212162,9648
212162,16
212162,14
64686,18
64686,28
64686,14
191312,27
191312,9648
152603,18
152603,10749
206213,35
206213,28
206213,878
206213,53
169881,12
169881,18
169881,36
203833,18
169219,53
169219,9648
190853,18
206408,35
206408,18
206408,10749
190880,35
192136,18
192136,36
76203,18
76203,36
96721,18
96721,28
127560,18
127560,36
258216,18
216156,18
223706,16
223706,12
223706,10751
270922,35
270922,10749
239619,10749
239619,35
209504,28
209504,878
152780,18
152780,9648
156711,35
156711,10749
109451,16
109451,10751
109451,35
225703,35
214047,35
214047,18
214047,10749
172897,35
172897,18
214093,53
214093,18
214093,9648
249397,18
249397,9648
159117,27
159117,53
232175,18
74461,12
74461,14
74461,27
74461,35
176068,53
176068,878
159625,18
137093,35
158914,35
158914,18
87516,18
87516,53
87516,9648
87516,28
159002,99
188489,27
188489,53
160068,35
160068,18
166271,27
166271,9648
166271,53
168429,18
177945,18
104329,28
104329,53
104329,9648
167221,35
167221,18
146304,35
159774,12
159774,35
159774,10751
150117,35
150117,10749
206284,18
206284,10402
145247,12
145247,35
145247,18
233063,35
209415,18
209415,35
126963,16
126963,28
126963,878
110415,28
110415,878
110415,18
152795,18
152795,878
152795,16
109443,35
174671,27
157375,18
157375,35
157375,10749
209274,18
222230,12
222230,10749
157370,18
157370,10749
157370,53
223709,16
223709,18
223709,35
223709,10749
157690,18
157690,35
197082,18
158999,99
204349,27
204349,53
214030,35
199723,53
199723,80
199723,18
188183,35
188183,10749
170657,28
170657,14
170657,12
170657,35
209403,35
214075,35
214075,18
214075,10749
181894,10751
174323,35
174323,18
179826,9648
179826,53
158936,18
158936,99
154282,18
178290,99
178290,10402
238475,35
152599,18
152599,10749
192132,18
210479,18
210479,53
143144,80
143144,18
143144,9648
177047,18
174337,35
174337,18
76640,28
76640,80
76640,53
156700,35
156700,18
149870,18
149870,16
149870,10749
149870,10752
149870,36
309018,10402
309018,18
209185,35
257874,27
157841,12
157841,18
157841,10751
182127,28
182127,18
203819,12
203819,18
212167,16
212167,878
212167,12
212167,18
210908,27
210908,53
210908,35
197033,35
197033,18
197033,10749
204082,28
204082,53
175447,14
175447,28
157834,18
157834,14
157834,878
215031,18
215031,10749
188166,80
188166,53
188761,18
188761,53
188761,36
158990,80
158990,35
165463,35
165463,18
257527,27
309038,35
209244,35
159095,53
111473,18
111473,36
111473,10749
209249,35
209249,10749
209249,18
194722,10749
194722,35
174675,878
174675,53
167305,18
167305,53
212967,18
167683,18
167683,10749
146243,27
188538,10770
188538,10749
188538,18
244801,18
230152,18
248372,16
252529,53
252529,9648
252529,27
252529,18
149509,18
149509,14
149509,53
227200,16
227200,10751
149871,16
149871,18
149871,14
157351,18
157351,53
59981,16
59981,10751
59981,14
157386,35
157386,18
157386,10749
257244,18
286250,18
202141,99
212063,99
271295,
212716,18
212716,35
212716,10749
191820,18
217708,18
217708,10749
217708,35
227094,27
227094,53
227094,18
192210,28
192210,18
192210,53
156236,18
156236,35
217923,28
217923,80
217923,14
217923,12
209350,35
209350,18
208277,18
208277,35
167032,27
167032,53
231565,35
215881,53
204436,16
204436,10749
204436,12
204436,18
204436,14
179144,18
218425,10749
218425,878
218425,9648
256199,35
167502,99
167502,16
159770,35
159770,18
217341,878
217341,10770
177888,10751
177888,10402
177888,10770
177888,35
220289,53
220289,878
145197,18
145197,878
143049,35
169760,12
169760,99
277522,18
186976,18
203793,10752
203793,28
203793,18
181886,53
181886,9648
194101,18
166666,18
214091,18
214091,10749
214091,10770
674512,99
168022,18
168022,10749
363495,10749
363495,18
398486,18
398486,10749
340799,18
254924,35
254924,18
242546,16
242546,28
242546,14
183011,16
183011,878
183011,28
183011,12
225745,878
225745,16
225745,18
175291,35
175291,80
175291,18
175291,53
238628,18
238628,10752
152742,18
152742,10749
152742,80
158884,18
70706,18
177699,35
174316,35
174316,10749
247466,35
157449,10770
157449,18
157449,80
139038,35
139038,27
245508,18
245508,10751
245508,10749
245508,10770
244610,27
244610,53
244610,9648
157115,27
157115,53
157115,18
193756,10752
193756,28
193756,18
153738,28
153738,27
204397,18
204397,36
185008,10749
185008,35
203217,35
111479,18
111479,10402
291375,35
219343,14
219343,10749
219343,53
212153,12
212153,28
212153,16
212153,18
212153,14
212153,878
146239,35
297676,28
297676,16
297676,18
297676,10749
146015,53
146015,18
192538,36
192538,28
192538,12
168903,16
168903,10751
186992,18
186992,53
188207,28
188207,12
137094,28
137094,18
137094,53
205601,18
168530,28
168530,35
137106,16
137106,10751
137106,12
137106,35
137106,14
203739,35
203739,28
203739,14
152760,10752
152760,18
152760,36
152760,28
241842,27
241842,28
241842,35
254426,27
252178,53
252178,28
252178,18
252178,10752
97020,878
97020,28
97020,80
243568,18
243568,9648
243568,53
192102,28
192102,18
192102,53
255718,10751
255718,16
76649,28
76649,12
76649,36
76649,10749
76649,18
227707,14
227707,12
227707,10751
258030,18
258030,10402
225574,28
225574,53
225574,9648
100241,27
100241,53
227348,27
227348,53
137321,18
137321,14
137321,9648
137321,10749
82703,16
82703,12
82703,10751
120467,35
120467,18
225565,35
225565,10749
53182,28
53182,18
53182,10752
236399,18
236399,9648
236399,53
236399,10770
247645,35
247645,18
177494,80
177494,18
177494,35
157350,28
157350,12
157350,878
258357,18
258357,35
249660,18
172385,16
172385,12
172385,35
172385,10751
230779,18
141043,35
141043,18
86834,18
86834,12
251227,35
100402,28
100402,12
100402,878
364438,18
364438,35
198185,18
237791,18
237791,10749
157847,18
97370,53
97370,878
97370,18
157353,53
157353,878
157353,18
157353,9648
253687,35
253687,18
242042,35
242042,18
242042,10749
157547,27
246594,28
246594,878
246594,53
245775,18
193610,35
193610,10749
102382,28
102382,12
102382,878
200505,18
254473,28
254473,80
254473,18
175112,16
175112,10751
222935,10749
222935,18
348636,18
348636,35
187596,35
124905,28
124905,18
124905,878
273059,18
273059,10770
145220,35
145220,12
145220,80
145220,10751
212778,35
195589,35
227975,18
192149,53
127585,28
127585,12
127585,878
85350,18
102651,14
102651,12
102651,28
102651,10751
102651,10749
215211,10749
215211,18
271039,10749
271039,18
188161,35
188161,37
137113,28
137113,878
244772,18
242076,80
242076,18
242076,53
268386,18
157845,80
157845,18
240581,35
283726,18
248774,35
248774,10749
267319,28
267319,53
246741,35
246741,27
91314,878
91314,28
91314,12
276935,10749
276935,28
276935,80
276935,53
226486,35
198277,35
198277,10402
198277,10749
198277,18
82702,14
82702,28
82702,12
82702,16
82702,35
82702,10751
271433,35
157832,18
119450,878
119450,28
119450,18
119450,53
144336,28
144336,18
144336,53
144336,80
294083,27
238636,27
238636,53
256740,28
256740,18
256740,53
209451,10402
209451,18
240832,28
240832,878
184315,28
184315,12
187017,80
187017,35
187017,28
232672,35
232672,10749
269242,35
118340,28
118340,878
118340,12
218836,16
218836,35
218836,12
218836,10751
262958,36
262958,18
216282,28
216282,53
262391,35
98566,878
98566,28
98566,12
98566,35
255824,35
255824,18
228194,18
228194,35
136797,28
136797,80
136797,18
136797,53
170687,16
170687,35
170687,10751
170687,14
227156,18
227156,878
254375,12
254375,18
254375,35
193893,35
138103,28
138103,12
138103,53
232679,18
157849,53
189,80
189,28
189,53
249937,18
171372,35
171372,18
171372,9648
239566,18
239566,10402
249164,18
242090,10749
242090,35
242090,18
289390,35
289390,99
254904,80
254904,28
254904,53
253306,27
253306,35
253306,53
256274,27
256274,53
154400,18
154400,80
252680,35
199933,18
199933,878
199933,9648
287590,28
287590,16
287590,14
245859,35
245859,18
245859,10402
198663,28
198663,9648
198663,878
198663,53
234200,18
234200,35
157851,18
284864,18
284864,35
270302,18
169917,80
169917,18
169917,9648
169917,53
157829,18
156022,53
156022,28
156022,80
263281,35
263281,18
294484,18
210577,9648
210577,53
210577,18
250546,27
286554,10749
286554,35
292177,10751
292177,16
292177,10402
231576,18
231576,35
136835,80
136835,53
241771,10749
241771,18
244786,18
244786,10402
242022,35
294721,99
244264,35
244264,18
244264,10749
250538,18
289239,10751
289239,14
289239,27
284427,53
274415,10751
274415,12
274415,35
205587,18
218778,10751
218778,35
270665,18
228326,16
228326,12
228326,35
228326,10751
228326,14
228150,10752
228150,18
228150,28
244534,35
244534,18
266285,18
266285,37
242582,80
242582,18
242582,53
262543,53
262543,878
245891,28
245891,53
299118,10751
299118,16
252822,53
252822,28
252822,35
252822,80
157336,12
157336,18
157336,878
228967,28
228967,35
177572,12
177572,10751
177572,16
177572,28
177572,35
194662,18
194662,35
114750,18
114750,10749
171274,18
171274,9648
171274,35
300490,10402
300490,18
246860,18
131631,878
131631,12
131631,53
293310,99
254578,18
205596,36
205596,18
205596,53
205596,10752
87492,18
87492,53
229297,35
229297,18
229297,10749
270946,10751
270946,16
270946,12
270946,35
239562,18
239562,35
285733,16
285733,10751
299353,18
299353,35
273895,36
273895,18
110390,18
110390,35
224141,14
224141,35
266856,18
266856,10749
228970,18
239678,18
239678,35
265180,18
265180,80
242512,27
264656,37
264656,18
311620,16
311620,10751
122917,28
122917,12
122917,14
116149,35
116149,12
116149,10751
196867,35
196867,18
196867,10751
265177,18
245700,36
245700,18
239563,35
242224,18
242224,27
227306,18
227306,10752
147441,12
147441,18
147441,28
309309,35
157825,53
157825,18
284296,18
284296,35
249916,35
249916,18
249916,10749
180296,35
262338,53
262338,80
262338,28
252171,27
252171,10749
290542,18
1068322,35
1068322,80
1068322,18
1068322,9648
244267,878
244267,18
261825,18
261825,35
221902,18
269495,18
269495,35
286372,53
286372,27
286372,9648
284293,18
254474,27
254474,28
254474,35
207703,80
207703,35
207703,28
207703,12
227719,878
227719,53
275060,18
275060,10749
241239,80
241239,18
241239,53
190859,10752
190859,28
113833,18
284276,18
328595,878
282983,18
282983,53
266082,18
247182,18
247182,53
87093,18
206487,878
206487,53
244517,18
280874,53
280874,80
280874,9648
280874,10770
324436,35
324436,28
324436,12
324436,14
324436,878
324436,27
324436,10402
110416,10751
110416,16
110416,14
204922,53
204922,9648
200727,10749
200727,18
200727,35
68737,12
68737,14
244268,18
271674,18
271674,10749
271674,10752
249923,35
290158,18
251852,53
267999,18
284537,35
284537,18
201086,35
201086,10749
272731,35
206296,35
206296,18
206296,10402
206296,10749
265195,18
265195,53
265195,35
256057,18
256057,35
257423,80
257423,53
263105,35
263105,18
263105,10749
282296,10749
282296,35
282296,18
236737,35
236737,10749
236737,10751
242828,16
242828,18
242828,10751
242828,9648
271714,18
271714,10402
271714,36
386337,18
255343,53
255343,10749
242643,53
242643,16
242643,28
242643,80
293572,27
293572,53
244563,18
288158,53
288158,27
288158,18
236735,80
236735,9648
236735,53
284286,18
284286,35
244539,18
244539,35
94590,878
94590,12
94590,35
245906,35
245906,10749
289720,28
289720,12
243683,10749
243683,18
243683,10402
246080,12
246080,18
246080,53
278236,18
297270,12
297270,16
297270,10751
284303,27
284303,9648
284303,53
114155,18
241843,35
241843,27
266058,18
257245,18
294741,18
294741,9648
294741,53
286875,35
286875,10751
286875,18
277685,27
277685,9648
277685,53
270886,35
270886,18
230179,28
230179,12
230179,53
270303,27
270303,9648
113091,35
113091,10749
297608,27
297608,9648
297608,53
290999,27
290999,28
290999,35
276488,53
276488,27
222649,18
277597,28
300467,27
300467,53
242083,18
242083,35
261037,18
276908,878
276908,35
276908,10749
267804,18
267804,35
271185,18
286971,53
286971,9648
286971,12
286971,10749
286971,27
286971,14
283698,18
252512,35
252512,18
241855,27
241855,10749
241855,878
225044,18
225044,10402
290815,18
260001,10749
260001,35
266044,18
266044,35
266044,10749
292483,35
227300,28
227300,35
227300,53
284300,36
284300,18
276902,80
276902,18
276902,9648
276902,53
255615,18
255615,14
293941,18
293941,878
293941,53
282153,10751
282153,18
282153,35
258284,53
258284,80
258284,9648
308418,10749
308418,35
259233,27
265193,18
265193,10749
229328,18
308167,10751
308167,16
440557,10751
440557,18
243526,18
243526,35
243526,80
251321,18
283350,35
283350,18
283350,10749
252102,35
252102,12
286521,18
392051,53
392051,27
334440,18
267579,37
267579,18
244063,18
244063,10749
286817,10749
286817,18
251519,16
251519,28
251519,12
302890,35
302890,27
215379,37
215379,28
215379,18
215379,878
270400,18
112454,27
112454,53
254065,10770
254065,18
287499,18
270668,9648
270668,18
270668,27
217993,16
217993,28
650371,
227159,35
253255,35
305127,18
305127,878
197796,14
197796,10749
285581,18
283686,53
283686,27
254936,80
254936,18
254936,35
206192,53
206192,18
206192,80
280795,80
280795,18
278316,10749
278316,18
278316,27
289180,878
289180,53
289180,18
248504,53
248504,878
248504,10770
206563,12
206563,80
206563,18
206563,53
281418,53
281418,80
281418,18
250574,27
296065,27
296065,9648
236751,18
246464,16
246464,10749
246464,878
246464,35
239568,35
157099,18
157099,35
223954,35
317442,28
317442,10749
317442,16
259460,18
100042,35
287084,53
287084,27
227735,10751
227735,18
181533,12
181533,35
181533,14
181533,10751
49017,27
49017,28
49017,14
238603,10751
238603,12
238603,878
222899,35
222899,10749
276843,35
184346,53
184346,80
184346,27
254005,18
255890,99
255890,18
277606,99
287507,18
99367,35
495587,80
495587,18
495587,14
495587,9648
252841,18
252841,10749
252841,80
295315,10749
295315,35
259958,18
260346,53
260346,28
355190,35
355190,18
355190,14
355190,10749
380770,28
380770,16
380770,18
380770,36
297222,35
297222,18
297222,878
293628,35
293628,28
306399,99
306399,10770
228161,14
228161,35
228161,16
228161,878
228161,10751
315335,35
252838,35
264660,18
264660,878
302429,10402
302429,16
302429,10751
302429,14
310568,18
310568,10749
210860,35
210860,12
76757,878
76757,14
76757,28
228165,10751
228165,12
228165,35
228165,14
228165,16
250225,18
250225,9648
250225,10749
216015,18
216015,10749
216015,53
272693,10749
272693,35
317198,35
317198,12
317198,10770
317198,10751
198184,80
198184,28
198184,878
150689,10749
150689,14
150689,10751
150689,18
433821,
262500,28
262500,878
262500,53
331622,18
331622,35
331622,80
331622,10749
243940,27
243940,878
243940,53
168259,28
168259,53
168259,80
331797,18
326333,35
326333,14
326333,10749
333112,35
333112,10751
333112,14
99861,28
99861,12
99861,878
309425,18
245706,80
245706,18
245706,36
245168,18
245168,36
352179,18
352179,53
316410,53
316410,18
254470,35
254470,10402
250734,18
250734,10749
76341,28
76341,12
76341,878
337073,27
256591,10749
256591,35
256591,80
150540,16
150540,10751
150540,12
150540,18
150540,35
329790,53
329790,18
329790,36
312128,18
312128,10749
324586,35
324586,18
238713,28
238713,35
238713,80
158852,12
158852,10751
158852,9648
158852,878
293863,10749
293863,14
293863,18
283227,18
283227,10749
340190,35
303867,16
303867,18
303867,878
251516,28
251516,35
251516,878
251516,14
329712,18
254128,28
254128,18
254128,53
341870,28
341870,878
304357,18
330544,18
330544,10402
330544,10770
280092,27
280092,53
388319,878
388319,16
334878,35
334878,10749
334878,18
308504,28
308504,12
241554,28
241554,80
241554,53
298032,80
298032,53
298032,28
298032,27
188222,35
188222,18
135397,28
135397,12
135397,878
135397,53
296313,35
296313,18
263109,10751
263109,16
263109,35
263109,12
284689,36
284689,18
284689,10752
266396,28
266396,18
266396,80
257091,35
312131,878
312131,18
266038,18
266038,28
266038,80
346838,12
211672,10751
211672,16
211672,12
211672,35
87101,878
87101,28
87101,53
87101,12
297556,878
297556,28
297556,16
297556,12
320007,80
320007,53
320007,10749
214756,35
214756,14
181283,80
181283,53
336804,18
308024,9648
308024,35
271718,35
271718,10749
102899,878
102899,28
102899,12
268238,18
268238,35
223485,37
223485,18
223485,53
320006,35
320006,18
320006,99
307081,28
307081,18
257344,28
257344,35
257344,878
248574,28
248574,35
248574,12
248574,10749
264999,35
264999,18
282984,18
282984,35
282984,80
309304,35
309304,18
277217,10751
277217,12
277217,14
277217,10770
286565,9648
286565,18
286565,10749
177677,28
177677,12
308084,35
308084,18
166424,28
166424,12
166424,878
332996,18
325189,10770
325189,10751
325189,35
325189,14
354208,878
203801,35
203801,28
203801,12
249688,18
275601,35
275601,18
275601,10402
310569,18
314405,10749
314405,14
314405,27
310121,18
310121,35
253161,18
238615,878
238615,9648
238615,53
238615,28
327418,28
327418,16
327418,10751
280996,18
280996,80
280996,10751
280996,9648
317981,35
317981,27
309809,12
309809,16
309809,14
309809,10751
277216,18
277216,10402
277216,36
308369,18
308369,35
304372,18
304372,53
294254,878
294254,28
294254,53
294254,12
159824,16
159824,35
159824,10751
159824,14
261392,28
261392,35
286217,18
286217,12
286217,878
222936,18
222936,35
222936,10749
323656,35
273481,28
273481,80
273481,53
245698,53
245698,18
171424,12
171424,27
308639,80
308639,18
308639,35
349158,16
349158,10402
349158,10751
261023,18
261023,80
261023,36
293970,35
293970,27
201085,27
201085,10749
307663,53
307663,878
307663,28
307663,12
296098,53
296098,18
321697,18
321697,36
257445,12
257445,27
257445,35
285783,36
285783,18
206647,28
206647,12
206647,53
347969,37
347969,35
343426,53
343426,10770
214256,27
214256,9648
214256,53
333555,35
333555,53
333555,9648
365719,80
365719,9648
227973,35
227973,16
227973,10751
167073,10749
167073,18
167073,36
228066,18
228066,878
228066,53
105864,12
105864,16
105864,10751
131634,28
131634,12
131634,878
258480,10749
258480,18
294016,18
298382,18
298382,35
298382,37
281957,37
281957,18
281957,12
201088,80
201088,53
201088,28
358893,35
358893,18
264644,18
264644,53
306745,10749
306745,18
312221,28
312221,18
205775,53
205775,18
205775,12
205775,28
205775,36
361042,27
361042,10770
333348,35
333348,10751
333348,18
296099,35
287903,27
287903,35
287903,14
266294,35
140607,12
140607,28
140607,878
266647,14
266647,12
266647,10751
266647,28
314385,18
314385,10749
360784,53
360784,27
254320,35
254320,18
254320,10749
309245,35
273248,18
273248,9648
273248,37
257088,28
257088,12
257088,80
257088,53
321741,18
371718,18
371718,10770
274479,18
274479,35
225728,18
225728,10752
257211,35
331190,80
331190,18
331190,53
318846,35
318846,18
332340,10749
332340,35
274167,35
306819,18
340275,18
340275,80
340275,35
347096,28
347096,12
347096,14
355389,99
309924,35
276907,80
276907,53
336114,18
338913,35
338913,10751
291270,16
291270,18
291270,10749
291270,35
287948,28
287948,53
287948,80
366564,35
274854,14
274854,28
274854,12
274854,27
308457,878
308457,18
137333,878
137333,53
401530,53
401530,18
290762,35
290762,18
314365,18
314365,36
310593,35
310593,18
330348,18
359770,18
300542,18
300542,53
334924,35
333287,10749
333287,35
360605,14
360605,12
360605,35
360605,10770
332980,18
250124,18
250124,10749
311770,18
427648,18
427648,12
328869,18
337154,35
337154,18
352157,35
352157,18
352157,10402
343140,10402
343140,35
343140,18
315439,18
315439,36
355727,35
355727,18
355727,10749
310131,27
310131,18
310131,9648
378446,18
228205,18
228205,10749
341077,28
341077,80
341077,18
341077,53
311054,16
311054,35
311054,9648
333352,18
333352,53
333352,10752
296130,27
296130,878
347944,27
256040,28
256040,12
256040,14
256040,18
340176,28
340176,14
340176,27
336207,18
313922,27
313922,80
313922,53
339079,18
291264,35
291264,18
291264,9648
253412,12
253412,18
253412,36
320588,35
320588,18
320588,10749
321751,35
321751,18
321751,10752
277713,18
277713,36
336882,28
336882,53
336882,18
193687,18
193687,10749
193687,878
272878,12
272878,18
272878,10751
328589,35
328589,18
309299,18
309299,36
310135,28
310135,12
310135,35
310135,878
364433,18
364433,28
371461,10749
371461,35
371461,18
312669,18
312669,10749
353326,18
353326,36
315846,18
301875,18
301875,10749
301875,878
303991,35
303991,18
298312,27
298312,9648
308453,18
308453,35
266639,10402
266639,10751
266639,18
332270,10752
332270,18
332270,10749
157827,18
334074,28
334074,80
334074,9648
334074,53
311291,18
311291,10749
318781,18
318781,36
273153,18
273153,10749
347761,18
347761,28
347761,53
334538,18
334538,878
342672,35
342672,18
336222,18
278464,18
278464,10749
300155,35
300155,18
300155,10749
340357,53
340357,12
340357,16
340357,35
340357,14
340357,878
316000,18
316000,10402
316000,36
378373,12
378373,18
378373,10751
380304,53
380304,18
361841,80
361841,18
321666,53
321666,18
313867,10749
313867,35
306197,35
306197,18
358644,18
358644,878
330770,9648
330770,18
330770,27
329829,18
329829,36
329829,10749
293646,18
293646,36
352205,18
303857,28
303857,16
303857,878
361249,18
361249,10751
319373,18
345775,12
345775,16
345775,18
345775,10751
298582,36
298582,18
298582,10751
352720,10749
352720,18
352720,10752
339148,10749
294562,27
294562,878
294562,53
362373,27
362373,53
314029,18
323665,35
323665,27
323665,9648
323665,53
349498,35
349498,18
404851,10751
404851,12
404851,14
254172,18
385887,35
289143,16
289143,28
289143,12
289143,14
289143,35
356218,18
356218,14
333660,10749
333660,35
333674,18
333674,53
333674,27
347945,53
347945,9648
347945,878
288036,35
288036,10749
300153,18
283587,18
283587,10752
329461,53
329461,10770
329461,80
419327,878
419327,27
329010,27
329010,53
359870,18
359870,35
321039,27
321039,53
321039,878
308032,53
268920,28
268920,35
334536,27
334536,9648
329815,18
329815,53
333623,16
333623,10402
333623,35
239573,35
273477,35
273477,27
328425,53
328425,9648
328425,18
249070,28
249070,80
249070,53
331446,878
331446,28
331446,35
331446,27
331446,10770
320678,27
237584,53
258509,10751
258509,12
258509,35
258509,10402
258509,16
254302,18
342588,16
342588,27
342588,878
342588,53
332660,35
332660,18
332660,10749
300602,35
300602,16
300602,12
300602,10751
86828,35
86828,878
232572,12
232572,35
232572,18
331588,35
331588,18
331588,10751
362045,36
362045,10749
362045,18
256961,28
256961,35
256961,10751
334362,35
333596,18
306947,53
306947,27
335866,878
335866,9648
335866,18
335866,53
335866,27
356189,18
342179,18
324184,99
310630,18
364002,18
376668,99
376668,36
365222,28
365222,18
365222,36
313074,36
253450,18
253450,28
253450,36
694473,
353311,10770
353311,10402
174751,37
174751,28
174751,18
299687,878
299687,12
299687,28
270487,35
270487,80
270487,9648
58431,10749
58431,27
58431,35
58431,53
327040,18
364051,18
364051,36
293660,28
293660,12
293660,35
269149,16
269149,12
269149,10751
269149,35
321258,27
321258,9648
321258,53
279641,35
279641,18
279641,10752
263341,28
263341,12
263341,18
262504,12
262504,878
262504,28
262504,9648
333371,53
333371,878
333371,18
333371,27
330697,18
146198,28
146198,80
146198,12
146198,53
245703,12
245703,18
245703,878
209112,28
209112,12
209112,14
290595,28
290595,12
290595,18
140300,28
140300,12
140300,16
140300,35
140300,10751
379291,878
379291,28
379291,16
379291,12
379291,35
325348,28
325348,12
325348,878
323676,35
376570,27
376570,53
278927,10751
278927,12
278927,18
278927,14
329440,27
329440,53
329440,9648
271110,12
271110,28
271110,878
342521,28
342521,35
342521,80
234004,28
234004,12
234004,16
234004,10751
353069,35
353069,18
353069,10749
393443,99
296360,18
296360,10749
296360,35
246655,28
246655,12
246655,878
246655,14
345003,18
290250,35
290250,80
290250,28
241259,12
241259,10751
241259,14
325133,35
68735,28
68735,12
68735,14
369557,10749
369557,18
369557,10402
308531,28
308531,12
308531,35
308531,10751
308531,878
259694,35
259694,10749
205584,28
205584,12
205584,14
291805,80
291805,53
291805,28
291805,9648
296096,18
296096,10749
303858,53
303858,18
259693,27
127380,12
127380,16
127380,35
127380,10751
328429,53
328429,18
328429,878
397517,18
397517,35
397517,10749
47933,28
47933,12
47933,878
301365,53
301365,27
332567,27
332567,18
332567,53
316727,28
316727,27
316727,53
328111,12
328111,35
328111,16
328111,10751
267935,12
267935,10751
267935,14
341012,35
341012,10402
347031,35
347031,18
347031,10749
347031,14
347031,12
332721,35
332721,10752
318121,35
318121,18
316023,35
43074,28
43074,14
43074,35
372411,35
339397,35
339397,18
339397,10749
276905,12
276905,16
276905,35
276905,10751
302156,28
302156,80
302156,878
188927,28
188927,12
188927,878
300671,10752
300671,28
300671,36
300671,18
319888,35
319888,18
319888,36
319888,12
310888,10749
310888,18
382322,28
382322,16
382322,80
382322,18
301348,18
301348,35
301348,36
295699,35
353571,18
353571,35
328387,9648
328387,12
328387,80
382399,10402
382399,10749
382399,18
297761,28
297761,12
297761,14
376659,35
345911,27
223702,12
223702,16
223702,35
223702,14
324668,28
324668,53
253343,12
253343,35
253343,18
363676,18
363676,36
308266,35
308266,80
308266,18
366514,35
366514,10749
366514,18
396535,27
396535,53
396535,28
313297,16
313297,12
313297,10751
300669,27
300669,53
334533,12
334533,18
283552,18
283552,10749
384798,28
384798,27
384798,878
384798,53
347033,18
402899,35
402899,18
346685,53
346685,9648
346685,18
346685,80
360606,35
360606,10751
360606,12
360606,10770
396289,10751
396289,18
396289,10770
348089,10770
348089,10402
338766,37
338766,80
338766,18
377264,27
377264,878
377264,53
405314,12
405314,16
405314,10402
405314,14
405314,35
366505,18
366505,35
302401,18
302401,36
302401,80
302401,53
408272,35
408272,18
333484,12
333484,28
333484,37
325789,80
325789,18
325789,53
377492,10749
377492,35
380225,18
380225,35
332872,18
332872,10749
332210,12
332210,16
332210,35
332210,10751
340485,18
315011,28
315011,878
315011,27
302946,80
302946,53
302946,18
402453,18
402453,53
335796,27
377448,10770
377448,35
377448,878
377448,14
377448,27
284052,28
284052,12
284052,14
290098,53
290098,18
290098,10749
283366,14
283366,12
300673,28
300673,18
300673,36
300673,53
377852,18
136799,10751
136799,16
136799,14
136799,12
136799,35
136799,10402
374473,18
340487,18
329865,18
329865,878
329865,9648
323675,28
323675,35
259316,14
259316,12
393729,18
339419,18
339419,10749
343611,28
343611,53
324786,18
324786,36
324786,10752
411736,28
411736,16
411736,12
411736,80
411736,878
95610,18
95610,35
95610,10749
258489,14
258489,28
258489,12
326094,35
326094,18
302699,28
302699,35
302699,80
302699,9648
277834,12
277834,35
277834,10751
277834,16
337674,18
337674,53
340666,18
340666,53
342473,16
342473,12
342473,35
342473,10751
360249,28
360249,12
360249,18
360249,36
333386,37
333386,18
423994,18
374461,18
372058,16
372058,10749
372058,18
316152,28
316152,18
316152,36
316152,10752
330459,28
330459,12
330459,878
381284,18
381284,36
372754,10749
372754,16
339396,35
339396,28
351454,18
121856,28
121856,12
121856,878
313369,35
313369,18
313369,10749
313369,10402
335797,16
335797,35
335797,10751
335797,10402
274870,18
274870,10749
274870,878
291356,37
376866,18
370755,18
370755,35
370755,10749
425720,99
409447,10749
409447,35
409447,18
409447,10770
400547,35
400547,18
342737,18
360814,18
360814,10751
360814,35
360814,28
393457,18
334541,18
371645,12
371645,35
371645,18
296524,18
296524,28
207932,9648
207932,53
207932,28
390734,16
390734,878
390734,28
382591,18
382591,35
411088,18
411088,9648
411088,53
352498,18
352498,10749
294272,12
294272,10751
294272,14
376867,18
381288,27
381288,53
405932,27
68730,18
68730,36
173897,28
173897,27
173897,878
315664,35
315664,18
376530,10751
376530,99
376530,12
366696,99
338189,18
374475,35
374475,18
377273,18
340676,18
340676,9648
340676,53
340837,27
340837,9648
340837,878
333385,35
333385,28
333385,10749
333385,80
359412,28
359412,80
359412,53
334543,18
375012,18
375012,27
375012,10752
311324,28
311324,12
311324,14
339405,18
374465,18
381069,35
381069,18
412203,18
346672,14
346672,28
346672,53
371449,35
371449,18
374440,18
376660,35
376660,18
408159,35
385737,53
385737,18
385737,27
385737,9648
262841,28
262841,35
262841,878
314095,12
314095,18
314095,36
374052,27
374052,35
374052,10749
376290,18
376290,80
402298,18
402298,36
317557,18
370663,18
370663,10749
259695,80
259695,18
259695,53
334521,28
334521,80
334521,9648
393519,18
393519,27
341006,27
341006,53
339967,18
339967,14
339967,878
375366,28
375366,27
375366,878
333663,28
333663,35
333663,9648
429838,53
429838,9648
294795,9648
294795,53
391913,18
331313,28
331313,35
407559,27
407559,9648
350916,53
350916,27
350916,10402
350916,35
421126,10751
421126,35
421126,16
421126,14
421126,12
413736,16
413736,10751
378018,9648
378018,27
378018,878
301334,18
301334,53
340402,35
340402,18
392791,18
387801,878
387801,18
387801,53
387801,27
257345,27
257345,53
375355,27
375355,53
362057,27
362057,9648
347026,18
347026,36
340101,10749
340101,10752
340101,18
337703,16
337703,18
337703,14
337703,10751
393559,16
393559,35
393559,18
393559,10751
393559,10749
368942,18
408618,18
424145,18
424145,10749
424145,35
353979,27
353979,53
395982,27
395982,35
395982,18
395982,53
395982,14
434616,18
434616,35
334517,10752
334517,18
334517,53
369697,35
369697,53
369697,18
423191,18
384682,35
397243,27
397243,9648
409297,27
409297,14
409297,9648
408439,80
408439,18
408439,27
290825,35
290825,14
290825,27
408436,18
404584,27
366644,16
366644,10751
366644,14
383807,18
415358,18
415358,53
374464,18
374464,14
374464,9648
394260,18
406994,35
406994,27
406994,53
392572,53
392572,18
392572,80
369406,878
408937,
205588,53
397632,35
359784,18
359784,10749
392818,27
392818,18
378485,18
378485,27
378485,14
492621,27
384664,18
384664,35
302688,10749
302688,35
330483,18
330483,10749
399268,10751
399268,16
339408,18
378200,10749
378200,35
267193,28
267193,35
378064,16
378064,18
153518,16
153518,12
153518,35
153518,10751
278154,12
278154,16
278154,10751
278154,35
278154,878
351211,53
351211,27
345920,18
345920,10749
369885,28
369885,18
369885,10752
369885,10749
369885,53
369883,10751
369883,35
377587,35
258230,18
258230,14
258230,12
258230,10751
258230,16
258230,27
326423,35
326423,18
291870,35
213681,28
213681,35
213681,80
399223,18
393562,53
393562,80
407365,35
407365,27
428010,35
428010,10749
428010,10402
377154,18
385755,35
385755,80
385755,9648
385755,10749
385755,53
368031,27
368031,53
389868,16
389868,27
389868,878
389868,28
389868,53
422363,18
366568,35
366568,80
385320,878
385320,28
385320,27
346651,28
346651,878
346651,27
271969,28
271969,36
271969,12
271969,18
322240,14
322240,35
322240,10751
390592,35
390592,18
384318,18
384318,10749
394697,53
356298,35
356298,18
399280,35
399280,18
412209,35
412209,18
412209,10749
334535,18
412202,18
412202,35
412660,18
371447,18
371447,10749
271706,16
271706,12
271706,14
366170,12
366170,16
396263,878
396263,28
396263,16
413494,35
390989,35
390989,878
417820,18
417820,10402
417820,10749
417820,10752
399612,878
473369,99
409502,18
525102,18
430266,35
297762,28
297762,12
297762,14
292280,27
292280,53
429238,10751
429238,80
428630,35
47971,28
47971,12
47971,80
401544,28
401544,35
401544,878
324849,16
324849,28
324849,35
324849,10751
365942,10749
365942,12
365942,878
365942,18
324552,28
324552,53
324552,80
341174,18
341174,10749
263115,28
263115,18
263115,878
326241,18
326241,35
353569,35
353569,18
397837,18
397837,14
293167,28
293167,12
293167,14
419430,9648
419430,53
419430,27
321612,10751
321612,14
321612,10749
428687,18
428687,35
428687,80
305470,28
305470,12
305470,878
395992,27
395992,878
395992,9648
395992,53
315837,878
315837,18
315837,28
295693,16
295693,35
295693,10751
429765,18
291276,28
291276,53
425591,53
425591,18
425591,80
425591,35
337339,28
337339,80
337339,53
376134,18
376134,10749
376134,878
376134,53
376134,9648
418437,18
418437,53
283995,878
283995,12
283995,28
339988,18
339988,53
339988,878
126889,878
126889,27
126889,53
274857,28
274857,18
274857,14
166426,12
166426,28
166426,14
400928,18
400928,35
417678,18
417678,10749
373569,28
373569,35
180863,18
180863,35
282035,14
282035,53
282035,28
282035,12
282035,27
413998,18
413998,10749
424488,18
424488,10752
268531,28
268531,16
268531,35
268531,10751
397422,18
397422,35
396422,27
429107,35
429107,18
345938,18
345938,14
260514,10751
260514,16
260514,12
260514,35
324852,28
324852,16
324852,35
324852,10751
324852,12
339403,28
339403,80
416477,35
416477,18
416477,10749
315635,28
315635,12
315635,878
315635,18
341013,28
341013,12
341013,53
396810,35
396810,18
411873,35
418078,18
418078,27
418078,9648
447113,10751
447113,16
281338,18
281338,878
281338,10752
387426,12
387426,18
387426,878
395834,80
395834,9648
395834,53
395834,37
399019,18
440597,27
440597,53
440597,14
374720,10752
374720,28
374720,18
339964,12
339964,878
339964,28
407448,80
407448,18
407448,53
407448,36
432789,10749
432789,35
417870,35
353491,14
353491,28
353491,878
378236,16
378236,10751
378236,35
401104,18
390043,28
390043,35
390043,80
390043,53
337170,35
337170,80
337170,18
399170,35
399170,80
257785,18
257785,10749
433251,35
351460,80
351460,14
351460,27
406990,878
406990,53
406990,18
406990,9648
406990,28
346364,27
346364,53
381283,18
381283,27
381283,53
389015,18
389015,35
411741,35
411741,18
439562,14
439562,27
203835,27
203835,53
405775,10752
405775,53
405775,18
274855,28
274855,878
274855,53
401246,18
379149,28
379149,53
474513,27
343668,28
343668,12
343668,35
415842,28
415842,12
415842,53
440021,35
440021,27
440021,9648
369192,18
369192,35
369192,36
426230,35
426230,18
426230,10402
436343,18
436343,10749
436343,14
467938,28
467938,53
467938,27
436340,10402
436340,18
391713,18
391713,35
335984,878
335984,18
343674,27
343674,53
335360,10751
335360,16
335360,12
335360,14
429200,80
429200,53
420622,18
420622,10749
431017,35
431017,18
431017,10749
423899,18
423899,36
427900,35
427900,18
427900,10749
471014,28
471014,80
471014,53
340442,28
340442,12
340442,18
395991,18
395991,28
402897,35
402897,18
402897,36
284053,28
284053,12
284053,878
403119,27
298250,27
298250,9648
298250,53
521460,35
521460,18
436931,10751
436931,16
436931,12
436931,14
396398,35
396398,18
394117,18
392982,18
406997,18
406997,10751
432826,10749
432826,35
432826,18
141052,28
141052,12
141052,878
347984,28
347984,18
347984,36
347984,53
390054,10752
390054,28
390054,18
339259,10752
339259,28
339259,36
339259,53
392044,9648
392044,18
392044,80
464882,28
464882,16
464882,35
354912,10751
354912,16
354912,10402
354912,12
335988,28
335988,12
335988,878
335777,16
335777,10751
335777,12
335777,35
457840,35
457840,80
457840,9648
457840,10770
95608,18
445030,12
445030,16
445030,18
445030,14
445030,10749
483104,10749
483104,10770
485504,35
485504,80
485504,18
181808,12
181808,28
181808,878
396371,18
396371,80
419479,35
419479,27
371638,35
371638,18
399055,18
399055,14
399055,10749
359940,80
359940,18
429189,18
429189,10749
414425,18
293768,18
293768,53
353486,12
353486,35
353486,14
400106,14
400106,28
400106,53
398818,10749
398818,18
346681,35
346681,18
446791,80
446791,36
446791,53
301337,18
301337,878
430354,53
430354,28
396493,27
316029,18
401546,18
401546,53
401546,9648
441701,27
353616,35
353616,10402
442896,35
442896,10402
406181,35
406181,14
417320,10751
417320,14
417320,10770
417320,12
428449,18
428449,14
413992,18
413992,53
430447,12
430447,16
430447,10751
430447,14
400617,18
400617,10749
399404,18
399404,36
452013,18
346648,12
346648,35
346648,10751
363126,9648
363126,18
363126,27
452557,10752
452557,28
452557,53
426338,35
426338,10749
400728,10752
400728,18
384680,18
384680,37
384680,36
419680,35
413362,18
413362,80
413362,53
426238,18
426238,10749
429733,28
429733,35
429733,27
364689,16
364689,10751
364689,12
364689,35
339877,16
339877,18
339877,9648
339877,36
401561,35
401561,27
452507,27
452507,80
452507,18
353070,80
353070,35
399057,18
399057,53
399057,9648
470524,18
470524,35
397567,28
397567,12
397567,18
397567,14
397567,53
432787,35
431530,35
397722,18
397722,53
446354,18
446354,36
401898,18
401898,9648
401898,53
453354,18
407449,18
398181,80
398181,18
398181,53
419831,14
419831,18
445040,36
445040,18
445040,80
433808,27
433808,53
433808,9648
336000,18
339846,35
339846,28
339846,80
345922,35
425134,35
453350,18
421471,35
421471,18
412105,53
412105,10749
412105,18
381289,12
381289,35
381289,14
381289,10751
381289,18
402529,36
402529,18
402529,10402
438970,878
438970,28
438970,35
438970,10770
438970,27
430231,878
430231,27
430231,53
435129,16
435129,10752
435129,18
435129,10751
417830,35
417830,10751
461767,878
461767,35
461767,27
475007,18
463633,18
463633,10402
458737,18
428493,10749
428493,18
445254,10749
445254,35
445254,18
290512,18
290512,12
290512,10749
452531,35
397538,18
397538,36
461615,878
461615,16
461615,28
461615,80
461615,35
473309,18
419743,18
419743,10749
412302,9648
412302,80
412302,18
412302,53
428733,18
433414,10749
433414,35
433414,18
459962,10749
459962,35
390061,18
390061,36
390061,53
416186,18
416186,10749
416186,35
429417,27
429417,18
14564,27
340613,18
441889,18
441889,10402
478795,16
478795,10751
433422,28
433422,12
433422,35
433422,14
433422,16
423949,14
423949,18
423949,35
451657,18
451657,53
451988,18
422715,9648
422715,27
422715,53
472094,53
424510,35
332283,10749
332283,18
336890,35
354287,35
354287,18
354287,10752
428399,27
428399,14
428399,18
426265,18
454889,10749
454889,18
461775,9648
461775,53
461775,27
461775,878
349067,14
349067,27
349067,18
349067,53
411999,878
411999,80
411999,9648
432087,18
432087,35
417489,28
417489,80
417489,35
407440,18
439154,18
403068,18
403068,35
461928,27
461928,35
461928,14
450492,18
450492,35
452000,18
434468,18
434468,35
407890,18
407890,12
469721,27
469721,18
469721,878
435107,10770
435107,10749
479709,53
479709,27
333357,27
333357,9648
459928,53
449575,878
528491,35
528491,9648
528491,80
284110,35
284110,27
411976,18
419459,35
419459,18
406668,35
434757,16
434757,10751
434757,878
413857,27
413857,35
402900,80
402900,35
402900,28
460019,53
460019,27
443463,18
268896,28
268896,14
268896,878
268896,12
401981,53
401981,9648
493922,27
493922,9648
493922,53
336843,878
336843,28
336843,12
336843,53
284054,28
284054,12
284054,878
505175,35
505175,10749
387592,10751
387592,35
387592,16
387592,12
300668,878
300668,27
445571,9648
445571,35
445571,80
384521,27
384521,878
384521,53
449176,35
449176,18
449176,10749
470333,10402
470333,18
470333,35
470333,10751
483980,14
483980,35
483980,10749
483980,10770
399174,12
399174,35
399174,16
433310,35
433310,10749
433310,14
338970,28
338970,12
338970,14
333339,12
333339,28
333339,878
505832,16
505832,10751
505832,14
499152,18
476926,878
476926,53
399796,35
447332,27
447332,18
447332,878
485162,18
299536,12
299536,28
299536,878
451480,10749
451480,18
451480,36
424781,14
424781,878
424781,35
454983,10749
454983,35
501154,18
383498,28
383498,35
383498,12
474331,35
363088,28
363088,12
363088,878
400579,35
400579,18
489931,18
489931,80
489931,99
348350,878
348350,12
348350,28
297725,12
297725,35
455980,35
455980,28
260513,28
260513,12
260513,16
260513,10751
459008,28
459008,80
459008,18
511785,35
511785,18
384677,10749
384677,35
351286,28
351286,12
351286,878
351286,53
458423,35
458423,10749
353081,28
353081,12
442249,27
442249,28
442249,53
474395,16
474395,28
474395,35
474395,878
348657,18
348657,53
348657,35
489930,35
489930,80
489930,18
489925,35
489925,18
454992,35
454992,28
454992,12
420814,12
420814,35
420814,10751
420814,14
460668,35
460668,10749
487558,80
487558,35
487558,18
345940,28
345940,878
345940,27
455207,35
455207,10749
445651,28
445651,12
445651,18
427641,28
427641,12
427641,878
504603,35
504603,80
295011,27
295011,53
295011,28
295011,18
466282,35
466282,10749
399360,12
399360,18
519091,10749
519091,18
500634,18
491584,9648
491584,18
491584,53
518671,18
518671,53
518671,10749
418472,18
439015,27
439015,9648
439015,53
346910,878
346910,28
346910,12
484247,80
484247,53
484247,35
505262,16
505262,28
505262,12
505262,14
519035,35
519035,10749
463272,28
463272,12
463272,35
463821,14
463821,10751
463821,35
446894,10751
446894,16
446894,12
446894,14
446894,35
332562,10402
332562,18
332562,10749
335983,878
335983,28
494974,53
494974,36
437557,35
462919,35
462919,18
462919,10749
499556,18
424121,27
424121,9648
424121,53
424121,18
369972,36
369972,18
424139,27
424139,53
446807,28
446807,80
446807,53
407451,12
407451,878
407451,10751
407451,14
460885,14
460885,28
460885,27
424694,10402
424694,18
361292,27
361292,9648
361292,18
489999,18
489999,9648
489999,53
519106,35
519106,18
519106,10749
519106,80
502682,10749
502682,35
502682,18
517298,35
324857,16
324857,28
324857,12
324857,878
338952,14
338952,12
401847,18
401847,80
401847,35
338768,35
338768,18
375262,18
375262,35
375262,53
375262,36
401469,80
401469,53
404368,10751
404368,16
404368,35
404368,12
395841,53
395841,9648
395841,80
297802,28
297802,12
297802,14
537996,37
537996,35
537996,18
470044,80
470044,18
437586,18
437586,35
477510,10749
477510,35
490132,18
490132,36
472734,35
472734,18
598569,18
480530,18
480530,28
362826,27
362826,14
362826,53
362826,18
454652,18
454652,36
426426,18
428078,12
428078,878
457136,18
457136,36
405774,27
405774,53
405774,18
400650,14
400650,10751
400650,35
429197,35
429197,18
429203,35
429203,80
429203,18
491474,18
491474,35
515042,99
515042,12
454619,10749
454619,35
424783,28
424783,12
424783,878
339380,18
339380,36
465914,10749
465914,18
440298,10749
440298,10402
440298,18
492452,18
517987,18
517987,10749
466673,18
426613,18
399131,35
505192,18
505192,80
505192,53
489982,18
440161,37
440161,18
440161,35
394741,35
394741,18
504172,80
504172,18
502122,18
521935,27
521935,9648
468219,35
468219,28
468219,18
426543,14
426543,12
426543,10751
475132,18
475132,10752
425373,18
446101,53
446101,27
446101,35
471506,9648
471506,53
471506,27
515047,35
515047,80
515047,18
491418,35
491418,18
429202,18
429202,10402
438373,10402
438373,18
438373,9648
375588,12
375588,28
375588,53
375588,14
502167,53
502167,9648
502791,28
502791,18
502791,53
489929,10749
489929,35
489929,18
291984,18
471507,53
471507,80
471507,18
471507,28
528112,16
528112,12
528112,18
528112,14
528112,10751
537170,16
537170,10751
537170,10402
476764,18
476764,36
482981,10402
482981,35
482981,18
543580,99
543580,36
543580,10752
485817,35
422619,18
422619,878
534780,80
534780,9648
534780,53
534780,35
449443,28
449443,80
449443,53
490082,99
491629,53
491629,28
491629,18
491629,36
539042,18
516232,18
536881,18
536881,10749
532838,35
532838,27
614170,35
614170,18
535437,35
535437,18
535437,10749
499533,18
438145,18
438145,37
456086,18
456086,35
433694,16
433694,12
433694,10751
433694,36
433694,10752
472451,18
508003,99
446021,53
446021,9648
446021,80
503616,10749
503616,35
337167,18
337167,10749
426249,18
426249,10402
426249,53
426249,27
351044,18
351044,35
454293,35
476344,18
475220,27
475220,14
475220,35
475220,9648
501633,35
501633,18
496524,28
496524,35
496524,80
496524,18
412988,28
412988,35
412988,80
554689,18
511577,18
511577,35
543760,18
331986,18
540255,
515917,18
515917,10402
464502,18
464502,53
459910,18
459910,28
459910,53
411144,9648
411144,53
411144,27
507697,18
493443,10402
493443,18
411143,878
411143,53
411143,27
469197,18
524044,18
471706,35
471706,18
377281,35
497747,18
504345,35
428836,18
428836,10749
428836,36
360920,16
360920,10751
360920,35
360920,14
515841,35
515841,14
537190,28
537190,27
537190,18
537190,14
507076,27
507076,18
695043,10402
695043,9648
695043,53
493058,35
518495,35
518495,878
518495,14
517814,18
494471,35
494471,16
494471,12
494471,18
472269,18
472269,27
472269,53
398173,18
398173,27
398173,80
398173,53
556803,10749
556803,35
548066,878
548066,53
523849,878
523849,28
523849,27
523849,35
523849,10770
489418,18
475888,10749
475888,18
502426,35
340601,27
340601,53
564147,53
564147,28
564147,12
564147,80
495748,18
495748,36
500664,28
500664,53
500664,878
492336,28
492336,27
492336,878
450001,28
450001,80
450001,18
396806,878
502143,35
958171,99
510026,99
528187,35
528187,80
508687,18
508687,53
543915,53
543915,9648
543915,27
503752,27
503752,53
458005,878
458005,10749
458005,53
529216,53
529216,18
529216,9648
529216,14
489939,35
489939,27
489939,28
489939,80
371608,27
371608,53
531306,878
531306,12
531306,28
531306,35
166428,16
166428,10751
166428,12
565357,18
565357,10402
454294,28
454294,12
454294,14
454294,10751
483906,28
483906,80
483906,18
460321,28
460321,12
460321,53
452832,53
452832,9648
452832,18
539036,18
539036,80
458723,27
458723,53
438650,28
438650,80
438650,53
438650,35
535167,878
535167,28
535167,18
399579,28
399579,878
399579,12
280217,28
280217,12
280217,16
280217,35
280217,10751
567969,18
567969,80
484468,53
484468,28
484468,12
449563,35
449563,14
449563,10749
299537,28
299537,12
299537,878
445629,35
512196,35
512196,27
512196,878
399361,28
399361,53
399361,80
399361,12
287947,28
287947,35
287947,14
491625,18
491625,10402
592316,28
592316,12
592316,35
592316,16
515248,35
515248,10749
592485,35
592485,28
592485,12
592485,27
299534,12
299534,878
299534,28
480414,27
543343,35
543343,53
543343,10402
527261,27
527261,18
527261,53
527261,14
500852,28
447404,28
447404,12
447404,14
449562,35
449562,80
576071,18
513083,35
505600,35
420817,12
420817,14
420817,10749
420817,10751
519473,80
519473,10751
519473,9648
458156,28
458156,53
458156,80
502416,27
502416,53
513576,10749
513576,35
320288,878
320288,28
320288,12
543540,10749
543540,35
523172,35
523172,18
531309,27
531309,878
531309,53
531309,9648
373571,878
373571,28
505948,878
505948,53
496243,35
496243,53
496243,18
301528,10751
301528,12
301528,16
301528,35
301528,14
521029,27
572735,53
572735,36
597089,80
597089,18
597089,53
553956,18
429617,28
429617,12
429617,878
530385,27
530385,18
530385,9648
484641,28
484641,12
484641,53
420818,12
420818,18
420818,10751
420818,16
511987,27
511987,53
466272,35
466272,18
466272,53
575942,35
565310,35
565310,18
384018,28
384018,12
384018,35
513340,35
513340,18
527641,10749
527641,18
520720,10751
520720,28
520720,12
520720,35
520720,10770
522924,18
522924,10749
506574,10751
506574,10770
506574,12
506574,14
157433,27
157433,53
468224,10752
468224,18
468224,10749
582607,878
582607,18
582607,12
582607,80
582607,28
459670,10751
459670,12
459670,35
405177,35
405177,18
290859,878
290859,28
290859,12
529862,35
529862,18
499701,12
499701,35
499701,10751
499701,14
565537,99
537061,10770
537061,16
537061,12
537061,35
537061,14
537061,10402
621103,27
625450,35
625450,18
625450,10749
419704,878
419704,18
446159,9648
446159,37
446159,53
567609,27
567609,35
340104,18
340104,53
340104,10749
475557,80
475557,53
475557,18
979547,
535544,18
535544,10749
535544,36
417384,27
417384,53
453405,878
453405,28
453405,12
453405,53
359724,18
359724,28
359724,36
540901,18
540901,35
540901,80
420809,10751
420809,14
420809,12
420809,28
517909,80
517909,18
517909,35
504949,18
504949,36
504949,10752
531428,18
531428,10749
531428,36
522627,28
522627,80
522627,35
487297,35
487297,10749
537915,10749
537915,18
431580,10751
431580,16
431580,12
431580,35
506528,18
506528,36
492188,18
503919,18
503919,14
503919,53
474350,27
474350,18
474350,53
549053,35
549053,10749
492616,18
492616,53
508965,16
508965,10751
508965,12
508965,35
508965,14
611207,35
611207,10749
515001,35
515001,10752
515001,18
522162,28
522162,10752
522162,36
458897,28
458897,12
458897,35
546554,35
546554,80
546554,9648
504562,18
504562,53
501907,18
501907,36
586456,18
536743,80
536743,18
536743,10749
501170,27
501170,53
501170,14
398978,80
398978,18
398978,36
330457,10751
330457,16
330457,12
330457,35
330457,14
586863,80
586863,18
586863,53
338967,35
338967,27
581561,18
581561,53
539364,27
539364,35
181812,12
181812,28
181812,878
515195,35
515195,14
515195,10402
515195,10749
520679,18
520679,10402
536869,14
536869,35
536869,18
522938,28
522938,53
522938,18
522518,10751
522518,12
522518,18
417466,18
417466,12
331482,18
331482,10749
331482,36
514921,12
514921,18
514921,10749
473033,18
473033,53
473033,80
522369,18
472674,18
551332,18
551332,36
530915,10752
530915,36
530915,53
530915,18
522212,18
522212,80
522212,36
504585,18
504585,878
640696,878
640696,10749
576017,99
576017,10752
525946,35
525946,18
525946,10751
639771,878
639771,9648
540111,18
540111,10752
540111,36
532938,35
575479,35
575479,18
523139,27
523139,18
523139,53
559969,80
559969,18
559969,53
568160,16
568160,18
568160,14
568160,10749
512200,12
512200,35
512200,14
637595,35
525183,35
525183,18
510298,53
510298,18
604031,35
604031,10749
537739,10749
537739,35
586940,16
586940,18
586940,14
619264,18
619264,878
619264,53
302349,28
302349,35
302349,14
302349,878
579245,35
579245,18
548473,27
548473,878
548473,9648
531509,35
509585,18
509585,53
509585,28
612152,18
612152,53
612152,27
724606,18
431693,16
431693,28
431693,12
431693,35
431693,10751
523278,18
458253,10751
458253,16
458253,35
458253,12
514999,28
514999,35
514999,9648
533985,27
533985,35
529589,10402
529589,16
529589,35
596355,99
596355,36
535581,35
535581,27
524348,18
567973,28
567973,18
567973,53
504608,10402
504608,18
396461,80
396461,18
396461,9648
565743,18
565743,9648
565743,878
565743,53
459992,35
459992,10749
457335,28
457335,35
442065,18
442065,28
442065,10752
530723,18
530723,80
530723,36
458305,878
458305,53
458305,9648
458305,27
565326,35
568789,18
441384,35
642393,18
575793,18
576005,35
576005,18
505941,18
588415,35
588415,10749
499573,35
449924,28
449924,36
449924,18
522098,18
522098,35
522098,10749
590164,27
590164,9648
590164,53
481084,10751
481084,16
481084,35
481084,14
625046,18
616584,10402
616584,14
586592,35
586592,53
586592,9648
586592,27
620249,16
620249,14
620249,28
527660,18
527660,35
487680,28
487680,80
487680,18
400157,35
400157,16
400157,12
400157,10751
400157,14
612587,27
654083,18
292011,18
592350,16
592350,28
592350,14
592350,12
591121,28
591121,80
480105,27
502033,18
502033,10402
627463,18
463257,12
463257,35
463257,18
520900,35
576953,10749
576953,18
589978,18
589978,10751
589978,35
655031,28
655031,12
655031,14
655031,878
530382,878
530382,53
527385,18
576888,99
576888,18
553839,16
553839,28
553839,10752
553839,14
479455,35
479455,878
479455,28
461130,878
461130,28
461130,80
592807,18
597588,35
597588,80
597588,18
571891,16
571891,12
571891,14
571891,28
571891,10751
589612,36
589612,80
589612,18
436053,28
436053,80
436053,14
436053,53
500682,80
500682,18
500682,53
473019,10749
473019,18
725226,35
725226,27
553002,35
553002,10751
553002,12
423204,28
423204,53
658905,35
658905,18
475908,10749
475908,14
475908,18
536517,878
536517,27
586048,18
573699,10749
573699,16
573699,14
515402,18
500458,18
500458,36
500458,28
525661,18
508442,16
508442,10751
508442,35
508442,14
728922,18
526019,35
512263,18
466622,28
466622,53
492611,27
492611,53
495764,28
495764,80
656704,18
653601,18
454626,28
454626,878
454626,35
454626,10751
615643,18
508439,10751
508439,16
508439,12
508439,35
508439,14
342470,10749
342470,18
567970,18
567970,9648
567970,53
567970,36
599521,14
599521,10749
599521,10770
570670,53
570670,878
570670,27
556678,35
556678,10749
38700,53
38700,28
38700,80
586451,18
586451,9648
586451,35
382748,35
382748,18
382748,10749
382748,10751
446893,10751
446893,16
446893,35
446893,14
446893,12
446893,10402
592834,10751
592834,28
592834,35
545609,28
545609,53
597219,35
597219,10749
597219,18
630220,18
630220,10751
385103,16
385103,35
385103,10751
385103,9648
547017,18
547017,53
547017,9648
339095,28
339095,80
339095,53
606679,10749
606679,35
606679,10402
606679,18
514847,28
514847,53
514847,27
595671,18
587792,35
587792,10749
587792,878
547016,28
547016,14
516486,10752
516486,28
516486,18
679989,35
475430,12
475430,14
475430,878
475430,10751
475430,28
601165,53
601165,28
556574,36
556574,18
443791,27
443791,878
443791,28
443791,12
612706,35
612706,10402
577922,28
577922,53
577922,878
501979,35
501979,878
501979,12
337401,12
337401,14
337401,28
337401,10751
441130,16
441130,10751
441130,12
441130,14
594328,10751
594328,16
594328,878
594328,35
594718,878
594718,18
594718,27
497582,12
497582,9648
497582,80
340102,878
340102,27
340102,28
579583,35
579583,18
625568,28
625568,53
625568,27
531454,35
531454,10402
580175,35
580175,18
523977,18
523977,10749
556984,18
556984,36
530351,27
530351,35
653643,35
653643,27
560050,16
560050,12
560050,10751
560050,14
575604,53
575604,9648
575604,878
551804,35
551804,27
590706,28
590706,878
590706,14
658412,80
658412,35
531219,10751
531219,35
531219,14
734309,28
662546,10751
662546,14
662546,35
766319,10751
766319,10402
539537,12
539537,14
539537,27
539537,9648
723072,27
723072,9648
539181,27
539181,9648
611213,10749
611213,35
520172,10749
520172,35
542224,14
542224,27
542224,9648
529203,16
529203,10751
529203,12
529203,14
529203,35
614911,878
614911,18
464052,28
464052,12
464052,14
740985,35
521007,35
521007,878
521007,10749
653708,18
581032,18
581032,37
581032,12
629017,28
629017,80
629017,53
641662,18
643612,80
643612,18
632666,18
632666,35
692969,18
692969,27
692969,53
581392,27
581392,28
581392,53
614560,18
614560,36
651571,878
651571,28
651571,27
546121,53
546121,27
546121,18
615667,18
615667,10402
581734,18
582014,53
582014,80
582014,18
568467,10749
568467,18
601666,80
601666,53
601666,18
686142,18
686142,10749
703134,80
458576,28
458576,14
458576,12
618416,18
703745,28
703745,27
703745,878
522241,53
522241,36
522241,18
575448,36
575448,18
605133,27
605133,35
575291,35
590223,35
590223,28
590223,12
787377,99
567965,18
567965,36
567965,35
659959,10749
659959,18
754325,27
675327,27
675327,28
675327,10752
615665,35
615665,10749
619594,18
437518,35
437518,878
437518,27
664051,35
661914,18
520763,878
520763,53
520763,27
565426,10749
565426,35
557950,35
557950,18
752721,27
752721,9648
752721,53
628917,35
628917,18
723936,878
723936,27
635389,16
635389,28
635389,14
635389,12
524047,28
524047,53
524047,18
590995,27
590995,18
590995,14
506281,10749
506281,18
506281,37
500840,18
500840,14
500840,9648
500840,53
588228,28
588228,878
588228,12
644092,12
644092,28
644092,35
644092,10751
567797,80
567797,53
567797,9648
522466,53
522466,28
522466,37
522466,18
527774,16
527774,10751
527774,14
527774,28
527774,12
786015,35
786015,18
786015,10749
583406,18
583406,36
484718,35
583689,35
583689,18
583689,10402
544401,18
544401,80
793723,53
793723,28
793723,18
791373,28
791373,12
791373,14
566076,10402
566076,18
566076,36
643586,28
643586,27
643586,35
644583,18
644583,53
615457,28
615457,53
615678,35
615678,28
615678,12
615678,878
788335,18
802403,18
802403,10749
559581,878
559581,18
559581,53
559581,12
460465,28
460465,14
460465,12
595813,35
501929,16
501929,12
501929,35
779047,16
779047,18
779047,10751
679844,28
679844,12
679844,80
679844,53
471498,878
471498,53
471498,27
567189,28
567189,53
567189,10752
497698,28
497698,12
497698,878
823754,35
823754,18
337404,35
337404,80
337404,10751
337404,12
727745,10749
727745,35
619778,27
619778,9648
601470,18
601470,36
602734,27
602734,9648
785457,14
785457,35
785457,18
585216,27
585216,53
585216,9648
467909,18
467909,10749
566525,28
566525,12
566525,14
593910,14
593910,10749
593910,35
739542,16
739542,28
739542,35
607259,18
607259,35
423108,27
423108,9648
423108,53
385128,28
385128,12
385128,80
591273,27
591273,9648
508943,16
508943,35
508943,14
508943,12
508943,10751
591274,27
591274,9648
743599,35
614409,10749
614409,35
614409,18
379686,10751
379686,16
379686,35
379686,878
619297,28
619297,53
619297,18
631843,53
631843,9648
631843,27
522931,28
522931,35
522931,80
522931,53
451048,14
451048,12
574060,28
574060,80
574060,53
635731,18
635731,53
841651,35
841651,10751
841651,14
841651,10752
578701,53
578701,28
436969,28
436969,35
436969,12
591275,9648
591275,27
630240,18
630240,53
630240,27
634528,28
634528,18
634528,53
550988,35
550988,12
550988,878
758866,18
559907,12
559907,18
559907,14
823461,35
823461,10749
579047,9648
579047,878
660006,80
660006,18
660006,10749
503736,28
503736,80
503736,27
858258,35
858258,53
858258,18
649409,80
649409,53
602269,18
602269,80
602269,53
438631,878
438631,12
872512,27
776503,18
776503,10402
776503,10749
370172,28
370172,53
370172,12
524369,80
524369,18
567748,18
567748,53
672741,27
672741,53
617653,36
617653,18
617653,28
618162,37
541524,18
580489,878
580489,28
580489,12
669671,27
669671,53
669671,28
777930,18
524434,878
524434,28
524434,12
592863,18
592863,10402
592863,36
576845,27
576845,9648
576845,53
542178,18
542178,35
554230,18
749004,18
749004,14
512025,27
512025,9648
821390,53
821390,27
568124,16
568124,35
568124,10751
568124,14
734265,35
734265,10749
511809,18
511809,10749
511809,80
874239,10770
874239,35
874239,10749
874239,18
810873,10749
810873,35
1000572,35
804150,53
804150,35
804150,80
18639,37
18642,35
18642,10402
39833,18
39833,37
39833,10402
39833,10749
732459,14
641960,18
569805,37
640146,28
640146,12
640146,878
768362,18
768362,9648
768362,53
898228,878
898228,27
877269,16
877269,10751
877269,12
877269,878
877269,14
63978,18
63978,35
41951,18
2455,35
2455,80
2455,9648
34942,10751
34942,12
34942,16
25913,10751
25913,16
25913,12
18894,10402
18894,35
18894,10749
936386,18
936386,10749
554371,18
554371,35
10019,35
10019,10749
10019,14
26196,28
26196,80
26196,53
667216,27
667216,878
8920,35
8920,10751
406761,53
406761,878
406761,28
800301,10749
800301,35
10952,53
10952,80
10952,18
47691,9648
47691,53
47691,10770
47691,80
615777,18
615777,35
864692,28
864692,12
864692,53
301303,80
301303,18
301303,27
301303,10770
821881,18
821881,36
26329,35
874355,53
874355,18
874355,9648
213662,18
36865,16
36865,35
36865,878
36865,9648
36865,18
441719,35
934419,18
934419,10402
1408,28
1408,12
43128,35
422040,18
682152,18
682152,53
1026822,18
539186,18
1552,35
1552,18
533148,10749
533148,18
579974,18
579974,28
97787,16
97787,12
97787,28
97787,14
34187,18
34187,10749
9396,12
9396,35
43595,35
43595,80
960519,18
10872,35
10872,80
10872,18
736732,18
736732,35
736732,80
744594,35
744594,18
15602,10749
15602,35
11520,35
823766,18
823766,9648
87178,27
87178,9648
87178,878
87178,53
547774,18
315162,16
315162,12
315162,14
315162,35
315162,10751
555604,16
555604,14
555604,18
668482,10751
668482,35
668482,14
937278,35
937278,18
890541,35
890541,9648
890541,80
791177,18
791177,27
791177,10749
9449,12
9449,14
9449,28
9449,35
9449,10751
2617,35
648579,28
648579,35
648579,80
730047,18
730047,10749
843932,18
843932,27
661374,35
661374,80
661374,9648
496331,14
496331,28
496331,12
682507,18
682507,9648
682507,10749
454467,10751
454467,35
454467,14
76600,878
76600,12
76600,28
20785,18
20785,35
20785,10751
20785,10402
31414,18
42722,18
238378,10749
238378,35
451915,18
10527,10751
10527,12
10527,16
10527,35
21058,18
21058,10749
32430,18
32430,35
122940,80
122940,18
18671,80
18671,10749
18671,53
43323,18
43323,36
842725,53
10379,35
10379,14
10379,10751
865559,10749
865559,35
751741,16
751741,35
751741,10751
751741,14
776512,35
776512,18
3014,53
796849,18
796849,10749
796849,53
62768,18
62768,10749
762975,10749
762975,18
450487,53
450487,878
509967,28
509967,35
509967,53
14881,37
96337,37
632856,35
102286,18
54227,12
54227,35
54227,10751
614939,35
614939,10749
627725,18
511817,16
511817,35
511817,14
511817,27
514570,16
514570,18
442788,35
73823,35
36592,35
36592,10402
30588,35
30588,80
30588,18
299584,10770
299584,10749
47429,18
47429,10749
36245,18
36245,35
36245,80
769157,10402
769157,9648
900667,16
900667,12
900667,28
900667,14
900667,10402
31633,28
31633,35
31633,10749
31633,53
31633,18
660942,27
660942,18
660942,14
20806,18
20806,80
541134,18
541134,80
541134,9648
338958,35
338958,10751
338958,14
674324,18
674324,35
597316,16
597316,10751
597316,14
597316,35
597316,12
810693,16
810693,28
810693,14
928344,10402
928344,35
928344,80
747779,10749
747779,18
588555,16
588555,18
588555,14
588852,16
588852,18
588852,14
588852,10752
916719,28
916719,53
56942,18
13963,99
13963,10402
791333,35
505642,28
505642,12
505642,878
39209,37
1362,10751
1362,14
1362,16
1362,12
1362,10770
464293,18
464293,14
464293,28
667739,28
667739,12
667739,35
809733,35
809733,10749
15981,16
15981,35
15981,80
15981,878
846250,35
846250,10749
829280,12
829280,9648
829280,80
13385,80
13385,18
13385,53
744114,18
744114,10749
45322,27
45322,9648
862551,35
848791,53
848791,80
848791,18
71768,37
71768,28
71768,10752
18688,28
18688,18
18688,37
8816,18
8816,35
286805,18
286805,14
286805,27
788921,18
788921,878
788921,99
100088,28
100088,53
100088,80
22021,28
22021,80
22021,53
34459,28
34459,18
34459,53
817758,10402
817758,18
29369,80
29369,9648
29369,35
860159,35
860159,10749
901288,18
663712,27
663712,53
638597,10751
638597,35
8975,28
795109,12
795109,35
54723,35
24831,27
24831,878
420707,27
420707,18
420707,53
9592,18
9592,27
9592,53
24923,27
24923,9648
7857,35
7857,18
18644,18
18644,10402
18644,80
99374,35
1033762,35
1033762,18
965817,18
722147,10402
722147,18
10442,35
10442,80
10442,10749
610253,27
610253,53
852438,27
852438,35
57669,18
724495,28
724495,18
724495,36
45598,35
45598,10402
45598,10749
960072,53
913290,27
913290,9648
42783,35
42783,10402
42783,10749
635891,35
635891,18
602334,35
602334,18
925096,18
925096,35
925096,10749
852046,28
852046,12
852046,53
852046,18
848685,53
848685,18
66916,18
66916,10749
882598,27
882598,9648
18686,35
18686,10402
18686,10749
326425,28
326425,53
8745,35
8745,10402
8745,10749
14554,53
14554,9648
14554,37
26175,12
26175,10749
26175,36
629176,878
629176,80
629176,28
11016,80
11016,53
16227,10749
16227,53
16227,9648
29264,35
29264,18
29264,14
38724,18
38724,10749
603661,18
603661,35
603661,10749
31428,27
31428,9648
31428,53
31428,10770
830788,27
830788,53
301502,18
949423,27
949423,53
593643,35
593643,27
593643,53
811211,10749
811211,18
848818,18
848818,35
848818,27
928713,18
746131,18
746131,10749
916405,18
473021,18
497828,35
497828,18
21334,18
21334,10751
46925,18
46925,35
46925,10751
197698,35
197698,18
325358,35
325358,28
116445,28
116445,27
116445,878
116445,53
642885,14
642885,35
642885,10751
532639,14
532639,12
532639,10751
801526,35
801526,80
801526,53
118514,35
40723,18
40723,27
40723,10749
99329,35
99329,18
360929,18
619730,9648
619730,53
263089,35
25105,10402
25105,10749
25105,35
53873,80
53873,9648
471859,18
471859,80
13041,12
13041,18
13041,37
63912,35
63912,80
63912,9648
63912,28
420648,27
420648,53
420648,35
762968,35
762968,53
762968,10749
18948,16
18948,10751
3052,35
630720,18
630720,53
630720,27
630720,9648
703145,18
703145,9648
703145,53
3051,27
3051,9648
3051,53
36775,28
36775,35
36642,28
36642,12
36642,35
26451,18
26451,53
21779,35
21779,28
21779,12
65009,35
51166,35
50677,18
776305,16
776305,878
776305,18
776305,10402
597093,18
5157,35
5651,35
5745,18
5721,18
5725,35
668640,35
668640,18
805327,10749
805327,18
805327,35
690957,28
690957,18
690957,53
357405,16
357405,28
357405,35
534134,80
534134,28
534134,10749
472983,10751
472983,16
472983,35
472983,878
472983,10770
644495,36
644495,18
644495,80
614917,18
614917,36
167666,16
167666,10751
167666,14
212470,10751
212470,14
212470,16
714011,18
821792,80
821792,27
821792,53
27825,35
27825,27
27825,878
503706,27
503706,53
838330,35
838330,18
2139,28
2139,12
2139,18
45608,18
45608,10749
664332,80
664332,18
664332,36
862965,80
862965,18
862965,53
520023,27
520023,35
520023,9648
846867,16
846867,14
846867,27
846867,878
846867,10752
610150,16
610150,878
610150,28
360288,10752
360288,16
360288,18
698948,18
698948,53
796499,28
796499,80
796499,35
762504,27
762504,9648
762504,878
541305,80
541305,18
541305,35
294793,53
294793,28
560057,16
560057,12
560057,28
560057,10751
560057,14
399173,28
399173,80
399173,53
766507,53
766507,28
766507,878
925102,80
925102,9648
925102,18
663260,9648
663260,53
663260,18
91781,35
718930,28
718930,35
718930,53
660267,878
660267,35
660267,28
790386,18
790386,35
653598,35
653598,80
653598,27
511322,80
91694,80
91694,9648
91694,18
9043,35
9043,18
9043,10749
819309,35
819309,18
819309,53
120481,35
120481,18
426618,10752
426618,18
426618,10749
682402,10751
84105,18
84105,10751
84105,10770
84105,35
295151,10749
295151,35
9491,53
725201,28
725201,53
504827,16
504827,12
504827,35
240483,878
240483,12
240483,28
804119,18
754609,18
754609,35
754609,36
438148,16
438148,35
438148,10751
438148,12
513310,28
513310,878
513310,53
580857,27
580857,35
580857,10752
366924,878
366924,28
366924,16
25113,35
25113,18
25113,10749
51619,18
51619,10749
51619,10752
251768,10751
251768,16
251768,28
251768,878
754716,35
754716,18
617502,28
617502,53
926899,16
926899,18
926899,35
926899,27
926899,14
553592,10749
553592,35
616037,14
616037,28
616037,35
18311,80
18311,18
18311,10749
487672,878
487672,16
487672,28
493551,18
493551,36
493551,53
219808,14
219808,27
487670,878
487670,16
487670,28
487670,18
472805,18
575774,18
575774,27
913205,16
913205,28
913205,35
614934,18
614934,10402
614934,36
770254,10751
770254,16
770254,12
770254,35
828947,16
828947,35
828947,878
14623,28
14623,12
14623,35
14623,10751
968438,10749
968438,35
968438,18
831405,16
831405,878
831405,14
831405,28
13354,10751
13354,35
13354,16
13354,12
13354,9648
22188,16
22188,10402
22188,10751
736074,16
736074,9648
736074,28
736074,80
736073,16
736073,9648
736073,28
736073,80
420821,16
420821,10751
420821,35
420821,12
420821,9648
718789,16
718789,878
718789,10751
718789,12
735697,35
735697,18
735697,14
735697,9648
760104,27
760104,9648
760104,53
739993,35
739993,18
739993,10402
454527,36
454527,18
454527,10749
758330,10749
758330,18
615469,878
615469,53
788929,18
788929,14
788929,27
446696,18
446696,10749
10891,28
10891,35
10891,27
10891,37
425909,14
425909,35
425909,12
425909,878
643532,18
643532,53
20482,80
20482,9648
20482,53
10763,35
10763,18
10763,10749
507086,12
507086,28
507086,878
10729,35
10729,80
795811,18
795811,10749
35987,18
35987,36
35987,10749
67696,18
67696,10749
43869,12
43869,10751
5165,18
5165,9648
138172,35
138172,10749
21135,18
21135,10749
40478,18
29884,35
29884,10749
29884,80
43256,18
43256,9648
43256,10749
43492,18
1829,18
1829,36
1829,10749
94577,18
94577,10749
43316,18
43316,10749
33731,18
33731,10749
46979,18
46979,10749
800510,53
800510,9648
800510,80
3132,28
3132,12
3132,35
3132,53
511819,18
511819,878
511819,9648
16186,18
16186,10749
16186,35
361743,28
361743,18
9298,35
17681,16
17681,35
17681,9648
17681,10751
17681,14
721656,10751
721656,16
721656,9648
721656,35
328407,16
328407,10402
328407,35
328407,18
10141,80
10141,35
338953,14
338953,12
9012,35
9012,99
780609,27
780609,53
780609,14
608232,18
800937,35
627087,18
630382,18
553600,16
553600,28
553600,878
823610,16
823610,10751
307115,10751
307115,10770
639933,28
639933,12
639933,14
13676,10751
13676,16
71689,16
71689,35
71689,10751
71689,10770
71689,878
71689,12
71689,28
453395,14
453395,28
453395,12
12591,35
12591,14
12591,27
10661,35
10661,28
791469,53
791469,28
791469,35
930817,35
835975,18
835975,10749
835975,80
25758,16
25758,35
25758,10751
18126,35
18126,18
18126,10751
18126,10402
18126,10749
545611,28
545611,12
545611,878
763285,53
763285,28
763285,80
752623,28
752623,12
752623,35
14560,28
14560,12
14560,35
14560,10751
505026,9648
505026,80
505026,53
537056,28
537056,16
537056,80
537056,9648
29154,18
618344,16
618344,28
618344,878
615677,10751
615677,28
615677,14
615677,35
526896,28
526896,878
526896,14
818750,10749
818750,878
818750,18
49964,18
49964,10751
43195,10749
43195,18
43195,10752
4474,35
4474,878
4474,10749
54391,18
54391,10752
54391,10749
2185,28
2185,35
2185,53
2185,9648
9737,28
9737,35
9737,80
9737,53
629542,10751
629542,16
629542,12
629542,35
629542,80
675353,28
675353,12
675353,10751
675353,35
765119,35
278891,18
590304,18
590304,35
27462,28
27462,12
27462,878
787752,27
787752,53
716612,18
716612,36
460071,80
460071,18
460071,53
539885,28
539885,53
539885,80
9036,12
9036,18
9036,10751
609181,35
92321,10749
92321,16
92321,14
11663,35
11663,18
11663,10402
11258,53
11258,80
11258,28
696806,12
696806,878
840882,53
840882,9648
809065,35
809065,878
575776,27
575776,9648
575776,53
399566,28
399566,878
399566,12
504253,16
504253,18
504253,10749
632727,27
482321,16
482321,878
482321,10751
482321,35
227783,16
227783,35
227783,10751
227783,12
523777,16
523777,28
523777,12
523777,35
523777,10751
523777,878
508947,16
508947,10751
508947,35
508947,14
370567,16
370567,10751
370567,14
370567,35
370567,12
370567,9648
65759,16
65759,35
65759,10751
766798,18
617771,36
617771,10402
617771,99
751237,27
751237,9648
833425,53
833425,9648
414906,80
414906,9648
414906,53
458131,18
458131,36
8854,878
8854,28
8854,12
8854,18
862491,16
862491,28
862491,80
589880,878
17645,18
17645,53
17645,10749
81481,18
744275,10749
744275,18
599960,35
599960,18
438695,16
438695,10751
438695,10402
438695,35
15250,35
15250,18
15250,10749
335787,28
335787,12
245473,28
245473,18
245473,10749
245473,10751
245473,10770
567690,18
86820,18
86820,878
925332,99
646385,27
646385,9648
646385,53
795514,18
11694,37
11694,35
565382,18
502147,36
502147,35
476669,28
476669,12
476669,53
627290,27
790142,10749
790142,35
777270,18
777270,36
662401,18
576920,10749
576920,12
576920,18
576920,10751
95667,27
24927,27
11986,18
11986,10749
491283,18
491283,36
491283,10402
423333,18
4916,53
4916,18
22949,35
22949,10751
9408,16
9408,35
9408,10751
600583,18
600583,37
16084,14
16084,35
16084,10751
807196,18
807196,53
517088,18
517088,36
2054,18
2054,10402
10806,35
787723,28
787723,18
787723,53
522016,28
522016,12
522016,53
635302,16
635302,28
635302,14
635302,53
660120,18
660120,10749
660120,35
537116,18
537116,10402
527729,10751
527729,16
527729,35
527729,12
597208,80
597208,18
597208,53
718032,18
718032,35
718032,10749
727293,18
11307,18
11307,35
653569,35
653569,878
32078,53
32078,80
353378,10749
353378,35
6715,18
6715,10751
10449,18
10449,10749
768334,27
768334,9648
448119,10751
448119,35
448119,14
448119,12
340255,14
340255,35
340255,18
27563,18
27563,10749
10278,18
10278,53
10278,10749
597891,28
43341,878
71520,878
71520,18
71520,9648
29136,18
646380,35
646380,878
646380,18
624860,878
624860,28
624860,12
634649,28
634649,12
634649,878
512195,28
512195,35
512195,80
3073,35
3073,27
293271,16
293271,35
293271,10751
