director_id,movie_id,known_for_department
1456058,315946,Directing
5014145,315946,Directing
935707,766094,Directing
935707,751212,Directing
1135153,585297,Directing
569209,159897,Directing
569209,16463,Directing
569209,96882,Directing
569209,16464,Directing
1454252,335765,Directing
1058108,355995,Directing
1058108,32406,Directing
1058108,355764,Directing
110348,32571,Directing
110347,32571,Directing
110347,33315,Directing
110348,33315,Directing
110461,33316,Directing
110462,33316,Directing
110347,33317,Directing
110348,33317,Directing
1742726,386743,Directing
1058108,355846,Directing
110347,33229,Directing
110348,33229,Directing
110348,33318,Directing
110347,33318,Directing
110347,104852,Directing
110348,104852,Directing
110347,355999,Directing
110348,355999,Directing
110347,355997,Directing
110348,355997,Directing
110347,355851,Directing
110348,355851,Directing
110347,355848,Directing
110348,355848,Directing
1456070,336380,Directing
1135153,312452,Directing
1135153,416258,Directing
935707,88013,Directing
935707,16622,Directing
935707,16613,Directing
110348,105153,Directing
110347,105153,Directing
1868,355936,Directing
110347,355757,Directing
110347,16624,Directing
110348,16624,Directing
110347,105160,Directing
110348,105160,Directing
935707,159896,Directing
110348,152218,Directing
110347,152218,Directing
110347,159904,Directing
110348,159904,Directing
110347,155107,Directing
110348,155107,Directing
110347,16612,Directing
110348,16612,Directing
110348,105158,Directing
110347,105158,Directing
110347,104396,Directing
110348,104396,Directing
110347,356154,Directing
110347,159895,Directing
110348,159895,Directing
1135153,154339,Directing
110347,356155,Directing
110348,356155,Directing
110348,152215,Directing
110347,152215,Directing
110347,159905,Directing
110348,159905,Directing
110347,189054,Directing
110348,189054,Directing
935707,751244,Directing
1500342,356151,Writing
1868,82120,Directing
1170484,34372,Directing
1120754,194085,Directing
110348,144410,Directing
110347,144410,Directing
1120754,194081,Directing
1170737,194081,Directing
1868,122134,Directing
110347,189056,Directing
110348,189056,Directing
1868,127777,Directing
1868,129436,Directing
11523,133063,Directing
11523,104462,Directing
1071403,147554,Directing
1868,160,Directing
1867,160,Production
110347,126413,Directing
1161489,194583,Directing
1173121,194562,Directing
1868,190560,Directing
1868,144391,Directing
11523,49296,Directing
11523,104700,Directing
11523,104702,Directing
11523,49295,Directing
11523,114108,Directing
1175916,195620,Camera
1100017,144432,Directing
1037661,179236,Directing
1037661,154171,Directing
125992,105303,Production
1175929,195626,Directing
11523,49280,Directing
1037661,1137292,Directing
1173774,193408,Directing
1037661,179235,Directing
11523,106814,Directing
11523,49279,Directing
1079361,185219,Directing
11523,49275,Directing
11523,775,Directing
11523,108292,Directing
44866,190669,Directing
11523,108278,Directing
44866,5698,Directing
11523,16465,Directing
11523,49273,Directing
11523,44449,Directing
11523,127097,Directing
11523,44335,Directing
11523,44333,Directing
11523,44324,Directing
11523,2963,Directing
11523,44330,Directing
11523,44342,Directing
85621,20105,Directing
11523,49272,Directing
1100017,134750,Directing
11523,49277,Directing
11523,137757,Directing
41616,196287,Directing
1071403,120026,Directing
11523,49278,Directing
11523,49298,Directing
41616,350807,Directing
1100017,144440,Directing
11523,49271,Directing
1268213,232957,Directing
1008306,193988,Directing
931794,49281,Directing
1056719,113194,Directing
562261,71266,Directing
30496,127271,Acting
931237,127271,Production
1090768,193833,Directing
1016035,193833,Acting
11523,191911,Directing
1172420,191911,Directing
116187,105408,Acting
1037794,105408,Directing
1050356,110803,Acting
100036,618,Directing
940663,126925,Directing
42060,126925,Directing
1310545,265051,Directing
13848,13707,Acting
100036,3059,Directing
28968,174598,Directing
72061,174711,Directing
559559,36822,Directing
98043,95866,Directing
8636,174708,Directing
13823,174731,Acting
1046101,76951,Directing
559559,70753,Directing
148656,53637,Directing
2428,48263,Directing
9049,72497,Directing
100036,899,Directing
2991,234,Directing
152222,108988,Directing
253152,77621,Directing
100036,42511,Directing
13848,10098,Acting
1037794,155953,Directing
8741,58129,Directing
9076,653,Directing
9076,28480,Directing
1158072,175594,Directing
1153824,171432,Directing
89674,57283,Directing
8635,25770,Acting
13953,25770,Directing
10092,669,Directing
8630,35227,Acting
68,5998,Directing
143561,22596,Directing
143385,22596,Directing
143385,41348,Directing
143561,41348,Directing
592830,175695,Directing
997694,49452,Directing
10516,701,Directing
8635,701,Acting
13848,28974,Acting
68,31506,Directing
68,42512,Directing
8823,28963,Directing
29962,120673,Directing
8635,32318,Acting
8841,32318,Acting
8635,992,Acting
143385,40574,Directing
143561,40574,Directing
93905,176283,Directing
931420,84880,Directing
29720,176272,Directing
8630,1405,Acting
14473,964,Directing
9603,643,Directing
13848,962,Acting
8635,33015,Acting
143561,42359,Directing
143385,42359,Directing
8635,32600,Acting
29250,2981,Writing
29962,3060,Directing
9603,44967,Directing
108106,95956,Directing
84034,38687,Directing
10517,961,Writing
8635,961,Acting
143561,42368,Directing
74659,183514,Directing
549834,19354,Directing
148839,82283,Directing
68,19,Directing
29720,42536,Directing
1496,27503,Directing
9076,631,Directing
143558,16661,Writing
1117050,110655,Directing
143561,73969,Directing
14643,28966,Directing
14281,939,Directing
2636,52782,Directing
11572,780,Directing
143558,22595,Writing
13848,28978,Acting
122969,31411,Directing
8635,31411,Acting
94180,25768,Directing
8635,25768,Acting
2000,27777,Directing
14643,85697,Directing
2662,189935,Directing
11435,110887,Directing
29962,53209,Directing
82413,190160,Directing
48055,27517,Directing
29962,3061,Directing
2891,885,Directing
145605,42614,Directing
793,626,Directing
29808,20625,Directing
130087,20625,Directing
143998,53528,Directing
10517,53528,Writing
13899,905,Directing
95111,26317,Directing
2636,543,Directing
114319,35454,Directing
2636,47695,Directing
145605,65203,Directing
2891,228,Directing
2000,143,Directing
84034,42812,Directing
2662,122047,Directing
793,5729,Directing
2891,42641,Directing
29963,85505,Directing
129552,166645,Directing
94771,26162,Directing
2636,31930,Directing
144063,13913,Writing
68,832,Directing
58343,9653,Acting
29110,9653,Directing
14643,51394,Directing
2917,3035,Directing
109342,238069,Directing
114337,35545,Directing
9076,977,Directing
30008,53797,Directing
49214,99732,Directing
140815,375282,Directing
1496,138,Directing
82389,13911,Directing
13848,901,Acting
2428,31409,Directing
2004,156324,Directing
14643,17687,Directing
11528,26614,Directing
33166,31514,Directing
9054,27899,Directing
2636,52748,Directing
2636,36049,Directing
931194,39259,Directing
21311,42861,Directing
94069,41062,Directing
82800,84295,Directing
29962,42816,Directing
9054,29740,Directing
34740,33680,Directing
74659,118731,Directing
82389,13912,Directing
90064,26860,Directing
11528,48365,Directing
95501,28268,Directing
20370,1994,Acting
3239,1994,Directing
1496,136,Directing
29755,3031,Directing
2917,31592,Directing
108983,81107,Directing
115458,157888,Directing
11572,779,Directing
2891,875,Directing
9054,42914,Directing
29595,31532,Directing
11435,877,Directing
82413,77966,Directing
78053,59158,Directing
101885,91181,Directing
10139,72495,Acting
2636,15007,Directing
21305,28432,Directing
95293,28432,Directing
29595,31526,Directing
2490,43122,Production
3239,244,Directing
3238,244,Production
14674,39938,Directing
82389,25694,Directing
34170,43148,Directing
21305,3062,Directing
95293,3062,Directing
32133,167657,Directing
30008,3063,Directing
34751,164865,Directing
9054,31511,Directing
4109,83868,Directing
78053,38585,Directing
143463,217645,Directing
2917,10787,Directing
97774,27449,Directing
2428,77210,Directing
72061,56164,Directing
2662,3078,Directing
143561,41347,Directing
2891,31527,Directing
145968,82096,Directing
30146,43691,Directing
8636,43902,Directing
31497,43905,Directing
142865,43904,Directing
8500,46910,Directing
31497,38725,Directing
89779,23122,Directing
585135,43901,Directing
1065336,182922,Directing
29755,82179,Directing
89632,53864,Directing
2636,8208,Directing
82171,47921,Directing
89226,140517,Directing
30165,3080,Directing
2636,260,Directing
84034,70881,Directing
72061,12311,Directing
32427,43894,Directing
93906,43894,Directing
108987,31798,Directing
82171,47920,Directing
10790,37719,Directing
2917,229,Directing
29627,164894,Directing
145175,198982,Directing
70,28261,Camera
18738,20325,Directing
13848,3082,Acting
4109,43884,Directing
32427,43881,Directing
84034,38721,Directing
81165,17030,Directing
2662,24807,Directing
94218,43872,Directing
90064,23389,Directing
34751,38070,Directing
97202,43877,Directing
145968,52429,Directing
93906,43277,Directing
121102,38713,Directing
120259,38713,Directing
95501,52047,Directing
14674,43874,Directing
82389,189005,Directing
14674,43879,Directing
67426,27974,Directing
74659,13562,Directing
2636,12684,Directing
68,14615,Directing
34170,203045,Directing
1458657,337245,Directing
1275010,337245,Directing
10001,54569,Directing
2636,2761,Directing
34796,22440,Directing
30165,31530,Directing
74659,43864,Directing
29962,43865,Directing
84034,30630,Directing
82389,23101,Directing
2662,3598,Directing
31497,43867,Directing
109342,87115,Directing
82171,249799,Directing
5446,408,Directing
11426,408,Visual Effects
67373,408,Writing
564042,408,Writing
52218,408,Production
11434,408,Directing
10790,11939,Directing
14643,37650,Directing
30008,41059,Directing
106967,44579,Directing
39058,26252,Directing
30008,14675,Directing
2636,2762,Directing
21305,25563,Directing
25161,59950,Directing
49214,43278,Directing
30165,29872,Directing
2636,940,Directing
14674,16274,Directing
34740,46688,Directing
10001,1976,Directing
37361,140995,Directing
82800,42390,Directing
89226,23255,Directing
4109,10907,Directing
67426,10907,Directing
2428,31996,Directing
11435,900,Directing
4109,67880,Directing
1225777,43855,Directing
38393,43844,Writing
4109,13696,Directing
9049,630,Directing
9049,770,Directing
4109,17660,Directing
14674,22490,Directing
8500,995,Directing
10001,3084,Directing
10790,42852,Directing
2428,1859,Directing
49214,78318,Directing
34740,27972,Directing
4109,16902,Directing
8500,43838,Directing
37362,43829,Directing
8500,73194,Directing
129422,67375,Directing
89669,22999,Directing
49214,31685,Directing
77101,22553,Directing
93905,89723,Directing
89226,59701,Directing
2000,51802,Directing
11528,776,Directing
95293,32610,Directing
19093,43828,Directing
89924,23280,Directing
81930,17481,Directing
2662,3083,Directing
2636,31995,Directing
25161,27053,Directing
143463,42518,Directing
30008,43739,Directing
11429,10895,Directing
11426,10895,Visual Effects
11432,10895,Writing
11434,10895,Directing
226599,10895,Visual Effects
74565,10895,Directing
11427,10895,Visual Effects
2636,223,Directing
68424,12232,Directing
71788,12232,Directing
71787,12232,Directing
14855,989,Directing
29962,32194,Directing
82413,55604,Directing
14855,50271,Directing
68,43821,Directing
37361,43807,Directing
10001,17801,Directing
8500,596,Directing
141065,33810,Directing
89226,37426,Directing
4109,1718,Directing
11435,3085,Directing
4109,26201,Directing
13848,914,Acting
93906,43818,Directing
74659,80054,Directing
1059261,46939,Directing
108983,32196,Directing
14674,981,Directing
11434,756,Directing
11427,756,Visual Effects
11428,756,Directing
5691,756,Directing
11430,756,Directing
11432,756,Writing
11429,756,Directing
11426,756,Visual Effects
5690,756,Directing
226599,756,Visual Effects
5446,756,Directing
1094239,756,Directing
127515,115112,Editing
253716,55207,Directing
1084818,152275,Directing
2636,25670,Directing
2428,20334,Directing
21305,43812,Directing
14674,95874,Directing
2891,42678,Directing
6593,963,Directing
40,15,Directing
11426,11360,Visual Effects
226599,11360,Visual Effects
11427,11360,Visual Effects
74565,11360,Directing
11434,11360,Directing
5691,11360,Directing
10001,43802,Directing
30249,3086,Writing
10790,43801,Directing
143463,31309,Directing
8823,27725,Directing
30129,13666,Directing
74878,142876,Directing
82800,105038,Directing
68424,21735,Directing
78845,29601,Directing
78845,14604,Directing
2662,32574,Directing
30249,16305,Writing
103931,252463,Directing
32134,42066,Directing
2636,11462,Directing
87700,43797,Directing
8500,43266,Directing
81930,22752,Directing
11429,22752,Directing
89745,23104,Directing
3146,39871,Directing
93904,32847,Directing
4109,289,Directing
40,965,Directing
5446,3170,Directing
31497,44530,Directing
8502,44530,Production
95293,27017,Directing
94218,43523,Directing
32427,43523,Directing
10146,25508,Directing
89226,22741,Directing
95501,27372,Directing
39058,27655,Directing
67426,26319,Directing
18738,20640,Directing
2428,198,Directing
25165,18706,Directing
2636,31997,Directing
10001,27367,Directing
11434,14906,Directing
11427,14906,Visual Effects
11429,14906,Directing
74565,14906,Directing
226599,14906,Visual Effects
89692,26922,Directing
19528,55086,Directing
552028,68440,Production
82800,40916,Directing
95293,40916,Directing
10146,27130,Directing
253066,43515,Directing
65852,18783,Directing
84641,43510,Directing
64114,100910,Directing
11572,41391,Directing
68424,25037,Directing
37846,25037,Writing
2559,29084,Writing
2636,21734,Directing
5026,35022,Directing
70862,72103,Directing
936343,84656,Directing
14643,980,Directing
30165,150778,Directing
5834,22744,Directing
18738,80616,Directing
98043,54288,Directing
10346,55835,Directing
19457,20945,Directing
50300,162641,Directing
15127,5155,Directing
2662,212,Directing
3146,996,Directing
19528,43307,Directing
13980,909,Directing
30249,36498,Writing
48566,51144,Directing
68,17136,Directing
834,1939,Directing
32134,21622,Directing
31497,42401,Directing
11435,22584,Directing
49214,30719,Directing
84034,17641,Directing
5026,17988,Directing
2636,13321,Directing
226599,15947,Visual Effects
74565,15947,Directing
11427,15947,Visual Effects
64864,15947,Visual Effects
103344,15947,Directing
86004,218096,Directing
5030,218096,Directing
68424,15696,Directing
37846,15696,Writing
93975,16373,Directing
13383,878,Directing
4109,3309,Directing
37846,56137,Writing
68424,56137,Directing
142297,43495,Directing
12238,851,Directing
81285,72163,Directing
19457,30348,Directing
31497,43494,Directing
8823,43490,Directing
3146,28580,Directing
5030,20367,Directing
2636,4174,Directing
4410,307,Directing
68,17058,Directing
25161,2457,Directing
77101,178575,Directing
25165,34327,Directing
21506,17889,Directing
70862,14594,Directing
103931,38466,Directing
8929,13581,Directing
70864,13581,Directing
74697,13581,Directing
29504,13581,Directing
10346,49845,Directing
125398,41073,Writing
2636,303,Directing
21506,28907,Directing
11435,910,Directing
74878,25736,Directing
37846,28162,Writing
68424,28162,Directing
9730,648,Writing
93904,25502,Directing
33062,90093,Directing
33064,83098,Directing
2662,1585,Directing
97774,31206,Directing
32134,3767,Directing
5030,32945,Directing
8500,3088,Directing
10001,887,Directing
25165,20417,Directing
29962,32275,Directing
31963,29100,Directing
275022,13850,Directing
11434,13850,Directing
25165,20408,Directing
37360,21336,Directing
40,20246,Directing
142526,20343,Directing
64864,20343,Visual Effects
74565,20343,Directing
11429,20343,Directing
222238,20343,Visual Effects
142297,89186,Directing
12238,14320,Directing
68424,16391,Directing
37846,16391,Writing
14353,98539,Directing
15378,43461,Directing
69392,31513,Directing
24939,111042,Writing
50765,42342,Writing
2636,31667,Directing
10601,22292,Writing
30129,55308,Directing
64114,28120,Directing
93905,117241,Directing
10146,678,Directing
144734,101780,Directing
11429,46929,Directing
74565,46929,Directing
11427,46929,Visual Effects
56929,46929,Editing
14875,17487,Writing
5834,33079,Directing
33064,98578,Directing
40,3766,Directing
24939,11881,Writing
2746,33667,Directing
11435,3089,Directing
37846,19542,Writing
68424,19542,Directing
3359,23383,Acting
130056,208708,Directing
94880,33111,Directing
39058,32066,Directing
10790,23861,Directing
606084,81294,Production
69392,29380,Directing
2636,1580,Directing
37361,62694,Directing
94169,45628,Directing
117773,43454,Directing
83399,32294,Directing
6593,3090,Directing
18738,43442,Directing
4065,32850,Directing
37360,26038,Directing
9049,43443,Directing
12329,5156,Directing
64864,13757,Visual Effects
74565,13757,Directing
11434,13757,Directing
11429,13757,Directing
40,27883,Directing
40983,111650,Directing
15378,1092,Directing
69392,29885,Directing
13284,31516,Directing
13294,31516,Acting
14674,25431,Directing
2746,62727,Directing
14353,43397,Directing
1744,17218,Directing
9054,43436,Directing
3239,39314,Directing
16523,47308,Acting
95501,20530,Directing
10601,45578,Writing
70864,11898,Directing
29962,24650,Directing
10001,28571,Directing
11435,23567,Directing
5690,13465,Directing
64864,13465,Visual Effects
74565,13465,Directing
2636,4175,Directing
14875,25430,Writing
97573,206145,Directing
5763,4595,Acting
97202,124994,Directing
10601,705,Writing
3146,599,Directing
64864,11224,Visual Effects
11434,11224,Directing
11429,11224,Directing
5026,548,Directing
69392,43390,Directing
6593,16958,Directing
33064,11787,Directing
9730,4558,Writing
14674,24481,Directing
106608,43391,Acting
2765,17057,Directing
148559,80636,Production
10601,28433,Writing
11593,18995,Camera
2636,1978,Directing
5026,32690,Directing
3831,15390,Directing
1744,43394,Directing
97573,119325,Directing
31497,29381,Directing
3146,25364,Directing
2636,845,Directing
64864,12092,Visual Effects
11434,12092,Directing
11429,12092,Directing
6593,488,Directing
1744,828,Directing
2746,702,Directing
21506,17820,Directing
10346,43376,Directing
13980,2769,Directing
95501,50247,Directing
13973,10785,Directing
15127,43372,Directing
19606,173797,Directing
9054,11620,Directing
74878,29835,Directing
14643,101557,Directing
5026,24774,Directing
31849,103937,Directing
51000,76088,Directing
13284,872,Directing
13294,872,Acting
112995,80596,Production
11435,43367,Directing
9054,43363,Directing
13980,43363,Directing
4065,288,Directing
8500,3109,Directing
68,24003,Directing
9740,5000,Directing
13848,28971,Acting
37362,4460,Directing
26134,4460,Directing
5026,3782,Directing
13980,32499,Directing
4410,41464,Directing
8636,27191,Directing
76882,73551,Directing
1044045,197361,Directing
1111251,197361,Directing
35318,27884,Directing
10601,18019,Writing
64864,10693,Visual Effects
11434,10693,Directing
11429,10693,Directing
2559,204,Writing
10001,804,Directing
8500,25009,Directing
95501,18148,Directing
13980,29376,Directing
3146,632,Directing
51000,8974,Directing
76381,14117,Directing
11435,759,Directing
27920,16914,Directing
33062,44140,Directing
49214,40165,Directing
18738,3110,Directing
89787,23125,Writing
89785,23125,Directing
4065,11426,Directing
46617,41462,Acting
2636,30159,Directing
68,14580,Directing
19606,10297,Directing
240,10165,Directing
26959,25955,Directing
5763,778,Acting
97202,14696,Directing
6648,47735,Directing
44763,24018,Writing
89981,28696,Directing
11558,35073,Art
26134,37198,Directing
46307,33743,Directing
33883,19483,Directing
14353,27030,Directing
81799,18573,Directing
70565,73553,Directing
19457,80316,Directing
103393,27430,Directing
13284,16563,Directing
4109,13368,Directing
2765,26596,Directing
2746,654,Directing
2087,173,Directing
2636,567,Directing
51677,11071,Directing
3146,6620,Directing
12238,16410,Directing
50567,55859,Writing
50577,55859,Writing
2636,521,Directing
5026,346,Directing
14674,3111,Directing
1744,43336,Directing
4410,2748,Directing
40199,17729,Directing
19606,41503,Directing
125690,36871,Directing
33883,10973,Directing
223791,56290,Directing
90370,23620,Writing
18598,1678,Directing
70709,11848,Directing
70707,11848,Directing
97202,45993,Directing
71522,101028,Directing
67924,43294,Directing
834,51044,Directing
132188,58007,Directing
44763,23020,Writing
64114,10178,Directing
2636,381,Directing
10921,3112,Acting
11429,10340,Directing
64864,10340,Visual Effects
11434,10340,Directing
19606,33218,Directing
6648,11700,Directing
14566,5506,Directing
10601,4825,Writing
2559,827,Writing
20412,13210,Directing
2765,221,Directing
85758,20174,Editing
14502,20174,Acting
86004,22342,Directing
14227,934,Directing
4109,5996,Directing
44763,36489,Writing
33883,9077,Directing
67451,15919,Directing
4065,13936,Directing
3146,10653,Directing
12238,50363,Directing
240,10056,Directing
12160,5801,Directing
18603,1679,Directing
12327,831,Directing
69392,139799,Directing
18907,60966,Directing
86659,52857,Directing
2636,11219,Directing
70862,138357,Directing
33166,66436,Directing
4081,76117,Production
8500,3114,Directing
40184,123354,Directing
9054,42196,Directing
80570,16520,Directing
21598,40953,Directing
2636,22527,Directing
12300,830,Directing
102429,187790,Production
14773,11549,Directing
50577,11839,Writing
50567,11839,Writing
29962,11706,Directing
2765,26036,Directing
8636,6844,Directing
53767,8420,Directing
20412,2897,Directing
24939,60525,Writing
41704,48385,Writing
86051,24010,Directing
240,247,Directing
12160,897,Directing
10346,15244,Directing
18598,19742,Directing
7501,43791,Directing
69392,11424,Directing
71522,104607,Directing
2636,574,Directing
125690,46493,Directing
67349,94407,Directing
37447,170412,Writing
6241,458,Directing
223708,56068,Directing
26436,10626,Directing
73153,49701,Directing
39996,389,Directing
2765,83354,Directing
80570,24203,Directing
108764,38360,Directing
33883,31682,Directing
240,975,Directing
5834,22660,Directing
8501,28285,Writing
13284,13320,Directing
4415,19426,Directing
2801,29933,Directing
19328,15876,Acting
6648,490,Directing
10146,25103,Directing
14566,976,Directing
8514,56188,Directing
6593,37103,Directing
6648,614,Directing
86051,40885,Directing
15705,43240,Directing
12238,826,Directing
3359,24012,Acting
30008,8356,Directing
1052612,272805,Acting
2746,21849,Directing
102429,85853,Production
3146,37257,Directing
18598,43226,Directing
13284,52367,Directing
26959,14837,Directing
5026,3777,Directing
123099,260640,Directing
1027099,120303,Directing
14875,37373,Writing
70565,43230,Directing
587603,216356,Directing
2636,426,Directing
40983,4955,Directing
53859,19759,Directing
2087,42661,Directing
1744,18784,Directing
24939,43137,Writing
70565,11815,Directing
239293,70864,Directing
25826,70864,Directing
29662,11868,Directing
587254,43144,Directing
109846,34078,Acting
5763,427,Acting
40,1480,Directing
13980,17281,Directing
4081,11414,Production
87521,16347,Production
67451,43136,Directing
86051,17352,Directing
13284,22874,Directing
19708,34084,Production
19457,37451,Directing
3632,261,Writing
37770,66966,Directing
117147,52639,Directing
5026,1059,Directing
31764,27179,Directing
6648,60899,Directing
1744,28577,Directing
1650,147,Directing
64864,10882,Visual Effects
10001,665,Directing
39743,11571,Directing
4065,27029,Directing
5834,18887,Directing
3146,239,Directing
46712,34148,Directing
2636,213,Directing
10601,14698,Writing
114562,34077,Visual Effects
937722,89688,Writing
12011,26857,Directing
35216,66965,Directing
95501,28276,Directing
32375,55823,Directing
103467,53050,Directing
102429,22642,Production
834,93,Directing
12011,15856,Directing
102429,27545,Production
84940,35813,Writing
73150,43096,Directing
18598,62472,Directing
12160,896,Directing
11435,301,Directing
123401,4952,Directing
31843,4928,Writing
44763,10513,Writing
44763,32623,Writing
9894,1566,Acting
39743,43049,Directing
37302,31417,Directing
3776,269,Directing
14520,966,Directing
240,967,Directing
4081,1908,Production
3146,284,Directing
2636,539,Directing
834,1941,Directing
14674,24014,Directing
95501,21967,Directing
114433,31392,Writing
15127,8422,Directing
25826,27632,Directing
9730,36878,Writing
239551,50173,Directing
107331,39890,Directing
15389,2546,Directing
76380,44023,Directing
2559,61711,Writing
33064,43042,Directing
6648,11656,Directing
2746,82311,Directing
4415,439,Directing
12329,24167,Directing
68424,11167,Directing
103393,29259,Directing
29662,23220,Directing
1650,1818,Directing
70864,36741,Directing
21598,73898,Directing
14227,43039,Directing
22795,17938,Directing
21869,2134,Directing
5026,31589,Directing
19069,27419,Directing
5026,11878,Directing
10001,20139,Directing
96716,27717,Acting
1927,164,Writing
76882,18993,Directing
26959,28699,Directing
64864,12230,Visual Effects
11429,12230,Directing
57314,12230,Visual Effects
40199,16638,Directing
6593,11536,Directing
14875,990,Writing
3146,430,Directing
18868,1725,Acting
1744,1725,Directing
45091,22727,Acting
82800,18228,Directing
18854,33710,Directing
2746,28569,Directing
32765,25062,Directing
29715,19186,Writing
40549,29478,Directing
80570,30126,Directing
47399,30126,Directing
15189,41050,Directing
18598,39410,Directing
3776,31522,Directing
18669,10911,Directing
29662,28752,Directing
3831,63892,Directing
5970,12491,Directing
6648,11602,Directing
25630,16372,Directing
26134,171898,Directing
24882,40641,Directing
2765,36362,Directing
1650,1628,Directing
8452,31442,Directing
12238,947,Directing
18392,10242,Directing
240,802,Directing
8482,595,Directing
94069,21143,Directing
5629,21143,Directing
13776,982,Directing
40,3009,Directing
87521,13671,Production
79294,16093,Directing
6817,499,Directing
110726,33468,Writing
9054,39391,Directing
10346,48764,Directing
31439,76000,Directing
9956,662,Directing
103467,48421,Directing
605481,43001,Directing
67451,12708,Directing
9855,646,Directing
6448,1162,Directing
1863430,686487,Directing
18598,686487,Directing
11435,11385,Directing
32765,16103,Directing
32375,45267,Directing
12329,45267,Directing
4415,45267,Directing
15127,45267,Directing
834,17185,Directing
25182,10421,Acting
34613,26866,Directing
123099,71767,Directing
64114,60792,Directing
3776,1626,Directing
35318,9289,Directing
9894,9289,Acting
57142,9289,Directing
8626,9289,Directing
8502,9289,Production
33542,5636,Directing
1650,256,Directing
76978,14537,Directing
14520,5925,Directing
3146,2690,Directing
1927,936,Writing
2765,27759,Directing
28615,81399,Directing
13284,4808,Directing
60981,9960,Directing
26959,25504,Directing
2636,571,Directing
95526,26484,Directing
40940,19254,Directing
3776,266,Directing
21506,25167,Directing
57314,9078,Visual Effects
1174367,44065,Directing
1744,11772,Directing
101528,39222,Directing
116641,37204,Directing
1776,28503,Directing
32765,5769,Directing
9855,657,Directing
102429,32569,Production
123401,30204,Directing
6648,11506,Directing
102429,29056,Production
33513,120959,Directing
4415,422,Directing
5026,11712,Directing
37493,4498,Directing
18598,35072,Directing
12804,43532,Directing
39009,42987,Directing
28615,86764,Directing
6648,29455,Directing
89685,37969,Directing
159232,136467,Directing
4081,11576,Production
10601,8095,Writing
33542,3685,Directing
240,935,Directing
4385,391,Directing
5834,433,Directing
144977,13382,Directing
19865,201429,Directing
96801,16672,Directing
161229,40618,Directing
44878,34276,Directing
6603,44736,Camera
14674,11113,Directing
10586,704,Directing
3776,8073,Directing
133259,42791,Directing
76882,14433,Directing
95526,39113,Directing
11435,39231,Directing
12329,49687,Directing
18392,10299,Directing
5970,24192,Directing
39009,96394,Directing
33727,3763,Directing
39996,502,Directing
21506,2098,Directing
9915,658,Directing
4112,22543,Acting
24882,5967,Directing
91788,21159,Writing
91789,21159,Directing
19069,114785,Directing
13776,3482,Directing
18598,15766,Directing
40940,5066,Directing
69392,42797,Directing
15189,26638,Directing
18598,1682,Directing
2636,506,Directing
1927,1594,Writing
7501,66022,Directing
82461,86666,Directing
37842,131344,Acting
95040,42790,Directing
51715,49160,Writing
31336,9547,Directing
33542,3686,Directing
18502,9347,Directing
5029,12553,Directing
1744,15121,Directing
1254240,39951,Directing
1003644,39951,Directing
4415,19120,Directing
3556,11481,Directing
126462,42729,Directing
9855,660,Directing
5834,20723,Directing
64508,15247,Directing
3776,8072,Directing
4385,938,Directing
18392,10243,Directing
15389,11799,Directing
8482,49683,Directing
19304,24134,Directing
4590,315,Directing
45430,43644,Directing
12238,907,Directing
834,1942,Directing
18598,19545,Directing
89166,21930,Directing
18598,3160,Directing
12160,138030,Directing
122905,83356,Directing
545763,148782,Directing
18907,26685,Directing
67619,33364,Directing
70616,32323,Directing
18957,19199,Directing
33542,7085,Directing
18502,9627,Directing
5029,19195,Directing
5029,19194,Directing
5026,3780,Directing
10586,42744,Directing
6648,797,Directing
90694,17295,Directing
4385,429,Directing
124137,46919,Directing
10076,15598,Directing
591234,86451,Directing
46617,38606,Acting
2087,2161,Directing
15189,1052,Directing
165752,37301,Directing
39996,84278,Directing
5342,396,Directing
30833,3149,Directing
3146,1888,Directing
90522,23728,Directing
15488,263640,Directing
1650,1714,Directing
1744,5923,Directing
146225,42719,Directing
4065,874,Directing
49450,10772,Directing
8452,895,Directing
31310,29070,Directing
98514,29070,Directing
32375,23832,Directing
10001,3001,Directing
2636,5780,Directing
30561,3115,Directing
83360,28719,Directing
80709,28856,Directing
80702,28857,Directing
228728,22899,Directing
557134,95597,Writing
32831,49397,Directing
25558,3591,Directing
101520,29049,Writing
29662,17102,Directing
82461,45706,Directing
96369,114333,Directing
88571,22293,Directing
19457,41057,Directing
97083,66953,Directing
11435,6644,Directing
18957,9628,Directing
18502,9629,Directing
1272574,261653,Directing
13859,903,Directing
57314,9325,Visual Effects
5342,37247,Directing
226662,25904,Directing
6448,475,Directing
10076,667,Directing
9577,32489,Directing
47792,12208,Directing
8514,12208,Directing
70308,12208,Directing
6593,12208,Directing
39853,12208,Directing
133471,42695,Directing
96934,42692,Directing
18392,1654,Directing
19457,3055,Directing
793,649,Directing
13563,10633,Directing
13284,18209,Directing
13284,5767,Directing
9855,11206,Directing
107333,42689,Directing
3556,3053,Directing
3831,5511,Directing
28615,4837,Directing
5763,10227,Acting
21958,74896,Directing
67919,11047,Directing
12329,61041,Directing
4081,1879,Production
64823,110479,Directing
30561,18627,Directing
1080277,42712,Directing
89166,52728,Directing
82461,17905,Directing
96369,105584,Directing
24882,2433,Directing
69300,17887,Directing
29907,4949,Directing
13848,2984,Acting
39009,74544,Directing
18834,41608,Directing
234575,61943,Directing
628,52686,Directing
13265,871,Directing
16888,29146,Directing
14639,30197,Acting
3556,805,Directing
240,62,Directing
54451,11046,Acting
24657,6003,Directing
71253,12105,Directing
1744,52959,Directing
51875,32726,Directing
53767,8069,Directing
4385,335,Directing
1927,10794,Writing
12009,18988,Directing
78157,14794,Directing
19450,18193,Directing
18635,4929,Directing
14999,10331,Directing
40940,22937,Directing
39779,47069,Directing
1650,4191,Directing
24530,9929,Writing
24531,9929,Writing
10001,16085,Directing
18392,54575,Directing
6648,18333,Directing
18598,3107,Directing
35256,58658,Directing
89166,34131,Directing
12804,916,Directing
592762,35166,Directing
14520,17657,Directing
5629,29778,Directing
55969,41064,Directing
125179,41861,Acting
1382692,315986,Directing
29907,3054,Directing
70308,11708,Directing
233343,46570,Production
15378,17917,Directing
33542,10638,Directing
41159,46443,Directing
88820,29790,Directing
32327,66027,Directing
64214,10237,Writing
18579,11574,Directing
38250,37437,Editing
86051,20391,Directing
9577,642,Directing
2778,624,Acting
101767,29228,Directing
12964,33166,Directing
7501,5179,Directing
39779,10536,Directing
1097070,133343,Directing
15488,13384,Directing
37360,17529,Directing
6448,5638,Directing
19304,3116,Directing
1650,1651,Directing
3831,15383,Directing
9868,668,Editing
13294,14030,Acting
18598,39462,Directing
2226,28145,Directing
68424,49225,Directing
1243,11485,Directing
27436,2721,Directing
28615,48831,Directing
6648,42602,Directing
40235,4946,Directing
107276,92312,Writing
30956,72309,Directing
3831,11657,Directing
4590,5722,Directing
57314,10112,Visual Effects
16411,13400,Directing
16410,13400,Directing
980524,28476,Writing
100890,28476,Visual Effects
100888,28476,Directing
14773,11916,Directing
43553,59408,Directing
26134,31952,Directing
37230,198289,Directing
19450,26617,Directing
133259,9062,Directing
19629,82976,Directing
15175,34377,Directing
26134,34479,Directing
100296,29748,Directing
29648,71943,Directing
24939,10671,Writing
32327,72899,Directing
4956,8416,Directing
1927,42586,Writing
15663,14801,Directing
30956,5620,Directing
5026,33205,Directing
793,35838,Directing
24882,5590,Directing
6448,11040,Directing
38131,33157,Directing
28615,2860,Directing
2087,11165,Directing
31074,11165,Directing
68412,11165,Directing
20789,3423,Writing
5342,10364,Directing
30706,37662,Acting
123012,80560,Acting
56033,9394,Directing
55006,12127,Directing
11435,26593,Directing
13265,11202,Directing
1552058,4255,Directing
19069,2912,Directing
14132,36040,Camera
3451,252,Directing
1,636,Directing
240,185,Directing
15657,22777,Directing
3974,59881,Directing
16410,47182,Directing
16411,47182,Directing
5834,12335,Directing
57073,9267,Acting
4964,343,Directing
39012,25188,Directing
7767,994,Directing
6558,482,Directing
9108,1687,Directing
135650,5822,Acting
27728,172475,Directing
65843,47446,Directing
545675,74689,Directing
190,15393,Acting
48995,64345,Directing
29646,46067,Directing
30700,31472,Writing
79726,16154,Directing
15175,1051,Directing
1243,11302,Directing
9789,29005,Directing
1042634,40486,Directing
15127,6619,Directing
9915,681,Directing
95456,56231,Directing
488,839,Directing
235715,39464,Production
16544,26405,Directing
6349,466,Directing
138167,39261,Directing
32327,31767,Directing
13265,38646,Directing
30956,17343,Directing
17281,1485,Directing
31890,61799,Directing
2087,26234,Directing
3556,11316,Directing
41702,56259,Art
18579,31283,Directing
27014,40732,Directing
95568,26513,Directing
135335,46175,Directing
58251,36850,Directing
21544,11951,Directing
44726,48207,Directing
88809,26237,Directing
56033,11829,Directing
11993,16328,Writing
1744,10514,Directing
8452,593,Directing
10367,692,Directing
1650,4683,Directing
107859,53806,Acting
28615,12116,Directing
6648,10238,Directing
40184,90391,Directing
1776,238,Directing
3146,12530,Directing
6818,2000,Directing
29433,49361,Directing
19665,10669,Directing
2226,11943,Directing
129514,14902,Directing
14674,5183,Directing
213341,55106,Directing
239485,49106,Directing
39012,6949,Directing
66777,10784,Directing
4956,1643,Directing
7501,551,Directing
105036,29852,Directing
10601,993,Writing
100616,93068,Directing
87267,62382,Directing
16862,34280,Directing
105866,68053,Directing
30561,19336,Directing
138867,84642,Directing
46092,5853,Directing
2725,10310,Directing
106540,30566,Directing
5140,15516,Directing
2636,573,Directing
27436,91487,Directing
793,4593,Directing
64508,23148,Directing
80702,41471,Directing
80702,17810,Directing
1591592,41477,Directing
80702,41474,Directing
1150,22307,Directing
45489,214525,Directing
45491,214525,Directing
31310,22910,Directing
18834,1721,Directing
1190421,20803,Directing
30715,3133,Directing
14132,931,Camera
15175,9552,Directing
80261,16307,Directing
11195,760,Acting
8333,28797,Directing
37833,4495,Directing
9577,9277,Directing
50567,42458,Writing
1243,11561,Directing
43304,31596,Acting
39996,9040,Directing
2087,12101,Directing
55119,8327,Directing
13265,5924,Directing
39012,11293,Directing
13563,12545,Directing
1,838,Directing
57314,11886,Visual Effects
19032,16180,Directing
190,11901,Acting
93587,80911,Directing
1032,203,Directing
9915,253,Directing
53767,82969,Directing
1650,1675,Directing
94011,13479,Visual Effects
78615,13479,Directing
12698,20842,Directing
30561,39264,Directing
25467,2487,Directing
18635,28156,Directing
10491,21035,Directing
72891,12550,Directing
14999,29425,Directing
630230,42457,Directing
46997,35669,Directing
7767,11577,Directing
98514,91618,Directing
57727,9461,Directing
39996,32615,Directing
80260,16306,Directing
67924,11048,Directing
45489,88950,Directing
45491,88950,Directing
30956,28802,Directing
30956,19095,Directing
88820,84473,Directing
57639,9474,Directing
10586,2926,Directing
19069,42463,Directing
73153,27019,Directing
14639,11072,Acting
14639,3034,Acting
19665,4923,Directing
11770,1410,Directing
7501,21489,Directing
1032,16153,Directing
3556,829,Directing
99339,27977,Writing
10051,30497,Directing
69300,35275,Directing
12698,16938,Directing
1776,240,Directing
1776,592,Directing
6778,5919,Directing
95568,50254,Directing
2725,216,Directing
9915,682,Directing
19244,13939,Directing
1150,27327,Directing
10367,14267,Directing
6349,17365,Directing
31310,22048,Directing
42171,22121,Directing
30561,38582,Directing
190495,115497,Directing
34262,4031,Directing
38007,24402,Directing
11147,29845,Acting
26134,26480,Directing
99436,26480,Directing
130030,93934,Directing
33821,25627,Directing
29648,86889,Directing
97652,30885,Directing
488,5121,Directing
30422,27932,Directing
80609,20121,Directing
102201,41486,Directing
102627,29039,Directing
51421,6916,Writing
18627,25944,Directing
2690,11020,Directing
31439,12223,Directing
2226,11963,Directing
107669,43430,Directing
1426,17346,Editing
209970,17346,Directing
1418,17346,Directing
139002,17346,Directing
32327,11326,Directing
3974,510,Directing
13484,36685,Directing
5026,9764,Directing
10707,762,Acting
280,762,Directing
240,3175,Directing
488,578,Directing
121585,258563,Directing
201439,170677,Directing
130030,44012,Directing
8452,1396,Directing
39996,968,Directing
38007,4561,Directing
9789,3121,Directing
109086,19174,Acting
99511,18450,Writing
18598,19333,Directing
8262,4917,Acting
31310,52633,Directing
15194,82095,Camera
100117,28209,Directing
4955,20126,Directing
5970,5336,Directing
10491,42258,Directing
1243,11686,Directing
32767,32069,Writing
101377,13282,Directing
3776,112823,Directing
95058,112823,Directing
67924,11053,Directing
2087,38027,Directing
37915,4546,Directing
11770,17814,Directing
1150,7340,Directing
190,10747,Acting
14132,991,Camera
7187,794,Directing
20412,10803,Directing
39996,10774,Directing
1032,103,Directing
16513,1366,Directing
14639,10970,Acting
57542,9385,Directing
57543,9385,Directing
24530,9385,Writing
24531,9385,Writing
9168,8446,Directing
12015,21554,Editing
239176,56675,Directing
47498,6037,Directing
86290,42241,Directing
1144622,42241,Editing
46230,5879,Directing
19304,10518,Directing
13861,19610,Directing
1650,1660,Directing
29494,19971,Directing
31898,37769,Directing
2636,5854,Directing
133259,11558,Directing
229418,48203,Directing
6349,891,Directing
1013022,98964,Directing
66224,48197,Directing
3556,11482,Directing
55969,77660,Directing
21916,25305,Directing
51373,6883,Directing
94037,22561,Directing
50739,6609,Directing
974555,116982,Directing
102627,86194,Directing
1076630,91473,Directing
1076630,122791,Directing
1,11,Directing
107669,31139,Directing
18378,61280,Directing
4065,42222,Directing
12840,11009,Directing
69003,250480,Visual Effects
57314,250480,Visual Effects
67607,11319,Visual Effects
69003,11319,Visual Effects
57314,11319,Visual Effects
6818,11698,Directing
1243,703,Directing
18378,14741,Directing
10491,633,Directing
4955,11906,Directing
9789,41662,Directing
132305,25623,Directing
31894,42229,Directing
4786,5902,Acting
10346,32097,Directing
5306,14336,Directing
10051,30062,Directing
488,840,Directing
965039,77078,Directing
1650,1421,Directing
5602,985,Directing
19244,18196,Directing
83736,46114,Directing
14639,12535,Acting
33315,102283,Directing
9577,11590,Directing
30422,25763,Directing
10076,691,Directing
14999,26517,Directing
5140,12262,Directing
10367,14262,Directing
4610,11598,Directing
97966,30315,Acting
20412,12707,Directing
25558,11114,Directing
94011,31718,Visual Effects
78615,31718,Directing
578,19067,Directing
1045533,40074,Directing
29911,66489,Editing
77005,80220,Directing
119386,38020,Production
224,29437,Directing
10723,4199,Directing
42081,5205,Directing
42082,5205,Camera
26183,39412,Directing
30956,86508,Directing
19333,25388,Directing
30715,16642,Directing
4610,8469,Directing
50739,22311,Directing
6648,12761,Directing
8876,621,Directing
49949,74849,Directing
79462,74849,Directing
43553,48131,Directing
9108,10766,Directing
14999,923,Directing
1243,15867,Directing
7187,1924,Directing
70663,11837,Production
2775,166680,Directing
12114,11778,Directing
11770,948,Directing
6778,4192,Directing
167687,111469,Directing
9168,11327,Directing
18627,62847,Directing
24380,4484,Directing
99875,77859,Directing
93410,25239,Writing
7623,2186,Directing
39996,24961,Directing
40391,148980,Directing
44131,148980,Directing
4967,15659,Writing
4786,34193,Acting
13265,16241,Directing
16187,579,Directing
88164,22049,Directing
16384,123,Directing
37915,31948,Directing
15389,26973,Directing
15175,24429,Directing
1723,2153,Directing
7767,9584,Directing
33806,11144,Directing
86290,41426,Directing
578,348,Directing
1243,696,Directing
1723,11474,Directing
10707,583,Acting
18392,16972,Directing
10249,659,Directing
1744,152,Directing
66777,16858,Directing
4964,10322,Directing
2725,661,Directing
133259,19827,Directing
1776,28,Directing
14838,988,Writing
1895,6471,Acting
6818,6404,Directing
14773,10734,Directing
10076,698,Directing
8452,1398,Directing
65304,10373,Creator
13859,11449,Directing
83198,26326,Directing
121585,88034,Directing
58094,16659,Directing
1788,24750,Writing
8858,14035,Production
30689,31251,Directing
51373,180407,Directing
20629,9659,Directing
16483,1367,Acting
58245,9638,Directing
47893,9570,Directing
3974,10654,Directing
6729,12102,Writing
52268,13570,Directing
608,15371,Directing
40599,256166,Directing
68457,11176,Directing
98835,27924,Directing
82714,25476,Directing
34262,38438,Directing
151502,65156,Directing
21958,16323,Directing
18854,40842,Directing
4610,525,Directing
9168,3537,Directing
10930,1891,Directing
23442,21028,Acting
4967,19494,Writing
12936,813,Writing
12987,813,Production
3415,813,Production
240,694,Directing
1032,1578,Directing
15389,23954,Directing
31894,77334,Directing
33513,26200,Directing
1329201,44805,Acting
66226,17169,Crew
40549,98864,Directing
45572,8689,Directing
237682,40034,Writing
11770,790,Directing
66088,27458,Directing
34611,10765,Directing
51521,15668,Directing
15175,27958,Directing
309,4499,Directing
17281,3604,Directing
16187,16633,Directing
47503,40932,Acting
10586,8536,Directing
35475,4488,Production
12114,10935,Directing
10781,16769,Directing
8876,5689,Directing
57922,18910,Writing
4135,16619,Acting
67268,14460,Directing
22467,28319,Directing
9108,8738,Directing
239033,22504,Directing
9915,6028,Directing
44765,27346,Directing
560232,63625,Directing
9789,11335,Directing
1961,166,Directing
1035,2768,Writing
5026,11953,Directing
488,85,Directing
64823,10323,Directing
15389,25468,Directing
39104,22171,Directing
14674,109962,Directing
1723,12528,Directing
107274,10948,Directing
67607,10948,Visual Effects
67604,10948,Writing
11770,1103,Directing
14639,10156,Acting
1650,12579,Directing
1500801,71303,Directing
2352,62204,Directing
10367,14269,Directing
55983,14900,Directing
5231,387,Directing
38007,35685,Directing
6449,18254,Acting
280,36819,Directing
37710,10540,Directing
4610,814,Directing
70616,11827,Directing
58338,11827,Visual Effects
70707,11827,Directing
2888351,11827,Crew
67268,11827,Directing
1879400,11827,Visual Effects
71852,11827,Production
1773189,11827,Directing
57290,11827,Directing
1693752,11827,Directing
8844,14412,Writing
113799,15660,Directing
7623,764,Directing
15868,9589,Directing
18378,17450,Directing
4782,21874,Writing
58712,9725,Directing
33341,11281,Directing
8858,10890,Production
106381,46364,Directing
4600,11298,Directing
10179,699,Directing
64520,289706,Directing
32375,32480,Directing
68687,21764,Directing
58220,9443,Directing
1056130,250155,Directing
1150,11644,Directing
12677,848,Writing
29433,19204,Directing
18669,37936,Directing
224884,110001,Directing
13484,27997,Directing
37451,4485,Directing
64195,44247,Directing
102334,28893,Directing
3974,25566,Directing
19665,11527,Directing
638,11524,Directing
21958,11816,Directing
33094,24274,Directing
2226,19429,Directing
99436,63441,Directing
224,9538,Directing
6593,17360,Directing
58040,21610,Directing
22467,8691,Directing
32082,21484,Directing
38494,4483,Directing
578,78,Directing
8328,9387,Writing
69500,27016,Acting
6593,15739,Directing
1788,154,Writing
12859,97,Directing
6349,15764,Directing
55983,11639,Directing
7908,11639,Acting
40345,11704,Directing
16411,10150,Directing
16410,10150,Directing
488,601,Directing
95168,20980,Directing
11770,1091,Directing
39996,17590,Directing
1032,262,Directing
57434,13342,Directing
30309,10831,Directing
53861,94066,Directing
9789,67772,Directing
1035,6217,Writing
2226,9576,Directing
56755,9037,Crew
6648,5961,Directing
21371,27475,Writing
16544,1368,Directing
127608,42251,Directing
3776,32692,Directing
12698,10246,Directing
68993,11314,Directing
4967,16363,Writing
8246,13776,Directing
10051,609,Directing
555845,36431,Writing
58712,9728,Directing
67924,11340,Directing
13488,3526,Directing
1723,150,Directing
9168,12104,Directing
16830,27088,Production
1075658,136052,Directing
39996,24226,Directing
16483,1371,Acting
2303,30363,Directing
4955,29702,Directing
5140,17918,Directing
18596,2623,Directing
114629,40219,Directing
1309008,358807,Directing
100807,47886,Directing
27436,15600,Directing
9915,4193,Directing
33513,23615,Directing
64508,24740,Directing
1927,12614,Writing
15858,27332,Directing
57073,11949,Acting
15239,11949,Directing
1961,171,Directing
4786,783,Acting
24381,49398,Acting
39639,11840,Directing
31310,41889,Directing
5342,12502,Directing
11770,8769,Directing
19800,1892,Directing
10076,38291,Directing
4610,1621,Directing
893,11654,Directing
20025,42113,Directing
70008,11609,Directing
15206,1058,Directing
1776,232,Directing
16395,17435,Directing
309,8220,Directing
68687,11235,Directing
147227,36832,Directing
102445,78177,Directing
12840,860,Directing
224,837,Directing
7270,535,Directing
10586,9531,Directing
3388,11050,Production
56033,11616,Directing
1895,11591,Acting
31338,393673,Directing
88164,26452,Directing
1150,111,Directing
224,11336,Directing
12698,850,Directing
46230,11948,Directing
12804,849,Directing
61677,14813,Writing
10179,700,Directing
10707,4543,Acting
10491,29140,Directing
8558,17692,Art
18209,62981,Directing
103509,98596,Directing
1776,227,Directing
10400,10269,Acting
21819,10489,Directing
4477780,14087,Writing
61961,12921,Acting
8872,12921,Acting
86194,15895,Directing
1048452,14243,Directing
11035,27163,Directing
58448,28054,Directing
57383,9346,Writing
1724,12503,Directing
38822,11981,Directing
45672,45233,Directing
45577,45233,Directing
8858,620,Production
4600,927,Directing
2087,9610,Directing
54441,40775,Directing
608,81,Directing
28904,9336,Writing
3974,279,Directing
18179,11379,Writing
2303,655,Directing
488,87,Directing
309,8221,Directing
1749,157,Acting
2710,218,Directing
11505,15144,Writing
16513,1885,Directing
5602,841,Directing
3026,11031,Acting
769,90,Directing
16187,9651,Directing
13563,26522,Directing
13284,14347,Directing
11147,52109,Acting
68381,18462,Directing
22151,57565,Directing
6159,2619,Directing
8246,11393,Directing
31788,28968,Directing
5231,34584,Directing
5140,377,Directing
58729,13763,Directing
31493,13820,Directing
4818,27670,Acting
67792,27670,Acting
18378,37296,Directing
37710,4437,Directing
14692,11884,Acting
7908,11899,Acting
12936,8764,Writing
3415,8764,Production
12987,8764,Production
12238,15927,Directing
1150,11507,Directing
64195,9730,Directing
119476,151992,Directing
1223,11368,Directing
67897,14052,Directing
78523,31939,Directing
11770,9663,Directing
66987,10823,Directing
19707,5677,Production
4385,311,Directing
57359,12309,Directing
57434,16806,Directing
52193,39256,Sound
1178751,39256,Directing
97710,27414,Production
237350,75877,Directing
59023,10606,Directing
59023,10179,Directing
686,11221,Writing
8956,1803,Writing
52968,26178,Directing
103509,99760,Directing
28898,9314,Directing
24,9326,Directing
198201,63360,Directing
1895,10631,Acting
12698,16551,Directing
90525,23730,Directing
21175,55976,Acting
38822,12098,Directing
105091,46500,Production
95550,47345,Directing
135616,40978,Directing
70171,40978,Directing
56033,8833,Directing
24,105,Directing
11505,2108,Writing
91727,24548,Directing
2087,9626,Directing
15254,21042,Directing
11505,11814,Writing
41720,10157,Acting
13563,24735,Directing
226920,226860,Directing
69801,16263,Directing
280,68,Directing
134306,17663,Directing
6817,44018,Directing
488,873,Directing
63713,14370,Directing
18596,16082,Directing
21217,15196,Acting
7187,526,Directing
54441,11257,Directing
39819,135418,Directing
53861,8130,Directing
20640,92990,Directing
71732,47908,Directing
12964,9749,Directing
107274,10957,Directing
67604,10957,Writing
5231,11864,Directing
8300,20348,Directing
932916,67342,Directing
5026,11645,Directing
56147,8868,Directing
56146,8868,Directing
67753,10999,Directing
8403,147747,Writing
154,13155,Editing
7187,9340,Directing
87565,13667,Directing
122506,32147,Directing
4163,294,Directing
4786,1816,Acting
72709,42045,Directing
14999,8408,Directing
1032,10843,Directing
578,11976,Directing
68732,11243,Directing
3776,52710,Directing
52121,29903,Directing
4955,29161,Directing
69315,29263,Directing
3224,11240,Directing
1243,10849,Directing
3026,8992,Acting
58822,9731,Writing
27991,1694,Directing
4610,9080,Directing
2690,9281,Directing
12677,15982,Writing
69167,11830,Directing
64796,11797,Directing
62020,10014,Directing
2226,606,Directing
93406,25237,Directing
10179,707,Directing
32277,10176,Directing
40542,11703,Directing
16566,1369,Directing
134114,42034,Directing
16483,1374,Acting
12180,15916,Directing
10491,12775,Directing
73121,37585,Directing
147793,40027,Directing
74893,13651,Directing
114629,29794,Directing
1394664,308363,Directing
102511,40993,Writing
510,5683,Directing
37626,12111,Directing
77300,13938,Directing
64877,11824,Directing
190,8879,Acting
4603499,88304,Writing
237706,313612,Directing
39639,10853,Directing
12840,2605,Directing
11505,9377,Writing
55983,13597,Directing
2710,679,Directing
608,10515,Directing
41720,12118,Acting
3026,235,Acting
1243,5143,Directing
52968,8009,Directing
98835,20874,Directing
1044,13853,Camera
893,744,Directing
14911,10945,Acting
7908,10776,Acting
1776,10013,Directing
11770,6978,Directing
24318,10466,Acting
67753,2620,Directing
40345,4978,Directing
1749,168,Acting
92554,13766,Directing
5602,793,Directing
67268,10857,Directing
224,9426,Directing
85311,47951,Directing
113102,34760,Directing
4429,1554,Directing
536891,42025,Directing
1152,792,Directing
58453,9671,Directing
15810,9994,Writing
61677,9994,Writing
61678,9994,Writing
15811,9994,Writing
19542,1857,Directing
26502,11522,Directing
1173933,42031,Directing
8876,10122,Directing
66088,51881,Directing
69801,15596,Directing
12936,12151,Writing
12987,12151,Production
3415,12151,Production
686,10658,Writing
3027,9980,Writing
43786,9873,Directing
57290,9318,Directing
1776,19492,Directing
4610,8388,Directing
39298,55562,Directing
638,11454,Directing
224976,63269,Directing
26760,39776,Directing
16513,8856,Directing
19798,1890,Directing
62556,24913,Directing
8965,11416,Directing
27991,14510,Directing
2352,192,Directing
10439,30194,Writing
309,8047,Directing
38507,30163,Writing
3556,11483,Directing
18356,3980,Directing
98132,28941,Directing
5140,33278,Directing
231745,60800,Directing
143035,78450,Directing
5281,27995,Directing
21037,33345,Acting
11401,11471,Directing
9181,18169,Directing
16566,9874,Directing
64508,11037,Directing
33008,16113,Production
35452,12721,Directing
40187,279984,Directing
63550,10225,Directing
10051,16337,Directing
8246,801,Directing
716,88,Directing
3026,2493,Acting
10491,5548,Directing
65688,10587,Directing
240,600,Directing
70636,11832,Directing
68687,65501,Directing
1201,10780,Acting
7187,941,Directing
14639,957,Acting
1243,22477,Directing
78157,49815,Directing
893,96,Directing
310233,227019,Writing
8966,13446,Acting
78514,15677,Directing
1090,106,Directing
1255,26719,Writing
32632,3543,Directing
55439,117233,Directing
2303,144,Directing
20629,6069,Directing
98136,26011,Directing
1243,30890,Directing
9168,635,Directing
56106,11215,Writing
54441,26371,Directing
58094,49969,Directing
64796,35463,Directing
13563,2039,Directing
11505,2609,Writing
5572,1547,Directing
4956,746,Directing
565467,136215,Directing
31211,9003,Writing
1226444,57244,Directing
11770,8852,Directing
1223,378,Directing
30696,21793,Acting
1512482,240491,Directing
7623,765,Directing
133259,20242,Directing
64508,11411,Directing
42309,6917,Directing
19450,19345,Directing
7190,10023,Writing
7270,10998,Directing
1035,2115,Writing
16294,42015,Directing
253696,72984,Writing
3388,12626,Production
488,10110,Directing
69331,37530,Writing
26713,10072,Directing
1111947,223658,Directing
15389,1786,Directing
15056,16288,Camera
15663,580,Directing
1749,12154,Acting
19665,32054,Directing
108,9964,Directing
10965,14367,Directing
19842,60311,Directing
309,4043,Directing
42,29445,Directing
18378,10021,Directing
12988,865,Acting
51785,51521,Directing
11401,18305,Directing
54590,12919,Directing
98132,28218,Directing
35452,42012,Directing
70737,11649,Production
518,11896,Acting
4600,5709,Directing
8555,5709,Acting
44990,5709,Acting
4610,5709,Directing
7181,5709,Production
130313,146047,Directing
126951,293867,Directing
21370,10083,Directing
24,856,Directing
4610,9602,Directing
608,8392,Directing
8858,9493,Production
14995,11825,Directing
1090,562,Directing
510,4011,Directing
6159,847,Directing
44765,14240,Directing
7145,2640,Directing
18281,11191,Directing
5342,3525,Directing
11770,8337,Directing
71792,12233,Directing
70250,11690,Directing
3224,859,Directing
1961,52286,Directing
33094,10306,Directing
12987,37136,Production
80247,16296,Visual Effects
8929,623,Directing
769,9013,Directing
185,149,Writing
309,4203,Directing
10367,11054,Directing
2670521,17126,Directing
1201,15592,Acting
42171,10868,Directing
12936,12710,Writing
57132,25884,Production
63709,10117,Directing
43513,10128,Directing
40345,12144,Directing
93911,41799,Directing
55146,8463,Directing
106834,13350,Directing
8246,380,Directing
16294,2321,Directing
131081,45295,Directing
56828,11967,Directing
77300,455348,Directing
42113,5241,Directing
224,9540,Directing
64796,10585,Directing
24318,12120,Acting
19101,38141,Directing
88939,22572,Directing
52193,22572,Sound
7187,9647,Directing
97646,27397,Directing
65314,11216,Directing
1032,11051,Directing
26882,395018,Directing
131374,395018,Directing
20310,395018,Directing
52030,187361,Acting
52194,9064,Directing
14911,2280,Acting
1243,22478,Directing
83198,18509,Directing
280,14506,Directing
628,12477,Directing
18335,8740,Directing
16938,10131,Directing
12453,24163,Directing
60261,26515,Crew
8844,31052,Writing
54148,80047,Directing
61824,10127,Acting
22669,2210,Directing
583023,49365,Directing
10781,10130,Directing
4037,287,Writing
1119016,20847,Directing
2352,2383,Directing
16589,1370,Directing
59,175,Directing
29009,21185,Directing
158955,352463,Directing
44807,5680,Directing
45489,114281,Directing
45491,114281,Directing
105084,107420,Directing
232381,61108,Editing
88820,61108,Directing
64195,12663,Directing
23946,1316934,Directing
24,165,Directing
11505,2616,Writing
3026,639,Acting
103679,50201,Directing
63943,10135,Directing
14987,11895,Directing
4429,11305,Directing
15810,10144,Writing
15811,10144,Writing
608,16859,Directing
8965,27461,Directing
67897,22102,Directing
18378,10860,Directing
510,268,Directing
488,89,Directing
1748,172,Acting
10076,18683,Directing
83319,18614,Directing
8858,2978,Production
4945,9354,Directing
42113,5203,Directing
2710,2756,Directing
23677,19118,Directing
12964,14628,Directing
16544,8491,Directing
47893,33787,Directing
1884,1412,Directing
4600,11974,Directing
11181,10705,Acting
2690,207,Directing
18356,1648,Directing
53861,11157,Directing
40345,11497,Directing
1243,11562,Directing
12920,9942,Writing
6011,32761,Directing
16566,14372,Directing
5216,476,Directing
71042,11959,Directing
108,8216,Directing
119476,38043,Directing
11649,2028,Writing
10179,709,Directing
34611,14550,Directing
30309,7452,Directing
13015,10493,Directing
16767,11475,Directing
145053,25199,Directing
1724,6951,Directing
96878,27070,Writing
1152,2604,Directing
2042,10160,Directing
5281,925,Directing
64735,10283,Directing
9181,9665,Directing
97646,17362,Directing
72823,18289,Directing
7187,942,Directing
5696,403,Directing
23968,2323,Writing
53334,10161,Directing
20412,4296,Directing
81237,45182,Directing
34682,5825,Directing
36772,69141,Directing
1686489,35927,Writing
98136,67394,Directing
22012,10222,Directing
64681,10222,Production
13015,19124,Directing
16513,10495,Directing
11401,10835,Directing
8328,20713,Writing
58728,9618,Directing
98132,19142,Directing
898,8867,Editing
10491,861,Directing
24,196,Directing
14132,10166,Camera
10965,771,Directing
24318,4587,Acting
3026,1700,Acting
5342,22414,Directing
65452,36843,Directing
59,9322,Directing
10249,20815,Directing
32640,48745,Art
3415,251,Production
107831,31225,Directing
33485,9362,Directing
1066960,123763,Directing
190,28761,Acting
1201,114,Acting
1032,769,Directing
7623,9556,Directing
104816,29779,Directing
10757,2891,Directing
1150,9586,Directing
510,162,Directing
5602,483,Directing
26095,2565,Directing
5572,1551,Directing
16938,1573,Directing
1090,1669,Directing
587200,44283,Directing
64061,10170,Directing
119294,30017,Directing
67259,96466,Directing
63709,19384,Directing
1238017,388645,Directing
73496,51763,Directing
16767,7975,Directing
1078813,123778,Production
8844,3101,Writing
65678,11186,Directing
45577,26914,Directing
1223,379,Directing
1724,11856,Directing
2042,169,Directing
10930,5549,Directing
18308,1498,Directing
28615,28213,Directing
16767,7974,Directing
1128,8996,Directing
61019,10847,Directing
150181,47329,Directing
12936,31923,Writing
7270,2291,Directing
19665,48864,Directing
6349,11092,Directing
122186,39101,Directing
1243,8217,Directing
115447,259808,Directing
8858,951,Production
10367,9768,Directing
26595,4339,Directing
1060540,39323,Directing
1269,581,Acting
372,18971,Writing
15488,47869,Directing
67753,23535,Directing
74297,11135,Directing
65530,11135,Directing
1776,242,Directing
78188,15389,Writing
87213,21168,Writing
105199,29904,Directing
4956,24016,Directing
11401,11909,Directing
21819,427910,Directing
51572,19086,Directing
70280,60801,Writing
142859,36884,Directing
16590,9399,Writing
16513,1375,Directing
30477,299668,Directing
4600,928,Directing
31211,20481,Writing
16294,274,Directing
62047,10020,Directing
62048,10020,Directing
578,1541,Directing
628,15080,Directing
13563,6463,Directing
14392,1089,Directing
309,8222,Directing
18250,1633,Production
2710,280,Directing
95024,26291,Acting
90037,17990,Directing
488,879,Directing
72624,21828,Directing
607,10404,Directing
8876,12227,Directing
588957,58648,Directing
30365,11821,Directing
8300,8367,Directing
280,177,Directing
774,10750,Writing
12987,37137,Production
564,14022,Directing
1126,1600,Directing
32632,129542,Directing
1223,290,Directing
5696,41784,Directing
34262,32853,Directing
142603,68427,Directing
21879,10380,Directing
64949,10380,Directing
18356,15413,Directing
59649,1497,Directing
7190,28117,Writing
4429,339,Directing
51952,49410,Production
73962,12702,Directing
583988,41792,Directing
125543,88818,Directing
18357,1649,Directing
7908,10276,Acting
7145,9292,Directing
12936,9595,Writing
1788,174,Writing
5174,2907,Directing
4945,10249,Directing
90037,23378,Directing
893,9319,Directing
73149,77195,Acting
14639,6524,Acting
13,12186,Acting
8843,2107,Directing
42,9065,Directing
127483,42001,Directing
104510,214594,Directing
50949,10174,Directing
34611,4032,Directing
27977,2767,Directing
6482,650,Directing
44740,47252,Directing
68750,29475,Acting
6449,8592,Acting
56891,11284,Directing
1060540,24752,Directing
70602,48636,Directing
52405,25562,Directing
17784,30840,Directing
5140,13122,Directing
5026,20645,Directing
58021,50270,Directing
1152,820,Directing
33485,1406,Directing
15488,59058,Directing
1201,3784,Acting
5216,468,Directing
4610,11890,Directing
1032,1598,Directing
55916,38251,Directing
2303,10341,Directing
542659,65374,Directing
52968,8010,Directing
52187,47363,Writing
72543,26340,Directing
63937,24993,Directing
16590,9594,Writing
19921,1915,Directing
28976,11187,Directing
67753,13154,Directing
138,500,Directing
15811,812,Writing
15810,812,Writing
7467,8077,Directing
10965,772,Directing
15890,9504,Directing
3026,881,Acting
14911,11287,Acting
64170,10206,Writing
504,10608,Acting
510,364,Directing
3110,47866,Directing
716,2005,Directing
7623,766,Directing
65298,10437,Acting
18356,10414,Directing
74300,13225,Directing
8246,11597,Directing
26767,27073,Directing
24,9374,Directing
57206,9300,Directing
2294,9367,Directing
21217,10377,Acting
10723,26561,Directing
102445,41768,Directing
54441,8293,Directing
5602,1923,Directing
16730,35936,Directing
9181,54715,Directing
23393,9605,Directing
9248,41776,Writing
65310,15300,Directing
121829,37264,Directing
17016,11386,Directing
608,11621,Directing
64901,47648,Directing
9789,10403,Directing
769,9475,Directing
68994,14002,Camera
108,763,Directing
5281,1883,Directing
58448,8872,Directing
1724,9876,Directing
4786,10435,Acting
12988,16562,Acting
64508,19087,Directing
22767,18183,Acting
1243,28384,Directing
10491,402,Directing
1776,6114,Directing
15389,11012,Directing
3224,10699,Directing
57851,9529,Directing
57090,10163,Directing
68215,11066,Directing
20789,48150,Writing
62826,56115,Directing
23968,2322,Writing
122186,39103,Directing
4135,293,Acting
11649,11068,Writing
48965,11569,Directing
11181,11790,Acting
130367,40213,Directing
190,33,Acting
1093528,110395,Directing
638,9361,Directing
70415,13006,Directing
78615,22582,Directing
11401,11782,Directing
7908,10407,Acting
3556,10497,Directing
35087,12525,Production
73496,12772,Directing
56911,10406,Directing
8843,619,Directing
1079381,124088,Directing
323,11087,Directing
24492,74714,Directing
2352,10995,Directing
37710,23939,Directing
6201,10409,Directing
40230,10538,Directing
5636,6547,Directing
488,329,Directing
1524,137,Directing
58838,9739,Directing
10965,788,Directing
12840,10498,Directing
9248,858,Writing
93512,21057,Directing
65310,10439,Directing
52038,10419,Directing
1243,10440,Directing
138322,47889,Directing
564,9571,Directing
69741,11528,Directing
112674,14135,Directing
1126,108,Directing
14639,8005,Acting
12962,864,Directing
14800,18215,Directing
1614,9261,Directing
6592,6878,Directing
8858,11566,Production
1128,11236,Directing
5174,2758,Directing
1103,6279,Acting
18378,12661,Directing
488,424,Directing
240924,156054,Directing
44683,20435,Directing
5216,34444,Directing
1895,26141,Acting
116100,26672,Directing
78514,69703,Directing
10757,713,Directing
90864,33539,Directing
57646,9479,Directing
3317,7500,Directing
4956,1689,Directing
12989,5503,Directing
39819,19931,Directing
1032,10436,Directing
33485,12187,Directing
3290,1550,Directing
16566,11969,Directing
148097,37100,Directing
2260,14291,Writing
16938,9350,Directing
57138,26333,Acting
25236,43636,Directing
65452,21450,Directing
548474,10852,Writing
58448,11041,Directing
716,17912,Directing
54441,1245,Directing
34517,13063,Writing
68892,11122,Directing
58164,9607,Directing
58165,9607,Directing
29765,204569,Directing
18308,9612,Directing
34934,14919,Production
35270,14919,Directing
66088,10655,Directing
24173,33506,Acting
18878,10423,Directing
44056,5550,Writing
15868,2149,Directing
9789,695,Directing
39104,4722,Directing
648,7007,Writing
2226,37233,Directing
18596,9702,Directing
6220,14587,Directing
16294,9800,Directing
13015,867,Directing
12936,9255,Writing
20640,10997,Directing
893,319,Directing
5306,1587,Directing
4600,25389,Directing
71732,58787,Directing
1284691,39324,Directing
11770,31578,Directing
10051,31578,Directing
6349,9944,Directing
139898,41660,Directing
53334,7984,Directing
18069,15765,Directing
190,9559,Acting
34682,4104,Directing
7270,4478,Directing
5231,9386,Directing
309,8223,Directing
19684,2259,Directing
6482,8291,Directing
2461,10502,Acting
3110,32325,Directing
1152,31642,Directing
64061,23210,Directing
11181,11971,Acting
141825,20239,Directing
880,33607,Acting
1090,9593,Directing
11401,2019,Directing
232617,61197,Writing
70558,11811,Writing
138,680,Directing
15812,8587,Writing
18898,8587,Directing
17016,628,Directing
628,15283,Directing
4027,278,Directing
2209,1637,Camera
4499,3049,Directing
19303,2292,Directing
108,1024,Directing
12840,4954,Directing
37710,8831,Directing
24,13,Directing
7399,2788,Acting
7396,8467,Directing
6046,2164,Directing
58094,9587,Directing
58072,11395,Directing
139851,15969,Directing
34480,15969,Directing
56852,15969,Directing
74299,15139,Directing
4945,15139,Directing
56506,24795,Directing
2710,36955,Directing
5572,10731,Directing
91343,30157,Directing
134114,211211,Directing
59,101,Directing
42171,11853,Directing
172993,18620,Directing
13426,36593,Directing
4610,306,Directing
69801,11546,Directing
510,522,Directing
1614,10451,Directing
3045,236,Directing
933201,86369,Directing
5281,34152,Directing
52968,8850,Directing
42617,40156,Directing
548474,18670,Writing
44554,15097,Directing
32765,57834,Directing
9888,64900,Directing
1065210,41589,Writing
1223,11934,Directing
21053,25284,Directing
18899,25645,Directing
448563,77728,Directing
98534,22059,Directing
81727,48992,Directing
10702,10447,Directing
1162039,30575,Directing
1255,33633,Writing
27889,2759,Directing
1726,11667,Writing
3317,39767,Directing
26648,2636,Directing
21085,9495,Directing
16853,10464,Production
107274,22586,Directing
12453,11104,Directing
9168,10467,Directing
111338,33783,Directing
1126,109,Directing
1112916,44925,Directing
2380,193,Directing
33341,4337,Directing
55948,4337,Directing
26713,854,Directing
56477,8983,Directing
9181,4476,Directing
15206,18591,Directing
38689,14237,Directing
4135,11450,Acting
21806,2124,Directing
1685673,255988,Directing
1685681,255988,Directing
1685685,255988,Directing
1685677,255988,Directing
1685689,255988,Directing
1685691,255988,Directing
1685674,255988,Directing
1685678,255988,Directing
1685692,255988,Directing
1685675,255988,Directing
1685680,255988,Directing
1685683,255988,Directing
1685687,255988,Editing
1685686,255988,Crew
1685669,255988,Directing
1685671,255988,Directing
1685676,255988,Directing
1685679,255988,Directing
1685690,255988,Directing
1685672,255988,Directing
1685684,255988,Directing
1685682,255988,Directing
1685688,255988,Directing
95568,255988,Directing
11770,2654,Directing
131184,21947,Production
7145,13595,Directing
1152,241,Directing
13581,888,Directing
583394,82027,Directing
58448,10897,Directing
5140,11596,Directing
17496,64347,Directing
10723,712,Directing
10367,11592,Directing
1901,14522,Writing
224884,114218,Directing
54967,11164,Directing
3556,10531,Directing
64061,11777,Directing
1243,10462,Directing
41550,10660,Writing
26775,12207,Acting
13861,305656,Directing
118171,76594,Directing
4600,98287,Directing
102445,14334,Directing
72624,12519,Directing
66086,342474,Writing
1208650,436167,Writing
71174,11985,Directing
56911,10510,Directing
13015,9331,Directing
56828,11231,Directing
20556,10732,Directing
124783,38940,Directing
58040,30526,Directing
27676,29803,Directing
35408,9673,Directing
994323,30304,Writing
14911,11858,Acting
9032,629,Directing
7467,807,Directing
7879,862,Production
1978,10428,Directing
11887,8839,Directing
5231,6950,Directing
1090,1572,Directing
55790,13531,Directing
57691,11017,Directing
2461,197,Acting
65530,10530,Directing
65531,10530,Acting
1614,4584,Directing
555254,37797,Directing
190,688,Acting
19303,2293,Directing
10491,10802,Directing
56891,9067,Directing
19304,32513,Directing
3047,11861,Directing
12180,9323,Directing
14392,281,Directing
57434,9603,Directing
15798,9263,Directing
19969,22625,Directing
55439,8391,Directing
4014,9312,Directing
66605,11446,Writing
13496,880,Directing
3110,5,Directing
3111,5,Writing
138,5,Directing
2294,5,Directing
5572,414,Directing
21879,21032,Directing
12962,2064,Directing
638,949,Directing
56852,11238,Directing
8844,397,Writing
15775,15789,Directing
114468,35645,Directing
11218,19101,Directing
2226,11860,Directing
6159,568,Directing
18378,9382,Directing
15148,1710,Directing
20237,9090,Directing
1032,524,Directing
60295,9909,Directing
8300,9804,Directing
16863,32646,Directing
18596,11929,Directing
172,48260,Directing
17087,1775,Directing
39104,34996,Directing
109402,32562,Directing
109403,32562,Directing
44916,33542,Directing
280,63,Directing
11472,1642,Production
86035,29371,Writing
69982,49809,Directing
83313,48287,Directing
7017,17015,Directing
40345,54648,Directing
12881,54648,Production
12453,11220,Directing
1162039,28460,Directing
42111,9070,Directing
3026,9087,Acting
4945,8844,Directing
2406,406,Acting
564,76,Directing
21370,9348,Directing
7623,12106,Directing
7187,9691,Directing
25645,18872,Directing
15254,11902,Directing
664,10329,Directing
1038,9089,Acting
14639,12110,Acting
982944,139937,Directing
21712,8512,Directing
13680,902,Directing
2419,902,Directing
1060540,39108,Directing
4489,9273,Writing
35771,19404,Production
51917,9344,Directing
11447,11443,Directing
11448,11443,Directing
3415,6520,Production
6482,16295,Directing
10702,710,Directing
56710,16420,Directing
2294,8068,Directing
56714,36196,Directing
127823,74840,Writing
58137,9598,Directing
57865,10722,Directing
11770,12122,Directing
240747,69272,Writing
110684,98952,Directing
12840,2086,Directing
15488,38884,Directing
309,4307,Directing
37932,10634,Directing
13426,11381,Directing
33279,9482,Directing
92905,24962,Directing
504,687,Acting
65390,10474,Directing
1128,36834,Directing
34682,41841,Directing
6111,451,Directing
32593,14819,Directing
65859,10612,Directing
2178,31357,Acting
17167,33689,Directing
30365,11780,Directing
14692,11008,Acting
19069,1802,Directing
51116,62013,Directing
1046169,37144,Writing
865,9802,Production
24657,47333,Directing
65548,10535,Directing
2034,627,Directing
9339,9303,Directing
9340,9303,Directing
518,10830,Acting
11401,9208,Directing
23677,2300,Directing
6046,602,Directing
1150,954,Directing
2294,755,Directing
7399,9894,Acting
15111,9103,Acting
12920,9101,Writing
5140,4232,Directing
105153,58097,Directing
18320,38223,Directing
4760,513,Directing
28904,2925,Writing
16378,26890,Directing
205639,110513,Directing
119310,18555,Directing
55117,11229,Writing
18878,8840,Directing
62047,10545,Directing
62048,10545,Directing
16938,11412,Directing
142513,76996,Directing
65452,11159,Directing
11181,10549,Acting
37626,12709,Directing
65298,10874,Acting
41549,9100,Directing
11770,10061,Directing
68212,11076,Directing
18356,11674,Directing
4755,25059,Directing
2209,664,Camera
13581,9279,Directing
135163,41801,Directing
41550,9879,Writing
1223,275,Directing
18281,11112,Directing
22676,222106,Directing
4522,312,Directing
37932,9400,Directing
3110,58985,Directing
32983,3573,Acting
2239,409,Production
1232954,47907,Writing
10400,25189,Acting
21183,2061,Directing
55785,8426,Directing
31,9591,Acting
55299,9450,Directing
56539,49963,Directing
34849,9283,Directing
17520,11956,Directing
33054,20318,Directing
4173,161070,Acting
2388,199,Acting
35155,9625,Directing
4762,8052,Directing
57607,41343,Acting
118355,41343,Directing
108,10779,Directing
3317,27233,Directing
7395,11543,Directing
7396,11543,Directing
55152,18203,Acting
2283,18203,Acting
57646,10539,Directing
6201,454,Directing
15890,10543,Directing
42309,15674,Directing
121585,55049,Directing
510,75,Directing
893,9566,Directing
14692,47475,Acting
21678,25355,Directing
19304,17182,Directing
7145,8866,Directing
12989,12123,Directing
2873,18220,Editing
5342,11000,Directing
124092,88224,Writing
176246,8766,Costume & Make-Up
55948,8766,Directing
102445,26748,Directing
14911,21539,Acting
1121490,282808,Directing
11694,10218,Directing
17403,3179,Directing
224,884,Directing
67570,10938,Directing
54733,49806,Directing
13524,16448,Acting
123199,142451,Directing
4956,14553,Directing
148098,34935,Directing
7482,549,Directing
73639,79174,Directing
30021,3065,Acting
109635,99479,Directing
9248,2928,Writing
71825,12241,Writing
35208,25518,Directing
26713,9268,Directing
98750,44705,Directing
39104,21612,Directing
8246,819,Directing
17520,14646,Directing
9168,8818,Directing
1776,7095,Directing
17812,1592,Directing
26479,11069,Writing
55476,20539,Directing
11649,9390,Writing
59635,9819,Directing
1126222,16355,Writing
1723,9333,Directing
27846,9401,Directing
4037,10478,Writing
232937,44479,Directing
13,27265,Acting
261347,36271,Directing
18878,11228,Directing
70792,11867,Directing
88939,85866,Directing
17016,1770,Directing
18254,9826,Directing
6737,816,Directing
59,18,Directing
7467,2649,Directing
56998,9415,Directing
8685,782,Writing
5174,607,Directing
18596,1813,Directing
10491,563,Directing
2419,8078,Directing
7187,8834,Directing
608,128,Directing
58080,11365,Directing
2710,597,Directing
21370,9619,Directing
4499,1624,Directing
56911,9574,Directing
578,4421,Directing
12786,1701,Directing
4818,637,Acting
5216,489,Directing
1269,9922,Acting
4014,8413,Directing
15811,11970,Writing
15810,11970,Writing
58178,9611,Writing
5877,431,Directing
24,686,Directing
65452,49462,Directing
3388,2898,Production
58294,9434,Writing
5572,415,Directing
58072,9446,Directing
42111,10371,Directing
5231,9772,Directing
4566,25994,Acting
111944,46200,Directing
56506,38225,Directing
6011,10234,Directing
3045,8874,Directing
40345,9444,Directing
12881,9444,Production
1270,20737,Acting
53177,14817,Production
64815,42884,Directing
47974,6116,Directing
43330,115744,Directing
119294,30020,Directing
127716,12145,Directing
42378,13852,Acting
145134,55561,Directing
61411,24662,Writing
51864,45153,Acting
138,184,Directing
323,2118,Directing
4762,4995,Directing
8843,10357,Directing
19303,2255,Directing
5696,77223,Directing
139250,58708,Directing
69353,11419,Directing
16395,16052,Directing
12964,17834,Directing
12453,18329,Directing
50099,6499,Sound
52044,6499,Directing
87130,10336,Directing
5501,9437,Directing
34517,8675,Writing
56956,9092,Directing
26714,9823,Camera
5602,638,Directing
19684,9311,Directing
96972,27103,Directing
18030,1610,Directing
54967,10603,Directing
120229,40882,Directing
51984,6623,Directing
58689,14585,Writing
13496,38904,Directing
15452,15313,Directing
5140,4233,Directing
33254,3597,Directing
1066114,19797,Directing
44955,94895,Directing
7554,56842,Directing
488,330,Directing
77923,18491,Directing
77921,18491,Directing
64099,18519,Directing
1843,158,Directing
58463,9413,Writing
11401,754,Directing
66121,29461,Directing
72182,12238,Writing
1226762,43274,Directing
117865,159797,Directing
83189,48254,Directing
19840,1902,Writing
54050,33344,Directing
85925,70687,Directing
3317,5910,Directing
57630,9427,Directing
26882,36095,Directing
77544,14903,Writing
2034,8067,Directing
10723,9366,Directing
2352,978,Directing
58384,9406,Directing
309,267,Directing
125247,41012,Directing
51918,18415,Directing
366,2142,Directing
7270,9769,Directing
26648,9360,Directing
18844,17589,Directing
1724,714,Directing
1215,9714,Editing
65420,26689,Directing
37932,9631,Directing
10808,36647,Directing
51984,8656,Directing
15521,16365,Directing
66190,10674,Directing
66191,10674,Directing
2690,37165,Directing
17167,9454,Directing
30715,8741,Directing
15149,19381,Writing
57579,9844,Writing
25645,17962,Directing
5655,11545,Directing
8246,10153,Directing
9032,9445,Directing
1223,115,Directing
280,1878,Directing
16863,1808,Directing
2294,9276,Directing
57370,11003,Directing
55299,8545,Directing
21136,14533,Acting
865,95,Production
9248,9489,Writing
75699,37636,Directing
55116,9827,Directing
33405,10209,Directing
78012,14283,Directing
66605,10683,Writing
11037,11634,Directing
33541,3682,Directing
2388,200,Acting
10702,9342,Directing
8858,6068,Production
35269,20756,Directing
19377,9840,Writing
2171,6435,Acting
23964,2657,Writing
2460,9313,Writing
488,857,Directing
17698,9820,Writing
10965,9441,Directing
11091,2109,Directing
21053,10220,Directing
6431,473,Directing
59803,9837,Writing
44113,9837,Directing
21879,9837,Directing
956,100,Directing
58689,77469,Writing
21085,2666,Directing
18844,1934,Directing
50582,18937,Directing
40333,10494,Writing
12523,846,Directing
77921,70846,Directing
37630,4518,Directing
22461,9464,Acting
1071,104,Directing
7879,9487,Production
6046,929,Directing
1884,1389,Directing
103586,24584,Directing
5342,9440,Directing
42,452,Directing
814,73,Directing
19969,5332,Directing
54240,14662,Directing
4453,309,Directing
4600,11551,Directing
112740,105980,Acting
33156,6396,Directing
17871,16155,Writing
88623,13151,Directing
1296176,13151,Directing
1296175,13151,Directing
212165,20862,Directing
65994,2137,Directing
58829,9732,Directing
23213,8838,Directing
12987,14013,Production
33316,9424,Directing
11770,9945,Directing
1230252,10215,Acting
78188,16980,Writing
16294,39437,Directing
21377,10216,Directing
8574,666,Directing
934401,83678,Directing
2178,9715,Acting
15798,32144,Directing
17268,11932,Directing
59958,9877,Sound
26875,2671,Directing
58712,11675,Directing
9200,617,Directing
15254,1075,Directing
34682,9320,Directing
1043185,40254,Directing
893,9798,Directing
2042,2157,Directing
7396,544,Directing
7395,544,Directing
54469,55066,Directing
58666,9706,Directing
38507,9421,Writing
11887,795,Directing
173686,24525,Directing
525,11660,Directing
4499,10312,Directing
86439,14444,Directing
110873,14444,Directing
33279,3600,Directing
35736,11854,Production
113411,23598,Directing
10367,11855,Directing
13776,8195,Directing
35267,15805,Directing
1769,92657,Directing
57370,10663,Directing
52849,253077,Acting
20173,16129,Acting
1150,8688,Directing
96369,65749,Directing
15602,32118,Directing
1243,9466,Directing
261280,62097,Directing
11218,9410,Directing
769,297,Directing
15488,8129,Directing
18185,9812,Writing
7187,944,Directing
56714,35680,Directing
12989,1965,Directing
18863,8916,Directing
52870,8916,Directing
13615,15037,Writing
13614,15037,Writing
87429,21348,Directing
9198,12159,Directing
125247,159582,Directing
6592,27850,Directing
93903,55107,Directing
9182,8583,Production
1033844,13761,Writing
69416,13761,Directing
37948,41469,Directing
112946,30814,Directing
6737,817,Directing
66039,10563,Directing
17403,1542,Directing
9340,603,Directing
9339,603,Directing
39,14,Directing
7879,863,Production
510,2668,Directing
5572,8224,Directing
56911,11001,Directing
7467,550,Directing
4429,4816,Directing
59466,20770,Directing
366,3558,Directing
2836,226,Directing
239418,18892,Directing
309,99,Directing
40243,4951,Directing
1,1893,Directing
11614,745,Directing
23116,2241,Acting
5572,31582,Directing
54795,8374,Writing
19303,1832,Directing
240,345,Directing
1201,18417,Acting
11694,9430,Directing
13235,9451,Directing
7087,10386,Directing
5953,492,Directing
15002,926,Directing
3317,4291,Directing
15774,37135,Directing
15775,37135,Directing
5174,8487,Directing
52405,10210,Directing
17167,1439,Directing
65429,10228,Directing
85013,61663,Directing
18898,10137,Directing
97773,18212,Directing
59412,10490,Directing
607,36210,Directing
39819,21349,Directing
150150,54111,Directing
939128,54111,Directing
34517,9473,Writing
3289,2105,Directing
998589,15723,Directing
4762,334,Directing
16391,12524,Directing
11873,796,Directing
69991,33253,Directing
56381,38809,Writing
55790,35612,Directing
16513,10908,Directing
10757,13787,Directing
7775,564,Writing
77162,20067,Directing
58338,9423,Visual Effects
26849,2667,Writing
26850,2667,Directing
1090,1911,Directing
1524,9535,Directing
1215,11355,Editing
7017,509,Directing
4723,2112,Writing
102634,7341,Directing
4027,497,Directing
83588,121105,Directing
5306,1715,Directing
19224,35122,Directing
7623,10390,Directing
188897,170200,Directing
148097,19738,Directing
2239,1213,Production
59646,9824,Directing
65452,46435,Directing
26875,9669,Directing
113664,49745,Writing
42617,10212,Directing
20305,10350,Production
49903,10208,Directing
2209,11618,Camera
26458,10342,Writing
3702,1661,Acting
41549,16406,Directing
224,1946,Directing
17633,26177,Directing
3974,1850,Directing
28904,11622,Writing
64815,10314,Directing
5602,404,Directing
42171,17707,Directing
6159,11374,Directing
1769,1443,Directing
55439,10399,Directing
3417,28029,Acting
19228,1812,Directing
9888,14626,Directing
119335,37726,Directing
1060598,52404,Directing
7908,11353,Acting
24657,10368,Directing
16767,55257,Directing
68281,11129,Writing
17282,11075,Directing
13563,10400,Directing
78021,14005,Directing
63713,54982,Directing
3556,622,Directing
3191,15256,Production
22677,2211,Directing
1243,9684,Directing
235333,37576,Directing
108497,571818,Directing
11201,9564,Directing
10781,36643,Directing
5690,49948,Directing
56146,49948,Directing
74299,49948,Directing
65531,49948,Acting
74297,49948,Directing
12824,49948,Production
56147,49948,Directing
74298,49948,Directing
54525,9439,Directing
10965,2277,Directing
46085,10207,Directing
74396,16076,Directing
64151,10402,Directing
1090,913,Directing
65865,10557,Directing
140354,30943,Directing
233108,61416,Directing
11809,10307,Directing
58712,9825,Directing
2390,35215,Acting
6592,83965,Directing
5696,10398,Directing
5140,26149,Directing
1050201,110650,Directing
1788,105462,Writing
532757,116213,Directing
16938,8914,Directing
78108,36293,Directing
4945,13466,Directing
1201,4806,Acting
56154,8870,Directing
525,77,Directing
16378,1359,Directing
10491,9383,Directing
1150,2067,Directing
9032,36657,Directing
10702,11678,Directing
46076,8584,Directing
56591,8859,Directing
21217,2069,Acting
61411,11688,Writing
72467,12490,Directing
6220,77434,Directing
28239,2787,Writing
15488,37691,Directing
28898,23941,Directing
1884,462,Directing
43,9871,Directing
237414,20861,Directing
24294,14181,Writing
18281,1493,Directing
53304,7443,Directing
7314,7443,Directing
59026,1588,Directing
5306,392,Directing
1614,146,Directing
87055,44756,Acting
2790377,44756,Directing
11649,786,Writing
34481,10564,Production
13524,13785,Acting
31024,10468,Directing
3224,243,Directing
40345,7450,Directing
12881,7450,Production
65629,10501,Directing
2036264,10501,Visual Effects
24,2655,Directing
5149,2621,Acting
52358,10637,Directing
10099,2440,Directing
956,107,Directing
147702,15653,Directing
54025,19348,Directing
66728,11826,Directing
55476,10560,Directing
58656,10473,Directing
31074,3176,Directing
11614,9741,Directing
36425,4327,Production
578,98,Directing
48980,6282,Directing
17698,3981,Writing
59670,28031,Writing
63713,28031,Directing
8256,28031,Acting
42,16,Directing
94831,62677,Directing
1121281,33379,Writing
224663,73138,Directing
6431,641,Directing
78992,15940,Directing
120229,13898,Directing
66162,10597,Directing
61797,37716,Writing
193390,77332,Acting
57206,29572,Directing
6737,1597,Directing
80698,16366,Directing
85716,16366,Directing
71947,14736,Directing
11037,742,Directing
58498,9679,Directing
6046,2024,Directing
468,71,Directing
1188,8653,Directing
34920,16234,Directing
24248,2360,Directing
12453,843,Directing
57865,11477,Directing
1223,134,Directing
32593,9678,Directing
21370,11973,Directing
24,8358,Directing
7623,2046,Directing
2034,1907,Directing
87009,19094,Writing
89395,144524,Directing
5281,24664,Directing
68770,36968,Directing
10367,14195,Directing
60725,10898,Directing
10765,2085,Camera
56512,8843,Directing
1137890,3134,Acting
30716,3134,Writing
57134,9532,Writing
42378,5257,Acting
6817,44379,Directing
5140,4234,Directing
9033,1619,Writing
80540,16340,Directing
1233222,16340,Directing
1012,10180,Directing
65026,12619,Directing
1350084,22914,Directing
58677,9674,Directing
1176,112,Directing
55189,28311,Directing
30691,48246,Directing
55499,12597,Directing
65314,10867,Directing
1724,8452,Directing
1020732,44069,Directing
93301,15655,Directing
35689,4247,Acting
11401,955,Directing
1081559,14273,Directing
69290,11366,Directing
223,55,Directing
123195,218660,Directing
57579,10862,Writing
15775,10481,Directing
1464511,43079,Writing
1019947,52409,Directing
17046,39141,Directing
84982,18011,Directing
116802,25242,Directing
20310,32250,Directing
20310,44203,Directing
138806,409705,Directing
3092,10385,Acting
1723,10384,Directing
62020,10384,Directing
1776,10384,Directing
32082,49979,Directing
56506,42332,Directing
147411,39880,Costume & Make-Up
144798,83581,Directing
89467,22617,Directing
190,5551,Acting
38587,71235,Production
51984,10647,Directing
38446,4369,Directing
65855,10567,Directing
65856,10567,Visual Effects
5216,711,Directing
6720,10641,Acting
26713,10391,Directing
52112,10471,Directing
6159,8871,Directing
1884,1900,Directing
933176,420634,Directing
1149369,88494,Directing
1149371,88494,Writing
323,11004,Directing
66121,11978,Directing
11091,5994,Directing
64877,72753,Directing
35,34299,Acting
5231,2133,Directing
7396,2123,Directing
7395,2123,Directing
127537,95251,Directing
26502,10393,Directing
143035,25538,Directing
5501,4965,Directing
1884,161,Directing
488,644,Directing
17268,1613,Directing
5501,12103,Directing
4027,11086,Directing
69579,11470,Directing
7256,2043,Directing
12890,585,Directing
1230252,9989,Acting
19303,2294,Directing
141450,10034,Acting
5524,808,Production
12058,808,Directing
8858,9397,Production
56539,50035,Directing
6159,453,Directing
73608,57961,Directing
17447,1548,Directing
78751,19666,Directing
13614,19366,Writing
13615,19366,Writing
108,120,Directing
135534,17612,Directing
11770,10016,Directing
1201,9880,Acting
5655,9428,Directing
4723,9476,Writing
12786,1995,Directing
6495,480,Directing
5602,1018,Directing
76247,15647,Directing
578,855,Directing
36797,8835,Directing
11218,1391,Directing
5342,26976,Directing
19840,1933,Writing
608,129,Directing
1577,141,Writing
564,9081,Directing
2419,194,Directing
932363,21997,Directing
6011,1791,Directing
20739,2018,Directing
9789,5279,Directing
56911,13496,Directing
18903,3640,Directing
201,441,Directing
62047,10865,Directing
62048,10865,Directing
54448,69850,Production
366,11232,Directing
7399,9398,Acting
52049,39939,Directing
6201,824,Directing
8447,39497,Acting
10965,671,Directing
120897,37288,Directing
2294,10054,Directing
40333,33320,Writing
77883,15098,Writing
565524,27329,Directing
17114,13403,Acting
131925,49680,Directing
43896,5521,Acting
132566,20004,Directing
545092,66609,Directing
3417,12658,Acting
865,676,Production
91758,50957,Directing
22214,2171,Acting
82829,51215,Directing
75286,13777,Directing
6295,570,Directing
110695,43774,Directing
226493,26290,Directing
8296,6312,Directing
56349,8922,Directing
20907,2034,Directing
57607,11770,Acting
84990,37959,Directing
52112,10808,Directing
67075,12720,Directing
57646,23685,Directing
4522,1591,Directing
148658,41839,Directing
7396,9889,Directing
7395,9889,Directing
125543,40373,Directing
134449,56753,Writing
84931,18734,Directing
578,9740,Directing
43,24068,Directing
17496,6173,Directing
40506,9025,Directing
57134,10796,Writing
94208,25797,Directing
45037,21597,Directing
56342,11299,Directing
21931,2140,Directing
40440,33343,Writing
56194,53482,Directing
59958,10984,Sound
11649,1903,Writing
239858,59297,Directing
7324,8341,Directing
11447,768,Directing
11448,768,Directing
52038,9816,Directing
17880,172422,Writing
72197,23550,Directing
9158,634,Directing
34849,4133,Directing
57521,9378,Directing
12632,2176,Directing
7395,12610,Directing
7396,12610,Directing
20849,2029,Directing
1071418,57278,Directing
18878,9799,Directing
16853,10950,Production
14911,11091,Acting
58178,10833,Writing
54222,35831,Directing
1255,11088,Writing
3415,9896,Production
36804,9778,Directing
21275,170431,Production
7409,2770,Directing
10439,173670,Writing
12995,1365,Directing
35208,44164,Directing
116181,23834,Directing
35736,10757,Production
58094,12660,Directing
510,869,Directing
4945,331,Directing
35689,4248,Acting
58498,9705,Directing
1978,167,Directing
22463,2191,Directing
6198,10696,Acting
3514429,107548,Directing
87356,107548,Directing
87355,107548,Directing
20310,52408,Directing
7775,1734,Writing
54584,8386,Directing
57604,11397,Directing
199993,64362,Directing
10828,1433,Directing
26882,27324,Directing
141706,19405,Directing
1243,2779,Directing
15488,35824,Directing
62020,12587,Directing
27991,10836,Directing
81256,25985,Directing
12028,8007,Directing
11091,5175,Directing
550338,27204,Writing
21136,2057,Acting
26475,10829,Writing
5010,1999,Directing
7908,11371,Acting
1704,6073,Directing
19969,1921,Directing
94831,59884,Directing
125440,41093,Directing
84782,16723,Directing
56208,58429,Directing
60237,12589,Production
36423,13166,Acting
45916,15167,Directing
893,1535,Directing
17282,9696,Directing
21692,2114,Directing
90864,25587,Directing
80047,16209,Directing
16590,37632,Writing
24471,15449,Directing
41795,29742,Writing
18072,8366,Acting
2053,12149,Acting
6737,818,Directing
35452,4108,Directing
18865,4108,Directing
5713,425,Acting
5174,608,Directing
21712,11560,Directing
488,180,Directing
32593,2022,Directing
31024,8427,Directing
525,320,Directing
5572,1817,Directing
11694,2501,Directing
33485,11692,Directing
2523,201,Editing
8685,9296,Writing
13927,7299,Writing
468,590,Directing
17633,1574,Directing
6220,455,Directing
13015,9555,Directing
108,121,Directing
4014,1576,Directing
4387,1958,Directing
13015,8198,Directing
57082,9266,Acting
15287,1088,Directing
186758,20718,Directing
488,640,Directing
2034,170,Directing
1,1894,Directing
66193,11544,Directing
69797,11544,Directing
607,79,Directing
145022,99648,Directing
1704,565,Directing
87055,24232,Acting
54644,8346,Directing
67750,10955,Directing
17397,9583,Writing
15045,9021,Directing
56710,9026,Directing
46297,13768,Directing
122967,59387,Writing
87510,51378,Directing
51534,10894,Directing
12523,6278,Directing
67795,11013,Directing
8297,1809,Writing
78173,15370,Art
119294,14633,Directing
13581,11888,Directing
16391,1360,Directing
7623,557,Directing
55813,192084,Directing
67781,10994,Directing
160,17614,Directing
2294,9488,Directing
66654,10771,Directing
5953,2757,Directing
12079,9023,Directing
56660,9023,Writing
15811,9016,Writing
15810,9016,Writing
8557,598,Directing
116832,30309,Directing
10828,36586,Directing
45916,15015,Directing
61069,9962,Directing
18323,2642,Writing
18878,7451,Directing
16863,10712,Directing
10965,672,Directing
3064,8094,Acting
72496,12496,Directing
172,2750,Directing
113290,18941,Editing
39,4147,Directing
16847,11547,Directing
7467,4547,Directing
323,65,Directing
1032,3131,Directing
1176,156,Directing
80215,13497,Directing
568406,55015,Production
11091,9533,Directing
518,9275,Acting
13235,2755,Directing
1188,1416,Directing
71329,12079,Directing
89411,22707,Production
12648,9034,Writing
65452,12454,Directing
1092615,245896,Directing
44847,41209,Directing
1215,9637,Editing
87106,21118,Directing
10099,4689,Directing
2380,7342,Directing
11873,11812,Directing
7256,36669,Directing
14597,979,Directing
40864,33693,Directing
39819,7303,Directing
3115,437,Camera
42518,16857,Directing
1334409,65856,Writing
24636,21769,Directing
28741,11979,Directing
69416,12448,Directing
11037,12093,Directing
57691,17130,Directing
58552,9685,Directing
26875,12205,Directing
68993,21925,Directing
43468,16876,Directing
5216,1956,Directing
1884,2103,Directing
5877,10133,Directing
2460,10590,Writing
21678,24488,Directing
5292,13435,Acting
5281,1429,Directing
66512,11852,Directing
11614,2675,Directing
4762,8051,Directing
20739,10229,Directing
72024,12277,Directing
57895,16028,Directing
213613,81540,Directing
28239,12590,Writing
11887,31005,Directing
3556,423,Directing
20310,11838,Directing
20824,13908,Art
3224,3472,Directing
1461,4912,Acting
11676,2637,Directing
42804,15917,Directing
18356,16643,Directing
1016489,116094,Writing
57446,9357,Directing
97579,55616,Directing
78485,14317,Directing
78488,14317,Directing
65678,28594,Directing
4275,2899,Acting
1212412,14008,Directing
56210,83505,Directing
122842,45767,Directing
66718,10775,Directing
65994,10775,Directing
53339,10636,Directing
553061,52407,Directing
21175,8434,Acting
26713,9334,Directing
7270,2251,Directing
14392,8665,Directing
15602,54580,Directing
224,9613,Directing
116482,36945,Acting
171000,36945,Acting
15488,1376,Directing
17167,11529,Directing
3289,245,Directing
3288,245,Production
27436,9045,Directing
123970,40360,Directing
4499,10052,Directing
71307,12112,Acting
130988,97754,Directing
130987,97754,Directing
47724,65830,Directing
57581,11880,Directing
11401,12100,Directing
309,64,Directing
65133,10426,Directing
1150,9280,Directing
1092631,226916,Writing
83287,18602,Directing
120247,16875,Directing
87904,21803,Directing
83313,23967,Directing
57521,9645,Directing
17309,126934,Directing
94831,26189,Directing
38692,71886,Directing
40357,40640,Directing
1047756,31130,Writing
21879,2135,Directing
98140,29092,Directing
10781,1957,Directing
23968,4614,Writing
51866,37964,Directing
82482,17906,Writing
17825,11870,Directing
6495,45069,Directing
47640,9257,Acting
5501,11329,Directing
37932,9654,Directing
3950,277,Writing
21370,1647,Directing
9340,604,Directing
9339,604,Directing
9339,605,Directing
9340,605,Directing
9032,36658,Directing
42994,6038,Directing
366,2832,Directing
4499,310,Directing
108,122,Directing
6884,504,Directing
24248,8696,Directing
40333,13398,Writing
15148,9341,Directing
12987,4256,Production
2209,1996,Camera
138,24,Directing
1704,22,Directing
52358,14926,Directing
7,12,Writing
7018,508,Writing
81916,17473,Acting
2690,8619,Directing
36805,10934,Writing
21768,9662,Directing
52870,14411,Directing
1205756,14411,Directing
4387,302,Directing
1769,153,Directing
142007,14873,Directing
4037,11375,Writing
42,12456,Directing
72343,12456,Directing
12989,8326,Directing
18281,9919,Directing
1213124,21059,Writing
69719,11523,Directing
54050,10330,Directing
125544,17920,Directing
2239,2289,Production
10723,11820,Directing
3317,246,Directing
5877,10981,Directing
42309,29556,Directing
59026,10720,Directing
9181,616,Directing
6159,12146,Directing
113601,35021,Directing
70235,11659,Directing
76247,10327,Directing
2294,12279,Directing
54441,9499,Directing
4780,338,Directing
10808,8698,Directing
6094,446,Directing
16837,9480,Directing
10757,10944,Directing
69081,4552,Directing
19850,11023,Directing
56502,8991,Directing
56501,8991,Directing
510,587,Directing
38516,11042,Directing
17698,6964,Writing
17862,28026,Sound
42,553,Directing
21807,13537,Writing
107195,252549,Directing
78118,11093,Directing
81355,24092,Directing
4755,9358,Directing
102445,38244,Directing
77919,13156,Writing
4956,1278,Directing
151091,54772,Directing
16785,3635,Directing
3045,10601,Directing
96323,638750,Directing
176153,48567,Directing
1614,1927,Directing
36425,9471,Production
564,1584,Directing
56349,11351,Directing
7213,296,Directing
60243,9902,Directing
52112,10708,Directing
74091,37910,Directing
190,322,Acting
51116,16932,Directing
25950,14652,Writing
1083481,336568,Directing
8844,6171,Writing
10099,670,Directing
67925,11049,Directing
78014,11049,Writing
2079911,11049,Directing
122186,11049,Directing
4429,883,Directing
7017,59210,Directing
10765,10623,Camera
57214,9316,Production
18342,33339,Acting
7187,9562,Directing
82623,18087,Writing
1012,4972,Directing
86967,200806,Directing
6482,584,Directing
40476,6443,Production
223,470,Directing
66739,10727,Directing
1188,113,Directing
23799,11059,Directing
5216,1807,Directing
25236,41198,Directing
58052,41198,Writing
102561,40823,Directing
2406,4970,Acting
96902,27079,Directing
35927,31076,Directing
47826,416386,Acting
12987,2830,Production
1090,10782,Directing
1223,11775,Directing
59291,10226,Directing
202122,125233,Directing
19228,18736,Directing
21183,37696,Directing
17867,2056,Acting
86437,20694,Directing
86439,20694,Directing
20310,9666,Directing
2294,1428,Directing
1230252,9486,Acting
107629,20032,Writing
6011,24190,Directing
71174,56616,Directing
57130,11635,Directing
65310,37609,Directing
13861,32526,Directing
61952,10009,Directing
61949,10009,Directing
21684,11423,Directing
29605,11197,Directing
16848,2662,Directing
66960,10735,Directing
55379,8424,Directing
90,20,Directing
1691444,47159,Directing
80948,47159,Directing
17447,10147,Directing
15277,10719,Acting
55916,25300,Directing
17268,6466,Directing
640,83,Directing
55152,24078,Acting
13426,9506,Directing
41671,5204,Directing
48583,38376,Directing
48980,10628,Directing
1015234,25608,Acting
6592,77606,Directing
17825,11007,Directing
45916,15016,Directing
228797,15394,Directing
74152,28200,Directing
73577,12765,Directing
45996,5889,Directing
20907,9567,Directing
85340,20106,Directing
11401,9620,Directing
148705,62326,Directing
26767,19277,Directing
769,8046,Directing
22461,12703,Acting
65429,36218,Directing
5133,10588,Art
865,8961,Production
557818,19187,Directing
21085,2048,Directing
7087,9806,Directing
6046,435,Directing
20219,1954,Writing
20218,1954,Writing
25598,2502,Directing
26502,2122,Directing
201,38,Directing
15557,11184,Directing
12080,809,Acting
12079,809,Directing
5524,809,Production
54050,10625,Directing
56591,11282,Directing
608,4935,Directing
17649,1577,Camera
33315,11823,Directing
15488,1404,Directing
55710,8699,Directing
12028,11866,Directing
1884,163,Directing
138,393,Directing
7312,540,Directing
62872,49007,Directing
74259,13193,Directing
41378,5137,Directing
3388,2539,Production
10367,13702,Directing
71849,12242,Production
58829,12242,Directing
66039,12540,Directing
11151,11036,Acting
131186,26275,Directing
2127,176,Directing
62514,14442,Directing
35453,10045,Directing
17883,1599,Directing
168782,42971,Directing
53384,1392,Directing
53385,1392,Directing
5917,438,Directing
5231,652,Directing
7775,7131,Writing
4391,9528,Acting
11090,747,Directing
1201,11130,Acting
4586,314,Directing
300347,21385,Directing
1008379,19416,Directing
76624,14337,Directing
13426,1824,Directing
77831,15058,Writing
7908,9890,Acting
190,70,Acting
57370,10204,Directing
3289,1901,Directing
17627,33623,Directing
28239,2789,Writing
69759,11534,Directing
77003,14292,Directing
41222,28769,Directing
2419,2841,Directing
7623,558,Directing
68770,11247,Directing
7832,613,Directing
70100,11633,Directing
19939,1918,Writing
12995,866,Directing
66880,10797,Directing
66879,10797,Directing
58268,10797,Directing
5342,2288,Directing
488,594,Directing
64194,9709,Directing
11887,11774,Directing
44070,5552,Writing
4014,395,Directing
13235,9675,Directing
5367,401,Acting
53925,8193,Directing
11218,673,Directing
34517,3989,Writing
77964,15184,Directing
5572,9833,Directing
55785,27799,Directing
50460,18923,Directing
66605,13073,Writing
112132,34207,Directing
638,1538,Directing
84461,19316,Writing
65452,11109,Directing
56865,33908,Directing
17282,33908,Directing
10099,33908,Directing
19224,11171,Directing
5125,363,Directing
4755,9759,Directing
68020,11099,Directing
21183,11328,Directing
3776,26347,Directing
18596,1677,Directing
15217,924,Directing
66960,11025,Directing
12453,844,Directing
1032,2567,Directing
5872,436,Directing
60860,9953,Directing
101180,28633,Writing
1215,11024,Editing
1201,4599,Acting
57607,9470,Acting
1188,1280,Directing
1294627,49214,Directing
455,1640,Writing
20310,1970,Directing
17046,10096,Directing
17387,65513,Directing
74091,12924,Directing
84271,41568,Editing
1156224,41568,Directing
1796209,41568,Directing
103312,41568,Directing
549451,41568,Acting
78021,41568,Directing
24,5255,Directing
957,4836,Directing
15045,15673,Directing
42946,20125,Directing
23430,3040,Production
51034,10361,Editing
35689,12153,Acting
10828,1487,Directing
1149649,45404,Directing
76418,36290,Directing
5655,421,Directing
70287,13700,Acting
80671,13700,Writing
1116010,60382,Directing
20400,11045,Directing
4910,16358,Writing
508,1586,Writing
129952,14024,Directing
1050191,195833,Directing
6220,57825,Directing
570354,142689,Directing
111094,33636,Directing
59611,21198,Writing
41041,8555,Directing
56208,44413,Directing
11614,6947,Directing
20237,9801,Directing
65629,10555,Directing
65630,10555,Directing
12058,10555,Directing
1085093,33137,Directing
63772,29404,Writing
564,80,Directing
57633,9472,Directing
6737,693,Directing
12962,2059,Directing
258498,35949,Directing
427133,35949,Directing
56151,14207,Directing
11091,10589,Directing
40256,11081,Directing
56474,8981,Directing
19303,9541,Directing
82815,21379,Directing
82813,21379,Directing
37948,4553,Directing
53177,13505,Production
5281,20912,Directing
225898,18701,Directing
1152,1966,Directing
81252,17111,Directing
81251,17111,Directing
18311,13673,Production
35770,4251,Directing
78751,15774,Directing
32593,10762,Directing
45989,26962,Directing
69416,11430,Directing
2225523,49643,Directing
80948,15165,Directing
63713,11137,Directing
1071150,139240,Directing
172,27,Directing
20133,1944,Directing
187,16907,Directing
19840,1913,Writing
70520,12877,Directing
12624,842,Writing
58766,20695,Directing
67941,11052,Directing
54526,12653,Directing
36693,26108,Directing
70651,11836,Writing
54597,9893,Directing
12804,75160,Directing
52961,9393,Directing
12640,24363,Acting
16938,16617,Directing
1145050,17110,Directing
229002,17110,Directing
43468,10677,Directing
876,7220,Writing
3893,36648,Writing
3722,276,Directing
2461,615,Acting
123970,66926,Directing
930499,143961,Directing
19665,16635,Directing
19896,52251,Directing
61244,37859,Directing
87565,115626,Directing
73832,12657,Directing
65429,34065,Directing
34453,11358,Directing
40485,153770,Directing
106782,27275,Directing
58628,11132,Acting
63423,56527,Production
57405,9352,Writing
10620,9596,Acting
237608,63816,Directing
3115,31097,Camera
81272,17124,Directing
525,272,Directing
2294,187,Directing
2293,187,Writing
52842,7453,Directing
11266,752,Directing
5713,9928,Acting
366,69,Directing
12891,16320,Writing
58324,8978,Directing
1108,5236,Writing
39,25,Directing
7426,546,Directing
7312,11451,Directing
70221,11661,Directing
17246,1444,Directing
18356,13498,Directing
57581,9392,Directing
52443,9388,Directing
27571,2652,Directing
1461,3291,Acting
15337,11096,Acting
865,1635,Production
67367,9270,Directing
78481,15624,Directing
1,1895,Directing
4760,7509,Directing
108,254,Directing
17510,1544,Writing
10099,4550,Directing
15287,9701,Directing
3556,257,Directing
41039,6957,Directing
1978,9913,Directing
4429,308,Directing
5306,9681,Directing
68656,11225,Directing
21737,2117,Directing
10702,1656,Directing
488,74,Directing
58072,10040,Directing
5524,411,Production
56377,10475,Writing
2675,215,Directing
59,11227,Directing
10765,8814,Camera
578,1495,Directing
145446,20910,Directing
30715,11400,Directing
110532,33358,Directing
34891,3933,Visual Effects
510,3933,Directing
54050,9007,Directing
54025,8202,Directing
8557,1985,Directing
107762,98246,Directing
323,11931,Directing
5656,10707,Directing
52941,7553,Directing
69081,11344,Directing
64151,11459,Directing
40307,9667,Directing
2294,14199,Directing
18865,10027,Directing
29009,9779,Directing
69099,47880,Directing
229182,20981,Writing
1614,142,Directing
8685,1830,Writing
16860,1382,Directing
71797,13020,Directing
42994,9522,Directing
5140,11460,Directing
26481,2610,Directing
893,9923,Directing
29226,16367,Directing
10723,674,Directing
6159,921,Directing
114722,29657,Directing
57579,14922,Writing
10965,1833,Directing
510,118,Directing
1046935,87943,Directing
1139506,87943,Writing
57270,9315,Directing
40250,13141,Acting
15002,7552,Directing
8574,9009,Directing
20400,9738,Directing
172,8435,Directing
41670,17113,Directing
52038,7214,Directing
280,11559,Directing
4453,10913,Directing
61373,10982,Acting
77162,16022,Directing
21931,10799,Directing
9660,647,Directing
18863,953,Directing
18864,953,Acting
124635,25967,Directing
17633,1904,Directing
53267,10476,Writing
87081,14517,Directing
18844,9777,Directing
11694,787,Directing
16848,1696,Directing
1327402,29293,Writing
26875,10320,Directing
125544,13374,Directing
10943,561,Directing
16847,1690,Directing
1215,13499,Editing
51600,6961,Directing
79390,31541,Production
5345,398,Directing
62116,14177,Directing
4147,13284,Art
80948,13284,Directing
1243,116,Directing
17167,8488,Directing
62157,21246,Writing
70738,11648,Creator
65115,35683,Directing
84931,18164,Directing
23799,168705,Directing
3026,2800,Acting
18878,10048,Directing
60045,96235,Directing
36588,4348,Directing
109531,32671,Directing
53333,16608,Directing
11809,791,Directing
82769,17021,Acting
488,612,Directing
55499,8643,Directing
9248,9722,Writing
2176,8053,Acting
125064,40938,Directing
5140,10012,Directing
357,67,Directing
62721,10065,Directing
64191,10214,Directing
9660,13274,Directing
137703,13274,Directing
53861,55831,Directing
27436,34186,Directing
61357,11804,Directing
10747,38583,Acting
58547,9687,Directing
18865,9335,Directing
2332,1115,Directing
1012,1023,Directing
56435,8968,Directing
66739,91908,Directing
107564,31048,Directing
69646,49717,Directing
1373168,27134,Directing
84276,25422,Acting
10051,14228,Directing
19850,9787,Directing
15277,6795,Acting
440763,15906,Directing
74907,13653,Writing
80691,14175,Directing
128476,36175,Writing
571991,38567,Directing
56263,10292,Directing
1265357,230358,Writing
1241,13994,Acting
939346,46113,Writing
69371,11421,Directing
54525,11348,Directing
224,59,Directing
550707,68259,Writing
17016,1420,Directing
20310,14217,Directing
15459,1393,Directing
59670,27176,Writing
13426,9291,Directing
1042715,21136,Directing
1042716,21136,Directing
107668,21136,Directing
66219,16553,Writing
20739,10022,Directing
59521,10066,Directing
36797,4379,Directing
12523,9947,Directing
20024,7483,Directing
26882,40592,Directing
61411,9982,Writing
59998,9885,Directing
583881,27337,Directing
47786,6077,Directing
991868,31073,Directing
68770,15648,Directing
6482,8292,Directing
55075,10092,Directing
77488,13417,Directing
92694,13417,Directing
60129,9899,Directing
76418,21481,Directing
61346,9993,Directing
56205,9729,Directing
91758,24553,Directing
11401,24553,Directing
5281,24553,Directing
8559,24553,Directing
91759,24553,Directing
15254,24553,Directing
91760,24553,Directing
578,24553,Directing
12995,8066,Directing
59466,9813,Directing
125681,25902,Directing
151380,123879,Writing
119294,57251,Directing
15488,57251,Directing
27213,57251,Directing
11649,9621,Writing
7313,533,Directing
7314,533,Directing
81118,16998,Writing
46366,5890,Directing
59023,9753,Directing
309934,53122,Directing
17403,7512,Directing
5065,350,Directing
1704,58,Directing
53525,7985,Directing
20646,1402,Directing
17698,1581,Writing
10702,36557,Directing
11720,12555,Acting
97579,27359,Directing
20192,1948,Directing
20193,1948,Writing
1769,1887,Directing
11091,36668,Directing
11218,9693,Directing
309,219,Directing
20308,1969,Directing
20307,1969,Directing
56717,14055,Directing
17825,1593,Directing
10828,1417,Directing
5010,1440,Directing
45117,5723,Directing
12995,1262,Directing
86035,20405,Writing
109640,13751,Writing
58375,9655,Directing
16960,773,Directing
16959,773,Directing
83408,18654,Production
120229,13209,Directing
15488,1116,Directing
10781,15163,Directing
54590,11211,Directing
8193,582,Directing
8296,588,Directing
10491,9075,Directing
17329,1491,Directing
8246,9895,Directing
5602,1730,Directing
33300,3603,Directing
24011,2346,Directing
39819,17379,Directing
73712,12808,Directing
131785,255667,Directing
74638,13551,Directing
51534,6948,Directing
19271,1819,Directing
19272,1819,Directing
78061,13185,Directing
56578,12094,Acting
1032,1422,Directing
1406344,148340,Directing
107940,268975,Directing
15217,1271,Directing
56539,8998,Directing
2291,186,Directing
25453,2486,Visual Effects
17447,9786,Directing
83957,14845,Writing
17114,1378,Acting
15778,13205,Writing
564,8324,Directing
5714,950,Directing
41968,38848,Writing
90574,23817,Editing
3224,1165,Directing
13524,14799,Acting
53014,10115,Writing
15218,9035,Writing
87082,17245,Writing
40223,7516,Writing
18357,14113,Directing
40333,4977,Writing
58403,9656,Writing
81718,14069,Directing
1071,1427,Directing
4755,326,Directing
58137,13967,Directing
52779,7510,Creator
1577,4723,Writing
6431,1381,Directing
7879,920,Production
56343,13754,Directing
53925,9353,Directing
525,1124,Directing
46054,5850,Directing
5281,388,Directing
1472447,18590,Writing
142670,38305,Directing
439236,41044,Directing
126467,16700,Directing
53964,8199,Directing
53935,8194,Writing
380,1247,Acting
53068,7859,Directing
564,3509,Directing
55806,8436,Directing
36693,1259,Directing
9789,9526,Directing
56512,14784,Directing
13927,9920,Writing
12989,4643,Directing
1181031,70234,Directing
1073991,43639,Directing
1073992,43639,Directing
32868,15049,Directing
36425,11170,Production
190,1251,Acting
82335,64499,Directing
82337,64499,Writing
1011,3549,Directing
6094,523,Directing
74272,13198,Writing
44683,34204,Directing
69488,31289,Directing
10099,5488,Directing
201,300,Directing
4883,341,Directing
136903,31421,Writing
19303,2295,Directing
1117977,142795,Writing
212587,142795,Writing
55476,8618,Directing
133057,45349,Directing
145350,45444,Visual Effects
607,1494,Directing
21768,2266,Directing
1071,2266,Directing
6220,2266,Directing
2163,2266,Writing
90,2266,Directing
21681,2266,Directing
21126,2266,Directing
11218,2266,Directing
16927,2266,Acting
8574,2266,Directing
1357,2266,Camera
5140,2266,Directing
21771,2266,Directing
5877,2266,Directing
21683,2266,Directing
5216,2266,Directing
21678,2266,Directing
13235,2266,Directing
1223,2266,Directing
1224,2266,Writing
21769,2266,Acting
85340,19955,Directing
93067,25035,Writing
93064,25035,Directing
112588,16070,Directing
1357614,165603,Writing
63713,10118,Directing
75646,13816,Directing
1223175,14191,Directing
60024,12763,Directing
76910,14654,Directing
31024,9293,Directing
20310,1975,Directing
57193,9297,Directing
71082,11705,Directing
53671,7913,Directing
60237,9906,Production
70905,11910,Directing
7881,7484,Visual Effects
15812,7484,Writing
33183,11619,Directing
58897,11619,Directing
4279618,1180572,Directing
76081,13943,Directing
21684,1255,Directing
433134,25585,Directing
83594,44827,Directing
1150,9676,Directing
1963,10051,Writing
35452,9053,Directing
11614,9697,Directing
61970,10010,Writing
9032,1452,Directing
64754,10288,Directing
4575,313,Directing
32250,12225,Directing
84515,19344,Directing
58922,9756,Writing
57134,9286,Writing
96166,14202,Directing
9181,1372,Directing
12786,10053,Directing
91343,24200,Directing
1108711,61717,Directing
59,9992,Directing
234363,17566,Directing
56341,17566,Directing
80384,14823,Directing
127081,120624,Directing
110468,261444,Directing
21031,2044,Directing
59026,9767,Directing
96222,13075,Writing
5231,503,Directing
16395,4351,Directing
26850,14458,Directing
129251,43085,Directing
15175,12526,Directing
6767,496,Directing
6159,591,Directing
71609,12197,Directing
37259,4441,Directing
23499,9761,Writing
65310,10947,Directing
78021,17287,Directing
109293,24159,Directing
536810,139200,Directing
2461,1579,Acting
57370,9339,Directing
2388,14208,Acting
16834,1249,Directing
84782,24801,Directing
440763,13002,Directing
17825,12096,Directing
16829,1252,Writing
15344,956,Directing
1884,182,Directing
94050,25657,Directing
15557,1125,Directing
921570,13979,Directing
60149,9900,Directing
150660,21705,Production
1229448,21705,Directing
223,1164,Directing
4634,317,Directing
63852,10251,Directing
70520,11798,Directing
65314,10886,Directing
3227,9788,Directing
16938,9954,Directing
52049,9988,Directing
82939,376788,Directing
2675,214,Directing
122847,39405,Directing
40440,12795,Writing
80602,16781,Acting
2260,1717,Writing
101399,46820,Writing
90048,15575,Directing
19266,993517,Writing
9200,305655,Directing
17282,319314,Directing
4610,319309,Directing
15521,233738,Directing
59291,9792,Directing
4955,288743,Directing
4600,68418,Directing
37948,289021,Directing
11770,298723,Directing
61824,288588,Acting
1026261,71919,Directing
57865,15021,Directing
54525,17214,Directing
133004,34993,Writing
19841,46879,Writing
4489,9907,Writing
98940,15590,Directing
608,222664,Directing
29214,9762,Directing
71498,24590,Production
20629,9836,Directing
12987,4257,Production
5174,9530,Directing
22301,2179,Directing
60496,9918,Directing
1075235,68499,Directing
989381,118895,Directing
225224,58946,Creator
1499294,48141,Directing
19228,20085,Directing
1414,37933,Directing
97350,51202,Directing
638,82,Directing
67657,10961,Production
58189,9615,Directing
22323,2180,Directing
58689,9708,Writing
98,1919,Acting
53177,10067,Production
55710,9718,Directing
46076,6877,Directing
1152,1852,Directing
227239,57965,Directing
52845,7518,Writing
52870,7518,Directing
16483,1246,Acting
16590,9924,Writing
58766,19167,Directing
87193,19213,Directing
893,7551,Directing
116330,35199,Directing
53102,7861,Writing
138,1991,Directing
53216,7249,Directing
52443,7326,Directing
7256,1738,Directing
41530,9911,Writing
7087,2062,Directing
11091,5174,Directing
52968,7737,Directing
17016,4413,Directing
76462,13363,Directing
12098,810,Acting
61087,9963,Directing
2294,1992,Directing
18250,3489,Production
3026,7350,Acting
132495,45205,Directing
1704,285,Directing
4762,7345,Directing
41039,4964,Directing
20739,2976,Directing
52842,13258,Directing
20709,2011,Directing
20659,2011,Directing
52576,7347,Directing
2228,5915,Acting
33433,3638,Directing
957,2270,Directing
11090,4638,Directing
11343,675,Directing
2152,10190,Writing
42994,5375,Directing
197,35,Directing
62854,10074,Directing
865,1858,Production
9994,13196,Acting
1884,298,Directing
40256,8271,Directing
3288,2268,Production
54240,8272,Directing
40506,4998,Directing
41671,10294,Directing
10943,6479,Directing
2034,1272,Directing
5655,4538,Directing
510,13885,Directing
90591,23827,Production
54733,8363,Directing
12995,7979,Directing
1224,6977,Writing
1223,6977,Directing
29226,2977,Directing
66496,10758,Acting
54590,15261,Directing
2163,6023,Writing
15775,4523,Directing
3950,1571,Writing
366,5176,Directing
68573,11199,Directing
47275,6022,Camera
36588,4347,Directing
14999,13025,Directing
83711,18865,Directing
10395,8669,Editing
27226,7006,Editing
107753,31031,Directing
1843623,44443,Directing
83048,17097,Directing
77076,13072,Directing
20907,7485,Directing
57055,13121,Acting
18184,1620,Directing
51894,6537,Directing
59466,10520,Directing
937765,41330,Directing
19852,5951,Writing
2199,8270,Writing
3722,1912,Directing
7908,2196,Acting
69309,11148,Writing
70103,13391,Directing
212678,50364,Directing
383088,20223,Directing
67075,21784,Directing
11012,23202,Writing
76910,14448,Directing
70100,13981,Directing
42412,5259,Writing
591420,69214,Directing
20657,2009,Directing
77815,15048,Writing
56710,10748,Directing
21677,10748,Production
7482,2013,Directing
19242,4566,Writing
233263,28871,Directing
23539,2284,Writing
5125,2014,Directing
74091,38142,Directing
16842,1267,Directing
56253,22100,Writing
27571,4513,Directing
17597,1562,Directing
17867,12473,Acting
18323,11172,Writing
227945,18290,Directing
1074311,18290,Production
17735,13574,Writing
1279523,5718,Writing
141963,13059,Writing
141964,13059,Directing
141962,13059,Directing
880,4771,Acting
5656,13998,Directing
129952,14123,Directing
16847,1691,Directing
55934,8748,Directing
17812,6145,Directing
72101,13019,Writing
5342,6538,Directing
21807,4169,Writing
83985,14636,Acting
107045,13980,Directing
120930,18093,Directing
81963,17483,Art
12453,1989,Directing
11661,4633,Acting
85637,31262,Directing
50767,6615,Directing
43936,196235,Production
130920,44306,Directing
20718,2882,Production
57434,15019,Directing
58094,13910,Directing
58613,39011,Acting
224,2252,Directing
24,2310,Directing
16919,1407,Directing
54597,10760,Directing
29605,3021,Directing
37630,4517,Directing
72205,12435,Directing
72206,12435,Directing
4027,5876,Directing
36697,1265,Production
118303,14139,Directing
20239,14432,Acting
101180,28563,Writing
44263,5595,Acting
44264,5595,Writing
19983,1922,Directing
63305,10094,Directing
81327,14138,Directing
81328,14138,Directing
150482,70438,Directing
129826,36172,Directing
1445739,48420,Directing
3290,7211,Directing
226493,20497,Directing
81045,13312,Directing
81044,13312,Directing
54525,8329,Directing
54526,8329,Directing
16848,2082,Directing
16908,14843,Acting
53431,7973,Acting
77923,15137,Directing
77926,15137,Directing
77921,15137,Directing
1418296,15137,Directing
82372,17778,Directing
60923,9955,Directing
60922,9955,Directing
19499,1273,Directing
56401,8827,Directing
994163,85330,Directing
68813,10818,Directing
39996,7972,Directing
49281,5857,Writing
16391,4688,Directing
5572,3594,Directing
440763,13283,Directing
66564,17106,Writing
18068,26645,Acting
80387,19025,Directing
131785,39562,Directing
1983842,44487,Directing
71600,13958,Directing
20561,2001,Directing
16785,1248,Directing
228278,58700,Directing
553145,60129,Directing
129952,60129,Directing
7145,1257,Directing
1951668,45718,Editing
113417,34916,Directing
130837,14397,Directing
1230368,16240,Directing
7554,12823,Directing
55251,8471,Directing
92779,24874,Editing
64211,13474,Directing
32261,16126,Directing
2163,1646,Writing
78118,13079,Directing
21905,9966,Directing
31033,9966,Directing
108929,18116,Directing
55189,16725,Directing
20400,1979,Directing
76447,14163,Directing
73282,14456,Directing
19224,13168,Directing
1146,1845,Acting
30052,25055,Directing
24949,4141,Directing
19012,15568,Directing
7623,559,Directing
1614,4588,Directing
16973,34985,Directing
25598,2503,Directing
1353279,55076,Writing
2127,14001,Directing
53177,9757,Production
76249,14019,Directing
95550,14928,Directing
2182087,70043,Acting
65310,13649,Directing
37633,4519,Directing
2675,663,Directing
35734,9760,Writing
35694,9760,Writing
59410,10071,Acting
41549,14043,Directing
14409,7942,Acting
142960,72140,Directing
1204082,337550,Writing
1263750,337550,Directing
51535,13078,Writing
77309,14791,Acting
16863,3902,Directing
71872,12247,Directing
90048,17101,Directing
45052,5708,Directing
74569,13483,Writing
4135,4515,Acting
27449,27605,Directing
60243,319302,Directing
64796,233885,Directing
27991,319297,Directing
21377,319206,Directing
58677,319203,Directing
143520,51201,Directing
115174,86531,Directing
937777,60850,Directing
7467,1949,Directing
55045,6391,Directing
55046,6391,Writing
578,4982,Directing
44114,5559,Directing
44113,5559,Directing
13663,2267,Production
119624,24870,Directing
15488,7992,Directing
80948,16962,Directing
16938,13252,Directing
558263,69335,Directing
2042,1683,Directing
65429,25961,Directing
46297,54318,Directing
37618,4512,Directing
6037,440,Visual Effects
6038,440,Visual Effects
1122662,34183,Directing
26971,8277,Directing
50582,6589,Directing
7396,9038,Directing
7395,9038,Directing
3556334,461648,Directing
16356,1268,Directing
16837,1250,Directing
15890,7183,Directing
133398,49084,Directing
74872,13641,Directing
58789,13525,Writing
5844,52116,Acting
41285,5123,Directing
437833,32579,Directing
12962,6637,Directing
7722,11127,Writing
7,10681,Writing
21370,8848,Directing
11694,8247,Directing
54472,8321,Directing
36797,8065,Directing
525,155,Directing
71527,12177,Writing
36602,8960,Directing
77658,13256,Directing
66218,10488,Writing
66219,10488,Writing
13426,11665,Directing
23430,8909,Production
74052,12889,Directing
14172,8780,Writing
26488,14422,Writing
201,4953,Directing
43141,7461,Directing
15277,1726,Acting
56717,9029,Directing
1224,4944,Writing
1223,4944,Directing
9340,7459,Directing
9339,7459,Directing
53177,11260,Production
9622,88751,Visual Effects
18865,1724,Directing
228,12690,Acting
71548,12182,Directing
29214,6557,Directing
10828,11253,Directing
22214,15373,Acting
70238,13053,Directing
76595,13053,Acting
4014,10483,Directing
63973,8882,Directing
75035,13387,Directing
5216,10139,Directing
1243,5038,Directing
2034,12405,Directing
64131,10183,Directing
26095,14359,Directing
55710,12133,Directing
7399,7446,Acting
17329,16005,Directing
468,8055,Directing
39,4148,Directing
74950,13648,Visual Effects
6431,12163,Directing
190,3580,Acting
55499,10200,Directing
59026,10201,Directing
1978,2309,Directing
12028,13051,Directing
20739,10202,Directing
71068,11631,Directing
53216,13253,Directing
74152,13090,Directing
58005,12178,Directing
76230,13972,Production
8557,8338,Directing
64141,10189,Directing
35453,8681,Directing
56735,9030,Directing
56736,9030,Directing
57607,13688,Acting
40256,13027,Directing
65310,11887,Directing
12995,10764,Directing
608,12429,Directing
15219,14914,Production
69416,13179,Directing
92693,19624,Directing
14392,12162,Directing
16294,14976,Directing
27889,16899,Directing
19850,8966,Directing
190,13223,Acting
1884,8881,Directing
7467,4922,Directing
508,12797,Writing
6817,38879,Directing
60243,13942,Directing
77147,13812,Directing
2675,14353,Directing
16328,8390,Writing
56197,8884,Writing
74396,13310,Directing
57741,9502,Directing
57742,9502,Directing
54767,58391,Directing
76171,13964,Directing
38023,4564,Writing
74623,13532,Directing
67075,28422,Directing
76936,16804,Directing
123695,40016,Directing
32278,7191,Directing
1036442,19603,Directing
64140,10188,Directing
71600,12193,Directing
71947,12837,Directing
55189,23963,Directing
54273,8276,Writing
6159,11499,Directing
57193,13600,Directing
66563,12620,Writing
488,217,Directing
113406,34883,Directing
5524,2454,Production
236378,20846,Directing
1214381,12914,Directing
65452,10503,Directing
1110491,139299,Directing
54507,8328,Directing
263640,73029,Directing
567815,73029,Directing
71729,12222,Directing
8029,12222,Visual Effects
18898,1729,Directing
5065,14306,Directing
89112,14248,Directing
77162,13944,Directing
114109,26235,Writing
58324,13635,Directing
5281,12412,Directing
937430,33429,Directing
937431,33429,Directing
956,13809,Directing
56209,8899,Directing
45138,8899,Directing
27745,13001,Writing
3310,13971,Editing
59611,9539,Writing
202,4960,Writing
72480,16166,Directing
71570,12184,Directing
64152,10199,Writing
58897,10199,Directing
78040,14438,Directing
144232,13094,Directing
1368293,39369,Directing
26882,8937,Directing
56383,8942,Directing
56198,8885,Directing
11401,12289,Directing
46054,37573,Directing
12180,15877,Directing
52934,9870,Writing
6201,6972,Directing
12453,40751,Directing
18844,16164,Directing
17397,12085,Writing
130402,12471,Directing
2108770,293878,Directing
23571,21179,Production
76832,14415,Directing
20646,11321,Directing
25735,24475,Directing
45730,21371,Directing
1985643,90175,Directing
1033654,90175,Acting
84061,19079,Writing
87160,13009,Directing
41549,12621,Directing
74101,13018,Directing
80978,15801,Acting
100771,28424,Acting
67367,21755,Directing
1046935,70279,Directing
122775,39366,Writing
9888,26191,Directing
27014,17077,Directing
112206,24566,Directing
76242,13058,Acting
9032,2253,Directing
549608,67892,Writing
56635,9017,Directing
46199,5871,Directing
37948,6687,Directing
566165,69454,Directing
34970,15749,Production
86523,20529,Directing
58712,13613,Directing
6220,12689,Directing
1049430,37583,Directing
85435,13004,Directing
57832,14538,Directing
56210,8900,Directing
81159,19173,Directing
88556,21910,Writing
73460,12783,Directing
43993,15457,Directing
40307,14061,Directing
76910,38846,Directing
84618,19375,Directing
66074,10665,Directing
12180,14092,Directing
9181,13813,Directing
57581,13460,Directing
87672,21583,Writing
76100,13956,Directing
76560,14312,Production
15868,6968,Directing
72024,13490,Directing
13680,15125,Directing
1192557,49429,Acting
26850,24330,Directing
2293,8285,Writing
592304,18505,Directing
72769,17631,Writing
114312,35452,Writing
66548,10761,Directing
111389,33788,Directing
111388,33788,Directing
96323,23966,Directing
96324,23966,Directing
45627,8617,Directing
1296677,232435,Production
68770,41362,Directing
59291,13515,Directing
57173,13160,Writing
35796,11918,Writing
21183,18533,Directing
68352,11152,Directing
90363,34478,Directing
107753,31216,Directing
18878,1735,Directing
964037,21194,Writing
131397,25695,Directing
80602,15450,Acting
100134,15451,Directing
75915,13855,Directing
36697,18032,Production
21526,14637,Directing
116802,14859,Directing
81256,16409,Directing
273,12165,Writing
37627,8265,Acting
116370,13655,Directing
936014,29989,Directing
12524,8836,Writing
87103,63597,Directing
74887,13646,Directing
91252,20764,Directing
55789,24450,Directing
6046,7840,Directing
26760,39277,Directing
25236,7346,Directing
1011168,96918,Writing
56470,17893,Directing
56208,8898,Directing
53090,7860,Directing
16483,7555,Acting
55299,14574,Directing
90048,17165,Directing
127823,32695,Writing
52961,7735,Directing
123219,19703,Directing
29226,12568,Directing
72757,10360,Directing
79272,15179,Directing
18356,15671,Directing
12891,1290563,Writing
78451,13190,Directing
111216,16439,Directing
52169,7267,Directing
74724,13617,Directing
123970,17780,Directing
77121,13996,Directing
48137,83059,Writing
54050,8204,Directing
97591,27374,Writing
166999,62459,Directing
2679,11917,Art
58689,13279,Writing
63571,14756,Directing
35694,7278,Writing
35734,7278,Writing
55075,8456,Directing
66563,14220,Writing
71538,12180,Production
70520,14298,Directing
74052,15060,Directing
18356,14849,Directing
51984,14979,Directing
54733,16614,Directing
57646,14836,Directing
58552,16996,Directing
15344,13475,Directing
6159,13448,Directing
12890,14160,Directing
36425,534,Production
36588,17332,Directing
2291,13455,Directing
21085,13811,Directing
15217,13183,Directing
57130,18785,Directing
638,11322,Directing
11343,767,Directing
566328,19851,Directing
1213560,19458,Directing
41039,20829,Directing
21931,1450,Directing
9248,24803,Writing
87742,19913,Directing
7775,14869,Writing
893,18487,Directing
5714,8355,Directing
82194,17654,Directing
59521,21208,Directing
865,8373,Production
6767,18480,Directing
19346,15472,Directing
71923,12244,Directing
88926,19833,Writing
1243,19265,Directing
19242,16558,Writing
13079,2080,Directing
57125,16325,Directing
17871,16538,Writing
69597,22798,Acting
7213,19959,Directing
91268,19908,Directing
18357,24271,Directing
107446,22794,Production
155267,22794,Production
126855,41545,Directing
3964,12437,Art
81850,17431,Directing
31511,10313,Acting
5655,10315,Directing
17835,23082,Acting
1551346,23082,Writing
138,16869,Directing
15810,10198,Writing
15811,10198,Writing
11266,22832,Directing
52443,22947,Directing
2710,19995,Directing
956,10528,Directing
20019,25793,Directing
102402,26715,Directing
101542,25983,Directing
28239,12403,Writing
54025,19994,Directing
42,17609,Directing
7623,16871,Directing
149082,53846,Directing
147302,53103,Directing
21684,30018,Directing
83653,18826,Writing
19840,26428,Writing
280,8054,Directing
120615,34653,Directing
96677,26963,Directing
96676,26963,Directing
17633,10197,Directing
122423,38810,Directing
53333,20766,Directing
18903,1731,Directing
108,7980,Directing
122785,39378,Directing
29226,291081,Directing
17087,22074,Directing
56412,8952,Writing
56411,8952,Writing
62116,21474,Directing
17698,22897,Writing
41670,4475,Directing
3288,18239,Production
11151,10024,Acting
39,19255,Directing
5125,31175,Directing
1199146,142085,Directing
7018,18947,Writing
71082,24469,Directing
1176,24684,Directing
10757,29963,Directing
91603,24424,Directing
91602,24424,Directing
37932,22803,Directing
5877,37707,Directing
33183,16577,Directing
56501,19901,Directing
56502,19901,Directing
3045,20048,Directing
90492,23720,Directing
93468,22494,Directing
52405,36811,Directing
20907,26390,Directing
118639,37169,Directing
1884,11323,Directing
57854,27989,Acting
40864,36703,Directing
96627,41248,Directing
229263,44527,Directing
25645,25053,Directing
190,22954,Acting
56205,28211,Directing
9888,46207,Directing
39298,50722,Directing
434091,73970,Writing
1187357,36549,Writing
227564,58251,Directing
129561,58251,Directing
66605,39800,Writing
107490,31011,Directing
117052,16866,Writing
122673,39334,Directing
146704,52799,Writing
114545,34069,Writing
114546,34069,Directing
103150,29182,Directing
133932,45806,Directing
61069,22327,Directing
78562,23706,Directing
20665,39358,Directing
29214,18240,Directing
46325,32909,Directing
1034683,44096,Directing
84714,25376,Directing
77162,37080,Directing
108072,31189,Directing
90,46458,Directing
105239,29917,Directing
554929,68987,Directing
4387,51971,Directing
81718,28874,Directing
53334,7445,Directing
56251,34423,Acting
69371,18320,Directing
109978,41009,Directing
2206,53445,Acting
1884,17680,Directing
17046,10521,Directing
76927,14451,Directing
229931,37181,Directing
56401,38984,Directing
126805,41537,Writing
6046,14161,Directing
17208,37714,Production
14999,29426,Directing
3893,13788,Writing
36797,20943,Directing
10099,22536,Directing
54559,28355,Directing
17496,21575,Directing
2419,27936,Directing
4429,8284,Directing
150208,15105,Production
110356,32084,Directing
19939,74666,Writing
19896,41123,Directing
109293,32511,Directing
101399,28644,Writing
111588,38542,Directing
48583,11156,Directing
55587,34769,Acting
1223,12573,Directing
1224,12573,Writing
82822,18238,Directing
57270,24420,Directing
64045,26171,Directing
212240,70044,Directing
19000,15577,Directing
54040,22881,Directing
6094,35619,Directing
129716,39037,Writing
76325,33613,Directing
423584,45576,Directing
17016,38448,Directing
130101,44028,Acting
76325,24253,Directing
123132,39545,Writing
90812,24056,Directing
143593,26280,Directing
1577,22825,Writing
129602,43550,Directing
58292,44718,Directing
17697,29151,Acting
5953,16523,Directing
101444,28520,Directing
101446,28520,Directing
84851,19585,Visual Effects
91759,35052,Directing
58189,13804,Directing
54713,25183,Acting
6818,11699,Directing
84885,19597,Directing
142732,37810,Directing
130459,37961,Directing
65242,17911,Directing
27226,14435,Editing
20192,18501,Directing
20193,18501,Writing
54441,42819,Directing
126597,40623,Directing
126599,40623,Directing
54795,22821,Writing
82446,17886,Writing
46203,33997,Directing
65630,15512,Directing
12080,15512,Acting
92733,24238,Directing
14597,34647,Directing
848030,71394,Directing
34110,28089,Writing
92743,24869,Writing
309,8088,Directing
128217,42571,Directing
87033,31896,Directing
47201,25968,Directing
19766,61730,Acting
67717,15588,Directing
85675,20453,Writing
125385,41066,Directing
6818,44027,Directing
119194,37905,Writing
119195,37905,Directing
1159421,177096,Acting
29009,10184,Directing
94918,25941,Directing
118171,20458,Directing
37526,35411,Directing
571424,137868,Directing
20430,25205,Writing
76171,39260,Directing
1046509,109455,Directing
1046508,109455,Directing
74863,15359,Directing
85530,26379,Directing
77926,22843,Directing
77923,22843,Directing
77921,22843,Directing
98251,27567,Directing
41671,4597,Directing
1484082,321597,Writing
1364983,25693,Writing
1364984,25693,Directing
23921,2325,Directing
554389,77565,Writing
110054,33091,Directing
111736,25475,Writing
1051292,38248,Writing
1718766,38248,Directing
1718765,38248,Directing
94608,26035,Directing
92657,24804,Directing
88832,22476,Directing
145210,60821,Directing
21183,37861,Directing
54559,19898,Directing
968370,25073,Production
62369,22824,Directing
20556,13975,Directing
91026,24116,Directing
82511,17927,Directing
112280,36577,Directing
80762,36577,Directing
1585647,41310,Directing
100516,22051,Directing
107730,31166,Directing
58498,22787,Directing
544130,65214,Directing
544134,65214,Directing
106345,33282,Directing
131249,44680,Directing
11817,28891,Directing
29922,13207,Directing
4755,19912,Directing
94220,25769,Writing
94222,25769,Writing
54526,10664,Directing
54525,10664,Directing
81201,14254,Directing
223886,14254,Directing
78708,64631,Directing
137427,22302,Directing
3423507,32857,Directing
130300,44125,Directing
144961,49674,Directing
15042,42556,Directing
17350,16995,Directing
69309,26864,Writing
565366,22573,Directing
7348,26773,Directing
66969,36142,Directing
1137903,33511,Directing
87213,38150,Writing
90667,23947,Directing
88323,21988,Directing
94108,18405,Directing
6495,8915,Directing
230802,60246,Directing
121686,38645,Directing
121687,38645,Directing
113680,35065,Directing
84568,26032,Directing
43403,30388,Directing
126910,41479,Directing
79656,20856,Directing
2365909,616862,Acting
556165,42973,Writing
2663910,848514,Directing
41041,26466,Directing
38560,21636,Acting
19172,25754,Production
1111194,26693,Writing
150777,36917,Directing
227842,58450,Directing
62541,25643,Writing
942251,38415,Directing
56340,71883,Directing
69593,32985,Directing
130837,26688,Directing
1614,26320,Directing
129715,36419,Writing
1114,34480,Editing
1168094,185377,Directing
80602,15670,Acting
83224,18530,Directing
155293,285931,Acting
1046538,285931,Acting
36042,29483,Acting
80602,26367,Acting
12438,130858,Acting
57763,255508,Directing
11887,18162,Directing
132812,45261,Directing
127279,37721,Sound
124830,40850,Directing
124831,40850,Directing
56710,23488,Directing
67542,59462,Directing
15488,18898,Directing
74943,33273,Directing
4600,45650,Directing
120572,38087,Directing
580911,76981,Directing
5306,28178,Directing
131870,44990,Directing
91730,24528,Visual Effects
1524,17610,Directing
108346,30250,Directing
78751,24864,Directing
1869,9503,Directing
17825,18360,Directing
142467,49568,Art
129718,32395,Writing
52609,29427,Directing
510,12155,Directing
51866,34563,Directing
25598,22972,Directing
109857,33217,Directing
66193,10191,Directing
69797,10191,Directing
3227,23048,Directing
1032,11324,Directing
4945,7978,Directing
114404,31867,Directing
957,23483,Directing
17835,36801,Acting
39189,36801,Acting
17825,35056,Directing
15277,10138,Acting
113225,34806,Directing
578,20662,Directing
17046,37056,Directing
62863,37931,Acting
3556,11439,Directing
10723,9543,Directing
98521,27586,Directing
38023,37786,Writing
11448,20504,Directing
11447,20504,Directing
52934,32823,Writing
5656,27583,Directing
64151,10192,Directing
64140,38093,Directing
56539,40247,Directing
121873,39013,Directing
21981,38575,Directing
139135,47607,Directing
8,10193,Directing
71046,11761,Writing
31083,73423,Directing
40223,34544,Writing
116357,22894,Directing
17494,38365,Acting
131617,39452,Directing
1201,32856,Acting
1855298,783341,Directing
78160,41110,Directing
584335,43541,Directing
55934,39356,Directing
11614,10196,Directing
60922,41210,Directing
60923,41210,Directing
1223175,38843,Directing
57581,23759,Directing
1337858,130266,Directing
16483,27578,Acting
80924,41505,Directing
80923,41505,Directing
12962,27022,Directing
16834,23169,Directing
880,23168,Acting
21792,38842,Writing
55710,27581,Directing
37633,39413,Directing
1243,38031,Directing
96657,47909,Directing
4014,35791,Directing
13015,27576,Directing
366,37834,Directing
213316,46909,Directing
27450,148292,Writing
75699,39781,Directing
1000034,167425,Directing
27571,24021,Directing
124747,20352,Acting
124748,20352,Acting
45405,39053,Production
45407,39053,Acting
41671,34851,Directing
525,27205,Directing
82511,37735,Directing
45052,27579,Directing
19303,23742,Directing
31119,34813,Directing
4453,46789,Directing
69830,40911,Acting
563356,71559,Writing
52779,38167,Creator
2294,23631,Directing
61847,23631,Editing
6737,38778,Directing
11090,22538,Directing
132452,45202,Directing
96439,38073,Directing
120245,38358,Directing
585035,57413,Directing
487207,267299,Directing
143593,51241,Directing
7467,37799,Directing
56210,47261,Directing
58375,38303,Directing
32278,41402,Directing
95320,26388,Directing
8688,54144,Acting
24248,46138,Directing
16391,44638,Directing
142272,42296,Directing
142276,42296,Directing
1152,33909,Directing
6431,44214,Directing
2460,39486,Writing
15602,56440,Directing
17282,58857,Directing
57270,39514,Directing
77147,44040,Directing
83415,57771,Directing
7017,38357,Directing
42745,42297,Acting
144519,53457,Directing
18864,38055,Acting
2034,44115,Directing
893,44048,Directing
65452,44009,Directing
18865,18823,Directing
11343,12444,Directing
69759,38368,Directing
455,43539,Writing
76595,38757,Acting
121830,38757,Acting
72320,46332,Acting
588827,63498,Directing
588828,63498,Directing
37526,63498,Directing
129894,43933,Directing
86270,20526,Directing
1224,44264,Writing
1223,44264,Directing
70500,45269,Directing
58552,37950,Directing
8843,33602,Directing
8193,37710,Directing
6038,42684,Visual Effects
6037,42684,Visual Effects
10781,10140,Directing
9622,41515,Visual Effects
131873,44991,Directing
57446,42188,Directing
62824,36550,Costume & Make-Up
107630,43090,Writing
47020,41180,Directing
55189,80293,Directing
131948,39312,Directing
21863,39312,Directing
17883,45317,Directing
65317,31007,Directing
213485,55165,Directing
21768,41201,Directing
1445415,81656,Directing
130402,44160,Directing
223,45958,Directing
131186,54186,Directing
139098,46705,Directing
13581,23172,Directing
9181,43347,Directing
142617,38325,Directing
227393,46665,Directing
137422,33107,Writing
53069,43923,Directing
53068,43923,Directing
19224,46837,Directing
119294,48303,Directing
1769,39210,Directing
5306,22971,Directing
74863,45162,Directing
113802,35153,Directing
16435,48650,Directing
66121,41283,Directing
137427,46738,Directing
98103,49020,Acting
57130,41733,Directing
1130539,150664,Directing
1130540,150664,Directing
137475,46829,Directing
206296,70925,Directing
56383,57120,Directing
3417,45094,Acting
17114,27585,Acting
133398,45649,Directing
38692,44244,Directing
4387,51447,Directing
97026,22907,Directing
969493,54812,Directing
2127,49018,Directing
15218,45132,Writing
133406,45658,Directing
80602,44944,Acting
124279,40662,Production
37852,45324,Directing
53090,57400,Directing
235504,52903,Directing
235503,52903,Production
3224,38961,Directing
238273,63946,Directing
113600,35019,Directing
114334,44629,Directing
1046935,81649,Directing
55786,74495,Sound
17439,55347,Directing
225009,56815,Directing
144009,47218,Acting
144476,51739,Directing
10965,32657,Directing
172,63578,Directing
21217,44147,Acting
31155,70110,Directing
588125,79854,Directing
55251,58496,Directing
76242,44877,Acting
2330170,44877,Editing
18844,48289,Directing
135113,46146,Directing
135601,46261,Directing
213614,55246,Directing
26760,48492,Directing
557179,69794,Directing
995492,92662,Production
87094,92662,Directing
935911,77444,Directing
229380,59441,Directing
74118,57243,Writing
19866,48034,Acting
59,35552,Directing
20665,47904,Directing
109402,38568,Directing
109403,38568,Directing
11694,38363,Directing
43553,48243,Directing
107730,57703,Directing
52479,46838,Directing
53276,41556,Production
20133,41436,Directing
937799,89825,Directing
136903,46564,Writing
87082,52015,Writing
19499,43935,Directing
11770,45657,Directing
935471,87824,Sound
935472,87824,Directing
92068,56833,Directing
1008548,96311,Directing
1109770,138829,Directing
7740,73211,Directing
236861,57749,Directing
4135,60309,Acting
224221,52696,Directing
229374,59435,Directing
17458,56405,Directing
80006,47763,Directing
90367,30061,Directing
74863,30061,Directing
1287732,44560,Directing
19656,56272,Writing
74114,52043,Writing
562918,65760,Directing
63571,37472,Directing
571473,50838,Directing
130204,85441,Writing
39379,52767,Writing
213611,55244,Directing
115999,36696,Directing
116000,36696,Directing
1608098,280171,Production
56998,42194,Directing
69081,49797,Directing
101180,28562,Writing
117794,37495,Acting
1116303,142119,Production
517851,142119,Editing
10702,12201,Directing
8789,41273,Acting
82518,39750,Directing
46364,69461,Acting
120135,43200,Acting
77362,48871,Directing
70890,44363,Directing
230799,51764,Directing
129718,45272,Writing
227936,59457,Directing
568712,73283,Directing
123586,43754,Writing
548666,59421,Directing
228991,50099,Directing
118463,40205,Acting
91552,148284,Directing
227839,58446,Writing
69416,44683,Directing
145676,52264,Directing
145675,52264,Writing
172,37414,Directing
145210,61005,Directing
138776,47386,Directing
138775,47386,Writing
37948,43552,Directing
145117,51991,Directing
2880,59468,Acting
109544,63943,Directing
141172,48833,Directing
88823,62494,Directing
229164,103970,Acting
1035398,103970,Directing
68774,175141,Directing
558509,70448,Acting
224875,56743,Directing
151086,54770,Directing
85809,44918,Writing
3111,72843,Writing
145228,48395,Directing
97936,132250,Writing
54869,43549,Writing
55189,63700,Directing
174463,52272,Directing
571908,52272,Directing
59023,55567,Directing
64171,62592,Directing
145701,52274,Directing
181870,80188,Writing
51712,109125,Editing
16837,13477,Directing
52961,52587,Directing
167889,65056,Writing
234581,61948,Directing
1707,43930,Writing
583851,254582,Acting
8054,34134,Directing
997736,74890,Directing
34510,48838,Writing
1331055,54892,Writing
230335,82640,Directing
72197,40794,Directing
18969,42293,Directing
88039,44811,Directing
1278694,73976,Directing
58053,41993,Directing
150193,41360,Writing
134604,42941,Writing
114597,35690,Directing
20031,23437,Directing
2305028,193125,Directing
125738,29920,Directing
1047948,109979,Acting
3388,42888,Production
61357,55061,Directing
929825,72946,Directing
96745,27004,Production
1233,43943,Acting
3026,43949,Acting
232959,60534,Directing
24481,62116,Directing
2690,49009,Directing
140390,48392,Directing
140391,48392,Directing
1414752,432608,Directing
81328,49787,Directing
140396,48393,Directing
5140,43931,Directing
204553,45752,Directing
35896,37645,Acting
1575131,573531,Directing
80931,573531,Directing
1527010,573531,Visual Effects
1107310,573531,Writing
2441794,573531,Writing
107855,573531,Directing
1329047,573531,Directing
1407174,573531,Visual Effects
123193,573531,Directing
122186,573531,Directing
4617382,573531,Directing
70100,573531,Directing
12180,573531,Directing
1491896,573531,Visual Effects
26481,25195,Directing
532052,75170,Directing
544082,65831,Directing
1044250,50037,Directing
105574,474102,Directing
557359,474102,Directing
80523,49350,Directing
88967,38408,Production
550681,66195,Directing
90081,41135,Directing
119410,63415,Directing
239424,64611,Directing
1062401,72013,Directing
54507,41233,Directing
133427,47519,Writing
144536,56832,Directing
1176188,340558,Directing
1016305,63458,Directing
15217,23629,Directing
201,40805,Directing
83313,51481,Directing
54733,39513,Directing
29605,48171,Directing
40256,46529,Directing
1311748,258214,Directing
17350,49494,Directing
1921,38050,Writing
1704,44896,Directing
66739,44943,Directing
116805,55721,Directing
19850,49730,Directing
84061,38117,Writing
12079,45772,Directing
134129,54445,Directing
229695,59726,Directing
144221,50348,Directing
81850,45612,Directing
17329,51876,Directing
36588,50456,Directing
64141,38319,Directing
141675,49012,Directing
5140,41446,Directing
49903,50359,Directing
5714,46195,Directing
73035,56780,Acting
11181,10195,Acting
58189,51497,Directing
8858,41630,Production
55789,50014,Directing
17867,55725,Acting
131521,44835,Directing
42,62215,Directing
17633,1865,Directing
10943,55787,Directing
323,65034,Directing
57130,45243,Directing
30715,8967,Directing
957,49538,Directing
87257,38684,Directing
15344,37686,Directing
10702,44912,Directing
54050,58224,Directing
122673,212927,Directing
51851,52449,Directing
865,38356,Production
1243,59436,Directing
71600,51540,Directing
11343,12445,Directing
82511,50544,Directing
4945,1771,Directing
56411,50646,Writing
56412,50646,Writing
15277,49849,Acting
584806,78646,Writing
77357,61791,Directing
227439,51162,Directing
16842,51162,Directing
40357,70768,Directing
91268,62206,Directing
309,63311,Directing
29922,37430,Directing
48659,124733,Directing
1215,41513,Editing
229931,60243,Directing
77123,50357,Directing
65594,67913,Writing
1884,39538,Directing
21183,64690,Directing
142312,49444,Directing
51534,65599,Directing
1270,62837,Acting
21526,64639,Directing
19303,48572,Directing
1218992,69798,Directing
3055,94478,Directing
123707,86305,Production
116531,145099,Directing
1106991,137217,Art
141688,49021,Directing
98,86555,Acting
5345,60308,Directing
549971,60421,Directing
21657,50875,Acting
236884,62321,Directing
26852,74830,Acting
553375,115745,Directing
1043975,108373,Directing
1375201,79108,Directing
229501,75000,Directing
1097101,133372,Production
155531,59678,Directing
1461,10316,Acting
74396,49517,Directing
550669,63144,Directing
17825,39254,Directing
12786,27582,Directing
53267,68817,Writing
67717,74643,Directing
1748,70703,Acting
1692687,60935,Directing
7879,49013,Production
4014,52451,Directing
5065,73937,Directing
1149198,167447,Directing
5216,47760,Directing
83287,71859,Directing
578511,63849,Directing
119396,84890,Production
8685,49530,Writing
488,17578,Directing
56661,40807,Directing
556172,50839,Directing
909318,83860,Directing
844266,83860,Directing
16860,54662,Directing
575126,75453,Directing
71872,64720,Directing
53334,69668,Directing
121608,80048,Directing
527607,50837,Directing
56512,37958,Directing
222470,55465,Directing
932543,85741,Writing
132964,60420,Directing
13235,65057,Directing
569529,73568,Directing
17494,50546,Acting
93214,55779,Directing
142272,72571,Directing
142276,72571,Directing
12098,417859,Acting
129952,43959,Directing
133502,75900,Directing
26205,64328,Directing
16767,73532,Directing
108952,57089,Directing
116357,38321,Directing
84425,77338,Writing
84426,77338,Writing
64210,71157,Acting
18898,62046,Directing
956,58574,Directing
7395,48988,Directing
7396,48988,Directing
143079,49950,Directing
64151,55301,Directing
4590778,55301,Acting
52443,57157,Directing
7467,65754,Directing
33183,60307,Directing
10855,71469,Art
488,57212,Directing
2176,56831,Acting
11091,59108,Directing
7087,56292,Directing
50767,58151,Directing
1504440,72440,Directing
1032,44826,Directing
8966,23514,Acting
3556,72113,Directing
264113,75802,Directing
1884,70435,Directing
56214,74879,Directing
1145520,164052,Directing
130816,59968,Directing
935093,87368,Directing
935094,87368,Writing
1069782,119335,Directing
61069,52067,Directing
468,64685,Directing
77003,59440,Directing
240740,89191,Directing
1299467,89191,Directing
77162,73873,Directing
71068,71688,Directing
20192,71676,Directing
20193,71676,Writing
1414,83389,Directing
59328,59115,Writing
555975,69278,Editing
119368,80038,Acting
20587,73872,Writing
11649,74465,Writing
118639,74997,Directing
587376,72049,Directing
56789,59860,Writing
45405,82532,Production
45407,82532,Acting
18844,74534,Directing
81437,78480,Directing
47506,22970,Writing
1074319,83552,Directing
120229,83552,Directing
582918,77949,Directing
58573,45156,Directing
71082,9364,Directing
122423,81857,Directing
442985,76226,Directing
25236,90147,Directing
93911,51994,Directing
28605,78604,Acting
232898,79070,Writing
69371,85033,Directing
2352,77221,Directing
5306,81025,Directing
472630,73939,Directing
78188,82533,Writing
77815,72551,Writing
509442,92473,Directing
56710,58233,Directing
142013,94329,Directing
1304792,228655,Directing
68813,65229,Directing
225893,72842,Directing
96172,60422,Directing
14887,76543,Acting
235539,62564,Directing
3055,51999,Directing
928146,82529,Directing
523789,75736,Directing
39819,58882,Directing
77965,70670,Directing
1053934,102860,Directing
69488,61667,Directing
3125,80591,Acting
93136,70821,Directing
137467,74725,Directing
1016305,98232,Directing
1037989,105538,Directing
17494,71880,Acting
45459,55420,Directing
17282,85836,Directing
30711,44754,Writing
224,48231,Directing
18184,38541,Directing
119417,64678,Directing
72757,76025,Directing
213379,81534,Writing
90492,84355,Directing
172,85542,Directing
933226,86391,Directing
141673,49010,Directing
26850,74505,Directing
236859,63310,Directing
101542,58428,Directing
71506,77462,Writing
56194,53487,Directing
225556,57119,Directing
16378,91549,Directing
987016,91930,Directing
53431,77461,Acting
20430,56418,Writing
68994,89708,Camera
75035,62835,Directing
933739,86812,Writing
928915,80767,Directing
15557,50619,Directing
67075,98631,Directing
551463,74777,Directing
19841,68818,Writing
74863,69735,Directing
90367,69735,Directing
1120638,144271,Directing
447777,86987,Directing
66823,68684,Directing
114620,80583,Directing
63477,59883,Directing
5469,101173,Acting
582255,77561,Directing
37021,58443,Production
109339,70577,Directing
33349,94363,Writing
587903,79728,Directing
549353,77458,Writing
56405,85735,Writing
1133675,111943,Writing
552707,76451,Directing
65569,92424,Directing
111686,79697,Directing
60438,74549,Directing
935140,87425,Editing
607,76758,Directing
229420,75654,Directing
454818,74726,Directing
568692,73262,Directing
229519,117098,Directing
110876,55190,Directing
40243,73108,Directing
1317574,116322,Directing
5696,98545,Directing
1061941,115712,Writing
5872,82624,Directing
98631,83899,Directing
7865,73499,Production
1201,62838,Acting
1146,85449,Acting
307791,73588,Directing
123798,40161,Directing
86783,70590,Directing
570354,73867,Directing
586002,79120,Directing
921570,82321,Directing
56435,55680,Directing
111699,65650,Directing
1017209,97795,Directing
19509,72841,Directing
567267,72841,Production
57199,63492,Directing
208113,51052,Directing
21879,50321,Directing
239404,64586,Writing
63052,81390,Writing
1026085,75595,Writing
93025,102640,Directing
64141,57431,Directing
51712,79582,Editing
17520,58043,Directing
576537,50217,Directing
1059118,91550,Writing
1151834,169730,Writing
87160,78093,Directing
92694,74147,Directing
78040,72213,Directing
1009255,86304,Acting
123199,91186,Directing
437833,65218,Directing
1018980,98870,Directing
146438,84427,Directing
19656,59006,Writing
1151278,169068,Directing
42994,49520,Directing
59218,91070,Directing
562589,71325,Directing
1375066,50698,Directing
1310518,50698,Writing
640,92182,Directing
642,92182,Production
78562,58232,Directing
186783,70954,Directing
54597,51588,Directing
85637,81401,Directing
557372,136476,Directing
32983,70868,Acting
59521,48138,Directing
21669,71179,Directing
67259,75948,Directing
814,74308,Directing
42138,150065,Directing
1290914,252674,Directing
184567,91155,Directing
71609,75233,Directing
1433022,86507,Writing
54525,77495,Directing
444720,80184,Directing
1176,51828,Directing
84437,68202,Directing
1350775,285726,Directing
230437,53569,Writing
581670,77299,Directing
107762,77560,Directing
119498,75491,Acting
1142992,75491,Production
173667,89008,Directing
564,92591,Directing
176153,73456,Directing
1072778,120811,Directing
1624073,171634,Writing
108952,55215,Directing
6482,59965,Directing
71280,74387,Directing
6159,44564,Directing
61985,66129,Acting
1353564,74149,Directing
5269,82968,Directing
238156,63894,Directing
144536,74135,Directing
83730,38543,Directing
237583,100270,Writing
74863,76420,Directing
64171,81393,Directing
1043297,108147,Directing
127380,103269,Directing
62768,76487,Directing
80924,52520,Directing
80923,52520,Directing
1216147,72431,Directing
40223,75174,Writing
934803,76726,Directing
36425,59962,Production
29009,78698,Directing
111094,79548,Directing
63306,65086,Directing
566328,72570,Directing
7,49529,Writing
15345,98548,Writing
23964,70160,Writing
66739,57165,Directing
56512,62764,Directing
66212,10679,Directing
53304,72197,Directing
1034317,111075,Directing
1884,77930,Directing
305750,112735,Writing
1059163,113294,Directing
36602,44833,Directing
12891,24428,Writing
52934,72207,Writing
64045,76494,Directing
18863,80321,Directing
18864,80321,Acting
12080,80321,Acting
58375,88042,Directing
510,62213,Directing
11266,70436,Directing
74619,87428,Writing
5174,41154,Directing
999812,93856,Directing
6767,76493,Directing
72344,49527,Directing
228134,58595,Directing
578,70981,Directing
2332,88284,Directing
5655,83666,Directing
930707,84332,Directing
20739,80585,Directing
935123,87408,Directing
107446,64688,Production
155267,64688,Production
59803,62177,Writing
126638,62177,Writing
1152,82525,Directing
87742,1930,Directing
223516,84175,Directing
52139,72105,Acting
1027008,127061,Acting
230799,103133,Directing
101180,64932,Writing
1243,81836,Directing
525,49026,Directing
932088,85446,Directing
62854,80035,Directing
58897,77174,Directing
154705,77174,Writing
19242,49040,Writing
22214,50647,Acting
930629,84200,Directing
23430,72331,Production
79434,84188,Production
109745,84184,Directing
224,49014,Directing
12786,76163,Directing
3290,71864,Directing
53333,82633,Directing
15175,73567,Directing
27977,103328,Directing
124748,73723,Acting
6737,77953,Directing
508,49526,Writing
22676,77883,Directing
836732,84329,Directing
113373,84340,Acting
51996,83686,Acting
929917,83686,Writing
43141,49049,Directing
71551,88005,Writing
3950,64635,Writing
4014,71679,Directing
16959,103332,Directing
16960,103332,Directing
76021,116463,Acting
4762,68722,Directing
67367,59967,Directing
86482,82505,Directing
37618,64689,Directing
1084728,458877,Acting
150630,111440,Directing
168667,114150,Directing
585990,176069,Writing
3045,126797,Directing
510,62214,Directing
54472,86838,Directing
55499,82507,Directing
1069629,119278,Directing
185438,76492,Directing
9340,83542,Directing
9339,83542,Directing
1071,83542,Directing
131388,105531,Directing
5065,82696,Directing
59611,86597,Writing
39,37724,Directing
880,68734,Acting
930710,84341,Directing
69593,61012,Directing
165787,82690,Directing
488,72976,Directing
119819,127501,Directing
39298,121873,Directing
131664,110146,Acting
57206,121872,Directing
134016,123587,Acting
225899,192655,Directing
225556,88036,Directing
168330,113947,Directing
8684,60747,Crew
217587,84174,Writing
36043,128564,Directing
95510,82825,Directing
171949,138202,Production
36588,96724,Directing
102234,118051,Directing
14392,97630,Directing
185995,84323,Writing
1125743,147358,Directing
77921,75629,Directing
77923,75629,Directing
77926,75629,Directing
56341,75629,Directing
1777190,75629,Directing
108,49051,Directing
9033,75780,Writing
70500,82695,Directing
8686,112336,Writing
15557,50620,Directing
151007,81188,Art
449889,109843,Acting
81856,60599,Writing
1614,87827,Directing
41039,89492,Directing
86013,147405,Acting
6011,86837,Directing
75035,82675,Directing
138,68718,Directing
150512,93858,Directing
137467,117974,Directing
1068112,118628,Writing
147021,148265,Directing
80672,75258,Directing
17883,82693,Directing
6737,91010,Directing
95375,127872,Directing
105643,123025,Directing
99898,128270,Writing
225898,90130,Directing
4483,121826,Acting
19311,84892,Writing
3026,101731,Acting
583857,116811,Directing
1353245,44667,Directing
52358,72387,Directing
51918,122081,Directing
225009,110398,Directing
76418,138038,Directing
24,87502,Directing
7017,87504,Directing
1084905,127533,Directing
1015967,131503,Directing
51894,80278,Directing
20657,103740,Directing
1107609,137700,Directing
84061,82631,Writing
66681,84348,Directing
141962,84348,Directing
1039527,84348,Directing
1039528,84348,Directing
88556,84348,Writing
40863,84348,Directing
1039529,84348,Directing
101542,84348,Directing
98631,84348,Directing
930697,84312,Writing
1977538,505020,Directing
1097147,133411,Directing
93286,121835,Directing
1723,70074,Directing
1075122,121879,Writing
67813,77866,Directing
20307,70667,Directing
20308,70667,Directing
71929,70793,Directing
71930,70793,Acting
53995,123366,Directing
53996,123366,Directing
1105712,136403,Writing
213485,139575,Directing
1177320,138701,Directing
1090812,94901,Writing
30715,60281,Directing
71596,130694,Directing
139098,97367,Directing
4453,103663,Directing
239672,137182,Directing
40506,103686,Directing
1011,126250,Directing
20267,130739,Directing
15488,103747,Directing
58255,112198,Writing
57558,112198,Writing
1146,84165,Acting
1099677,134632,Directing
1099678,134632,Directing
879,94671,Acting
5656,121986,Directing
223806,139933,Directing
221944,84178,Acting
118415,91679,Directing
101444,127373,Directing
101446,127373,Directing
52405,97434,Directing
1518221,362203,Writing
1518220,362203,Writing
1059047,114591,Writing
1094766,132236,Directing
184162,138907,Writing
151166,144752,Directing
150,97430,Sound
12891,91739,Writing
437833,82618,Directing
1150,109099,Directing
1273712,173294,Production
74259,87440,Directing
1051327,127856,Writing
75753,136911,Writing
132857,79940,Acting
132856,79940,Acting
583932,114574,Directing
19035,134673,Directing
1077548,123235,Writing
17016,102780,Directing
1088681,118737,Directing
140372,109513,Directing
51298,109513,Acting
58245,75761,Directing
4135,87496,Acting
142272,82990,Directing
142276,82990,Directing
1230252,89185,Acting
1063311,116340,Production
98,128216,Acting
90575,139998,Writing
544130,126277,Directing
544134,126277,Directing
135795,114779,Writing
1051305,111083,Writing
2482071,661971,Directing
16848,104755,Directing
1911436,52001,Directing
993676,128104,Directing
20019,82390,Directing
1006774,95775,Production
81718,110420,Directing
1122286,97605,Directing
1098037,133823,Directing
1098038,133823,Directing
97827,120478,Writing
90429,75674,Acting
293911,75674,Directing
1140570,159121,Writing
1052217,111443,Directing
20400,67660,Directing
440517,98369,Directing
1187215,204779,Directing
87877,136080,Directing
1406393,643755,Directing
1046489,84194,Directing
1138367,115738,Writing
8246,123105,Directing
1080010,94684,Directing
141883,127846,Writing
54526,80280,Directing
648,111839,Writing
53079,115199,Production
1060626,115199,Directing
89824,84204,Directing
145821,114606,Directing
105574,123359,Directing
26457,97683,Acting
1108200,138222,Writing
196858,136718,Directing
102389,97632,Writing
126597,126319,Directing
126599,126319,Directing
1092607,126319,Directing
969551,124501,Directing
1028485,132705,Writing
932417,85646,Writing
142398,85646,Directing
3539056,148644,Directing
104784,214426,Writing
1150877,164372,Directing
1006810,164372,Directing
19769,77016,Directing
33433,77877,Directing
29214,82687,Directing
143966,168426,Directing
585208,140441,Directing
226608,107178,Directing
1064951,116723,Directing
97618,134461,Directing
1164736,131887,Writing
53177,72358,Production
48948,115442,Directing
124830,130593,Directing
124831,130593,Directing
76998,84336,Directing
1454099,1054225,Acting
937282,516783,Writing
976806,180097,Writing
1170415,188984,Directing
1085904,127867,Writing
971292,84192,Directing
1028309,84192,Directing
1074721,121734,Directing
1023127,100046,Writing
42378,88478,Acting
229180,126323,Directing
856440,84333,Directing
228102,150230,Writing
113500,106021,Directing
1099913,134671,Directing
1053420,111969,Writing
128077,145015,Directing
1016214,97989,Directing
2675,100493,Directing
3289,78571,Directing
47935,169782,Directing
936974,89237,Directing
1032011,102784,Directing
1037760,127651,Costume & Make-Up
72299,102000,Directing
22558,149427,Directing
31621,104185,Directing
144009,84306,Acting
1087209,126749,Writing
995521,133764,Directing
231249,60540,Writing
1080230,124555,Directing
1082434,126315,Directing
95528,127864,Directing
207718,104524,Directing
74752,88273,Directing
1154215,171698,Directing
64575,99770,Writing
1294594,113388,Directing
57434,73935,Directing
1266967,231716,Writing
1142986,160955,Writing
69696,128073,Directing
1299380,57214,Directing
1086430,128154,Writing
131870,100529,Directing
59330,118677,Writing
1031692,118677,Writing
1061511,115290,Directing
30149,115290,Directing
1061119,103609,Writing
67813,127913,Directing
56717,93837,Directing
4387,121875,Directing
59438,442170,Directing
33183,82650,Directing
17510,90369,Writing
132876,72545,Directing
543842,97051,Directing
1058954,101682,Directing
71729,57800,Directing
229962,57800,Directing
86255,174772,Directing
91268,82682,Directing
1113116,132232,Directing
76927,60304,Directing
1145017,163431,Directing
56661,82654,Directing
1153023,170744,Directing
71600,109431,Directing
228801,166660,Production
5306,112949,Directing
1884,109421,Directing
2163,109491,Writing
2836,133805,Directing
97618,165013,Directing
1098477,68179,Writing
9032,81005,Directing
7623,68728,Directing
19346,102362,Directing
93419,124459,Directing
3289,144340,Directing
933739,87499,Writing
54507,72559,Directing
20907,117263,Directing
8685,72710,Writing
932248,109428,Directing
2034,68727,Directing
37948,158011,Directing
4723,109410,Writing
86270,75612,Directing
1266490,231308,Directing
1108,68721,Writing
71872,103731,Directing
1149217,167581,Directing
102557,180371,Directing
15344,54138,Directing
557179,146203,Directing
66193,49519,Directing
71267,49519,Writing
6201,64682,Directing
97026,76617,Directing
52599,87567,Writing
1137536,160118,Directing
12453,44865,Directing
18596,119283,Directing
1317796,268868,Writing
19274,109414,Acting
54734,109414,Production
1884,119675,Directing
5713,116711,Acting
57130,109439,Directing
18865,75656,Directing
1163332,180810,Directing
11614,82700,Directing
58189,82992,Directing
52114,107811,Writing
52115,107811,Writing
865,134374,Production
116805,136795,Directing
1176212,195423,Directing
130791,198677,Directing
84124,72359,Writing
2488249,657438,Directing
17825,116741,Directing
53120,158015,Directing
145867,77234,Directing
15217,49521,Directing
225976,62211,Writing
12995,72190,Directing
1363226,201676,Directing
564,132344,Directing
1704,57201,Directing
10099,86825,Directing
201,157820,Directing
1769,96936,Directing
124747,93456,Acting
124748,93456,Acting
1088579,129112,Directing
309,144789,Directing
13015,176339,Directing
6046,117251,Directing
10828,68726,Directing
85822,205321,Directing
21183,77987,Directing
1099626,172631,Directing
2127,138843,Directing
94075,77950,Acting
1156668,173847,Directing
57270,49524,Directing
1149038,165864,Directing
366,76170,Directing
15002,146216,Directing
11090,107985,Directing
1215,77931,Editing
17494,109418,Acting
105648,147773,Acting
161932,147773,Acting
129433,170689,Directing
465763,129139,Directing
999760,93828,Writing
1243,160588,Directing
1056121,157354,Directing
930333,205939,Writing
67813,136400,Directing
53861,170752,Directing
228643,159014,Directing
82194,68724,Directing
40864,158743,Directing
116357,145135,Directing
111736,151960,Writing
55075,59859,Directing
72206,72890,Directing
72205,72890,Directing
25703,157360,Acting
1326253,257327,Directing
229006,199581,Directing
64141,113148,Directing
54733,133790,Directing
21981,123553,Directing
1356318,270805,Directing
57633,138832,Directing
114109,214264,Writing
77962,214264,Production
20019,132363,Directing
16837,77663,Directing
1154037,218688,Directing
229002,178809,Directing
28239,87421,Writing
82839,127517,Directing
1068048,186971,Directing
24045,138697,Acting
109402,77805,Directing
109403,77805,Directing
77269,146223,Directing
1144604,169813,Directing
72005,139651,Directing
55806,218691,Directing
59,112205,Directing
137467,179111,Directing
1179590,199373,Directing
182009,156708,Directing
40863,172533,Directing
1066705,204582,Directing
137427,146233,Directing
947056,223381,Directing
11037,191294,Directing
2294,106747,Directing
239574,211954,Acting
144221,146238,Directing
11218,49047,Directing
1186770,204384,Writing
13235,129670,Directing
69371,152532,Directing
109692,175528,Directing
25598,109424,Directing
76965,85889,Directing
29605,107846,Directing
148678,197919,Directing
17458,152584,Directing
7018,122906,Writing
15557,162903,Directing
1977694,357110,Directing
4522,209266,Directing
578,109091,Directing
223330,110550,Directing
102445,172542,Directing
13079,80274,Directing
47005,76338,Directing
974,214100,Acting
57865,179538,Directing
1152131,256314,Directing
556172,152747,Directing
56539,209263,Directing
95901,110428,Directing
40277,112200,Writing
98389,224815,Acting
48583,111190,Directing
1224,86829,Writing
1223,86829,Directing
154547,159024,Directing
4387,184314,Directing
1138163,156965,Writing
19684,160139,Directing
10943,101299,Directing
2108340,542623,Directing
1293085,204553,Directing
1121891,204553,Directing
1117026,191714,Directing
15774,109445,Directing
1120694,109445,Writing
5953,152601,Directing
1184335,202215,Directing
3224,205220,Directing
42274,313106,Directing
94831,60932,Directing
85822,200462,Directing
2127,91586,Directing
47333,152737,Production
109857,76285,Directing
6384,76544,Acting
65167,164457,Directing
17883,168672,Directing
7399,116745,Acting
108,57158,Directing
1032,106646,Directing
98251,157409,Directing
17350,162215,Directing
589479,172469,Directing
87082,159128,Writing
1267385,232100,Acting
54040,140823,Directing
12028,47964,Directing
1252958,212162,Directing
555094,212162,Directing
1481682,212162,Art
239571,64686,Directing
1171837,191312,Writing
4429,152603,Directing
1188585,206213,Writing
113500,169881,Directing
126945,203833,Directing
16938,169219,Directing
563356,190853,Writing
17520,206408,Directing
6554,190880,Acting
71570,192136,Directing
72757,76203,Directing
6159,96721,Directing
97942,127560,Directing
42,258216,Directing
57632,216156,Production
1052664,223706,Directing
1322043,270922,Directing
66936,239619,Directing
225706,209504,Directing
229931,152780,Directing
57408,156711,Writing
1046494,109451,Art
12095,109451,Acting
35694,225703,Writing
35734,225703,Writing
74724,214047,Directing
56714,172897,Directing
144782,214093,Directing
146169,214093,Directing
42,249397,Directing
83858,159117,Writing
98631,159117,Directing
26850,159117,Directing
27757,159117,Production
235430,159117,Directing
142013,159117,Directing
141673,159117,Directing
112340,232175,Directing
84335,74461,Directing
94108,176068,Directing
210355,159625,Acting
12962,137093,Directing
172,158914,Directing
5281,87516,Directing
1140438,159002,Directing
123695,188489,Directing
1142171,160068,Directing
5877,166271,Directing
17361,168429,Directing
25645,177945,Directing
1036084,104329,Writing
227910,167221,Directing
72024,146304,Directing
148763,159774,Directing
6733,150117,Writing
1156260,206284,Writing
74730,145247,Directing
1238965,233063,Writing
59879,209415,Writing
1083453,126963,Directing
21684,110415,Directing
56198,152795,Directing
55710,109443,Directing
19359,174671,Directing
288710,157375,Directing
64194,209274,Directing
23728,222230,Production
1138699,157370,Directing
1290982,223709,Directing
25340,157690,Directing
3556,197082,Directing
1045176,158999,Directing
582527,204349,Directing
1241,214030,Acting
1978,199723,Directing
125570,188183,Writing
57607,170657,Acting
23532,209403,Acting
64061,214075,Directing
97618,181894,Directing
239418,174323,Directing
7775,179826,Writing
17051,158936,Acting
132412,158936,Directing
90492,154282,Directing
1160616,178290,Directing
35694,238475,Writing
35734,238475,Writing
20561,152599,Directing
1193602,192132,Directing
23227,210479,Writing
1118343,143144,Writing
6899,177047,Camera
1167487,174337,Directing
69081,76640,Directing
236539,156700,Directing
608,149870,Directing
1316749,309018,Editing
20173,209185,Acting
134604,257874,Writing
2419,157841,Directing
92831,182127,Directing
96166,203819,Directing
131564,212167,Directing
49281,210908,Writing
51534,210908,Directing
59824,197033,Acting
5501,204082,Directing
61632,175447,Acting
280,157834,Directing
127494,215031,Directing
74655,188166,Directing
69309,188761,Writing
133398,158990,Directing
260945,165463,Directing
585208,257527,Directing
221478,309038,Directing
1187819,209244,Writing
113273,159095,Directing
5469,111473,Acting
81256,209249,Directing
1029961,194722,Directing
1211216,174675,Directing
571473,167305,Directing
1197416,212967,Directing
69719,167683,Directing
544644,146243,Directing
69982,188538,Directing
4367087,244801,Directing
1169094,230152,Directing
90,252529,Directing
59291,149509,Directing
1247742,227200,Directing
628,149871,Directing
564082,157351,Directing
15780,59981,Directing
70287,59981,Acting
930710,157386,Directing
62918,257244,Acting
102329,286250,Directing
1184250,202141,Directing
74296,212063,Acting
1034523,271295,Directing
71280,212716,Directing
57851,191820,Directing
42092,217708,Directing
126768,227094,Directing
228041,192210,Acting
74118,156236,Writing
26760,217923,Directing
7017,209350,Directing
928146,208277,Directing
65677,167032,Writing
88472,231565,Writing
19850,215881,Directing
1186852,204436,Acting
1186851,204436,Directing
56194,179144,Directing
82640,218425,Writing
1045188,256199,Directing
201,167502,Directing
1144092,159770,Acting
28976,217341,Directing
150207,177888,Crew
146439,220289,Writing
76624,145197,Directing
9306,143049,Acting
1151864,169760,Production
1331884,277522,Directing
1409683,186976,Writing
80999,203793,Production
137427,181886,Directing
229604,194101,Directing
46203,166666,Directing
82337,214091,Writing
82335,214091,Directing
1205054,674512,Directing
1272213,168022,Directing
1521528,363495,Directing
1521529,363495,Directing
1541931,398486,Directing
1142986,340799,Writing
592597,254924,Acting
77177,242546,Directing
105643,183011,Directing
110467,225745,Directing
550621,225745,Visual Effects
233655,225745,Directing
84697,175291,Directing
1273262,238628,Directing
65314,152742,Directing
1140238,158884,Directing
100388,70706,Writing
81809,177699,Directing
59218,174316,Directing
2147539,247466,Directing
72952,157449,Directing
1110102,139038,Directing
1215026,245508,Directing
1284498,244610,Writing
1138328,157115,Writing
36602,193756,Directing
1134632,153738,Directing
1044017,204397,Directing
87378,185008,Writing
1185620,203217,Directing
77121,111479,Directing
1391625,291375,Directing
1153925,219343,Writing
1196398,212153,Directing
1373229,212153,Directing
2565106,212153,Directing
1375201,146239,Directing
239763,297676,Directing
98103,146015,Acting
1174090,192538,Directing
45916,168903,Directing
238384,186992,Directing
16938,188207,Directing
11181,137094,Acting
1193597,205601,Directing
20400,168530,Directing
107446,137106,Production
155267,137106,Production
54050,203739,Directing
1461,152760,Acting
76927,241842,Directing
1297948,254426,Directing
208527,252178,Directing
52576,97020,Directing
17278,243568,Directing
36425,192102,Production
176153,255718,Directing
4014,76649,Directing
558177,227707,Directing
1298670,258030,Writing
59521,225574,Directing
1707,100241,Writing
54248,227348,Directing
5575,137321,Writing
18898,82703,Directing
5655,120467,Directing
1211000,225565,Writing
78914,53182,Directing
928830,236399,Directing
1042011,247645,Production
1224425,177494,Writing
17329,157350,Directing
18969,258357,Directing
937340,249660,Directing
5714,172385,Directing
8688,230779,Acting
8392,141043,Directing
6431,86834,Directing
1286552,251227,Acting
1286553,251227,Directing
19272,100402,Directing
19271,100402,Directing
1494433,364438,Writing
50767,198185,Directing
115174,237791,Directing
64141,157847,Directing
66728,97370,Directing
559,157353,Camera
129879,253687,Directing
41549,242042,Directing
551463,157547,Directing
1282041,246594,Visual Effects
72327,245775,Acting
11151,193610,Acting
87742,102382,Directing
8858,200505,Production
928490,254473,Editing
80672,175112,Directing
1053420,222935,Writing
64814,348636,Writing
32593,187596,Directing
129894,124905,Directing
1059033,273059,Directing
26205,145220,Directing
15277,212778,Acting
52934,195589,Writing
55018,227975,Directing
56960,192149,Writing
9032,127585,Directing
564,85350,Directing
1032536,102651,Visual Effects
16919,215211,Directing
1328180,271039,Writing
52139,188161,Acting
11694,137113,Directing
303056,244772,Directing
1277050,242076,Writing
1382567,268386,Acting
114334,157845,Directing
1088936,240581,Writing
4387,283726,Directing
1284099,248774,Directing
41650,267319,Production
55936,246741,Acting
55934,246741,Directing
865,91314,Production
88800,276935,Directing
170820,226486,Acting
45117,198277,Directing
69797,82702,Directing
18927,271433,Directing
65594,157832,Writing
32278,119450,Directing
19769,144336,Directing
1367953,294083,Directing
1367952,294083,Directing
53120,238636,Directing
87183,256740,Writing
190,209451,Acting
59,240832,Directing
11091,184315,Directing
107446,187017,Production
155267,187017,Production
57370,232672,Directing
1318326,269242,Writing
15218,118340,Writing
210053,218836,Writing
15488,262958,Directing
93214,216282,Directing
225142,262391,Writing
66739,98566,Directing
11983,255824,Directing
5306,228194,Directing
293911,136797,Directing
1152981,170687,Writing
52691,170687,Directing
13015,227156,Directing
36804,254375,Directing
65734,193893,Directing
143059,138103,Directing
52038,232679,Directing
45052,157849,Directing
2293,189,Writing
2294,189,Directing
111352,249937,Directing
83281,171372,Directing
55789,239566,Directing
89814,249164,Directing
82226,242090,Directing
1221695,289390,Acting
21370,254904,Directing
1288796,253306,Directing
77147,256274,Directing
236859,154400,Directing
909318,252680,Directing
844266,252680,Directing
3810425,199933,Directing
86978,287590,Directing
1281344,245859,Acting
1179066,198663,Directing
111807,234200,Directing
224,157851,Directing
40559,284864,Directing
1176,270302,Directing
2199,169917,Writing
1167896,157829,Directing
20907,156022,Directing
21269,263281,Writing
1089476,294484,Writing
7467,210577,Directing
26714,250546,Camera
1368144,286554,Directing
1363226,292177,Directing
1363227,292177,Directing
5367,231576,Acting
134156,136835,Directing
71947,241771,Directing
136495,244786,Directing
84739,242022,Production
84740,242022,Production
26182,294721,Directing
90492,244264,Directing
81437,250538,Directing
18357,289239,Directing
232959,284427,Directing
68338,274415,Directing
42994,205587,Directing
61069,218778,Directing
226076,270665,Directing
1265056,228326,Directing
19769,228150,Directing
40863,244534,Directing
65879,266285,Directing
57113,242582,Writing
119953,262543,Visual Effects
40644,245891,Directing
1377784,299118,Directing
95972,252822,Directing
525,157336,Directing
54734,228967,Production
19274,228967,Acting
227439,177572,Directing
70238,177572,Directing
223,194662,Directing
1059571,114750,Directing
4762,171274,Directing
142857,300490,Directing
21678,246860,Directing
10943,131631,Directing
220691,293310,Directing
2332,254578,Directing
77965,205596,Directing
5345,87492,Directing
1243,229297,Directing
44114,270946,Directing
18863,270946,Directing
80602,239562,Acting
1350796,285733,Directing
1378416,299353,Directing
929825,273895,Directing
45791,110390,Directing
17633,224141,Directing
76998,266856,Directing
69371,228970,Directing
17825,239678,Directing
68519,265180,Directing
84962,242512,Writing
2176,264656,Acting
2616201,311620,Directing
108,122917,Directing
101666,116149,Directing
82511,196867,Directing
143593,265177,Directing
65452,245700,Directing
1141683,239563,Directing
164554,242224,Directing
11701,227306,Acting
578,147441,Directing
1387013,309309,Directing
19224,157825,Directing
2632,284296,Acting
1285174,249916,Acting
22214,180296,Acting
82351,262338,Directing
1289604,252171,Directing
5369,290542,Directing
61357,1068322,Directing
45459,244267,Directing
1305363,261825,Writing
56209,221902,Directing
45138,221902,Directing
1068143,269495,Directing
93064,286372,Directing
82337,284293,Writing
82335,284293,Directing
216146,254474,Directing
957,207703,Directing
1099862,227719,Directing
1167896,275060,Directing
556172,241239,Directing
190,190859,Acting
52779,113833,Creator
84061,284276,Writing
1234970,328595,Writing
1106577,282983,Writing
68813,266082,Directing
74943,247182,Directing
510,87093,Directing
56501,206487,Directing
56502,206487,Directing
21134,244517,Acting
132722,280874,Directing
1441577,324436,Directing
96676,110416,Directing
17608,204922,Writing
63820,200727,Directing
130938,68737,Directing
53708,244268,Directing
73460,271674,Directing
1285197,249923,Writing
71929,290158,Directing
71930,290158,Acting
146836,251852,Production
56206,267999,Directing
1186229,284537,Directing
220997,201086,Directing
1325732,272731,Writing
2163,206296,Writing
591600,265195,Directing
1305360,256057,Directing
1300689,257423,Writing
68185,263105,Acting
21960,282296,Writing
27449,236737,Directing
144476,242828,Directing
46588,271714,Production
40541,255343,Acting
204553,242643,Directing
105643,242643,Directing
1368971,293572,Directing
558860,244563,Acting
212240,288158,Directing
6521,236735,Directing
90,284286,Directing
67360,244539,Writing
212980,94590,Acting
2671468,94590,Acting
39012,245906,Directing
1358976,289720,Directing
1278722,243683,Directing
17350,246080,Directing
1184816,278236,Directing
97180,297270,Directing
1347619,284303,Directing
40509,284303,Directing
122590,114155,Directing
1276823,241843,Directing
1276825,241843,Directing
1312149,266058,Directing
152414,257245,Acting
163998,294741,Directing
75725,286875,Directing
86688,277685,Directing
442985,270886,Directing
145228,230179,Directing
558929,270303,Directing
1056316,113091,Writing
1306608,297608,Directing
1361546,290999,Directing
1364023,276488,Directing
12219,222649,Acting
97901,277597,Directing
155945,300467,Production
212,242083,Acting
16852,261037,Writing
1331163,276908,Directing
51116,267804,Directing
54781,271185,Writing
85925,286971,Directing
148085,283698,Directing
5656,252512,Directing
583479,241855,Directing
1074560,241855,Directing
11805,225044,Acting
1361809,290815,Directing
1302549,260001,Directing
19896,266044,Directing
168349,292483,Acting
40223,227300,Writing
123199,284300,Directing
1212522,276902,Directing
116018,255615,Directing
1509639,293941,Writing
1006867,282153,Directing
74060,258284,Directing
1394796,308418,Editing
67316,259233,Directing
20658,265193,Directing
209373,229328,Directing
967241,308167,Directing
1206119,308167,Directing
1839584,440557,Directing
1198724,243526,Directing
101399,251321,Writing
16828,283350,Acting
545053,252102,Directing
1016134,252102,Directing
33315,286521,Directing
1603050,392051,Writing
46199,334440,Directing
50922,267579,Directing
143014,244063,Directing
929616,286817,Directing
204553,251519,Directing
1013150,302890,Directing
122582,215379,Directing
19119,270400,Acting
1293994,112454,Directing
27236,254065,Directing
1337286,287499,Directing
1321451,270668,Directing
105643,217993,Directing
2296846,650371,Camera
74619,227159,Writing
1288704,253255,Writing
1179822,253255,Writing
92743,305127,Writing
8296,197796,Directing
1135710,285581,Directing
1346215,283686,Directing
206651,254936,Directing
124334,206192,Production
87550,280795,Directing
5281,278316,Directing
1330498,289180,Directing
1330499,289180,Directing
85822,248504,Directing
468,206563,Directing
229180,281418,Directing
1155547,250574,Directing
111059,296065,Directing
2460,236751,Writing
2271256,246464,Directing
57538,239568,Writing
1288624,157099,Writing
1288625,157099,Writing
83793,223954,Writing
2320943,317442,Directing
1071946,259460,Writing
7396,100042,Directing
7395,100042,Directing
1224031,287084,Directing
1270,227735,Acting
17825,181533,Directing
1167470,49017,Directing
1101410,238603,Directing
3227,222899,Directing
1232361,276843,Writing
122348,276843,Directing
55499,184346,Directing
1289919,254005,Writing
1160284,255890,Directing
1332033,277606,Writing
1038653,287507,Directing
1038654,287507,Directing
154547,99367,Directing
1951395,495587,Directing
71276,252841,Writing
1374315,295315,Directing
61659,259958,Acting
75035,260346,Directing
1194420,355190,Directing
239763,380770,Directing
85675,297222,Writing
1365478,293628,Directing
1365479,293628,Directing
1223307,306399,Directing
52870,228161,Directing
1869,315335,Directing
59027,252838,Writing
2036,264660,Writing
2216,302429,Sound
229135,310568,Writing
508,210860,Writing
9339,76757,Directing
9340,76757,Directing
217174,228165,Writing
64151,228165,Directing
583857,250225,Directing
1137903,216015,Directing
991868,272693,Directing
32868,317198,Directing
82194,198184,Directing
11181,150689,Acting
2057335,433821,Acting
57270,262500,Directing
672,331622,Directing
928915,243940,Directing
2127,168259,Directing
135534,331797,Directing
1429196,326333,Writing
17010,333112,Directing
12891,99861,Writing
94471,309425,Directing
150098,245706,Directing
93288,245168,Directing
131664,352179,Acting
583932,316410,Directing
9281,254470,Acting
4453,250734,Directing
20629,76341,Directing
935531,337073,Acting
56411,256591,Writing
56412,256591,Writing
12890,150540,Directing
71625,329790,Production
1074781,312128,Directing
36564,324586,Directing
116805,238713,Directing
7087,158852,Directing
109745,293863,Directing
4566,283227,Acting
564948,340190,Directing
109314,303867,Directing
1462214,251516,Directing
7288,329712,Directing
132876,254128,Directing
1470860,341870,Writing
133502,304357,Directing
472630,330544,Directing
2128,280092,Writing
1592390,388319,Writing
24891,334878,Acting
70212,308504,Directing
59521,241554,Directing
1375135,298032,Writing
183036,188222,Writing
930707,135397,Directing
1012,296313,Directing
7316,263109,Writing
1244465,263109,Directing
211659,284689,Directing
35453,266396,Directing
52803,257091,Writing
1400440,312131,Writing
1312080,266038,Writing
115666,346838,Directing
8023,211672,Directing
124747,211672,Acting
47005,87101,Directing
204553,297556,Directing
3702,320007,Acting
52139,214756,Acting
125738,181283,Directing
1128442,336804,Directing
1155547,308024,Directing
41039,271718,Directing
59026,102899,Directing
18844,268238,Directing
1062805,223485,Writing
120229,320006,Directing
20907,307081,Directing
10965,257344,Directing
74623,248574,Directing
119665,264999,Directing
1243,282984,Directing
3289,309304,Directing
65310,277217,Directing
836732,286565,Directing
9033,177677,Writing
118415,308084,Directing
934803,166424,Directing
1446356,332996,Writing
150207,325189,Crew
1496238,354208,Directing
956,203801,Directing
930710,249688,Directing
16294,275601,Directing
550280,310569,Directing
63973,314405,Directing
932759,310121,Directing
108346,253161,Directing
56512,238615,Directing
34922,327418,Directing
15557,280996,Directing
1182819,317981,Directing
57741,309809,Directing
37932,277216,Directing
1224031,308369,Directing
104025,304372,Directing
1179066,294254,Directing
185438,159824,Directing
1299380,261392,Directing
578,286217,Directing
11649,222936,Writing
104561,323656,Acting
137427,273481,Directing
9181,245698,Directing
16847,171424,Directing
51866,308639,Directing
1363227,349158,Directing
65167,261023,Directing
222470,293970,Directing
10828,201085,Directing
1024823,307663,Directing
488,296098,Directing
2034,321697,Directing
65630,257445,Directing
24,285783,Directing
39,206647,Directing
57370,347969,Directing
130050,343426,Directing
1199132,214256,Production
1199133,214256,Directing
27875,333555,Directing
111411,365719,Directing
71729,227973,Directing
77269,167073,Directing
2291,228066,Directing
21198,105864,Acting
10943,131634,Directing
16863,258480,Directing
6737,294016,Directing
3047,298382,Directing
223,281957,Directing
638,201088,Directing
7324,358893,Directing
83281,264644,Directing
71548,306745,Directing
1056121,312221,Directing
6159,205775,Directing
77362,361042,Directing
16853,333348,Production
52935,296099,Writing
1236679,296099,Directing
11012,287903,Writing
168667,266294,Directing
15344,140607,Directing
36588,266647,Directing
11701,314385,Acting
1179422,360784,Writing
1179419,360784,Writing
122423,254320,Directing
5656,309245,Directing
138,273248,Directing
21673,257088,Camera
1192754,321741,Writing
18356,371718,Directing
17883,274479,Directing
549310,225728,Directing
17698,257211,Writing
52094,331190,Directing
55710,318846,Directing
1218992,332340,Directing
74619,274167,Writing
70500,306819,Directing
5281,340275,Directing
930333,347096,Writing
130135,355389,Directing
1086408,309924,Directing
4723,276907,Writing
124132,336114,Directing
1181031,338913,Directing
202,291270,Writing
1019303,291270,Directing
928490,287948,Editing
66842,366564,Camera
1265647,366564,Acting
52609,274854,Directing
586110,308457,Directing
70301,137333,Directing
19850,290762,Directing
17867,314365,Acting
56194,310593,Directing
1438838,330348,Directing
1022719,359770,Directing
1044255,300542,Directing
109293,334924,Directing
90585,333287,Production
90583,333287,Directing
38692,360605,Directing
134123,332980,Directing
177532,250124,Directing
1292275,311770,Directing
1713922,427648,Directing
67356,328869,Directing
71551,337154,Writing
113855,352157,Directing
25236,343140,Directing
126809,315439,Directing
225055,355727,Directing
1768826,355727,Directing
1072562,355727,Directing
98882,355727,Directing
1322394,355727,Directing
131459,355727,Directing
56212,355727,Directing
138781,310131,Directing
230421,378446,Writing
66121,228205,Directing
1469397,341077,Directing
55785,311054,Directing
13079,333352,Directing
958540,296130,Writing
564949,347944,Production
147021,256040,Directing
67075,340176,Directing
1455348,336207,Directing
74655,313922,Directing
1464250,339079,Writing
23532,291264,Acting
67813,253412,Directing
22215,320588,Directing
15602,321751,Directing
93911,277713,Directing
87877,336882,Directing
79434,193687,Production
52358,272878,Directing
55476,328589,Directing
54469,309299,Directing
1397786,310135,Directing
585933,310135,Directing
585934,310135,Directing
1130801,364433,Directing
1305282,371461,Directing
41670,312669,Directing
1496011,353326,Writing
25645,315846,Directing
132964,301875,Directing
69371,303991,Directing
11614,298312,Directing
1063377,308453,Directing
54507,266639,Directing
931949,332270,Camera
71609,157827,Directing
11266,334074,Directing
586002,311291,Directing
46680,318781,Writing
73654,273153,Directing
572295,347761,Directing
55439,334538,Directing
1199504,342672,Directing
938618,336222,Directing
32166,278464,Directing
29226,300155,Directing
1484009,340357,Visual Effects
1484008,340357,Writing
1896,316000,Acting
1566484,378373,Directing
229873,378373,Directing
557575,380304,Directing
1517402,361841,Writing
1223306,321666,Writing
1227885,313867,Directing
45423,306197,Acting
1448889,358644,Writing
17627,330770,Directing
54767,329829,Directing
437833,293646,Directing
229275,352205,Directing
1083452,303857,Visual Effects
1514227,361249,Directing
20658,319373,Directing
1483807,345775,Directing
553375,298582,Directing
239674,352720,Writing
1332325,339148,Directing
73409,294562,Directing
1374237,362373,Directing
1135710,314029,Directing
989687,323665,Directing
130646,349498,Directing
1322446,404851,Camera
151384,404851,Acting
20646,254172,Directing
64754,385887,Directing
1539931,289143,Directing
1539930,289143,Writing
562589,356218,Directing
1311564,333660,Directing
1183516,333674,Directing
141964,347945,Directing
217587,288036,Writing
45052,300153,Directing
87257,283587,Directing
48165,329461,Directing
1688970,419327,Directing
1435414,329010,Writing
1522546,359870,Directing
1418227,321039,Writing
229482,308032,Directing
29214,268920,Directing
90609,334536,Directing
1051327,329815,Writing
1458050,333623,Directing
1375201,239573,Directing
54248,273477,Directing
33192,328425,Acting
1413740,249070,Directing
85822,331446,Directing
1195187,320678,Directing
34510,237584,Writing
68573,258509,Directing
137467,254302,Directing
1129511,342588,Directing
1565228,332660,Directing
1565227,332660,Directing
1074721,300602,Directing
10707,86828,Acting
29009,232572,Directing
18356,331588,Directing
42804,362045,Directing
58375,256961,Directing
1141411,334362,Directing
844266,333596,Directing
909318,333596,Directing
54025,306947,Directing
1454563,335866,Writing
1454564,335866,Writing
1500401,356189,Directing
150512,342179,Directing
1301180,324184,Directing
1081027,310630,Directing
1106524,364002,Directing
1607850,376668,Directing
63571,365222,Directing
1402638,313074,Directing
64992,253450,Directing
1167531,694473,Editing
196858,353311,Directing
116370,353311,Directing
77003,174751,Directing
111588,299687,Directing
1223,270487,Directing
1224,270487,Writing
58552,58431,Directing
1161214,327040,Directing
48583,364051,Directing
55252,293660,Directing
76595,269149,Acting
165787,269149,Directing
62768,321258,Directing
56411,279641,Writing
56412,279641,Writing
18899,263341,Directing
57270,262504,Directing
568322,333371,Directing
239672,330697,Directing
53333,146198,Directing
71872,245703,Directing
15217,209112,Directing
1454884,290595,Visual Effects
142312,140300,Directing
1262481,140300,Directing
90367,379291,Directing
1169024,325348,Directing
170820,323676,Acting
551463,376570,Directing
15277,278927,Acting
1300274,329440,Directing
19272,271110,Directing
19271,271110,Directing
136153,342521,Directing
71269,234004,Directing
19499,234004,Directing
1201,353069,Acting
1157604,393443,Directing
78188,296360,Writing
9032,246655,Directing
1128550,345003,Directing
1108,290250,Writing
26205,241259,Directing
52934,325133,Writing
81850,68735,Directing
45117,369557,Directing
1101410,308531,Directing
63820,259694,Directing
21085,205584,Directing
54507,291805,Directing
1096867,296096,Directing
1038,303858,Acting
2127,259693,Directing
7,127380,Writing
1611981,328429,Writing
1180690,397517,Directing
6046,47933,Directing
21183,301365,Directing
59521,332567,Directing
53120,316727,Directing
124748,328111,Acting
488,267935,Directing
62854,341012,Directing
62863,341012,Acting
1383612,347031,Directing
1317730,347031,Directing
56710,332721,Directing
1215621,318121,Directing
1061773,316023,Directing
116805,43074,Directing
1229085,372411,Directing
1243,339397,Directing
1448215,276905,Directing
81476,302156,Directing
58189,188927,Directing
865,300671,Production
974,319888,Acting
237855,310888,Writing
90367,382322,Directing
916958,301348,Directing
564,295699,Directing
154865,353571,Directing
142272,328387,Directing
142276,328387,Directing
62081,382399,Directing
19769,297761,Directing
52115,376659,Writing
52114,376659,Writing
1302082,345911,Directing
142587,223702,Directing
12080,223702,Acting
25598,324668,Directing
16666,253343,Acting
190,363676,Acting
57130,308266,Directing
64575,366514,Writing
939147,396535,Directing
1033661,313297,Directing
932248,300669,Directing
11154,334533,Acting
139098,283552,Directing
1583529,384798,Writing
1157091,347033,Directing
1141411,402899,Directing
55789,346685,Directing
79656,360606,Directing
1290914,396289,Directing
1485823,348089,Production
1384516,348089,Directing
3055,338766,Directing
190090,377264,Directing
1363227,405314,Directing
16973,366505,Directing
1152,302401,Directing
1001384,408272,Acting
20907,333484,Directing
144221,325789,Directing
184567,377492,Directing
83189,380225,Directing
309,332872,Directing
8010,332210,Visual Effects
52934,332210,Writing
71082,340485,Directing
80752,315011,Directing
77921,315011,Directing
77003,302946,Directing
123186,402453,Directing
551463,335796,Directing
65310,377448,Directing
55499,284052,Directing
10099,290098,Directing
510,283366,Directing
50767,300673,Directing
18969,377852,Directing
64151,136799,Directing
15488,374473,Directing
56383,340487,Directing
137427,329865,Directing
20400,323675,Directing
11343,259316,Directing
1609917,393729,Directing
71872,339419,Directing
9181,343611,Directing
2461,324786,Acting
105642,411736,Directing
9158,95610,Directing
11343,258489,Directing
66605,326094,Writing
57633,302699,Directing
15811,277834,Writing
15810,277834,Writing
10491,337674,Directing
120615,340666,Directing
1316783,342473,Directing
1792483,342473,Directing
22558,360249,Directing
109439,333386,Acting
1702841,423994,Directing
5696,374461,Directing
74091,372058,Directing
23964,316152,Writing
129894,330459,Directing
1141683,381284,Directing
1549377,372754,Directing
55075,339396,Directing
225009,351454,Directing
549310,121856,Directing
136495,313369,Directing
52842,335797,Directing
77965,274870,Directing
101542,291356,Directing
225009,376866,Directing
4429,370755,Directing
144082,425720,Directing
1384516,409447,Directing
196858,409447,Directing
1629919,400547,Writing
17439,342737,Directing
1042010,360814,Directing
5292,393457,Acting
30711,334541,Writing
55934,371645,Directing
36602,296524,Directing
6159,207932,Directing
9661,390734,Directing
1119418,382591,Writing
1051305,411088,Writing
1327643,352498,Directing
592493,294272,Directing
92784,376867,Directing
11614,381288,Directing
1093493,405932,Directing
1032,68730,Directing
4014,173897,Directing
3224,315664,Directing
1567186,376530,Directing
1095805,366696,Directing
143593,338189,Directing
40476,374475,Production
1016214,377273,Directing
21678,340676,Directing
1704,340837,Directing
79279,333385,Directing
30058,359412,Directing
1173102,334543,Directing
1262867,375012,Directing
607,311324,Directing
56369,339405,Directing
222686,374465,Directing
1056060,381069,Editing
1668722,412203,Directing
402272,346672,Directing
1334339,371449,Writing
1554277,374440,Directing
983909,376660,Writing
1656682,408159,Writing
1031943,385737,Directing
5713,262841,Acting
20561,314095,Directing
119624,374052,Directing
18844,376290,Directing
8843,402298,Directing
6495,317557,Directing
545330,370663,Directing
880,259695,Acting
137467,334521,Directing
1392433,393519,Directing
59998,341006,Directing
118303,339967,Directing
1231927,375366,Directing
65594,333663,Writing
1734267,429838,Writing
59291,294795,Directing
240113,391913,Directing
54733,331313,Directing
90609,407559,Directing
1455963,350916,Directing
1694182,421126,Directing
1681145,413736,Writing
93301,413736,Directing
1681146,413736,Directing
1037999,378018,Acting
1038001,378018,Directing
1369361,301334,Directing
109692,340402,Directing
1272619,392791,Writing
56375,387801,Directing
59998,257345,Directing
1211779,375355,Directing
1211781,375355,Visual Effects
21476,362057,Directing
21477,362057,Directing
1193597,347026,Directing
1176,340101,Directing
935705,337703,Directing
588869,393559,Directing
93911,368942,Directing
36811,408618,Acting
1059255,424145,Directing
1545175,424145,Directing
127123,424145,Directing
386918,424145,Directing
235772,424145,Directing
32564,424145,Acting
1079143,424145,Directing
1017209,353979,Directing
182327,395982,Acting
1562429,434616,Directing
1186858,434616,Acting
1450229,334517,Directing
77815,369697,Writing
1922505,423191,Writing
60922,384682,Directing
60923,384682,Directing
135113,397243,Directing
1660374,409297,Directing
1668245,408439,Writing
19303,290825,Directing
1364309,408436,Directing
231385,404584,Directing
1531446,366644,Directing
563356,383807,Writing
1069553,415358,Directing
236889,374464,Writing
105866,394260,Directing
567933,406994,Directing
1603696,392572,Directing
108022,369406,Directing
1455858,408937,Directing
113600,205588,Directing
1122296,397632,Directing
133873,359784,Directing
1614893,392818,Writing
1205016,378485,Writing
22239,492621,Art
5125,384664,Directing
64045,302688,Directing
1777,330483,Production
1143388,399268,Directing
77277,339408,Acting
62116,378200,Directing
18865,267193,Directing
1072778,378064,Directing
1281387,153518,Visual Effects
52701,153518,Writing
229962,278154,Directing
98631,351211,Directing
5065,345920,Directing
24,369885,Directing
52112,369883,Directing
119419,377587,Directing
51894,258230,Directing
72024,326423,Directing
6733,291870,Writing
53925,213681,Directing
1625854,399223,Writing
85670,393562,Directing
1653750,407365,Writing
1799486,428010,Writing
1111695,428010,Acting
96627,377154,Directing
1586169,385755,Directing
18161,368031,Acting
939147,389868,Directing
1698520,422363,Writing
5231,366568,Directing
1205579,385320,Directing
146836,346651,Production
23430,271969,Production
5174,322240,Directing
1496470,390592,Editing
1582006,384318,Writing
172529,394697,Acting
113373,356298,Acting
1625963,399280,Directing
1104837,412209,Directing
1450257,334535,Writing
1200565,412202,Directing
147112,412660,Directing
131397,371447,Directing
1323609,271706,Writing
1608969,271706,Directing
90510,366170,Directing
1615888,396263,Visual Effects
86978,396263,Directing
1432890,413494,Writing
1693616,413494,Directing
85822,390989,Directing
1017258,417820,Directing
19841,399612,Writing
2018843,473369,Directing
1423202,473369,Directing
125637,409502,Camera
1968322,525102,Directing
2040781,430266,Directing
6884,297762,Directing
72619,292280,Directing
812068,429238,Directing
117883,428630,Directing
40256,47971,Directing
27580,401544,Acting
144816,324849,Directing
36804,365942,Directing
40644,324552,Directing
15890,341174,Directing
366,263115,Directing
1432389,326241,Production
89576,353569,Directing
45419,397837,Directing
236539,293167,Directing
291263,419430,Acting
15557,321612,Directing
1283668,428687,Directing
1099862,305470,Directing
125738,395992,Directing
228134,315837,Directing
18864,295693,Acting
131776,429765,Directing
10781,291276,Directing
209513,425591,Acting
37932,337339,Directing
82226,376134,Directing
1899,418437,Production
15218,283995,Writing
930710,339988,Directing
578,126889,Directing
956,274857,Directing
20308,166426,Directing
20307,166426,Directing
87742,400928,Directing
1572145,417678,Directing
56661,373569,Directing
2034,180863,Directing
15345,282035,Writing
7017,413998,Directing
1045176,424488,Directing
94075,268531,Acting
1480620,397422,Directing
1302082,396422,Directing
61069,429107,Directing
105239,345938,Directing
1443386,260514,Writing
8023,324852,Directing
124747,324852,Acting
11090,339403,Directing
22215,416477,Directing
1293994,315635,Directing
40684,341013,Directing
11676,396810,Directing
17884,411873,Directing
1423660,418078,Directing
93301,447113,Directing
1777007,447113,Directing
32278,281338,Directing
21684,387426,Directing
1215399,395834,Writing
1769,399019,Directing
26714,440597,Camera
525,374720,Directing
59,339964,Directing
14392,407448,Directing
52413,432789,Writing
72024,417870,Directing
74752,353491,Directing
89112,378236,Directing
149495,401104,Production
143059,390043,Directing
11694,337170,Directing
1884,399170,Directing
71570,257785,Directing
1110102,433251,Directing
98631,351460,Directing
76927,406990,Directing
1113116,346364,Directing
6431,381283,Directing
50767,389015,Directing
970777,411741,Directing
1750942,439562,Writing
64211,203835,Directing
11694,405775,Directing
8676,274855,Writing
56370,401246,Directing
10702,379149,Directing
3878595,474513,Camera
957,343668,Directing
84931,415842,Directing
54248,440021,Directing
16960,369192,Directing
16959,369192,Directing
82885,426230,Acting
1059880,436343,Directing
1607016,467938,Directing
235932,436340,Directing
45400,391713,Acting
137427,335984,Directing
551463,343674,Directing
1363226,335360,Directing
129561,429200,Directing
227564,429200,Directing
7312,420622,Directing
9888,431017,Directing
3224,423899,Directing
1714926,427900,Acting
1870435,471014,Writing
143862,340442,Directing
86270,395991,Directing
88926,402897,Writing
55934,284053,Directing
100734,403119,Directing
56501,298250,Directing
56502,298250,Directing
2033198,521460,Directing
65429,436931,Directing
5656,396398,Directing
118415,394117,Directing
68215,392982,Directing
19311,406997,Writing
1731494,432826,Directing
15217,141052,Directing
12891,141052,Writing
73875,347984,Directing
1198774,390054,Directing
1002647,339259,Directing
11181,392044,Acting
105642,464882,Directing
8,354912,Directing
865,335988,Production
1098477,335777,Writing
204761,457840,Writing
87742,95608,Directing
1324582,445030,Directing
88077,483104,Directing
109692,485504,Directing
67367,181808,Directing
13520,396371,Writing
36425,419479,Production
17051,371638,Acting
10828,399055,Directing
54472,359940,Directing
1243,429189,Directing
472630,414425,Directing
88084,293768,Directing
51851,353486,Directing
19769,400106,Directing
78160,398818,Directing
303056,346681,Directing
578,446791,Directing
13235,301337,Directing
1276825,430354,Directing
1276823,430354,Directing
1155547,396493,Directing
1276373,316029,Directing
34110,401546,Writing
54526,441701,Directing
1278722,353616,Directing
1835572,442896,Directing
1100860,406181,Editing
65310,417320,Directing
592493,428449,Directing
1498350,413992,Directing
144476,430447,Directing
4762,400617,Directing
36588,399404,Directing
935123,452013,Directing
101666,346648,Directing
93286,363126,Directing
78871,452557,Acting
1443615,426338,Acting
95606,426338,Acting
87322,400728,Directing
65167,384680,Directing
74619,419680,Writing
57113,413362,Writing
1134669,426238,Directing
84335,429733,Directing
5714,364689,Directing
1466181,339877,Production
1003237,339877,Directing
20192,401561,Directing
1323509,452507,Directing
5367,353070,Acting
122423,399057,Directing
24989,470524,Directing
84969,397567,Directing
1449583,432787,Directing
52115,431530,Writing
52114,431530,Writing
1620987,397722,Directing
488,446354,Directing
71609,401898,Directing
1702466,453354,Writing
3911,407449,Acting
83287,398181,Directing
1284964,419831,Directing
557383,445040,Directing
141962,433808,Directing
1144604,336000,Directing
71600,339846,Directing
169448,345922,Directing
77089,425134,Acting
1800815,453350,Directing
213614,421471,Directing
1172158,412105,Directing
5306,381289,Directing
134129,402529,Directing
85822,438970,Directing
583479,430231,Directing
1074560,430231,Directing
96677,435129,Directing
33183,417830,Directing
1833186,461767,Directing
1017624,475007,Directing
41040,463633,Directing
1035,458737,Writing
192852,428493,Writing
1770708,445254,Directing
357,290512,Directing
1797713,452531,Production
118606,397538,Directing
1207953,461615,Directing
1832456,461615,Writing
1879788,473309,Directing
1142171,419743,Directing
545053,412302,Directing
94050,428733,Directing
1333168,433414,Directing
1436340,459962,Directing
1653099,459962,Acting
1192754,390061,Writing
67717,416186,Directing
22810,429417,Acting
173298,429417,Writing
94403,14564,Directing
93237,340613,Directing
1758663,441889,Directing
2000998,478795,Directing
1869796,433422,Directing
60073,423949,Acting
19077,451657,Directing
46199,451988,Directing
1311031,422715,Writing
53090,472094,Directing
1011210,424510,Acting
1088579,332283,Directing
449,336890,Acting
114334,354287,Directing
18184,428399,Directing
1709468,426265,Directing
592318,454889,Directing
1833218,461775,Directing
964037,349067,Writing
558465,411999,Writing
17520,432087,Directing
190103,417489,Directing
227455,407440,Writing
76832,439154,Directing
41421,403068,Acting
1756398,461928,Directing
62897,450492,Directing
5091,452000,Writing
1304718,434468,Directing
586002,407890,Directing
1864582,469721,Directing
5917,435107,Directing
1900791,479709,Directing
5575,333357,Writing
231705,459928,Directing
1174526,449575,Directing
5602,528491,Directing
488844,284110,Writing
1667819,411976,Directing
1284099,419459,Directing
66555,406668,Acting
176153,434757,Directing
92125,434757,Directing
1070338,413857,Directing
23964,402900,Writing
55075,460019,Directing
121873,443463,Directing
1213074,268896,Writing
10943,401981,Directing
1145520,493922,Directing
1179066,336843,Directing
1056121,284054,Directing
86884,505175,Acting
7314,387592,Directing
2036,300668,Writing
52935,445571,Writing
1236679,445571,Directing
1301933,384521,Directing
88967,449176,Production
932759,470333,Directing
38692,483980,Directing
5655,399174,Directing
991868,433310,Directing
87877,338970,Directing
488,333339,Directing
1363227,505832,Directing
1623016,499152,Writing
1288064,476926,Directing
170820,399796,Acting
17697,447332,Acting
7288,485162,Directing
19272,299536,Directing
19271,299536,Directing
10723,451480,Directing
930526,424781,Directing
1066705,454983,Directing
5281,501154,Directing
2037808,501154,Directing
40684,383498,Directing
133398,474331,Directing
59026,363088,Directing
52443,400579,Directing
859754,489931,Directing
6159,348350,Directing
280,297725,Directing
1341472,455980,Directing
7087,260513,Directing
1114576,459008,Writing
303056,511785,Directing
1296522,384677,Directing
51894,351286,Directing
17510,458423,Writing
9033,353081,Writing
1709468,442249,Directing
1719706,474395,Writing
1903167,474395,Directing
42092,348657,Directing
1932178,489930,Directing
115128,489925,Acting
1302549,454992,Directing
12995,420814,Directing
69124,460668,Writing
69125,460668,Writing
5281,487558,Directing
12962,345940,Directing
54507,455207,Directing
142312,445651,Directing
132876,427641,Directing
78207,504603,Directing
15115,295011,Directing
72036,466282,Directing
11447,399360,Directing
1302077,519091,Directing
131874,500634,Writing
96657,491584,Directing
1426528,518671,Directing
56214,418472,Directing
31119,439015,Directing
1108,346910,Writing
116805,484247,Directing
1307036,505262,Directing
1088579,519035,Directing
1220300,463272,Directing
16847,463821,Directing
52845,446894,Writing
51329,332562,Acting
91268,335983,Directing
98750,494974,Directing
208664,437557,Writing
1384266,462919,Directing
1962993,499556,Directing
142013,424121,Directing
136495,369972,Directing
64141,424139,Directing
932248,446807,Directing
929825,407451,Directing
1044250,460885,Directing
9032,424694,Directing
78160,361292,Directing
1932296,489999,Directing
51116,519106,Directing
971660,502682,Production
1047300,517298,Writing
936670,324857,Directing
151007,324857,Art
59918,324857,Writing
11343,338952,Directing
177532,401847,Directing
168330,338768,Directing
122423,375262,Directing
72757,401469,Directing
165787,404368,Directing
567562,404368,Writing
74655,395841,Directing
2127,297802,Directing
1223,537996,Directing
1224,537996,Writing
66121,470044,Directing
21007,437586,Acting
77089,477510,Acting
7396,490132,Directing
29214,472734,Directing
1937020,598569,Directing
1551545,480530,Directing
1177180,362826,Directing
82337,454652,Writing
11218,426426,Directing
1419579,428078,Directing
1182269,457136,Directing
1011,405774,Directing
17633,400650,Directing
55710,429197,Directing
592493,429203,Directing
1393833,491474,Directing
1403129,515042,Directing
1027910,515042,Directing
197803,454619,Writing
1033661,424783,Directing
51984,339380,Directing
92784,465914,Directing
64194,440298,Directing
3290,492452,Directing
132360,517987,Writing
1268009,466673,Directing
1285174,426613,Acting
1625557,399131,Writing
25645,505192,Directing
1291957,489982,Directing
17496,440161,Directing
76965,394741,Directing
190,504172,Acting
1668008,502122,Directing
2020100,521935,Directing
1264786,468219,Directing
5306,426543,Directing
4945,426543,Directing
971292,475132,Directing
129952,425373,Directing
96172,446101,Directing
17016,471506,Directing
38516,515047,Directing
74619,491418,Writing
55493,429202,Acting
1106577,438373,Writing
128276,375588,Directing
150956,502167,Directing
1203298,502791,Writing
82937,489929,Writing
143593,291984,Directing
54025,471507,Directing
2056727,528112,Directing
1593350,528112,Directing
1028276,528112,Directing
1363227,537170,Directing
52443,476764,Directing
212240,482981,Directing
108,543580,Directing
1205598,485817,Directing
1699095,422619,Directing
85665,534780,Directing
54868,449443,Writing
1037780,490082,Directing
113667,491629,Directing
1162585,539042,Directing
55898,516232,Directing
1515361,536881,Directing
1168912,532838,Acting
2443208,614170,Directing
2083062,535437,Directing
1107513,499533,Directing
111699,438145,Directing
40864,456086,Directing
1982161,433694,Directing
33192,472451,Acting
1642118,508003,Directing
80423,508003,Directing
47506,446021,Writing
13426,503616,Directing
15890,337167,Directing
71329,426249,Directing
24,351044,Directing
72024,454293,Directing
1219201,476344,Directing
583857,475220,Directing
1402420,501633,Directing
86783,496524,Directing
65298,412988,Acting
2153040,554689,Directing
77775,511577,Acting
2112566,543760,Directing
2880,331986,Acting
1149925,540255,Acting
2014842,515917,Directing
80602,464502,Acting
1031463,459910,Directing
1138163,411144,Writing
83313,507697,Directing
556711,493443,Directing
1665446,411143,Art
1410873,469197,Acting
224419,524044,Directing
1238738,471706,Acting
1238737,471706,Acting
1085916,377281,Directing
1123761,497747,Directing
928757,497747,Directing
37561,504345,Directing
142687,428836,Directing
61300,360920,Art
20503,360920,Production
583851,515841,Acting
1863287,537190,Directing
14597,507076,Directing
2607651,695043,Directing
148735,493058,Camera
1195460,518495,Directing
1195458,518495,Directing
53431,517814,Acting
1730920,494471,Directing
116267,472269,Acting
42,398173,Directing
182892,556803,Directing
935907,548066,Directing
85822,523849,Directing
19066,489418,Writing
58164,475888,Directing
96222,502426,Writing
94108,340601,Directing
2182258,564147,Directing
1951774,495748,Directing
2128,500664,Writing
57777,492336,Directing
18899,450001,Directing
8685,396806,Writing
1286797,502143,Directing
89847,502143,Acting
2393957,958171,Directing
557745,510026,Production
1489114,528187,Writing
75126,508687,Writing
9815,543915,Production
1310518,503752,Writing
132964,458005,Directing
1051305,529216,Writing
848030,489939,Directing
100734,371608,Directing
36425,531306,Production
69797,166428,Directing
1810580,565357,Directing
155531,454294,Directing
71329,483906,Directing
1404799,460321,Writing
23227,452832,Writing
2095430,539036,Directing
291263,458723,Acting
95972,438650,Directing
1100748,535167,Directing
2294,399579,Directing
64151,280217,Directing
1222225,567969,Writing
2194514,484468,Writing
222470,449563,Directing
53068,299537,Directing
53069,299537,Directing
39189,445629,Acting
54248,512196,Directing
556172,399361,Directing
1302082,287947,Directing
80386,491625,Directing
1363227,592316,Directing
1721377,515248,Writing
1205579,592485,Directing
19271,299534,Directing
19272,299534,Directing
1607672,480414,Directing
1199903,543343,Directing
26714,527261,Camera
19850,500852,Directing
65630,447404,Directing
91493,449562,Acting
109016,576071,Writing
109017,576071,Writing
56322,513083,Acting
59315,505600,Acting
956,420817,Directing
102634,519473,Directing
40644,458156,Directing
55789,502416,Directing
1224454,513576,Writing
11092,320288,Production
154547,543540,Directing
1239766,523172,Directing
1362815,531309,Directing
11012,373571,Writing
1980616,505948,Directing
21684,496243,Directing
84496,301528,Directing
1338249,521029,Writing
2208300,572735,Directing
126765,597089,Directing
1270591,553956,Writing
1293994,429617,Directing
1145520,530385,Directing
59,484641,Directing
15277,420818,Acting
59291,511987,Directing
138,466272,Directing
90492,575942,Directing
1371324,565310,Directing
40684,384018,Directing
4367087,513340,Directing
88675,527641,Acting
1938317,520720,Directing
1181022,520720,Directing
133502,522924,Directing
65310,506574,Directing
1290272,157433,Directing
1154561,157433,Directing
88857,468224,Directing
2036105,582607,Directing
8578,459670,Directing
564,405177,Directing
55252,290859,Directing
2185140,529862,Directing
26205,499701,Directing
1625416,565537,Directing
1245726,537061,Directing
2114488,621103,Directing
1744211,625450,Directing
20561,419704,Directing
1016229,446159,Art
1016214,446159,Directing
66681,567609,Directing
1039527,567609,Directing
202816,340104,Writing
57130,475557,Directing
3562600,979547,Directing
1219201,535544,Directing
135113,417384,Directing
1614,453405,Directing
366,359724,Directing
71551,540901,Writing
20307,420809,Directing
1884,517909,Directing
114334,504949,Directing
68813,531428,Directing
956,522627,Directing
20739,487297,Directing
1586194,537915,Directing
7881,431580,Visual Effects
51864,506528,Acting
5656,492188,Directing
138781,503919,Directing
1113116,474350,Directing
116805,549053,Directing
1301933,492616,Directing
124749,508965,Writing
1224778,611207,Directing
55934,515001,Directing
6046,522162,Directing
9281,458897,Acting
67367,546554,Directing
819,504562,Acting
177532,501907,Directing
1579200,586456,Directing
1609935,536743,Directing
551463,501170,Directing
1032,398978,Directing
1120694,330457,Writing
15774,330457,Directing
144817,586863,Directing
91268,338967,Directing
143696,581561,Directing
2303931,539364,Directing
15344,181812,Directing
2034,515195,Directing
1044255,520679,Directing
70500,536869,Directing
589402,522938,Directing
1212755,522518,Directing
937765,417466,Directing
45400,331482,Acting
212240,514921,Directing
129561,473033,Directing
227564,473033,Directing
15488,522369,Directing
77269,472674,Directing
8557,551332,Directing
39,530915,Directing
1144604,522212,Directing
19896,504585,Directing
2465597,640696,Directing
1496319,640696,Directing
2220266,576017,Directing
2220265,576017,Directing
1670558,525946,Directing
1376980,525946,Directing
1497392,639771,Directing
1497391,639771,Directing
95901,540111,Directing
2075261,532938,Directing
1364491,532938,Directing
236889,575479,Writing
5877,523139,Directing
66633,559969,Writing
74091,568160,Directing
51851,512200,Directing
1808704,637595,Writing
1808705,637595,Acting
1049745,525183,Camera
1369361,510298,Directing
1483302,604031,Directing
2422289,537739,Directing
550481,586940,Directing
2374023,619264,Directing
66212,302349,Directing
84426,579245,Writing
84425,579245,Writing
42175,548473,Directing
1213167,531509,Writing
1529110,509585,Writing
92591,612152,Writing
2527787,724606,Directing
1745178,431693,Directing
587699,431693,Directing
550327,523278,Writing
154705,458253,Writing
1254001,514999,Directing
2044656,533985,Directing
1498114,529589,Directing
2292629,596355,Directing
4429,535581,Directing
19014,524348,Writing
1264876,567973,Directing
974,504608,Acting
558929,396461,Directing
2186238,565743,Directing
56661,459992,Directing
1422673,457335,Writing
16829,442065,Writing
1620987,530723,Directing
1284692,458305,Directing
1181253,565326,Acting
65062,568789,Directing
51918,441384,Directing
2440462,642393,Writing
1593336,575793,Acting
1498662,575793,Writing
1893249,576005,Directing
53708,505941,Directing
1918226,588415,Directing
131664,499573,Acting
63571,449924,Directing
2035232,522098,Directing
1507651,590164,Writing
12080,481084,Acting
142587,481084,Directing
1184875,625046,Directing
2364949,616584,Acting
1174074,586592,Production
2377386,620249,Directing
1394656,527660,Writing
989235,487680,Writing
2633624,400157,Directing
1660602,612587,Directing
1835619,654083,Directing
190,292011,Acting
1307036,592350,Directing
1492939,591121,Directing
100734,480105,Directing
1076793,502033,Writing
1731915,627463,Directing
1546658,463257,Directing
2396600,463257,Directing
88926,520900,Writing
122673,576953,Directing
35968,589978,Acting
1255859,655031,Acting
87082,530382,Writing
86203,527385,Directing
1767481,576888,Camera
1711448,553839,Directing
37932,479455,Directing
227346,461130,Directing
1488028,592807,Directing
2121269,597588,Directing
21693,571891,Directing
65429,571891,Directing
38804,589612,Production
1174528,436053,Directing
54040,500682,Directing
105435,473019,Directing
1489114,725226,Writing
78176,553002,Directing
76422,423204,Directing
1124474,658905,Directing
1483483,475908,Directing
1036831,536517,Writing
1036834,536517,Directing
1296950,586048,Directing
2217620,573699,Directing
1665497,573699,Directing
934281,515402,Acting
52583,500458,Acting
6737,525661,Directing
12890,508442,Directing
145210,728922,Directing
61069,526019,Directing
930012,512263,Directing
67356,466622,Directing
98521,492611,Directing
1936668,495764,Directing
1267246,656704,Directing
17884,653601,Directing
93364,454626,Directing
931952,615643,Directing
225976,508439,Writing
932759,342470,Directing
96199,567970,Directing
38692,599521,Directing
2128,570670,Writing
937147,556678,Directing
1399841,38700,Directing
1399842,38700,Directing
1748373,586451,Directing
1404291,586451,Directing
1421414,382748,Writing
118489,446893,Acting
13426,592834,Directing
1120883,545609,Crew
84461,597219,Writing
239940,630220,Directing
23683,385103,Directing
1033654,547017,Acting
75035,339095,Directing
1239766,606679,Directing
79434,514847,Production
1134669,595671,Directing
1704882,587792,Directing
71947,547016,Directing
58292,516486,Directing
2555868,679989,Directing
1496508,679989,Acting
11181,475430,Acting
1358800,601165,Writing
1485823,556574,Production
125324,443791,Directing
1405645,612706,Directing
525,577922,Directing
15002,501979,Directing
15287,337401,Directing
96676,441130,Directing
1782644,441130,Art
104644,594328,Acting
1967383,594328,Directing
1849086,594718,Directing
173847,497582,Directing
1053420,340102,Writing
41039,579583,Directing
126910,625568,Directing
42994,531454,Directing
4453,580175,Directing
2041517,523977,Writing
13520,556984,Writing
1059571,530351,Directing
1448874,653643,Acting
139474,560050,Visual Effects
1943702,575604,Directing
54248,551804,Directing
41355,590706,Directing
119819,658412,Directing
24,531219,Directing
2758000,734309,Production
1232650,734309,Production
9158,662546,Directing
77853,766319,Directing
38803,766319,Writing
55075,539537,Directing
1129908,723072,Directing
1661916,539181,Directing
52779,611213,Creator
20387,520172,Acting
90609,542224,Directing
1450348,529203,Directing
1461,614911,Acting
6884,464052,Directing
147113,740985,Directing
170820,521007,Acting
71068,653708,Directing
25598,581032,Directing
88832,629017,Directing
56206,641662,Directing
1421414,643612,Writing
110876,632666,Directing
1330852,692969,Writing
939147,581392,Directing
7467,614560,Directing
146836,651571,Production
1932296,546121,Directing
5369,615667,Directing
1395183,581734,Directing
1252934,582014,Writing
192852,568467,Writing
111588,601666,Directing
1064560,686142,Production
1180690,703134,Directing
4014,458576,Directing
98553,618416,Directing
59328,703745,Writing
1539858,522241,Directing
107533,575448,Directing
99074,605133,Writing
76832,575291,Directing
1851294,590223,Directing
2622330,787377,Creator
96305,567965,Directing
4387,659959,Directing
2006385,754325,Directing
1123897,675327,Directing
61175,615665,Directing
81437,619594,Directing
1636959,437518,Production
1709280,664051,Writing
9788,661914,Acting
17697,520763,Acting
63099,565426,Camera
1193602,557950,Directing
2813235,752721,Directing
2813236,752721,Directing
64227,628917,Camera
1699934,723936,Writing
2484462,635389,Directing
2484467,635389,Directing
76422,524047,Directing
82885,590995,Acting
1280031,506281,Writing
202,500840,Writing
144816,588228,Directing
1711826,644092,Directing
75725,567797,Directing
1542102,522466,Directing
227439,527774,Directing
1932178,527774,Directing
2086147,786015,Directing
1140231,583406,Directing
53267,484718,Writing
56322,583689,Acting
19272,544401,Directing
19271,544401,Directing
84439,793723,Directing
15217,791373,Directing
20019,566076,Directing
86967,643586,Directing
17350,644583,Directing
1169024,615457,Directing
170820,615678,Acting
1112502,788335,Writing
55941,788335,Production
1516214,802403,Acting
1455337,802403,Directing
1339972,802403,Directing
2461704,802403,Directing
1163460,559581,Writing
1828590,460465,Directing
1152054,595813,Directing
1647289,501929,Acting
1194137,779047,Directing
89154,679844,Acting
59291,471498,Directing
932533,567189,Directing
93286,497698,Directing
115128,823754,Acting
50767,337404,Directing
1066705,727745,Directing
2127,619778,Directing
22215,601470,Directing
2675,602734,Directing
18356,785457,Directing
1306608,585216,Directing
54507,467909,Directing
1144604,566525,Directing
208664,593910,Writing
1215646,739542,Production
3289,607259,Directing
1607672,423108,Directing
58189,385128,Directing
1290265,591273,Directing
930567,508943,Directing
1290265,591274,Directing
118752,743599,Acting
63099,614409,Camera
72024,379686,Directing
1722811,619297,Production
11614,631843,Directing
143059,522931,Directing
59521,451048,Directing
529184,574060,Directing
2580328,635731,Directing
1701330,841651,Camera
1215399,578701,Writing
15218,436969,Writing
1290265,591275,Directing
1392433,630240,Directing
4746,634528,Production
17825,550988,Directing
1487492,758866,Directing
592493,559907,Directing
108753,823461,Acting
1497967,579047,Writing
228090,660006,Writing
15217,503736,Directing
1747190,858258,Art
1884,649409,Directing
54040,602269,Directing
137427,438631,Directing
210827,872512,Directing
154865,776503,Directing
87257,370172,Directing
47005,524369,Directing
20907,567748,Directing
2263272,672741,Directing
578,617653,Directing
1059578,618162,Directing
15556,541524,Acting
1333,580489,Acting
1667260,669671,Directing
2901333,777930,Directing
1395183,524434,Directing
1966571,592863,Directing
11090,576845,Directing
5655,542178,Directing
1579,554230,Acting
68813,749004,Directing
1155547,512025,Directing
1030260,821390,Directing
76595,568124,Acting
1318201,568124,Writing
1898315,734265,Directing
488,511809,Directing
107792,874239,Acting
50460,810873,Directing
72266,1000572,Writing
9281,804150,Acting
14773,18639,Directing
82800,18642,Directing
89216,39833,Directing
61703,732459,Acting
77162,641960,Directing
1865267,569805,Camera
59026,640146,Directing
2093036,768362,Editing
2093041,768362,Editing
2976942,898228,Acting
227439,877269,Directing
11983,63978,Directing
9888,41951,Directing
1650,2455,Directing
90638,34942,Directing
90638,25913,Directing
83791,18894,Directing
1659438,936386,Directing
1512979,554371,Writing
62043,10019,Directing
16556,26196,Directing
1081445,667216,Directing
18357,8920,Directing
1239407,406761,Writing
37630,800301,Directing
16214,10952,Acting
154631,47691,Directing
136495,615777,Directing
35785,864692,Directing
69982,301303,Directing
930699,821881,Directing
40940,26329,Directing
2099632,874355,Directing
256062,213662,Acting
219647,36865,Directing
1247708,36865,Directing
2419028,441719,Directing
1147472,934419,Writing
16938,1408,Directing
108987,43128,Directing
150615,422040,Directing
1109366,682152,Directing
1685734,1026822,Writing
1109366,539186,Directing
6159,1552,Directing
2076097,533148,Directing
147021,579974,Directing
81718,97787,Directing
2662,34187,Directing
57594,9396,Production
116186,43595,Acting
1069832,960519,Production
34849,10872,Directing
25645,736732,Directing
5656,744594,Directing
26502,15602,Directing
18281,11520,Directing
1142171,823766,Directing
589129,87178,Writing
1462262,547774,Directing
1450348,315162,Directing
1245934,555604,Directing
10828,555604,Directing
111807,668482,Directing
12995,937278,Directing
129106,890541,Directing
78160,791177,Directing
18357,9449,Directing
26502,2617,Directing
1211000,648579,Writing
36588,730047,Directing
1077578,843932,Directing
67367,661374,Directing
87378,496331,Writing
1668008,682507,Directing
18323,454467,Writing
2710,76600,Directing
55983,20785,Directing
85637,31414,Directing
73153,42722,Directing
143635,238378,Directing
239672,451915,Directing
18863,10527,Directing
18864,10527,Acting
233200,21058,Directing
30008,32430,Directing
29324,122940,Directing
86004,18671,Directing
3359,43323,Acting
2765446,842725,Directing
16672,10379,Directing
152249,865559,Directing
1365066,751741,Writing
1400880,776512,Acting
15378,3014,Directing
78268,796849,Directing
44130,62768,Directing
1223175,762975,Directing
1421414,450487,Writing
865,509967,Production
14520,14881,Directing
27014,96337,Directing
74619,632856,Writing
16888,102286,Directing
1250633,54227,Production
52934,614939,Writing
1921,627725,Writing
57646,511817,Directing
1479300,514570,Directing
1728992,442788,Writing
1333477,73823,Directing
83524,36592,Directing
13848,30588,Acting
92591,299584,Writing
6817,47429,Directing
793,36245,Directing
1305108,769157,Directing
90502,900667,Directing
108217,31633,Directing
444892,660942,Writing
18669,20806,Directing
141883,541134,Writing
20739,338958,Directing
54472,674324,Directing
1116780,597316,Crew
1554996,597316,Crew
1905014,597316,Visual Effects
2264366,810693,Directing
1113994,928344,Directing
222686,747779,Directing
1444067,588555,Production
994345,588852,Directing
74629,916719,Directing
15488,56942,Directing
1032,13963,Directing
57865,791333,Directing
1056121,505642,Directing
64114,39209,Directing
16411,1362,Directing
16410,1362,Directing
1262618,464293,Directing
143059,667739,Directing
77131,809733,Acting
109191,15981,Directing
1554277,846250,Directing
173847,829280,Directing
112995,13385,Production
1187130,744114,Directing
89745,45322,Directing
17871,862551,Writing
1212871,848791,Directing
19093,71768,Directing
83455,18688,Writing
5306,8816,Directing
1646354,286805,Directing
1080996,788921,Directing
97570,100088,Directing
31310,22021,Directing
112400,34459,Directing
5010,817758,Directing
3776,29369,Directing
3193734,860159,Directing
3320117,901288,Directing
933176,663712,Directing
61069,638597,Directing
56453,8975,Directing
139135,795109,Directing
14292,54723,Writing
4600,24831,Directing
1692995,420707,Directing
58116,9592,Directing
686,24923,Writing
687,24923,Writing
4415,7857,Directing
4109,18644,Directing
39743,99374,Directing
1944726,1033762,Acting
116601,965817,Directing
1551461,722147,Directing
15106,10442,Directing
64141,610253,Directing
67717,852438,Directing
39058,57669,Directing
71947,724495,Directing
37876,45598,Directing
3772456,960072,Directing
84833,913290,Directing
16002,42783,Acting
19303,635891,Directing
95901,602334,Directing
1565249,925096,Directing
78207,852046,Directing
96690,848685,Directing
53767,66916,Directing
2218465,882598,Directing
82800,18686,Directing
30058,326425,Directing
82800,8745,Directing
14520,14554,Directing
70862,26175,Directing
1299642,629176,Directing
6593,11016,Directing
76981,16227,Writing
793,29264,Directing
13980,38724,Directing
232002,603661,Directing
11770,31428,Directing
1709460,830788,Directing
37618,301502,Directing
101542,949423,Directing
57199,593643,Directing
585078,811211,Directing
583857,848818,Directing
150975,928713,Directing
17496,746131,Directing
2294822,916405,Directing
105435,473021,Directing
56370,497828,Directing
110695,21334,Directing
40549,46925,Directing
930624,197698,Directing
35694,325358,Writing
35734,325358,Writing
8956,116445,Writing
29214,642885,Directing
24,532639,Directing
1714237,801526,Writing
40184,118514,Directing
9888,40723,Directing
557134,99329,Writing
125659,360929,Directing
999511,360929,Directing
59315,619730,Acting
159232,263089,Directing
33064,25105,Directing
4109,53873,Directing
16378,471859,Directing
55119,13041,Directing
40940,63912,Directing
57865,420648,Directing
1721377,762968,Writing
84977,18948,Directing
4449584,18948,Directing
14566,3052,Directing
4955,630720,Directing
1533722,703145,Writing
18669,3051,Directing
39743,36775,Directing
39743,36642,Directing
95456,26451,Directing
29907,21779,Directing
53767,65009,Directing
35216,51166,Directing
57895,50677,Directing
81718,776305,Directing
1299812,597093,Directing
4590,5157,Directing
4590,5651,Directing
4590,5745,Directing
4590,5721,Directing
4590,5725,Directing
584191,668640,Directing
584193,668640,Directing
132360,805327,Writing
237051,690957,Directing
571991,357405,Directing
79362,534134,Acting
1234861,472983,Writing
1947343,472983,Art
2426957,472983,Writing
578,644495,Directing
1415665,614917,Directing
176148,167666,Directing
1099678,212470,Directing
1361417,714011,Directing
80384,821792,Directing
31155,27825,Directing
78136,503706,Writing
429728,838330,Acting
21916,2139,Directing
18907,45608,Directing
42804,664332,Directing
1099792,862965,Directing
39847,520023,Directing
7727,846867,Visual Effects
2403335,610150,Directing
1511287,360288,Writing
6159,698948,Directing
16808,796499,Acting
291263,762504,Acting
16860,541305,Directing
118606,294793,Directing
70238,560057,Directing
1723,399173,Directing
568322,766507,Directing
18175,925102,Writing
225407,663260,Writing
9789,91781,Directing
40684,718930,Directing
2374838,660267,Directing
58628,790386,Acting
1211473,653598,Directing
15557,511322,Directing
17282,91694,Directing
56789,9043,Writing
1365105,819309,Directing
33064,120481,Directing
1193597,426618,Directing
1949676,682402,Directing
56714,84105,Directing
1140583,295151,Directing
14392,9491,Directing
19272,725201,Directing
19271,725201,Directing
1815481,504827,Directing
1230593,504827,Creator
89824,240483,Directing
3004226,804119,Directing
936014,754609,Directing
8023,438148,Directing
40223,513310,Writing
2985470,580857,Directing
105643,366924,Directing
21278,25113,Acting
12238,51619,Directing
515867,251768,Directing
1286997,754716,Writing
264113,617502,Directing
24618,926899,Acting
1437799,926899,Directing
1087746,926899,Directing
1579618,926899,Directing
15045,553592,Directing
55934,616037,Directing
12453,18311,Directing
90367,487672,Directing
3288,493551,Production
937544,219808,Directing
1959810,487670,Directing
90367,487670,Directing
90492,472805,Directing
1774456,575774,Directing
1637776,913205,Directing
2001470,913205,Directing
6201,614934,Directing
2875827,770254,Directing
126333,770254,Writing
2109832,828947,Directing
93883,828947,Directing
2388,14623,Acting
62541,968438,Writing
1637776,831405,Directing
113896,13354,Writing
122568,22188,Directing
2627293,736074,Directing
2627293,736073,Directing
62854,420821,Directing
7929,718789,Visual Effects
133398,735697,Directing
101542,760104,Directing
71548,739993,Directing
10491,454527,Directing
4367087,758330,Directing
86270,615469,Directing
2683196,788929,Directing
15892,446696,Writing
26479,10891,Writing
52443,425909,Directing
1035,643532,Writing
14227,20482,Directing
9789,10763,Directing
930707,507086,Directing
2357,10729,Writing
1532,10729,Acting
1487492,795811,Directing
14353,35987,Directing
16897,67696,Acting
8500,43869,Directing
15189,5165,Directing
93904,138172,Directing
15189,21135,Directing
2746,40478,Directing
11435,29884,Directing
18392,43256,Directing
93904,43492,Directing
1650,1829,Directing
93904,94577,Directing
46712,43316,Directing
93904,33731,Directing
15189,46979,Directing
1884,800510,Directing
5572,3132,Directing
69759,511819,Directing
77441,16186,Directing
86270,361743,Directing
57199,9298,Directing
88623,17681,Directing
81597,721656,Writing
90150,328407,Writing
7908,10141,Acting
11343,338953,Directing
56578,9012,Acting
2036,780609,Writing
124856,608232,Directing
1223146,800937,Directing
2399109,627087,Directing
67173,630382,Directing
109191,553600,Directing
3070695,823610,Directing
1045188,307115,Directing
138781,639933,Directing
80672,13676,Directing
1447210,71689,Directing
104644,71689,Acting
7623,453395,Directing
73023,12591,Writing
17494,10661,Acting
64295,791469,Acting
2818437,930817,Directing
2071228,930817,Directing
1091974,835975,Directing
70183,25758,Writing
36804,18126,Directing
1317730,545611,Directing
1383612,545611,Directing
865,763285,Production
931525,752623,Directing
174313,752623,Directing
52112,14560,Directing
11181,505026,Acting
2275503,537056,Directing
4111876,29154,Directing
1637776,618344,Directing
2579481,618344,Directing
2294,615677,Directing
125738,526896,Directing
76009,818750,Directing
119294,49964,Directing
15127,43195,Directing
8858,4474,Production
14292,54391,Writing
14293,54391,Writing
5174,2185,Directing
865,9737,Production
1261455,629542,Directing
93364,675353,Directing
41039,765119,Directing
584197,278891,Directing
1270701,590304,Directing
45460,27462,Directing
1675644,787752,Directing
225009,716612,Directing
1033123,460071,Directing
55789,539885,Directing
664,9036,Directing
1492971,609181,Directing
992866,92321,Directing
9168,11663,Directing
30149,11258,Directing
17825,696806,Directing
219961,840882,Directing
1364908,809065,Acting
2219327,575776,Directing
98631,399566,Directing
1938744,504253,Directing
1981891,632727,Directing
208113,482321,Directing
1454692,482321,Writing
1262197,227783,Writing
1455548,523777,Writing
1393015,523777,Visual Effects
2009739,508947,Directing
57742,370567,Directing
20629,65759,Directing
309,766798,Directing
1932822,617771,Directing
1381495,751237,Directing
1661695,833425,Directing
32278,414906,Directing
38270,458131,Production
19142,8854,Directing
110691,862491,Visual Effects
1267956,589880,Directing
82171,17645,Directing
1294471,81481,Directing
1448492,744275,Directing
145130,599960,Directing
52842,438695,Directing
76705,15250,Writing
91268,335787,Directing
38692,245473,Directing
19311,567690,Writing
39104,86820,Directing
1001981,925332,Directing
1039527,646385,Directing
66681,646385,Directing
55615,795514,Directing
70262,11694,Directing
2185237,565382,Directing
164149,565382,Acting
1037989,502147,Directing
957,476669,Directing
2399829,627290,Directing
2399830,627290,Directing
102402,790142,Directing
11181,777270,Acting
150975,662401,Directing
2237403,576920,Directing
92844,95667,Directing
92844,24927,Directing
37451,11986,Directing
150098,491283,Directing
51533,423333,Acting
39996,4916,Directing
68573,22949,Directing
12905,9408,Writing
15774,9408,Directing
10757,600583,Directing
47893,16084,Directing
191750,807196,Acting
13520,517088,Writing
18356,2054,Directing
7908,10806,Acting
1936718,787723,Writing
11092,522016,Production
1283010,635302,Directing
71609,660120,Directing
1179651,537116,Acting
47826,527729,Acting
1397397,527729,Directing
10828,597208,Directing
4762,718032,Directing
1461,727293,Acting
9577,11307,Directing
1786006,653569,Directing
566414,653569,Directing
2746,32078,Directing
1213330,353378,Writing
44990,6715,Acting
46085,10449,Directing
2305272,768334,Directing
2456774,768334,Directing
2945,448119,Writing
1400889,340255,Writing
4109,27563,Directing
52629,10278,Directing
1454884,597891,Visual Effects
7649,43341,Editing
102429,71520,Production
69982,29136,Directing
55710,646380,Directing
9340,624860,Directing
1293994,634649,Directing
57633,512195,Directing
30099,3073,Directing
1364789,293271,Writing
