movie_id,title,original_title,original_language,popularity,release_date,year,vote_average,vote_count,imdbid,bechdel_rating,bechdel_dubious,bechdel_id,bechdel_date
315946,Passage of Venus,Passage de Venus,fr,4.785,1874-12-09,1874,6.3,113,3155794,0,0,9602,2021-04-02
766094,The Magic Rosette,La Rosace Magique,xx,1.106,1878-05-07,1878,5.761,23,14495706,0,0,9804,2021-05-11
751212,The Musician Monkey,Le Singe Musicien,xx,2.104,1878-05-07,1878,5.929,28,12592084,0,0,9806,2021-05-11
585297,L'Homme Machine,L'Homme Machine,xx,1.608,1885-01-01,1885,4.851,37,8588366,0,0,9832,2021-05-16
159897,Man Walking Around a Corner,Man Walking Around a Corner,xx,3.641,1887-08-18,1887,5.0,85,2075247,0,0,9614,2021-04-03
1191584,Man Riding Jumping Horse,Man Riding Jumping Horse,en,0.178,,1887,4.0,5,7754902,0,0,9841,2021-05-20
16463,Roundhay Garden Scene,Roundhay Garden Scene,en,7.044,1888-10-14,1888,6.3,218,392728,0,0,8040,2018-02-08
96882,Accordion Player,Accordion Player,xx,4.481,1888-01-01,1888,4.8,75,1758563,0,0,9615,2021-04-03
16464,Traffic Crossing Leeds Bridge,Traffic Crossing Leeds Bridge,xx,4.633,1888-10-15,1888,5.883,124,343112,0,0,9616,2021-04-04
335765,Horse and Rider Jumping Over an Obstacle,Pferd und Reiter springen über ein Hindernis,xx,1.865,1888-05-31,1888,5.0,29,3274100,0,0,9675,2021-04-23
355995,Brighton Street Scene,Brighton Street Scene,en,0.455,1888-01-01,1888,3.6,7,2116853,0,0,9947,2021-07-07
32406,"Leisurely Pedestrians, Open Topped Buses and Hansom Cabs with Trotting Horses","Leisurely Pedestrians, Open Topped Buses and Hansom Cabs with Trotting Horses",xx,1.093,1889-01-14,1889,3.806,18,466876,0,0,9619,2021-04-04
355764,Hyde Park Corner,Hyde Park Corner,xx,1.375,1889-11-23,1889,4.326,23,2116898,0,0,9945,2021-07-07
32571,"Monkeyshines, No. 1","Monkeyshines, No. 1",xx,5.803,1890-11-21,1890,4.889,95,361921,0,0,9617,2021-04-04
33315,"Monkeyshines, No. 2","Monkeyshines, No. 2",xx,2.958,1890-11-21,1890,4.44,50,416046,0,0,9618,2021-04-04
33316,London's Trafalgar Square,London's Trafalgar Square,xx,1.608,1890-01-01,1890,4.5,36,1202028,0,0,9621,2021-04-04
33317,"Monkeyshines, No. 3","Monkeyshines, No. 3",xx,0.969,1890-11-21,1890,3.1,20,416047,0,0,9678,2021-04-24
386743,Flight of the Large Blue Fly,Vol de la grosse mouche bleue,xx,1.255,1905-01-01,1905,5.7,33,5285442,0,0,9946,2021-07-07
355846,"Traffic in King's Road, Chelsea","Traffic in King's Road, Chelsea",xx,1.041,1890-01-01,1890,3.6,13,2116968,0,0,9944,2021-07-06
33229,Dickson Greeting,Dickson Greeting,xx,2.392,1891-05-20,1891,4.867,64,241373,0,0,9626,2021-04-06
33318,Men Boxing,Men Boxing,xx,2.15,1891-04-30,1891,4.08,44,241715,0,0,9628,2021-04-07
104852,Newark Athlete,Newark Athlete,xx,3.359,1891-05-01,1891,4.418,73,241763,0,0,9629,2021-04-07
355999,"Duncan and Another, Blacksmith Shop","Duncan and Another, Blacksmith Shop",en,0.897,1891-01-01,1891,2.0,2,241393,0,0,9792,2021-05-06
355997,Duncan Smoking,Duncan Smoking,en,1.008,1891-01-01,1891,2.8,4,241392,0,0,9793,2021-05-06
355851,Duncan or Devonald with Muslin Cloud,Duncan or Devonald with Muslin Cloud,en,0.337,1891-01-01,1891,2.7,3,241394,0,0,9794,2021-05-06
355848,"Monkey and Another, Boxing","Monkey and Another, Boxing",en,0.271,1891-01-01,1891,3.3,3,241735,0,0,9795,2021-05-07
336380,I Love You,Je Vous Aime,fr,0.989,1891-07-27,1891,4.7,20,3201916,0,0,9800,2021-05-08
312452,The Wave,La Vague,xx,1.733,1891-11-15,1891,4.7,31,3508566,0,0,9802,2021-05-10
416258,Two Fencers,Two Fencers,xx,1.691,1891-01-02,1891,4.591,22,5447082,0,0,9943,2021-07-06
88013,Poor Pierrot,Pauvre Pierrot,fr,4.471,1892-10-28,1892,6.05,100,3,0,0,5433,2014-05-02
16622,A Good Beer,Un bon bock,fr,0.851,1892-10-28,1892,3.667,9,4,0,0,9631,2021-04-08
16613,Clown and His Dogs,Clown et ses chiens,fr,0.704,1892-10-28,1892,4.7,11,2,0,0,9632,2021-04-09
105153,Fencing,Fencing,xx,2.309,1892-01-01,1892,3.4,26,241446,0,0,9951,2021-07-09
355936,Le prince de Galles,Le prince de Galles,en,0.327,1902-08-09,1902,4.8,9,234520,0,0,9952,2021-07-09
355757,Wrestling,Wrestling,en,0.346,1892-01-01,1892,2.9,8,242148,0,0,9948,2021-07-07
16624,Blacksmithing Scene,Blacksmithing Scene,xx,4.127,1893-05-08,1893,5.544,102,5,0,0,9583,2021-03-24
105160,Annabelle Butterfly Dance,Annabelle Butterfly Dance,xx,3.367,1894-01-01,1894,5.418,49,229217,0,0,9636,2021-04-10
159896,Around a Cabin,Autour d’une cabine,dz,2.278,1894-12-15,1894,5.745,55,15,0,0,9646,2021-04-11
152218,The Barber Shop,The Barber Shop,xx,1.704,1894-01-01,1894,4.923,39,229235,0,0,9648,2021-04-13
159904,Bucking Broncho,Bucking Broncho,xx,1.82,1894-10-16,1894,4.241,29,309396,0,0,9649,2021-04-14
155107,Buffalo Dance,Buffalo Dance,xx,1.577,1894-09-23,1894,4.607,42,309402,0,0,9650,2021-04-16
16612,Carmencita,Carmencita,xx,3.195,1894-03-14,1894,5.204,71,1,0,0,9651,2021-04-16
105158,Edison Kinetoscopic Record of a Sneeze,Edison Kinetoscopic Record of a Sneeze,xx,3.355,1894-01-09,1894,4.841,91,8,0,0,9652,2021-04-17
104396,Dickson Experimental Sound Film,Dickson Experimental Sound Film,en,3.913,1894-08-31,1894,6.17,103,177707,0,0,9654,2021-04-18
356154,Chinese Opium Den,Chinese Opium Den,en,0.325,1894-10-16,1894,3.1,7,6,0,0,9655,2021-04-18
159895,Corbett and Courtney Before the Kinetograph,Corbett and Courtney Before the Kinetograph,xx,1.935,1894-11-17,1894,4.9,36,7,0,0,9656,2021-04-18
154339,Falling Cat,Falling Cat,xx,2.355,1894-01-01,1894,5.3,50,2049440,0,0,9662,2021-04-20
356155,"Glenroy Bros., No. 2","Glenroy Bros., No. 2",en,1.379,1894-01-01,1894,4.714,21,312728,0,0,9663,2021-04-21
152215,Glenroy Brothers (Comic Boxing),Glenroy Brothers (Comic Boxing),xx,1.439,1894-10-05,1894,4.9,26,256782,0,0,9664,2021-04-21
159905,Leonard-Cushing Fight,Leonard-Cushing Fight,en,1.44,1894-06-14,1894,5.146,24,203646,0,0,9668,2021-04-21
189054,"Luis Martinetti, Contortionist","Luis Martinetti, Contortionist",xx,1.345,1894-01-01,1894,5.0,24,277115,0,0,9671,2021-04-23
751244,Un rêve au coin du feu,Un rêve au coin du feu,fr,0.211,1894-12-15,1894,3.3,3,413219,0,0,9681,2021-04-26
356151,Miss Jerry,Miss Jerry,en,0.405,1894-10-08,1894,4.5,4,9,0,0,9779,2021-05-02
82120,The Sprinkler Sprinkled,Arroseur et arrosé,fr,4.856,1895-06-10,1895,6.857,248,14,0,0,5444,2014-05-04
34372,"The Execution of Mary, Queen of Scots","The Execution of Mary, Queen of Scots",xx,5.414,1895-08-28,1895,6.182,110,132134,0,0,6200,2015-04-13
194085,Akrobatisches Potpourri,Akrobatisches Potpourri,de,0.943,1895-11-01,1895,4.526,19,11,1,1,9679,2021-04-24
144410,Annabelle Serpentine Dance,Annabelle Serpentine Dance,xx,4.894,1895-04-01,1895,5.9,102,154152,0,0,9683,2021-04-26
194081,Italienischer Bauerntanz,Italienischer Bauerntanz,de,0.758,1895-11-01,1895,4.1,20,17,0,0,9714,2021-04-29
122134,Baby's Meal,Repas de bébé,fr,6.171,1895-12-28,1895,5.587,155,29,1,1,9715,2021-04-29
189056,Billy Edwards and the Unknown,Billy Edwards and the Unknown,xx,2.867,1895-01-30,1895,3.6,14,477266,0,0,9766,2021-04-30
127777,The Blacksmiths,Les forgerons,fr,3.666,1895-12-28,1895,5.0,72,22,0,0,9767,2021-04-30
129436,Boat Leaving the Port,Barque sortant du port,fr,3.594,1895-01-01,1895,5.422,83,16,0,0,9787,2021-05-03
133063,The Haunted Castle,Le manoir du diable,fr,5.255,1896-12-24,1896,6.449,187,91,0,0,4982,2013-12-25
104462,A Terrible Night,Une nuit terrible,fr,4.083,1896-01-01,1896,5.086,81,131,0,0,5406,2014-04-20
147554,The Cabbage-Patch Fairy,La fée aux choux,fr,5.41,1896-03-31,1896,5.236,91,223341,0,0,5445,2014-05-04
160,The Arrival of a Train at La Ciotat,L'arrivée d'un train à La Ciotat,fr,7.994,1896-06-30,1896,7.089,472,12,0,0,6199,2015-04-13
126413,Sandow,Sandow,en,2.746,1896-09-30,1896,5.1,65,1428455,0,0,9672,2021-04-23
194583,Alger: Rue Bab-Azoun,Alger: Rue Bab-Azoun,fr,0.786,1896-12-19,1896,4.9,21,1672718,0,0,9949,2021-07-09
194562,Lassage des bœufs pour le labour,Lassage des bœufs pour le labour,fr,0.583,1896-10-20,1896,4.6,7,1736599,0,0,9950,2021-07-09
190560,Lancement d'un navire,Lancement d'un navire,fr,1.168,1896-04-20,1896,5.5,16,222137,0,0,9901,2021-06-18
144391,Snowball Fight,Bataille de neige,fr,3.377,1897-02-07,1897,6.5,74,41,0,0,9328,2020-11-13
49296,The Four Troublesome Heads,Un homme de têtes,fr,6.777,1898-11-30,1898,7.139,166,135696,0,0,4978,2013-12-24
104700,The Astronomer's Dream,La lune à un mètre,fr,7.394,1898-01-01,1898,6.876,197,211,0,0,5410,2014-04-22
104702,The Temptation of St. Anthony,La tentation de Saint-Antoine,fr,2.051,1898-01-01,1898,5.806,54,224240,0,0,5411,2014-04-22
49295,The Conjurer,L'impressionniste fin de siècle,fr,2.519,1899-01-01,1899,6.264,53,246,0,0,4994,2013-12-26
114108,Cinderella,Cendrillon,fr,5.838,1899-10-01,1899,6.185,108,230,3,0,5914,2014-11-12
195620,Sherlock Holmes Baffled,Sherlock Holmes Baffled,en,2.637,1900-05-21,1900,5.195,41,291476,0,0,1594,2010-09-22
144432,The Enchanted Drawing,The Enchanted Drawing,en,3.084,1900-11-16,1900,6.37,73,300,0,0,4271,2013-06-26
179236,Grandma's Reading Glass,Grandma's Reading Glass,en,3.048,1900-11-01,1900,6.4,74,304,0,0,4343,2013-07-13
154171,As Seen Through a Telescope,As Seen Through a Telescope,en,1.539,1900-09-01,1900,5.5,41,272,0,0,4344,2013-07-13
105303,Explosion of a Motor Car,Explosion of a Motor Car,xx,3.292,1900-07-01,1900,6.055,55,257654,0,0,4345,2013-07-13
195626,Le duel d'Hamlet,Le duel d'Hamlet,fr,1.156,1900-05-21,1900,5.233,15,306,0,0,4346,2013-07-13
49280,The One-Man Band,L'homme orchestre,fr,5.076,1900-01-01,1900,6.816,103,135453,0,0,4993,2013-12-26
1137292,Grandma Threading Her Needle,Grandma Threading Her Needle,en,0.001,1900-06-07,1900,0.0,0,377995,0,0,5069,2014-01-14
193408,"Searching Ruins on Broadway, Galveston, for Dead Bodies","Searching Ruins on Broadway, Galveston, for Dead Bodies",en,0.829,1900-09-23,1900,4.5,6,230746,0,0,5072,2014-01-14
179235,Let Me Dream Again,Let Me Dream Again,en,3.01,1900-08-01,1900,5.7,53,313,0,0,5438,2014-05-03
106814,The Doctor and the Monkey,Le Savant et le Chimpanzé,fr,1.464,1900-01-01,1900,5.4,26,227438,0,0,5446,2014-05-04
49279,The Man with the Rubber Head,L'Homme à la tête de caoutchouc,fr,4.559,1901-12-01,1901,7.2,153,359,0,0,4995,2013-12-26
185219,Dream and Reality,Rêve et réalité,fr,1.156,1901-07-20,1901,4.759,29,258104,0,0,5437,2014-05-03
49275,Bluebeard,Barbe-bleue,fr,3.038,1901-07-25,1901,6.254,61,131934,0,0,5500,2014-05-26
775,A Trip to the Moon,Le Voyage dans la Lune,fr,14.908,1902-06-21,1902,7.915,1794,417,0,0,1252,2010-07-23
108292,Gulliver's Travels Among the Lilliputians and the Giants,Le voyage de Gulliver à Lilliput et chez les géants,fr,1.551,1902-11-22,1902,6.075,40,229024,0,0,5431,2014-05-02
190669,"The Twentieth Century Tramp; or, Happy Hooligan and His Airship","The Twentieth Century Tramp; or, Happy Hooligan and His Airship",en,0.518,1902-01-27,1902,4.7,7,367177,0,0,5432,2014-05-02
108278,The Treasures of Satan,Les trésors de satan,fr,2.298,1902-07-26,1902,5.109,32,413,0,0,5443,2014-05-04
5698,The Great Train Robbery,The Great Train Robbery,en,12.939,1903-12-07,1903,7.0,617,439,0,0,1319,2010-07-25
16465,The Infernal Cauldron,Le chaudron infernal,fr,4.375,1903-10-17,1903,6.277,92,135180,0,0,5002,2013-12-28
49273,The Melomaniac,Le Mélomane,fr,3.489,1903-08-15,1903,6.646,82,455,0,0,5063,2014-01-12
44449,The Monster,Le monstre,fr,2.827,1903-08-14,1903,5.951,51,223755,0,0,5064,2014-01-12
127097,The Enchanted Well,Le puits fantastique,fr,1.24,1903-03-20,1903,5.464,28,189498,0,0,5683,2014-08-09
44335,The Cook in Trouble,Sorcellerie culinaire,fr,1.952,1904-05-06,1904,5.239,23,215664,0,0,5224,2014-03-03
44333,The Living Playing Cards,Les cartes vivantes,fr,2.244,1905-01-06,1905,6.5,48,135179,0,0,5404,2014-04-20
44324,The Untamable Whiskers,Le Roi du maquillage,fr,1.999,1904-03-05,1904,6.232,41,135631,0,0,5601,2014-06-29
2963,The Impossible Voyage,Le voyage à travers l'impossible,fr,7.699,1904-10-01,1904,7.23,185,499,0,0,6135,2015-03-07
44330,The Scheming Gambler's Paradise,Le tripot clandestin,fr,2.012,1905-12-15,1905,5.6,26,135690,0,0,5003,2013-12-28
44342,The Black Imp,Le diable noir,fr,2.551,1905-01-27,1905,6.5,71,215575,0,0,5602,2014-06-29
20105,The Story of the Kelly Gang,The Story of the Kelly Gang,en,2.357,1906-12-26,1906,5.3,34,574,1,0,1349,2010-07-26
49272,The Mysterious Retort,L'Alchimiste Parafaragaramus ou la Cornue infernale,fr,0.779,1906-09-28,1906,5.4,22,216016,0,0,5024,2014-01-01
134750,Humorous Phases of Funny Faces,Humorous Phases of Funny Faces,xx,2.036,1906-04-05,1906,5.7,55,554,0,0,5435,2014-05-03
49277,The Hilarious Posters,Les affiches en goguette,fr,2.884,1906-04-20,1906,6.0,36,135122,0,0,5603,2014-06-30
137757,The Merry Frolics of Satan,Les quatre cents farces du diable,fr,2.344,1906-09-07,1906,6.4,58,567,0,0,5684,2014-08-09
196287,A Funny Shave,Ah! La barbe!,fr,1.037,1906-04-25,1906,5.6,21,449172,0,0,6206,2015-04-16
120026,The Consequences of Feminism,Les résultats du féminisme,fr,3.329,1906-12-21,1906,6.2,59,1260944,0,0,7215,2016-10-19
49278,The Eclipse: Courtship of the Sun and Moon,Eclipse de Soleil en pleine lune,fr,2.906,1907-06-07,1907,6.1,44,215737,0,0,5223,2014-03-03
49298,Good Glue Sticks,La colle universelle,fr,1.145,1907-09-20,1907,4.9,24,215817,0,0,5615,2014-07-06
350807,Unusual Cooking,Cuisine abracadabrante,fr,0.072,1908-06-05,1908,5.0,2,1802750,0,0,6231,2015-05-04
144440,"Princess Nicotine; or, The Smoke Fairy","Princess Nicotine; or, The Smoke Fairy",en,1.96,1909-08-10,1909,5.807,44,1009,2,1,4409,2013-07-28
49271,The Diabolic Tenant,Le Locataire Diabolique,fr,3.289,1909-01-30,1909,6.8,64,127948,0,0,5635,2014-07-14
232957,The Barometer of Fidelity,Le baromètre de la fidélité,fr,0.529,1909-11-04,1909,5.1,5,277596,1,0,6211,2015-04-19
193988,Tilly the Tomboy Visits the Poor,Tilly the Tomboy Visits the Poor,en,1.081,1910-09-16,1910,5.0,6,232821,3,0,1464,2010-08-11
49281,The Faithful Furniture,Le Mobilier fidèle,fr,0.73,1910-01-01,1910,6.1,17,486978,0,0,4983,2013-12-25
113194,A Trip to Mars,A Trip to Mars,en,0.834,1910-02-18,1910,6.3,22,1515725,0,0,5685,2014-08-09
71266,Cleopatra,Cleopatra,en,1.103,1912-11-13,1912,3.5,21,2101,2,0,2003,2011-02-07
127271,The Invaders,The Invaders,en,1.351,1912-11-29,1912,5.5,12,2281,0,0,2005,2011-02-08
193833,Max and the Donkey,L'âne jaloux,en,0.698,1912-07-04,1912,4.7,3,277865,0,0,5357,2014-04-03
191911,The Voyage of M. Bourrichon,Le voyage de M. Bourrichon,en,0.7,1913-05-07,1913,4.2,12,3512,0,0,5364,2014-04-04
105408,Suspense.,Suspense.,en,5.929,1913-07-06,1913,7.0,87,3424,0,0,5915,2014-11-12
110803,A Florida Enchantment,A Florida Enchantment,en,3.017,1914-08-10,1914,4.7,12,3973,2,1,4457,2013-08-10
618,The Birth of a Nation,The Birth of a Nation,en,16.289,1915-02-08,1915,6.0,530,4972,2,0,1258,2010-07-23
126925,Gretchen the Greenhorn,Gretchen the Greenhorn,en,1.306,1916-09-03,1916,6.0,10,6745,3,0,2008,2011-02-08
265051,Lady Windermere's Fan,Lady Windermere's Fan,en,0.913,1916-07-01,1916,5.0,1,279914,3,0,2014,2011-02-10
13707,The Vagabond,The Vagabond,en,7.04,1916-07-10,1916,6.701,127,7507,0,0,5368,2014-04-07
3059,Intolerance: Love's Struggle Throughout the Ages,Intolerance: Love's Struggle Throughout the Ages,en,10.957,1916-09-04,1916,7.0,338,6864,0,0,5944,2014-11-24
174598,Snow White,Snow White,en,2.131,1916-12-24,1916,6.038,13,7361,3,0,7004,2016-07-28
174711,A Tale of Two Cities,A Tale of Two Cities,en,1.638,1917-03-10,1917,4.8,6,8652,3,0,1981,2011-02-04
36822,Rebecca of Sunnybrook Farm,Rebecca of Sunnybrook Farm,en,1.444,1917-09-22,1917,5.8,17,8499,3,0,1993,2011-02-05
95866,The Poor Little Rich Girl,The Poor Little Rich Girl,en,3.039,1917-03-05,1917,5.8,34,8443,3,0,1994,2011-02-05
174708,A Romance of the Redwoods,A Romance of the Redwoods,en,1.951,1917-05-14,1917,6.4,13,8519,0,0,2015,2011-02-10
174731,"Raffles, the Amateur Cracksman","Raffles, the Amateur Cracksman",en,0.641,1917-12-14,1917,5.8,6,8489,2,1,2019,2011-02-11
76951,Tarzan of the Apes,Tarzan of the Apes,en,4.68,1918-01-27,1918,5.318,22,9682,3,0,1996,2011-02-05
70753,Stella Maris,Stella Maris,en,4.493,1918-01-21,1918,6.7,27,9652,3,0,2007,2011-02-08
53637,Are Crooks Dishonest?,Are Crooks Dishonest?,en,0.62,1918-06-23,1918,5.6,9,8844,0,0,5441,2014-05-04
48263,I Don't Want to Be a Man,Ich möchte kein Mann sein,de,2.037,1918-10-01,1918,6.4,53,10281,3,1,7108,2016-09-08
72497,When the Clouds Roll By,When the Clouds Roll By,en,1.258,1919-12-28,1919,6.833,18,10879,3,1,2018,2011-02-11
899,Broken Blossoms,Broken Blossoms,en,7.548,1919-05-13,1919,6.9,224,9968,0,0,2588,2011-08-02
234,The Cabinet of Dr. Caligari,Das Cabinet des Dr. Caligari,de,17.245,1920-02-27,1920,7.916,1593,10323,0,0,1306,2010-07-25
108988,Pollyanna,Pollyanna,en,1.287,1920-01-18,1920,6.5,17,11588,3,0,1991,2011-02-05
77621,Within Our Gates,Within Our Gates,en,6.748,1920-01-12,1920,5.9,89,11870,3,0,5948,2014-11-26
42511,Orphans of the Storm,Orphans of the Storm,en,9.364,1921-12-28,1921,6.8,86,12532,3,0,1263,2010-07-23
10098,The Kid,The Kid,en,15.55,1921-01-21,1921,8.2,2109,12349,0,0,3945,2013-03-01
155953,The Blot,The Blot,en,2.167,1921-09-04,1921,6.5,22,11979,3,0,4204,2013-06-04
58129,The Phantom Carriage,Körkarlen,sv,12.815,1921-01-01,1921,7.8,318,12364,2,0,5898,2014-11-04
653,Nosferatu,"Nosferatu, eine Symphonie des Grauens",de,119.319,1922-02-16,1922,7.7,2061,13442,2,0,1307,2010-07-25
28480,Phantom,Phantom,de,2.89,1922-11-13,1922,6.756,45,13496,2,0,1631,2010-10-04
175594,Nathan der Weise,Nathan der Weise,de,0.692,1922-12-28,1922,7.0,3,13428,2,0,1778,2010-11-25
171432,The Man from Beyond,The Man from Beyond,en,1.556,1922-04-02,1922,5.0,14,13367,1,0,2001,2011-02-07
57283,Häxan,Häxan,sv,9.303,1922-09-18,1922,7.611,379,13257,3,0,3800,2013-01-03
25770,The Paleface,The Paleface,en,3.807,1922-01-01,1922,6.122,90,12543,0,0,5361,2014-04-04
669,Nanook of the North,Nanook of the North,en,10.171,1922-06-11,1922,7.1,298,13427,1,0,5901,2014-11-05
35227,Foolish Wives,Foolish Wives,en,5.905,1922-01-11,1922,6.5,88,13140,3,0,5958,2014-12-02
5998,"Dr. Mabuse, the Gambler","Dr. Mabuse, der Spieler",de,6.871,1922-04-27,1922,7.7,190,13086,3,0,5967,2014-12-07
22596,Safety Last!,Safety Last!,en,9.489,1923-04-01,1923,7.737,509,14429,0,0,1961,2011-02-04
41348,Why Worry?,Why Worry?,en,2.381,1923-09-09,1923,6.6,38,14611,0,0,1967,2011-02-04
175695,The Silent Command,The Silent Command,en,0.28,1923-08-18,1923,5.0,4,14469,2,0,1998,2011-02-06
49452,The Smiling Madame Beudet,La souriante Madame Beudet,fr,5.388,1923-11-09,1923,5.9,81,13626,3,0,5888,2014-10-31
701,Our Hospitality,Our Hospitality,en,9.674,1923-11-19,1923,7.5,274,14341,0,0,5949,2014-11-27
28974,A Woman of Paris: A Drama of Fate,A Woman of Paris: A Drama of Fate,en,6.085,1923-10-01,1923,6.735,164,14624,2,0,8947,2020-01-03
31506,Die Nibelungen: Siegfried,Die Nibelungen: Siegfried,de,10.686,1924-02-14,1924,7.7,136,15175,2,0,1337,2010-07-26
42512,Die Nibelungen: Kriemhild's Revenge,Die Nibelungen: Kriemhilds Rache,de,8.013,1924-04-26,1924,7.5,103,15174,2,0,1338,2010-07-26
28963,The Thief of Bagdad,The Thief of Bagdad,en,7.601,1924-03-18,1924,7.322,163,15400,0,0,1264,2010-07-23
120673,Wild Oranges,Wild Oranges,en,2.362,1924-01-20,1924,6.3,15,15498,0,0,1960,2011-02-04
32318,The Navigator,The Navigator,en,6.135,1924-09-28,1924,7.125,240,15163,0,0,2009,2011-02-09
992,Sherlock Jr.,Sherlock Jr.,en,10.939,1924-04-17,1924,8.1,995,15324,0,0,2011,2011-02-09
40574,Girl Shy,Girl Shy,en,4.83,1924-04-20,1924,6.9,62,14945,0,0,2016,2011-02-10
176283,Manhandled,Manhandled,en,1.511,1924-07-21,1924,6.5,13,15116,3,0,2020,2011-02-11
84880,The Great White Silence,The Great White Silence,en,2.667,1924-05-01,1924,7.802,48,1764657,0,0,2413,2011-06-18
176272,Au Secours!,Au Secours!,fr,1.048,1924-06-17,1924,6.6,19,13845,0,0,6209,2015-04-19
1405,Greed,Greed,en,5.776,1924-12-04,1924,7.4,176,15881,3,0,8458,2018-10-28
964,The Phantom of the Opera,The Phantom of the Opera,en,12.169,1925-09-22,1925,7.1,344,16220,2,0,1305,2010-07-25
643,Battleship Potemkin,Броненосец Потёмкин,ru,17.086,1925-12-24,1925,7.616,1165,15648,0,0,1308,2010-07-25
962,The Gold Rush,The Gold Rush,en,16.832,1925-07-13,1925,8.0,1610,15864,0,0,1309,2010-07-25
33015,Go West,Go West,en,6.148,1925-11-01,1925,6.866,127,15863,0,0,1978,2011-02-04
42359,The Freshman,The Freshman,en,5.709,1925-09-20,1925,7.0,110,15841,0,0,2012,2011-02-09
32600,Seven Chances,Seven Chances,en,8.934,1925-03-15,1925,7.509,273,16332,0,1,3077,2012-02-27
2981,The Lost World,The Lost World,en,8.764,1925-02-02,1925,6.7,140,16039,2,1,5514,2014-05-30
3060,The Big Parade,The Big Parade,en,8.242,1925-11-05,1925,7.568,110,15624,2,0,5962,2014-12-04
44967,Strike,Стачка,ru,8.32,1925-04-28,1925,7.306,214,15361,0,0,5991,2014-12-18
95956,The Temptress,The Temptress,en,2.687,1926-10-03,1926,6.5,21,17449,1,0,1334,2010-07-26
38687,Flesh and the Devil,Flesh and the Devil,en,4.801,1926-12-25,1926,7.2,58,16884,1,0,1260,2010-07-23
961,The General,The General,en,8.765,1926-12-25,1926,8.0,1251,17925,0,0,1310,2010-07-25
42368,For Heaven's Sake,For Heaven's Sake,en,3.294,1926-04-05,1926,6.9,38,16895,0,0,1966,2011-02-04
183514,So's Your Old Man,So's Your Old Man,en,0.885,1926-10-25,1926,6.375,8,17410,3,0,3217,2012-04-30
19354,The Adventures of Prince Achmed,Die Abenteuer des Prinzen Achmed,de,7.598,1926-09-03,1926,7.536,208,15532,1,0,5974,2014-12-09
82283,It,It,en,7.228,1927-02-05,1927,6.887,62,18033,3,0,1227,2010-07-22
19,Metropolis,Metropolis,de,23.059,1927-02-06,1927,8.113,2776,17136,1,0,1267,2010-07-23
42536,Napoleon,Napoléon,fr,9.434,1927-05-08,1927,7.9,179,18192,2,0,1312,2010-07-25
27503,The Unknown,The Unknown,en,6.405,1927-05-29,1927,7.487,186,18528,0,0,1311,2010-07-25
631,Sunrise: A Song of Two Humans,Sunrise: A Song of Two Humans,en,11.87,1927-11-04,1927,7.836,806,18455,2,0,1632,2010-10-04
16661,The Kid Brother,The Kid Brother,en,5.555,1927-01-17,1927,6.9,92,18051,0,0,1964,2011-02-04
110655,Nevada,Nevada,en,0.63,1927-08-01,1927,6.0,1,18199,0,0,1982,2011-02-04
73969,My Best Girl,My Best Girl,en,2.479,1927-10-31,1927,7.0,18,18183,3,0,2010,2011-02-09
28966,Wings,Wings,en,8.429,1927-08-12,1927,7.2,276,18578,1,0,3118,2012-03-14
939,The Jazz Singer,The Jazz Singer,en,11.097,1927-10-06,1927,6.099,218,18037,1,0,5975,2014-12-09
52782,Downhill,Downhill,en,5.7,1927-10-24,1927,5.7,83,17825,1,0,7324,2016-12-13
780,The Passion of Joan of Arc,La Passion de Jeanne d'Arc,fr,13.363,1928-04-21,1928,7.986,945,19254,0,0,1314,2010-07-25
22595,Speedy,Speedy,en,5.855,1928-04-07,1928,7.3,93,19412,0,0,1963,2011-02-04
28978,The Circus,The Circus,en,12.834,1928-01-06,1928,8.0,790,18773,0,0,1968,2011-02-04
31411,The Cameraman,The Cameraman,en,11.019,1928-09-10,1928,7.9,369,18742,0,0,1970,2011-02-04
25768,"Steamboat Bill, Jr.","Steamboat Bill, Jr.",en,9.545,1928-05-09,1928,7.6,337,19421,0,0,1971,2011-02-04
27777,The Racket,The Racket,en,2.494,1928-11-01,1928,6.6,34,19304,0,0,1972,2011-02-04
85697,Beggars of Life,Beggars of Life,en,4.455,1928-09-22,1928,7.1,40,18684,0,0,1977,2011-02-04
189935,The Power of the Press,The Power of the Press,en,2.07,1928-10-30,1928,6.15,10,19290,1,0,1979,2011-02-04
110887,A Girl in Every Port,A Girl in Every Port,en,2.368,1928-02-26,1928,6.3,18,18937,0,0,1980,2011-02-04
53209,The Patsy,The Patsy,en,2.017,1928-04-22,1928,6.8,20,19258,3,0,2013,2011-02-09
190160,While the City Sleeps,While the City Sleeps,en,1.208,1928-02-15,1928,5.9,9,19571,2,0,2017,2011-02-11
27517,The Man Who Laughs,The Man Who Laughs,en,8.282,1928-04-27,1928,7.3,199,19130,2,0,2021,2011-02-11
3061,The Crowd,The Crowd,en,5.312,1928-03-03,1928,7.6,171,18806,1,0,5912,2014-11-10
885,The Docks of New York,The Docks of New York,en,5.182,1928-09-16,1928,6.98,100,18839,2,1,5984,2014-12-15
42614,Our Dancing Daughters,Our Dancing Daughters,en,2.462,1928-09-01,1928,6.4,27,19237,2,0,9314,2020-10-23
626,Un Chien Andalou,Un chien andalou,fr,15.584,1929-06-05,1929,7.425,1297,20530,0,0,1313,2010-07-25
20625,The Cocoanuts,The Cocoanuts,en,6.387,1929-05-23,1929,6.5,111,19777,2,0,1953,2011-02-03
53528,Welcome Danger,Welcome Danger,en,1.356,1929-10-12,1929,5.1,18,20572,0,0,1962,2011-02-04
905,Pandora's Box,Die Büchse der Pandora,de,12.047,1929-01-30,1929,7.5,226,18737,3,1,2324,2011-05-21
26317,Man with a Movie Camera,Человек с киноаппаратом,ru,11.123,1929-05-12,1929,7.8,722,19760,0,0,3897,2013-02-14
543,Blackmail,Blackmail,en,6.981,1929-07-28,1929,6.5,240,19702,2,0,5979,2014-12-12
35454,A Throw of Dice,Prapancha Pash,hi,1.735,1929-08-16,1929,6.3,26,20286,0,0,6046,2015-01-14
47695,Juno and the Paycock,Juno and the Paycock,en,2.441,1930-06-29,1930,4.5,46,21015,3,0,7287,2016-11-22
65203,The Broadway Melody,The Broadway Melody,en,6.518,1929-02-08,1929,5.2,140,19729,3,0,8464,2018-11-01
228,The Blue Angel,Der blaue Engel,de,13.193,1930-04-01,1930,7.3,308,20697,1,0,1315,2010-07-25
143,All Quiet on the Western Front,All Quiet on the Western Front,en,12.896,1930-04-29,1930,7.761,805,20629,0,0,1316,2010-07-25
42812,Anna Christie,Anna Christie,en,2.628,1930-02-21,1930,6.1,48,20641,3,0,1326,2010-07-26
122047,Ladies of Leisure,Ladies of Leisure,en,2.76,1930-04-05,1930,6.0,22,21040,3,0,3713,2012-12-06
5729,L'Âge d'or,L'Âge d'or,fr,6.713,1930-11-28,1930,6.8,302,21577,0,0,3871,2013-02-05
42641,Morocco,Morocco,en,6.552,1930-11-14,1930,6.336,140,21156,1,0,3865,2013-01-31
85505,Min and Bill,Min and Bill,en,2.494,1930-11-29,1930,6.273,22,21148,3,0,3927,2013-02-22
166645,Be Yourself!,Be Yourself!,en,1.687,1930-02-07,1930,5.0,6,20670,2,0,4253,2013-06-20
26162,The Bat Whispers,The Bat Whispers,en,2.68,1930-11-13,1930,6.3,27,20668,3,0,6782,2016-03-18
31930,Murder!,Murder!,en,8.065,1930-07-31,1930,6.0,130,21165,3,0,7291,2016-11-23
13913,Animal Crackers,Animal Crackers,en,6.917,1930-08-08,1930,6.925,232,20640,3,0,8463,2018-11-01
832,M,M - Eine Stadt sucht einen Mörder,de,15.677,1931-05-11,1931,8.1,2184,22100,3,0,610,2009-12-28
9653,Mädchen in Uniform,Mädchen in Uniform,de,6.126,1931-11-27,1931,7.3,95,22183,3,0,628,2009-12-31
51394,Night Nurse,Night Nurse,en,5.76,1931-07-16,1931,6.7,76,22208,3,0,636,2010-01-10
3035,Frankenstein,Frankenstein,en,18.407,1931-11-21,1931,7.5,1585,21884,1,0,1317,2010-07-25
238069,Anna Christie,Anna Christie,de,2.109,1930-12-22,1930,7.5,10,20642,3,0,1327,2010-07-26
35545,Mata Hari,Mata Hari,en,5.046,1931-12-26,1931,6.2,53,23196,3,0,1333,2010-07-26
977,Tabu: A Story of the South Seas,Tabu: A Story of the South Seas,en,6.179,1931-07-30,1931,7.1,159,22458,0,0,1633,2010-10-04
53797,Indiscreet,Indiscreet,en,2.481,1931-04-25,1931,5.955,11,22000,3,0,1828,2010-12-05
99732,The Last Flight,The Last Flight,en,2.284,1931-08-29,1931,6.9,11,22054,0,0,1956,2011-02-03
375282,Pardon Us,Pardon Us,en,4.558,1931-08-15,1931,6.5,76,22251,0,0,1974,2011-02-04
138,Dracula,Dracula,en,19.946,1931-02-12,1931,7.156,1211,21814,2,0,1985,2011-02-05
13911,Monkey Business,Monkey Business,en,8.526,1931-09-19,1931,7.0,186,22158,1,0,2384,2011-06-10
901,City Lights,City Lights,en,12.793,1931-02-06,1931,8.3,2184,21749,3,0,2705,2011-09-23
31409,The Smiling Lieutenant,The Smiling Lieutenant,en,2.964,1931-08-01,1931,6.861,54,22074,2,0,4243,2013-06-14
156324,The Cheat,The Cheat,en,1.426,1931-11-28,1931,6.0,15,21735,3,1,5741,2014-09-14
17687,The Public Enemy,The Public Enemy,en,10.526,1931-04-23,1931,7.2,343,22286,3,1,5934,2014-11-21
26614,La Chienne,La Chienne,fr,5.648,1931-11-20,1931,7.322,118,21739,3,0,6030,2015-01-08
31514,À Nous la Liberté,À nous la liberté,fr,6.011,1931-12-18,1931,7.053,95,22599,1,0,6031,2015-01-08
27899,Little Caesar,Little Caesar,en,7.088,1931-01-25,1931,6.857,265,21079,1,0,6043,2015-01-13
52748,The Skin Game,The Skin Game,en,9.101,1931-02-26,1931,5.3,78,22395,3,0,7294,2016-11-24
36049,Rich and Strange,Rich and Strange,en,5.557,1931-12-10,1931,5.5,90,23395,2,0,7296,2016-11-25
39259,Drácula,Drácula,es,11.554,1931-03-11,1931,6.7,122,21815,3,0,8213,2018-05-16
42861,Cimarron,Cimarron,en,7.453,1931-01-26,1931,5.6,127,21746,3,0,8467,2018-11-02
41062,"Hyppolit, the Butler",Hyppolit a lakáj,hu,0.92,1931-11-27,1931,7.4,17,21985,1,0,8557,2018-12-14
84295,Skippy,Skippy,en,3.269,1931-04-25,1931,6.0,21,22397,3,1,9095,2020-04-27
42816,The Champ,The Champ,en,4.369,1931-11-21,1931,7.037,54,21730,1,0,9110,2020-05-03
29740,I Am a Fugitive from a Chain Gang,I Am a Fugitive from a Chain Gang,en,8.392,1932-11-09,1932,7.799,206,23042,1,0,1318,2010-07-25
33680,Grand Hotel,Grand Hotel,en,12.43,1932-05-25,1932,6.945,308,22958,3,0,1328,2010-07-26
118731,The Age of Consent,The Age of Consent,en,1.923,1932-08-19,1932,5.8,5,22614,2,0,1983,2011-02-04
13912,Horse Feathers,Horse Feathers,en,7.432,1932-08-19,1932,6.9,222,23027,1,0,2383,2011-06-10
26860,White Zombie,White Zombie,en,7.031,1932-07-28,1932,5.906,249,23694,0,0,2550,2011-07-19
48365,Boudu Saved from Drowning,Boudu sauvé des eaux,fr,5.278,1932-11-11,1932,7.0,131,22718,1,0,2767,2011-10-15
28268,"I Was Born, But...",大人の見る繪本 生れてはみたけれど,ja,8.937,1932-06-03,1932,7.5,126,23634,1,0,3530,2012-09-15
1994,The Most Dangerous Game,The Most Dangerous Game,en,8.476,1932-09-16,1932,6.9,272,23238,0,0,3658,2012-11-05
136,Freaks,Freaks,en,16.343,1932-01-01,1932,7.8,1184,22913,2,0,3659,2012-11-05
3031,Island of Lost Souls,Island of Lost Souls,en,6.849,1932-12-24,1932,6.883,235,24188,1,0,3844,2013-01-20
31592,The Old Dark House,The Old Dark House,en,7.181,1932-10-20,1932,6.7,261,23293,3,0,4775,2013-11-04
81107,Merrily We Go to Hell,Merrily We Go to Hell,en,3.074,1932-06-10,1932,6.4,38,23213,3,1,5742,2014-09-14
157888,The Girl from Calgary,The Girl from Calgary,en,1.063,1932-10-23,1932,5.0,3,22940,2,0,5783,2014-09-26
779,Vampyr,Vampyr - Der Traum des Allan Grey,de,10.53,1932-05-06,1932,7.3,525,23649,3,0,5910,2014-11-09
875,Shanghai Express,Shanghai Express,en,8.013,1932-02-12,1932,6.9,201,23458,3,0,5929,2014-11-19
42914,Three on a Match,Three on a Match,en,3.254,1932-10-29,1932,6.2,67,23590,3,0,6051,2015-01-18
31532,Love Me Tonight,Love Me Tonight,en,6.002,1932-08-18,1932,6.6,76,23158,2,1,6052,2015-01-18
877,Scarface,Scarface,en,23.276,1932-04-09,1932,7.4,602,23427,1,0,6063,2015-01-25
77966,Red-Headed Woman,Red-Headed Woman,en,3.878,1932-06-25,1932,6.6,45,23385,3,0,6092,2015-02-03
59158,The Death Kiss,The Death Kiss,en,3.044,1932-12-05,1932,5.3,32,23935,1,0,6176,2015-03-30
91181,Thirteen Women,Thirteen Women,en,3.112,1932-09-16,1932,6.3,31,23582,3,0,6852,2016-04-25
72495,The Blue Light,Das blaue Licht,de,1.35,1932-03-24,1932,6.75,26,22694,1,0,6990,2016-07-21
15007,Number Seventeen,Number Seventeen,en,5.17,1932-07-18,1932,5.5,110,23285,0,0,7301,2016-11-28
28432,Footlight Parade,Footlight Parade,en,5.332,1933-10-21,1933,6.9,85,24028,3,0,802,2010-05-13
31526,Queen Christina,Queen Christina,en,5.955,1933-12-26,1933,6.8,121,24481,3,0,1330,2010-07-26
43122,The Private Life of Henry VIII,The Private Life of Henry VIII,en,7.171,1933-08-17,1933,6.3,79,24473,1,0,1248,2010-07-23
244,King Kong,King Kong,en,15.642,1933-03-15,1933,7.6,1470,24216,0,0,2229,2011-04-23
39938,Little Women,Little Women,en,7.893,1933-11-24,1933,6.761,134,24264,3,0,2231,2011-04-23
25694,Alice in Wonderland,Alice in Wonderland,en,5.168,1933-12-18,1933,6.1,55,23753,3,0,3188,2012-04-16
43148,The Vampire Bat,The Vampire Bat,en,5.369,1933-01-21,1933,5.4,68,24727,3,0,3210,2012-04-30
3062,42nd Street,42nd Street,en,6.672,1933-03-11,1933,6.885,182,24034,3,1,4335,2013-07-12
167657,Day of Reckoning,Day of Reckoning,en,1.634,1933-10-26,1933,5.0,6,23932,3,0,5029,2014-01-02
3063,Duck Soup,Duck Soup,en,11.674,1933-11-12,1933,7.3,773,23969,1,0,5185,2014-02-19
164865,Tomorrow at Seven,Tomorrow at Seven,en,1.295,1933-06-01,1933,6.0,9,24679,3,1,5752,2014-09-16
31511,Gold Diggers of 1933,Gold Diggers of 1933,en,7.062,1933-05-27,1933,7.2,149,24069,3,0,5916,2014-11-12
83868,Female,Female,en,3.616,1933-11-11,1933,6.3,28,24008,3,0,6056,2015-01-19
38585,A Study in Scarlet,A Study in Scarlet,en,2.769,1933-05-14,1933,5.5,27,24625,3,1,6193,2015-04-08
217645,The Peanut Vendor,The Peanut Vendor,en,0.997,1933-04-28,1933,4.5,6,24432,0,0,6205,2015-04-16
10787,The Invisible Man,The Invisible Man,en,13.924,1933-11-03,1933,7.5,849,24184,1,0,7450,2017-02-16
27449,Baby Face,Baby Face,en,11.968,1933-07-13,1933,7.313,120,23775,3,0,7528,2017-03-24
77210,Design for Living,Design for Living,en,6.508,1933-12-29,1933,7.156,189,23940,1,0,8346,2018-07-28
56164,Cavalcade,Cavalcade,en,5.599,1933-02-08,1933,5.496,115,23876,3,0,8477,2018-11-06
3078,It Happened One Night,It Happened One Night,en,12.245,1934-02-22,1934,7.815,1256,25316,3,0,621,2009-12-28
41347,The Cat's-Paw,The Cat's-Paw,en,2.342,1934-08-07,1934,6.2,18,24961,1,0,1324,2010-07-26
31527,The Scarlet Empress,The Scarlet Empress,en,5.734,1934-05-09,1934,6.9,125,25746,3,0,1325,2010-07-26
82096,The Painted Veil,The Painted Veil,en,2.872,1934-11-23,1934,6.6,32,25617,1,0,1329,2010-07-26
43691,The Count of Monte Cristo,The Count of Monte Cristo,en,7.066,1934-09-06,1934,6.7,51,25004,1,0,1246,2010-07-23
43902,Cleopatra,Cleopatra,en,5.047,1934-10-05,1934,6.0,82,24991,1,0,1270,2010-07-23
43905,Of Human Bondage,Of Human Bondage,en,6.066,1934-07-20,1934,6.5,126,25586,1,0,1379,2010-07-27
43904,L'Atalante,L'Atalante,fr,9.11,1934-04-24,1934,7.508,420,24844,0,0,1795,2010-11-30
46910,The Lost Patrol,The Lost Patrol,en,4.957,1934-02-16,1934,6.5,62,25423,0,0,1969,2011-02-04
38725,Spitfire,Spitfire,en,2.139,1934-03-08,1934,5.4,13,25822,3,0,4443,2013-08-05
23122,Maniac,Maniac,en,4.535,1934-09-11,1934,3.8,49,25465,3,0,4702,2013-10-17
43901,Anne of Green Gables,Anne of Green Gables,en,1.541,1934-11-23,1934,5.705,22,24831,3,0,5319,2014-03-24
182922,Lost in the Stratosphere,Lost in the Stratosphere,en,2.185,1934-11-14,1934,4.7,3,25424,2,0,5523,2014-06-02
82179,Search for Beauty,Search for Beauty,en,1.174,1934-02-02,1934,5.9,9,25755,3,0,5821,2014-10-08
53864,Evelyn Prentice,Evelyn Prentice,en,2.916,1934-11-09,1934,6.6,27,25091,3,0,6772,2016-03-12
8208,The Man Who Knew Too Much,The Man Who Knew Too Much,en,18.121,1934-12-01,1934,6.4,392,25452,3,0,7304,2016-11-29
47921,Imitation of Life,Imitation of Life,en,7.475,1934-11-23,1934,7.0,83,25301,3,0,7999,2018-01-10
140517,Mystery Liner,Mystery Liner,en,2.39,1934-03-15,1934,4.6,7,25543,0,0,8653,2019-02-26
3080,Top Hat,Top Hat,en,18.75,1935-08-29,1935,7.3,290,27125,2,0,595,2009-12-27
260,The 39 Steps,The 39 Steps,en,13.583,1935-06-06,1935,7.3,943,26029,3,0,1242,2010-07-22
70881,Anna Karenina,Anna Karenina,en,8.361,1935-08-30,1935,6.6,83,26071,2,0,1261,2010-07-23
12311,Mutiny on the Bounty,Mutiny on the Bounty,en,12.774,1935-11-22,1935,7.3,335,26752,1,0,1361,2010-07-27
43894,Naughty Marietta,Naughty Marietta,en,3.469,1935-03-29,1935,5.1,19,26768,3,0,1685,2010-10-23
31798,Roberta,Roberta,en,4.824,1935-03-07,1935,7.0,43,26942,3,0,2362,2011-05-29
47920,Magnificent Obsession,Magnificent Obsession,en,2.232,1935-12-30,1935,7.361,18,26667,3,0,2756,2011-10-13
37719,A Night at the Opera,A Night at the Opera,en,12.79,1935-11-15,1935,7.434,487,26778,1,0,3881,2013-02-07
229,Bride of Frankenstein,Bride of Frankenstein,en,18.996,1935-04-20,1935,7.5,973,26138,3,0,3891,2013-02-11
164894,The Lady in Scarlet,The Lady in Scarlet,en,0.672,1935-10-20,1935,3.5,2,26599,2,0,5750,2014-09-15
198982,The Riverside Murder,The Riverside Murder,en,2.597,1935-03-02,1935,5.0,9,26939,2,1,5913,2014-11-11
28261,Mad Love,Mad Love,en,7.208,1935-07-12,1935,6.9,110,26663,2,0,7998,2018-01-09
20325,Swing Time,Swing Time,en,6.47,1936-08-28,1936,6.798,220,28333,1,0,596,2009-12-27
3082,Modern Times,Modern Times,en,15.863,1936-02-05,1936,8.287,3710,27977,0,0,1323,2010-07-26
43884,The Charge of the Light Brigade,The Charge of the Light Brigade,en,5.605,1936-10-20,1936,6.5,72,27438,1,0,1237,2010-07-22
43881,San Francisco,San Francisco,en,5.303,1936-06-26,1936,6.6,70,28216,1,0,1359,2010-07-27
38721,Wife vs. Secretary,Wife vs. Secretary,en,4.259,1936-02-28,1936,6.8,49,28505,2,0,1360,2010-07-27
17030,The Petrified Forest,The Petrified Forest,en,6.715,1936-02-08,1936,7.1,189,28096,3,0,1369,2010-07-27
24807,Mr. Deeds Goes to Town,Mr. Deeds Goes to Town,en,11.139,1936-04-09,1936,7.5,358,27996,3,0,1992,2011-02-05
43872,Born to Dance,Born to Dance,en,4.928,1936-11-27,1936,6.1,25,27387,3,0,2363,2011-05-29
23389,Revolt of the Zombies,Revolt of the Zombies,en,2.747,1936-06-04,1936,3.1,23,28174,0,0,2554,2011-07-19
38070,Earthworm Tractors,Earthworm Tractors,en,1.512,1936-07-24,1936,5.0,5,27562,1,0,2699,2011-09-21
43877,Osaka Elegy,浪華悲歌,ja,7.511,1936-05-28,1936,6.737,57,28021,3,0,2853,2011-11-19
52429,Theodora Goes Wild,Theodora Goes Wild,en,2.434,1936-11-12,1936,6.557,44,28355,3,0,3280,2012-05-22
43277,The Great Ziegfeld,The Great Ziegfeld,en,6.335,1936-04-08,1936,6.236,129,27698,3,0,3401,2012-07-07
38713,The Mandarin Mystery,The Mandarin Mystery,en,1.61,1936-12-23,1936,5.0,14,29207,3,1,3548,2012-09-25
52047,The Only Son,一人息子,ja,7.559,1936-09-15,1936,7.4,91,27752,3,0,3560,2012-09-29
43874,Camille,Camille,en,7.744,1936-12-26,1936,7.016,128,28683,3,0,3598,2012-10-15
189005,Pennies from Heaven,Pennies from Heaven,en,1.891,1936-11-25,1936,6.857,7,28092,3,0,4010,2013-03-24
43879,Romeo and Juliet,Romeo and Juliet,en,6.459,1936-09-03,1936,6.19,29,28203,3,1,4069,2013-04-17
27974,Bullets or Ballots,Bullets or Ballots,en,3.787,1936-06-06,1936,6.5,45,27407,3,0,4143,2013-05-20
13562,My Man Godfrey,My Man Godfrey,en,10.272,1936-09-02,1936,7.565,347,28010,2,0,5852,2014-10-19
12684,Sabotage,Sabotage,en,9.748,1937-01-08,1937,6.682,326,28212,3,0,5926,2014-11-18
14615,Fury,Fury,en,4.854,1936-06-05,1936,7.475,220,27652,2,0,6096,2015-02-04
203045,Murder at Glen Athol,Murder at Glen Athol,en,1.798,1936-02-27,1936,6.5,2,28000,3,0,6174,2015-03-29
337245,The Facts in the Case of M. Valdemar,Il caso Valdemar,it,0.322,1936-01-01,1936,6.389,9,3427056,0,0,6210,2015-04-19
54569,These Three,These Three,en,3.107,1936-03-18,1936,7.211,38,28356,2,1,7227,2016-10-29
2761,Secret Agent,Secret Agent,en,9.338,1936-05-31,1936,6.1,148,28231,3,0,7308,2016-12-01
22440,Dracula's Daughter,Dracula's Daughter,en,9.915,1936-05-11,1936,5.9,192,27545,3,0,7992,2018-01-08
31530,Shall We Dance,Shall We Dance,en,9.331,1937-05-07,1937,7.226,106,29546,1,0,597,2009-12-27
43864,Stage Door,Stage Door,en,7.376,1937-10-08,1937,6.9,111,29604,3,1,631,2010-01-03
43865,Stella Dallas,Stella Dallas,en,5.194,1937-08-06,1937,6.9,82,29608,3,0,795,2010-05-13
30630,Conquest,Conquest,en,2.464,1937-10-22,1937,6.6,21,28739,2,0,1332,2010-07-26
23101,Topper,Topper,en,7.861,1937-07-16,1937,6.7,119,29682,2,0,1335,2010-07-26
3598,Lost Horizon,Lost Horizon,en,6.798,1937-03-03,1937,7.0,218,29162,2,0,1336,2010-07-26
43867,The Prisoner of Zenda,The Prisoner of Zenda,en,4.553,1937-09-03,1937,7.5,51,29442,1,0,1240,2010-07-22
87115,Knight Without Armour,Knight Without Armour,en,2.585,1937-07-23,1937,5.6,15,29087,2,0,1244,2010-07-23
249799,Parnell,Parnell,en,1.492,1937-06-04,1937,4.6,7,29377,2,0,1358,2010-07-27
408,Snow White and the Seven Dwarfs,Snow White and the Seven Dwarfs,en,57.376,1938-01-14,1938,7.12,7423,29583,3,1,1976,2011-02-04
11939,A Day at the Races,A Day at the Races,en,8.071,1937-06-11,1937,7.099,203,28772,2,0,2382,2011-06-10
37650,Nothing Sacred,Nothing Sacred,en,6.547,1937-11-25,1937,6.21,100,29322,0,0,3968,2013-03-10
41059,Make Way for Tomorrow,Make Way for Tomorrow,en,6.743,1937-05-09,1937,7.532,189,29192,3,0,4255,2013-06-21
44579,Silver Blaze,Silver Blaze,en,0.577,1937-07-01,1937,5.5,15,29565,1,0,5617,2014-07-07
26252,Pépé le Moko,Pépé le Moko,fr,4.895,1937-01-28,1937,7.2,164,29453,2,1,5740,2014-09-14
14675,The Awful Truth,The Awful Truth,en,9.975,1937-10-21,1937,7.2,303,28597,3,0,6554,2015-11-23
2762,Young and Innocent,Young and Innocent,en,6.887,1937-11-01,1937,6.568,229,29811,3,0,7317,2016-12-07
25563,Marked Woman,Marked Woman,en,4.693,1937-04-10,1937,6.493,69,29217,3,0,7877,2017-10-30
59950,"Bizarre, Bizarre",Drôle de drame,fr,4.08,1937-10-20,1937,6.9,60,27552,3,0,8473,2018-11-05
43278,The Life of Emile Zola,The Life of Emile Zola,en,9.718,1937-09-09,1937,6.654,136,29146,1,0,8478,2018-11-06
29872,Carefree,Carefree,en,4.642,1938-09-02,1938,6.608,60,29971,2,0,594,2009-12-27
940,The Lady Vanishes,The Lady Vanishes,en,11.671,1938-10-07,1938,7.4,921,30341,3,0,620,2009-12-28
16274,Holiday,Holiday,en,9.869,1938-05-26,1938,7.3,253,30241,3,0,994,2010-06-28
46688,The Dawn Patrol,The Dawn Patrol,en,4.782,1938-12-24,1938,6.8,37,30044,0,0,1238,2010-07-22
1976,Jezebel,Jezebel,en,6.872,1938-03-26,1938,7.0,194,30287,2,0,1367,2010-07-27
140995,The Sisters,The Sisters,en,1.081,1938-10-14,1938,6.1,10,30755,2,0,1378,2010-07-27
42390,Boys Town,Boys Town,en,5.369,1938-09-08,1938,6.727,88,29942,0,0,2467,2011-06-29
23255,"Mr. Wong, Detective","Mr. Wong, Detective",en,3.995,1938-10-05,1938,5.5,23,30473,1,0,2590,2011-08-03
10907,The Adventures of Robin Hood,The Adventures of Robin Hood,en,17.875,1938-05-13,1938,7.5,745,29843,2,0,3103,2012-03-09
31996,Bluebeard's Eighth Wife,Bluebeard's Eighth Wife,en,5.588,1938-03-25,1938,7.039,89,29929,2,0,3283,2012-05-24
900,Bringing Up Baby,Bringing Up Baby,en,14.792,1938-02-18,1938,7.5,976,29947,3,0,3400,2012-07-07
67880,Four Daughters,Four Daughters,en,2.924,1938-08-09,1938,6.5,27,30149,3,0,3951,2013-03-04
43855,The Mad Miss Manton,The Mad Miss Manton,en,2.654,1938-10-21,1938,6.5,36,30396,3,0,4495,2013-08-20
43844,The Baker's Wife,La Femme du boulanger,fr,4.964,1938-09-07,1938,7.4,75,30127,1,0,6042,2015-01-13
13696,Angels with Dirty Faces,Angels with Dirty Faces,en,9.374,1938-11-26,1938,7.5,315,29870,1,1,7290,2016-11-23
630,The Wizard of Oz,The Wizard of Oz,en,70.397,1939-08-15,1939,7.6,5596,32138,3,,174,2008-09-03
770,Gone with the Wind,Gone with the Wind,en,37.331,1939-12-15,1939,7.9,4035,31381,3,,291,2009-03-02
17660,Dodge City,Dodge City,en,12.774,1939-04-08,1939,6.9,97,31235,2,,383,2009-07-28
22490,The Women,The Women,en,8.416,1939-09-01,1939,7.1,151,32143,3,0,588,2009-12-27
995,Stagecoach,Stagecoach,en,19.838,1939-03-03,1939,7.613,1111,31971,3,0,593,2009-12-27
3084,Wuthering Heights,Wuthering Heights,en,14.607,1939-04-07,1939,7.2,267,32145,2,0,1239,2010-07-22
42852,"Goodbye, Mr. Chips","Goodbye, Mr. Chips",en,7.662,1939-07-28,1939,7.3,117,31385,2,0,1245,2010-07-23
1859,Ninotchka,Ninotchka,en,9.243,1939-11-23,1939,7.5,382,31725,3,0,1259,2010-07-23
78318,Juarez,Juarez,en,3.485,1939-06-10,1939,6.5,21,31516,2,0,1368,2010-07-27
27972,Dark Victory,Dark Victory,en,7.605,1939-04-20,1939,7.0,138,31210,3,0,1370,2010-07-27
16902,The Private Lives of Elizabeth and Essex,The Private Lives of Elizabeth and Essex,en,5.159,1939-11-11,1939,6.225,80,31826,2,0,1371,2010-07-27
43838,Young Mr. Lincoln,Young Mr. Lincoln,en,5.541,1939-06-09,1939,7.2,167,32155,2,0,1382,2010-07-27
43829,Jesse James,Jesse James,en,5.638,1939-01-14,1939,6.4,94,31507,2,0,1383,2010-07-27
73194,Drums Along the Mohawk,Drums Along the Mohawk,en,8.639,1939-11-10,1939,6.4,107,31252,2,0,1384,2010-07-27
67375,The Story of Alexander Graham Bell,The Story of Alexander Graham Bell,en,3.36,1939-04-04,1939,5.9,16,31981,2,0,1385,2010-07-27
22999,The Flying Deuces,The Flying Deuces,en,6.72,1939-11-03,1939,6.369,160,31322,0,0,1973,2011-02-04
31685,The Hunchback of Notre Dame,The Hunchback of Notre Dame,en,16.522,1939-12-29,1939,7.247,188,31455,0,0,2086,2011-03-03
22553,At the Circus,At the Circus,en,7.581,1939-10-20,1939,6.3,88,31060,2,0,2372,2011-06-05
89723,The Gorilla,The Gorilla,en,3.124,1939-05-26,1939,4.783,23,31387,3,0,2555,2011-07-20
59701,Mr. Wong in Chinatown,Mr. Wong in Chinatown,en,1.721,1939-08-01,1939,5.4,19,31680,1,0,2622,2011-08-16
51802,Of Mice and Men,Of Mice and Men,en,5.953,1939-12-24,1939,7.271,85,31742,1,0,2851,2011-11-19
776,The Rules of the Game,La Règle du jeu,fr,11.131,1939-07-09,1939,7.497,587,31885,3,0,3089,2012-03-04
32610,Babes in Arms,Babes in Arms,en,2.643,1939-10-10,1939,6.4,40,31066,3,0,3723,2012-12-06
43828,Destry Rides Again,Destry Rides Again,en,6.908,1939-11-30,1939,7.1,159,31225,3,0,5634,2014-07-13
23280,Nancy Drew... Reporter,Nancy Drew... Reporter,en,3.309,1939-02-18,1939,6.2,28,31709,3,0,5763,2014-09-19
17481,The Adventures of Sherlock Holmes,The Adventures of Sherlock Holmes,en,8.391,1939-09-01,1939,6.844,144,31022,3,0,5863,2014-10-23
3083,Mr. Smith Goes to Washington,Mr. Smith Goes to Washington,en,11.333,1939-10-19,1939,7.867,1053,31679,2,0,5946,2014-11-25
31995,Jamaica Inn,Jamaica Inn,en,8.027,1939-05-11,1939,6.047,215,31505,3,0,7322,2016-12-12
27053,Daybreak,Le jour se lève,fr,6.49,1939-06-09,1939,7.6,224,31514,2,0,8098,2018-03-07
42518,Gulliver's Travels,Gulliver's Travels,en,7.297,1939-11-10,1939,6.2,119,31397,0,0,8511,2018-12-05
43739,Love Affair,Love Affair,en,5.501,1939-04-07,1939,7.023,108,31593,3,0,9038,2020-03-16
10895,Pinocchio,Pinocchio,en,43.447,1940-02-23,1940,7.1,5843,32910,1,0,478,2009-08-23
223,Rebecca,Rebecca,en,14.864,1940-03-23,1940,7.887,1762,32976,3,0,618,2009-12-28
12232,The Thief of Bagdad,The Thief of Bagdad,en,10.307,1940-02-19,1940,7.1,267,33152,0,0,1265,2010-07-23
989,The Mortal Storm,The Mortal Storm,en,4.835,1940-06-20,1940,7.2,80,32811,3,0,1501,2010-08-25
32194,Comrade X,Comrade X,en,4.151,1940-12-13,1940,5.8,22,32349,2,0,1355,2010-07-27
55604,Boom Town,Boom Town,en,4.733,1940-08-30,1940,6.9,51,32273,1,0,1356,2010-07-27
50271,Strange Cargo,Strange Cargo,en,4.074,1940-03-01,1940,7.0,52,33105,0,0,1357,2010-07-27
43821,The Return of Frank James,The Return of Frank James,en,8.175,1940-08-10,1940,6.244,125,32983,0,0,1366,2010-07-27
43807,"All This, and Heaven Too","All This, and Heaven Too",en,4.16,1940-07-05,1940,7.1,48,32194,2,0,1373,2010-07-27
17801,The Letter,The Letter,en,7.511,1940-11-21,1940,7.3,214,32701,2,0,1380,2010-07-27
596,The Grapes of Wrath,The Grapes of Wrath,en,13.159,1940-03-15,1940,7.827,982,32551,3,0,1387,2010-07-27
33810,A Chump at Oxford,A Chump at Oxford,en,5.678,1940-01-25,1940,6.8,97,32339,0,0,1975,2011-02-04
37426,The Ape,The Ape,en,3.206,1940-09-30,1940,4.9,34,32215,3,0,2556,2011-07-20
1718,Santa Fe Trail,Santa Fe Trail,en,5.67,1940-12-20,1940,5.6,47,33021,1,0,2678,2011-09-14
3085,His Girl Friday,His Girl Friday,en,14.489,1940-01-18,1940,7.407,831,32599,3,1,3033,2012-02-09
26201,The Sea Hawk,The Sea Hawk,en,7.312,1940-08-10,1940,7.143,129,33028,3,0,3050,2012-02-18
914,The Great Dictator,The Great Dictator,en,19.262,1940-10-15,1940,8.3,3385,32553,3,0,3470,2012-08-13
43818,Pride and Prejudice,Pride and Prejudice,en,8.001,1940-07-26,1940,6.9,139,32943,3,0,4257,2013-06-22
80054,Primrose Path,Primrose Path,en,3.163,1940-03-22,1940,6.523,22,32946,3,0,4354,2013-07-16
46939,The Door with Seven Locks,The Door with Seven Locks,en,3.17,1940-10-12,1940,6.0,17,32406,2,0,4363,2013-07-18
32196,"Dance, Girl, Dance","Dance, Girl, Dance",en,4.667,1940-08-30,1940,6.4,64,32376,3,0,4415,2013-07-29
981,The Philadelphia Story,The Philadelphia Story,en,16.408,1940-12-05,1940,7.6,862,32904,3,1,4943,2013-12-12
756,Fantasia,Fantasia,en,28.68,1940-11-13,1940,7.359,3055,32455,0,0,5039,2014-01-04
115112,Anne of Windy Poplars,Anne of Windy Poplars,en,1.911,1940-06-28,1940,5.8,5,32211,3,0,5320,2014-03-24
55207,Gaslight,Gaslight,en,7.487,1940-08-31,1940,7.106,94,31359,3,0,5773,2014-09-22
152275,The Last Alarm,The Last Alarm,en,1.752,1940-06-25,1940,4.6,8,32690,3,1,5802,2014-10-04
25670,Foreign Correspondent,Foreign Correspondent,en,13.087,1940-08-16,1940,7.0,389,32484,1,0,7311,2016-12-02
20334,The Shop Around the Corner,The Shop Around the Corner,en,16.964,1940-01-12,1940,8.1,729,33045,3,1,7861,2017-10-19
43812,Knute Rockne All American,Knute Rockne All American,en,5.057,1940-10-05,1940,6.0,23,32676,1,0,8480,2018-11-08
95874,Two-Faced Woman,Two-Faced Woman,en,4.083,1941-12-31,1941,6.4,27,34328,2,0,1331,2010-07-26
42678,The Shanghai Gesture,The Shanghai Gesture,en,6.216,1941-12-25,1941,6.2,63,34175,3,0,1512,2010-08-28
963,The Maltese Falcon,The Maltese Falcon,en,18.408,1941-10-18,1941,7.706,1693,33870,1,0,1230,2010-07-22
15,Citizen Kane,Citizen Kane,en,28.521,1941-04-17,1941,8.002,5537,33467,1,0,1266,2010-07-23
11360,Dumbo,Dumbo,en,50.389,1941-10-31,1941,7.0,4957,33563,2,0,1117,2010-07-09
43802,The Little Foxes,The Little Foxes,en,6.376,1941-08-29,1941,7.5,171,33836,2,0,1372,2010-07-27
3086,The Lady Eve,The Lady Eve,en,11.358,1941-02-25,1941,7.2,341,33804,2,0,1386,2010-07-27
43801,The Devil and Miss Jones,The Devil and Miss Jones,en,4.726,1941-04-11,1941,7.7,56,33533,3,0,1682,2010-10-23
31309,Mr. Bug Goes to Town,Mr. Bug Goes to Town,en,3.63,1941-12-09,1941,6.2,32,33727,1,0,1941,2011-01-29
27725,High Sierra,High Sierra,en,7.896,1941-01-23,1941,7.019,315,33717,1,0,2410,2011-06-18
13666,The Wolf Man,The Wolf Man,en,14.811,1941-12-12,1941,7.0,600,34398,2,0,2436,2011-06-23
142876,Cheers for Miss Bishop,Cheers for Miss Bishop,en,1.37,1941-02-21,1941,5.9,14,33459,3,0,2446,2011-06-26
105038,Men of Boys Town,Men of Boys Town,en,2.606,1941-04-11,1941,6.1,12,33902,1,0,2468,2011-06-29
21735,49th Parallel,49th Parallel,en,7.821,1941-11-24,1941,6.9,106,33627,0,0,2867,2011-11-26
29601,Buck Privates,Buck Privates,en,5.858,1941-01-31,1941,6.6,64,33436,3,0,2906,2011-12-07
14604,Hold That Ghost,Hold That Ghost,en,5.511,1941-08-08,1941,6.7,66,33723,3,0,2910,2011-12-07
32574,Meet John Doe,Meet John Doe,en,6.247,1941-03-14,1941,7.3,252,33891,3,0,3717,2012-12-06
16305,Sullivan's Travels,Sullivan's Travels,en,13.271,1941-11-30,1941,7.417,460,34240,3,0,4359,2013-07-17
252463,Murder by Invitation,Murder by Invitation,en,2.614,1941-06-30,1941,5.6,9,33928,3,0,6171,2015-03-28
42066,Ladies in Retirement,Ladies in Retirement,en,2.938,1941-09-09,1941,6.4,29,33802,1,0,6318,2015-06-18
11462,Suspicion,Suspicion,en,15.103,1941-11-14,1941,7.114,804,34248,3,0,7329,2016-12-15
43797,Sun Valley Serenade,Sun Valley Serenade,en,3.695,1941-08-29,1941,6.9,24,34241,0,0,8625,2019-01-31
43266,How Green Was My Valley,How Green Was My Valley,en,14.551,1941-10-28,1941,7.3,399,33729,3,0,8983,2020-01-26
22752,The Reluctant Dragon,The Reluctant Dragon,en,9.023,1941-06-19,1941,6.63,150,34091,3,0,9025,2020-03-02
23104,King of the Zombies,King of the Zombies,en,3.461,1941-05-14,1941,5.2,44,33787,3,0,9192,2020-07-06
39871,The Major and the Minor,The Major and the Minor,en,5.445,1942-09-16,1942,7.0,130,35019,3,0,681,2010-02-15
32847,"Now, Voyager","Now, Voyager",en,7.562,1942-10-22,1942,7.333,201,35140,3,0,689,2010-02-25
289,Casablanca,Casablanca,en,33.415,1943-01-15,1943,8.157,5478,34583,1,0,1076,2010-07-04
965,The Magnificent Ambersons,The Magnificent Ambersons,en,13.427,1942-07-10,1942,7.327,424,35015,2,0,1289,2010-07-23
3170,Bambi,Bambi,en,41.818,1942-02-11,1942,7.009,5653,34492,1,0,1116,2010-07-09
44530,Son of Fury: The Story of Benjamin Blake,Son of Fury: The Story of Benjamin Blake,en,3.082,1942-01-29,1942,7.2,14,35360,1,0,1388,2010-07-27
27017,For Me and My Gal,For Me and My Gal,en,5.099,1942-10-21,1942,6.4,45,34746,3,1,1675,2010-10-23
43523,I Married an Angel,I Married an Angel,en,1.009,1942-07-09,1942,5.0,3,34882,3,0,1686,2010-10-23
25508,Cat People,Cat People,en,11.215,1942-12-05,1942,6.917,591,34587,3,0,2708,2011-09-25
22741,Black Dragons,Black Dragons,en,3.462,1942-03-06,1942,4.8,23,34521,0,0,3518,2012-09-04
27372,There Was a Father,父ありき,ja,9.284,1942-04-01,1942,6.971,69,34591,0,0,3789,2012-12-30
27655,Tales of Manhattan,Tales of Manhattan,en,3.121,1942-08-05,1942,6.2,30,35415,2,0,3875,2013-02-06
26319,The Man Who Came to Dinner,The Man Who Came to Dinner,en,7.056,1941-12-24,1941,6.9,80,33874,3,0,4475,2013-08-15
20640,Woman of the Year,Woman of the Year,en,7.466,1942-02-05,1942,6.9,145,35567,3,0,4870,2013-11-24
198,To Be or Not to Be,To Be or Not to Be,en,12.07,1942-03-06,1942,7.814,728,35446,0,0,5303,2014-03-19
18706,Sherlock Holmes and the Secret Weapon,Sherlock Holmes and the Secret Weapon,en,6.575,1942-12-25,1942,6.3,120,35317,1,0,5859,2014-10-22
31997,Saboteur,Saboteur,en,13.686,1942-04-24,1942,6.9,499,35279,1,0,5938,2014-11-22
27367,Mrs. Miniver,Mrs. Miniver,en,10.496,1942-07-03,1942,7.012,255,35093,3,0,6384,2015-08-01
14906,Saludos Amigos,Saludos Amigos,en,12.476,1942-08-24,1942,5.8,465,36326,0,0,7696,2017-06-19
26922,The Corpse Vanishes,The Corpse Vanishes,en,3.586,1942-05-08,1942,4.2,66,34613,1,1,7697,2017-06-19
55086,Old Acquaintance,Old Acquaintance,en,2.74,1943-11-27,1943,6.9,32,36230,3,0,1374,2010-07-27
68440,Watch on the Rhine,Watch on the Rhine,en,3.483,1943-08-27,1943,6.8,42,36515,3,0,1375,2010-07-27
40916,Girl Crazy,Girl Crazy,en,2.573,1943-11-26,1943,5.6,20,35942,1,0,1691,2010-10-23
27130,I Walked with a Zombie,I Walked with a Zombie,en,8.514,1943-04-21,1943,6.761,289,36027,3,0,1955,2011-02-03
43515,The Sky's the Limit,The Sky's the Limit,en,2.699,1943-07-13,1943,6.167,18,36363,1,0,1959,2011-02-03
18783,Sahara,Sahara,en,10.396,1943-09-22,1943,7.2,129,36323,0,0,1987,2011-02-05
43510,Guadalcanal Diary,Guadalcanal Diary,en,3.486,1943-10-27,1943,5.6,19,35957,0,0,1988,2011-02-05
100910,Tender Comrade,Tender Comrade,en,1.362,1944-05-30,1944,6.2,12,36418,3,0,2407,2011-06-17
41391,Day of Wrath,Vredens dag,da,5.265,1943-11-13,1943,8.005,221,36506,3,0,3753,2012-12-16
25037,The Life and Death of Colonel Blimp,The Life and Death of Colonel Blimp,en,6.203,1943-07-26,1943,7.5,246,36112,2,0,3839,2013-01-18
29084,Le Corbeau,Le Corbeau,fr,8.135,1943-09-28,1943,7.5,281,35753,3,0,3890,2013-02-10
21734,Shadow of a Doubt,Shadow of a Doubt,en,11.885,1943-01-15,1943,7.5,1027,36342,3,0,4617,2013-09-22
35022,Sanshiro Sugata,姿三四郎,ja,13.884,1943-03-25,1943,6.5,124,36400,0,0,4699,2013-10-15
72103,Cry 'Havoc',Cry 'Havoc',en,2.345,1943-11-23,1943,6.3,13,35770,3,0,5209,2014-02-27
84656,Fires Were Started,Fires Were Started,en,2.299,1943-04-12,1943,6.1,42,35881,0,0,5554,2014-06-09
980,The Ox-Bow Incident,The Ox-Bow Incident,en,12.097,1942-12-03,1942,7.699,380,36244,1,0,6310,2015-06-13
150778,So Proudly We Hail,So Proudly We Hail,en,2.532,1943-09-09,1943,5.5,21,36367,3,0,6315,2015-06-15
22744,Jane Eyre,Jane Eyre,en,7.799,1943-12-24,1943,6.9,132,36969,3,1,6781,2016-03-18
80616,The More the Merrier,The More the Merrier,en,7.558,1943-05-13,1943,6.9,80,36172,1,0,7410,2017-01-20
54288,Carnival of Sinners,La Main du Diable,fr,3.814,1943-03-21,1943,6.7,74,35017,1,0,7475,2017-03-01
55835,Angels of Sin,Les Anges du péché,fr,2.511,1943-06-23,1943,6.9,39,35636,3,0,7834,2017-09-25
20945,The Seventh Victim,The Seventh Victim,en,5.715,1943-08-21,1943,6.4,127,36341,3,0,8090,2018-03-05
162641,China,China,en,1.586,1943-04-21,1943,6.8,13,35735,3,1,8501,2018-11-28
5155,Ossessione,Ossessione,it,8.372,1944-04-08,1944,7.506,242,35160,1,0,8801,2019-07-29
212,Arsenic and Old Lace,Arsenic and Old Lace,en,13.221,1944-09-01,1944,7.636,938,36613,3,,201,2008-10-23
996,Double Indemnity,Double Indemnity,en,14.626,1944-07-06,1944,8.114,1803,36775,3,0,1416,2010-08-01
43307,Mr. Skeffington,Mr. Skeffington,en,4.764,1944-05-25,1944,6.7,55,37094,2,0,1376,2010-07-27
909,Meet Me in St. Louis,Meet Me in St. Louis,en,17.471,1944-11-28,1944,6.966,382,37059,3,0,1676,2010-10-23
36498,Hail the Conquering Hero,Hail the Conquering Hero,en,4.521,1944-08-09,1944,7.0,66,36891,2,0,1683,2010-10-23
51144,Torment,Hets,sv,4.871,1944-10-02,1944,7.1,72,36914,0,0,2045,2011-02-15
17136,The Woman in the Window,The Woman in the Window,en,7.78,1944-10-25,1944,7.372,339,37469,1,0,2181,2011-04-10
1939,Laura,Laura,en,11.631,1944-10-11,1944,7.6,800,37008,3,0,2715,2011-09-26
21622,Cover Girl,Cover Girl,en,6.804,1944-03-22,1944,6.4,88,36723,3,0,3134,2012-03-21
42401,Since You Went Away,Since You Went Away,en,4.149,1944-06-30,1944,6.5,47,37280,3,0,3154,2012-03-31
22584,To Have and Have Not,To Have and Have Not,en,8.623,1945-01-20,1945,7.461,518,37382,3,0,3245,2012-05-11
30719,I'll Be Seeing You,I'll Be Seeing You,en,4.568,1944-12-31,1944,7.0,35,36940,3,0,3279,2012-05-21
17641,National Velvet,National Velvet,en,10.849,1945-01-26,1945,7.2,108,37120,3,0,4222,2013-06-08
17988,The Most Beautiful,一番美しく,ja,8.896,1944-04-13,1944,5.6,51,36947,3,0,4698,2013-10-15
13321,Lifeboat,Lifeboat,en,10.485,1944-01-28,1944,7.4,432,37017,3,0,5983,2014-12-15
15947,The Three Caballeros,The Three Caballeros,en,11.444,1944-12-21,1944,6.3,710,38166,0,0,6319,2015-06-18
218096,Minstrel Man,Minstrel Man,en,0.529,1944-01-02,1944,5.0,5,37076,1,0,6420,2015-08-27
15696,A Canterbury Tale,A Canterbury Tale,en,6.781,1944-08-21,1944,6.9,112,36695,3,0,6515,2015-10-26
16373,The Uninvited,The Uninvited,en,6.141,1944-02-24,1944,6.9,206,37415,3,0,9270,2020-09-12
878,The Punch Bowl,Die Feuerzangenbowle,de,19.765,1944-01-28,1944,7.2,139,36818,1,0,9718,2021-04-29
3309,Mildred Pierce,Mildred Pierce,en,10.973,1945-10-20,1945,7.6,394,37913,3,0,794,2010-05-13
56137,I Know Where I'm Going!,I Know Where I'm Going!,en,6.224,1945-11-16,1945,7.1,141,37800,3,0,1213,2010-07-21
43495,The Seventh Veil,The Seventh Veil,en,3.125,1945-10-18,1945,6.4,39,38924,3,0,1280,2010-07-23
851,Brief Encounter,Brief Encounter,en,12.535,1945-11-24,1945,7.7,622,37558,3,0,1544,2010-09-07
72163,Along Came Jones,Along Came Jones,en,3.28,1945-07-19,1945,5.8,33,37508,0,0,1639,2010-10-04
30348,Isle of the Dead,Isle of the Dead,en,5.524,1945-09-01,1945,6.0,110,37820,3,0,2004,2011-02-07
43494,The Enchanted Cottage,The Enchanted Cottage,en,2.405,1945-04-28,1945,7.4,24,37671,3,0,2434,2011-06-22
43490,"Objective, Burma!","Objective, Burma!",en,4.616,1945-02-17,1945,6.8,82,37954,0,0,3271,2012-05-19
28580,The Lost Weekend,The Lost Weekend,en,12.996,1945-11-29,1945,7.6,588,37884,2,0,3583,2012-10-09
20367,Detour,Detour,en,12.213,1945-11-30,1945,7.213,355,37638,1,0,3999,2013-03-19
4174,Spellbound,Spellbound,en,18.156,1945-11-08,1945,7.4,885,38109,3,0,4252,2013-06-20
307,"Rome, Open City",Roma città aperta,it,11.656,1945-10-08,1945,8.012,884,38890,3,0,4428,2013-08-01
17058,Scarlet Street,Scarlet Street,en,6.584,1945-12-25,1945,7.6,382,38057,3,0,5081,2014-01-16
2457,Children of Paradise,Les Enfants du Paradis,fr,13.236,1945-03-15,1945,8.1,411,37674,2,0,5129,2014-02-02
178575,Keep Your Powder Dry,Keep Your Powder Dry,en,2.925,1945-04-01,1945,5.9,7,37843,3,0,5677,2014-08-04
34327,The Woman in Green,The Woman in Green,en,9.965,1945-06-15,1945,6.425,127,38259,3,1,5856,2014-10-20
17889,Anchors Aweigh,Anchors Aweigh,en,9.034,1945-08-13,1945,6.8,154,37514,0,0,6017,2015-01-04
14594,The Thin Man Goes Home,The Thin Man Goes Home,en,13.56,1944-12-24,1944,7.093,91,37365,2,0,6848,2016-04-24
38466,The Red Dragon,The Red Dragon,en,1.72,1945-08-01,1945,6.1,7,38017,1,0,6945,2016-06-22
13581,Dead of Night,Dead of Night,en,6.866,1945-09-09,1945,7.189,273,37635,3,0,7185,2016-10-11
49845,Les Dames du bois de Boulogne,Les Dames du bois de Boulogne,fr,7.106,1945-09-21,1945,6.861,101,37630,3,0,7835,2017-09-25
41073,The Wicked Lady,The Wicked Lady,en,2.137,1945-11-15,1945,6.115,26,38250,3,0,9005,2020-02-07
303,Notorious,Notorious,en,17.479,1946-08-21,1946,7.743,1602,38787,2,0,622,2009-12-28
28907,The Harvey Girls,The Harvey Girls,en,5.948,1946-01-18,1946,6.4,48,38589,3,0,786,2010-05-09
910,The Big Sleep,The Big Sleep,en,17.415,1946-08-23,1946,7.585,1047,38355,1,0,971,2010-06-24
25736,The Postman Always Rings Twice,The Postman Always Rings Twice,en,11.672,1946-05-02,1946,7.0,334,38854,1,0,1424,2010-08-01
28162,A Matter of Life and Death,A Matter of Life and Death,en,26.353,1946-12-15,1946,7.725,412,38733,0,0,1231,2010-07-22
648,Beauty and the Beast,La Belle et la Bête,fr,16.864,1946-10-29,1946,7.5,600,38348,3,0,1268,2010-07-23
25502,Deception,Deception,en,2.746,1946-10-26,1946,6.5,43,38461,0,0,1377,2010-07-27
90093,Devotion,Devotion,en,2.474,1946-04-05,1946,6.0,11,38474,3,0,1381,2010-07-27
83098,Two Sisters from Boston,Two Sisters from Boston,en,5.214,1946-06-06,1946,6.0,5,39054,3,0,1680,2010-10-23
1585,It's a Wonderful Life,It's a Wonderful Life,en,78.156,1946-12-20,1946,8.3,4366,38650,3,1,2235,2011-04-23
31206,The Jolson Story,The Jolson Story,en,2.939,1946-10-10,1946,6.7,16,38661,1,0,2654,2011-09-04
3767,Gilda,Gilda,en,16.7,1946-04-25,1946,7.5,581,38559,0,0,2809,2011-10-30
32945,The Strange Woman,The Strange Woman,en,4.688,1946-10-25,1946,6.3,34,38990,3,0,3145,2012-03-25
3088,My Darling Clementine,My Darling Clementine,en,13.54,1946-10-17,1946,7.4,421,38762,1,0,3783,2012-12-29
887,The Best Years of Our Lives,The Best Years of Our Lives,en,14.894,1946-12-25,1946,7.769,650,36868,2,0,3982,2013-03-15
20417,Dressed to Kill,Dressed to Kill,en,6.633,1946-05-24,1946,6.504,114,38494,3,0,4002,2013-03-21
32275,Duel in the Sun,Duel in the Sun,en,9.067,1946-12-31,1946,6.3,167,38499,2,0,4900,2013-12-02
29100,The Chase,The Chase,en,4.278,1946-11-16,1946,6.2,61,38409,1,0,5497,2014-05-23
13850,Song of the South,Song of the South,en,11.181,1946-11-12,1946,6.4,274,38969,2,0,5646,2014-07-22
20408,Terror by Night,Terror by Night,en,6.95,1946-02-01,1946,6.6,125,39017,1,0,5872,2014-10-24
21336,The Dark Corner,The Dark Corner,en,5.071,1946-04-09,1946,6.5,56,38453,1,0,5961,2014-12-04
20246,The Stranger,The Stranger,en,13.372,1946-07-02,1946,7.2,575,38991,3,0,7671,2017-05-30
20343,Make Mine Music,Make Mine Music,en,9.105,1946-06-30,1946,5.9,258,38718,1,0,8052,2018-02-15
89186,The Years Between,The Years Between,en,3.724,1946-07-08,1946,6.2,5,39112,3,0,8354,2018-08-03
14320,Great Expectations,Great Expectations,en,11.903,1946-12-26,1946,7.265,334,38574,2,0,9182,2020-06-25
16391,Black Narcissus,Black Narcissus,en,11.506,1947-05-26,1947,7.5,477,39192,3,0,1211,2010-07-20
98539,The Exile,The Exile,en,2.832,1947-10-17,1947,6.1,8,39360,1,0,1235,2010-07-22
43461,Odd Man Out,Odd Man Out,en,6.696,1947-01-30,1947,7.3,192,39677,2,0,1278,2010-07-23
31513,Good News,Good News,en,4.09,1947-12-04,1947,6.24,25,39431,2,0,1679,2010-10-23
111042,The Shocking Miss Pilgrim,The Shocking Miss Pilgrim,en,1.139,1947-01-04,1947,8.5,5,39819,3,0,1681,2010-10-23
42342,The Egg and I,The Egg and I,en,5.426,1947-05-01,1947,7.0,43,39349,3,0,2287,2011-05-13
31667,The Paradine Case,The Paradine Case,en,7.638,1947-12-31,1947,6.2,235,39694,2,0,2330,2011-05-23
22292,The Ghost and Mrs. Muir,The Ghost and Mrs. Muir,en,12.961,1947-05-25,1947,7.513,305,39420,3,0,3047,2012-02-16
55308,Gunfighters,Gunfighters,en,1.508,1947-07-15,1947,5.3,19,39441,2,0,3112,2012-03-12
28120,Crossfire,Crossfire,en,6.584,1947-08-15,1947,6.6,137,39286,2,0,4411,2013-07-28
117241,Calendar Girl,Calendar Girl,en,1.213,1947-01-31,1947,5.9,9,39236,2,0,5779,2014-09-25
678,Out of the Past,Out of the Past,en,13.082,1947-11-25,1947,7.592,587,39689,2,0,6550,2015-11-20
101780,Nothing,Nada,es,1.525,1947-11-11,1947,5.6,7,39650,3,0,7432,2017-02-07
46929,Fun and Fancy Free,Fun and Fancy Free,en,12.481,1947-09-27,1947,6.3,479,39404,1,0,8053,2018-02-15
17487,Body and Soul,Body and Soul,en,7.112,1947-11-11,1947,6.7,101,39204,3,0,8619,2019-01-29
33079,Dishonored Lady,Dishonored Lady,en,3.955,1947-05-16,1947,5.7,22,39324,3,0,8646,2019-02-22
98578,The Unfinished Dance,The Unfinished Dance,en,1.103,1947-09-19,1947,6.0,5,39938,3,0,8729,2019-04-30
3766,The Lady from Shanghai,The Lady from Shanghai,en,14.758,1947-12-24,1947,7.3,657,40525,0,0,8756,2019-05-31
11881,Miracle on 34th Street,Miracle on 34th Street,en,27.545,1947-06-04,1947,7.361,747,39628,3,1,8989,2020-01-27
33667,Gentleman's Agreement,Gentleman's Agreement,en,6.565,1947-11-11,1947,7.0,251,39416,1,0,9598,2021-03-29
3089,Red River,Red River,en,16.969,1948-08-26,1948,7.341,520,40724,0,0,1320,2010-07-25
19542,The Red Shoes,The Red Shoes,en,15.496,1948-09-06,1948,8.0,664,40725,3,0,1229,2010-07-22
23383,Hamlet,Hamlet,en,7.771,1948-12-10,1948,7.379,257,40416,1,0,1232,2010-07-22
208708,Bonnie Prince Charlie,Bonnie Prince Charlie,en,2.393,1948-10-26,1948,4.4,4,40183,2,0,1236,2010-07-22
33111,Enchantment,Enchantment,en,2.38,1948-12-25,1948,6.4,10,40321,3,0,1241,2010-07-22
32066,Anna Karenina,Anna Karenina,en,6.562,1948-01-22,1948,6.0,55,40098,2,0,1262,2010-07-23
23861,Command Decision,Command Decision,en,3.234,1948-12-23,1948,6.6,21,40242,0,0,1354,2010-07-27
81294,Rudolph the Red-Nosed Reindeer,Rudolph the Red-Nosed Reindeer,en,2.742,1948-11-11,1948,5.707,29,156031,0,0,1601,2010-09-23
29380,Easter Parade,Easter Parade,en,6.327,1948-07-08,1948,7.0,137,40308,3,1,1677,2010-10-23
1580,Rope,Rope,en,12.412,1948-03-11,1948,7.9,2710,40746,0,0,2040,2011-02-15
62694,The Snake Pit,The Snake Pit,en,6.05,1948-11-04,1948,7.0,100,40806,3,0,2098,2011-03-08
45628,Casbah,Casbah,en,2.277,1948-04-01,1948,5.7,14,40214,1,0,2256,2011-04-30
43454,The Fuller Brush Man,The Fuller Brush Man,en,1.893,1948-06-01,1948,5.8,4,40379,1,0,2300,2011-05-17
32294,Mr. Blandings Builds His Dream House,Mr. Blandings Builds His Dream House,en,8.61,1948-03-25,1948,6.989,180,40613,3,0,2445,2011-06-26
3090,The Treasure of the Sierra Madre,The Treasure of the Sierra Madre,en,17.193,1948-01-15,1948,7.949,1206,40897,0,0,3239,2012-05-08
43442,I Remember Mama,I Remember Mama,en,3.974,1948-03-09,1948,7.07,57,40458,3,0,4390,2013-07-24
32850,Act of Violence,Act of Violence,en,6.072,1949-01-22,1949,6.9,86,41088,2,0,4944,2013-12-13
26038,Call Northside 777,Call Northside 777,en,5.038,1948-02-13,1948,6.614,154,40202,1,0,5115,2014-01-29
43443,Joan of Arc,Joan of Arc,en,8.115,1948-12-22,1948,6.0,77,40491,3,0,6363,2015-07-20
5156,Bicycle Thieves,Ladri di biciclette,it,17.476,1948-07-21,1948,8.192,2417,40522,2,0,6517,2015-10-26
13757,Melody Time,Melody Time,en,7.793,1948-05-27,1948,6.1,311,40580,1,0,8054,2018-02-15
27883,Macbeth,Macbeth,en,6.825,1948-10-01,1948,7.3,162,40558,1,0,8264,2018-05-30
111650,It Happened in Europe,Valahol Európában,hu,0.778,1947-12-23,1947,6.2,14,39949,0,0,8559,2018-12-15
1092,The Third Man,The Third Man,en,22.003,1949-08-31,1949,7.9,1866,41959,0,0,611,2009-12-28
29885,The Barkleys of Broadway,The Barkleys of Broadway,en,3.703,1949-05-04,1949,6.9,46,41158,3,0,1684,2010-10-23
31516,On the Town,On the Town,en,9.269,1949-12-08,1949,7.031,244,41716,3,0,1690,2010-10-23
25431,Adam's Rib,Adam's Rib,en,8.728,1949-11-18,1949,7.1,305,41090,3,0,1716,2010-11-01
62727,Pinky,Pinky,en,5.14,1949-09-28,1949,7.1,44,41746,3,0,1736,2010-11-05
43397,Caught,Caught,en,7.068,1949-02-17,1949,6.5,88,40221,3,0,1841,2010-12-11
17218,The Set-Up,The Set-Up,en,7.15,1949-03-29,1949,7.3,154,41859,0,0,1986,2011-02-05
43436,Little Women,Little Women,en,16.054,1949-03-10,1949,7.395,209,41594,3,0,2232,2011-04-23
39314,Mighty Joe Young,Mighty Joe Young,en,10.056,1949-07-27,1949,6.3,110,41650,0,0,2651,2011-09-03
47308,The Man on the Eiffel Tower,The Man on the Eiffel Tower,en,4.073,1949-12-12,1949,5.3,20,41628,2,0,2849,2011-11-19
20530,Late Spring,晩春,ja,14.299,1949-09-13,1949,8.0,419,41154,3,0,3539,2012-09-23
45578,A Letter to Three Wives,A Letter to Three Wives,en,6.861,1949-01-20,1949,7.2,156,41587,3,0,3967,2013-03-10
11898,Kind Hearts and Coronets,Kind Hearts and Coronets,en,9.263,1949-06-21,1949,7.656,543,41546,1,0,4008,2013-03-23
24650,The Fountainhead,The Fountainhead,en,6.788,1949-06-25,1949,6.8,142,41386,1,0,4554,2013-09-11
28571,The Heiress,The Heiress,en,8.738,1949-10-06,1949,7.7,243,41452,3,0,6358,2015-07-17
23567,I Was a Male War Bride,I Was a Male War Bride,en,5.535,1949-08-26,1949,6.9,134,41498,2,0,7018,2016-08-02
13465,The Adventures of Ichabod and Mr. Toad,The Adventures of Ichabod and Mr. Toad,en,16.943,1949-10-05,1949,6.5,610,41094,0,0,7059,2016-08-23
4175,Under Capricorn,Under Capricorn,en,7.644,1949-09-08,1949,6.0,168,42004,3,0,7341,2016-12-20
25430,All the King's Men,All the King's Men,en,8.527,1949-11-16,1949,7.0,218,41113,1,0,9597,2021-03-29
206145,Tarzan's Magic Fountain,Tarzan's Magic Fountain,en,1.453,1949-02-05,1949,5.5,10,41947,0,0,9702,2021-04-27
4595,Jour de Fête,Jour de fête,fr,4.77,1949-05-11,1949,7.0,217,40497,0,0,9982,2021-07-26
124994,Flame of My Love,わが恋は燃えぬ,ja,4.863,1949-02-13,1949,5.6,9,42031,3,0,10135,2021-11-21
705,All About Eve,All About Eve,en,13.887,1950-11-09,1950,8.1,1537,42192,3,,139,2008-08-03
599,Sunset Boulevard,Sunset Boulevard,en,23.591,1950-08-10,1950,8.303,2599,43014,3,0,608,2009-12-28
11224,Cinderella,Cinderella,en,74.253,1950-02-22,1950,7.038,6720,42332,3,0,1057,2010-07-04
548,Rashomon,羅生門,ja,16.256,1950-08-26,1950,8.1,2235,42876,0,0,1402,2010-07-28
43390,Summer Stock,Summer Stock,en,3.085,1950-08-31,1950,6.7,51,43012,3,0,1678,2010-10-23
16958,The Asphalt Jungle,The Asphalt Jungle,en,9.714,1950-05-12,1950,7.476,478,42208,1,0,2099,2011-03-08
11787,Harvey,Harvey,en,12.452,1950-12-04,1950,7.671,613,42546,2,0,2596,2011-08-09
4558,Orpheus,Orphée,fr,6.166,1950-09-29,1950,7.624,254,41719,2,0,3295,2012-05-29
24481,Born Yesterday,Born Yesterday,en,8.474,1950-12-26,1950,7.218,165,42276,3,0,3990,2013-03-17
43391,The Flying Saucer,The Flying Saucer,en,1.719,1950-01-04,1950,3.6,15,42469,1,0,4031,2013-04-05
17057,In a Lonely Place,In a Lonely Place,en,15.012,1950-05-17,1950,7.6,584,42593,2,0,4417,2013-07-29
80636,Odette,Odette,en,1.696,1950-10-02,1950,6.146,24,43871,3,0,4521,2013-08-29
28433,No Way Out,No Way Out,en,8.781,1950-08-16,1950,6.9,92,42792,3,0,5232,2014-03-05
18995,D.O.A.,D.O.A.,en,7.465,1949-12-23,1949,6.9,170,42369,1,0,5350,2014-04-02
1978,Stage Fright,Stage Fright,en,7.209,1950-02-23,1950,6.8,326,42994,3,0,6233,2015-05-07
32690,Scandal,醜聞,ja,7.929,1950-04-26,1950,6.9,84,42958,3,0,7144,2016-09-26
15390,The Strange Ones,Les Enfants terribles,fr,5.673,1950-03-29,1950,6.651,106,42436,3,0,7836,2017-09-25
43394,Three Secrets,Three Secrets,en,4.028,1950-10-20,1950,6.4,15,43045,3,0,8363,2018-08-06
119325,Tarzan and the Slave Girl,Tarzan and the Slave Girl,en,4.622,1950-06-23,1950,5.2,13,43025,0,0,9700,2021-04-27
29381,Caged,Caged,en,4.852,1950-05-19,1950,7.1,70,42296,3,0,10059,2021-09-18
25364,Ace in the Hole,Ace in the Hole,en,12.514,1951-06-29,1951,7.8,665,43338,2,0,871,2010-05-29
845,Strangers on a Train,Strangers on a Train,en,12.842,1951-06-27,1951,7.664,1687,44079,2,0,1417,2010-08-01
12092,Alice in Wonderland,Alice in Wonderland,en,49.019,1951-07-28,1951,7.2,5852,43274,3,0,1207,2010-07-20
488,The African Queen,The African Queen,en,18.735,1952-01-07,1952,7.3,951,43265,0,0,1491,2010-08-21
828,The Day the Earth Stood Still,The Day the Earth Stood Still,en,19.568,1951-09-28,1951,7.45,1112,43456,3,0,1916,2011-01-16
702,A Streetcar Named Desire,A Streetcar Named Desire,en,14.773,1951-09-19,1951,7.605,1358,44081,3,0,2930,2011-12-16
17820,Show Boat,Show Boat,en,7.567,1951-07-19,1951,6.0,73,44030,3,0,2977,2012-01-07
43376,Diary of a Country Priest,Journal d'un curé de campagne,fr,8.525,1951-02-07,1951,7.527,256,42619,1,0,2989,2012-01-13
2769,An American in Paris,An American in Paris,en,14.998,1951-09-26,1951,7.0,572,43278,1,0,3389,2012-06-29
50247,Early Summer,麦秋,ja,13.166,1951-10-03,1951,7.821,179,43313,3,0,3222,2012-04-30
10785,The Thing from Another World,The Thing from Another World,en,12.167,1951-04-05,1951,6.7,603,44121,1,0,3293,2012-05-29
43372,Bellissima,Bellissima,it,8.819,1952-01-04,1952,7.78,220,43332,3,0,3825,2013-01-14
173797,Take Care of My Little Girl,Take Care of My Little Girl,en,3.386,1951-07-06,1951,5.0,13,44100,3,0,4510,2013-08-27
11620,Quo Vadis,Quo Vadis,en,20.552,1951-11-08,1951,7.1,406,43949,3,1,5092,2014-01-21
29835,Cause for Alarm!,Cause for Alarm!,en,4.041,1951-03-30,1951,6.069,36,43390,3,0,5739,2014-09-12
101557,Westward the Women,Westward the Women,en,8.721,1951-12-16,1951,7.0,72,44205,3,0,6498,2015-10-18
24774,The Idiot,白痴,ja,13.943,1951-05-23,1951,6.95,110,43614,3,0,7157,2016-09-28
103937,Surcos,Surcos,es,2.297,1951-10-26,1951,7.1,22,44092,3,0,7435,2017-02-08
76088,Tarzan's Peril,Tarzan's Peril,en,2.236,1951-03-13,1951,5.0,11,43695,1,0,9703,2021-04-27
872,Singin' in the Rain,Singin' in the Rain,en,28.509,1952-04-09,1952,8.1,3152,45152,3,0,612,2009-12-28
80596,The Magic Box,The Magic Box,en,3.571,1952-01-01,1952,6.3,20,43769,2,0,1243,2010-07-23
43367,The Big Sky,The Big Sky,en,9.318,1952-08-19,1952,6.5,88,44419,0,0,1465,2010-08-13
43363,Lovely to Look At,Lovely to Look At,en,2.416,1952-05-29,1952,5.1,7,44855,3,0,1689,2010-10-23
288,High Noon,High Noon,en,16.136,1952-06-09,1952,7.7,1432,44706,2,0,2704,2011-09-23
3109,The Quiet Man,The Quiet Man,en,12.669,1952-07-21,1952,7.3,527,45061,1,0,2737,2011-10-05
24003,Clash by Night,Clash by Night,en,7.959,1952-05-30,1952,6.6,115,44502,3,0,3403,2012-07-07
5000,Forbidden Games,Jeux interdits,fr,14.409,1952-05-09,1952,7.78,311,43686,3,0,5972,2014-12-09
28971,Limelight,Limelight,en,11.745,1952-10-23,1952,7.913,528,44837,1,0,6917,2016-06-05
4460,The Snows of Kilimanjaro,The Snows of Kilimanjaro,en,29.49,1952-10-08,1952,5.9,90,45162,1,0,6941,2016-06-21
3782,Ikiru,生きる,ja,20.283,1952-10-09,1952,8.3,1145,44741,1,0,7162,2016-09-29
32499,The Bad and the Beautiful,The Bad and the Beautiful,en,8.35,1952-12-25,1952,7.3,251,44391,2,1,7323,2016-12-12
41464,Europe '51,Europa '51,it,5.11,1952-12-04,1952,7.404,135,43511,3,0,8241,2018-05-22
27191,The Greatest Show on Earth,The Greatest Show on Earth,en,9.713,1952-02-16,1952,6.3,247,44672,2,0,9596,2021-03-29
73551,Tarzan's Savage Fury,Tarzan's Savage Fury,en,2.551,1952-03-14,1952,5.1,12,45220,0,0,9701,2021-04-27
197361,Parasakthi,பராசக்தி,ta,1.093,1952-10-16,1952,6.3,7,215033,2,0,9955,2021-07-11
27884,The Story of Robin Hood and His Merrie Men,The Story of Robin Hood and His Merrie Men,en,8.605,1952-05-26,1952,6.1,63,45197,3,0,9975,2021-07-23
18019,Julius Caesar,Julius Caesar,en,8.931,1953-06-04,1953,7.01,210,45943,1,0,1272,2010-07-23
10693,Peter Pan,Peter Pan,en,38.982,1953-02-05,1953,7.2,5380,46183,3,1,1118,2010-07-09
204,The Wages of Fear,Le Salaire de la peur,fr,18.185,1953-04-22,1953,8.0,954,46268,1,0,1444,2010-08-07
804,Roman Holiday,Roman Holiday,en,24.617,1953-08-26,1953,7.877,2048,46250,3,0,1554,2010-09-08
25009,Mogambo,Mogambo,en,7.394,1953-09-23,1953,6.4,156,46085,2,0,1362,2010-07-27
18148,Tokyo Story,東京物語,ja,19.676,1953-11-03,1953,8.2,1068,46438,3,0,1630,2010-10-04
29376,The Band Wagon,The Band Wagon,en,6.257,1953-08-07,1953,7.1,208,45537,1,0,1692,2010-10-23
632,Stalag 17,Stalag 17,en,14.204,1953-05-29,1953,7.692,599,46359,0,0,1883,2010-12-31
8974,The War of the Worlds,The War of the Worlds,en,24.188,1953-08-13,1953,6.816,625,46534,1,0,2375,2011-06-06
14117,Calamity Jane,Calamity Jane,en,12.806,1953-11-04,1953,6.9,174,45591,3,0,2427,2011-06-22
759,Gentlemen Prefer Blondes,Gentlemen Prefer Blondes,en,17.59,1953-07-14,1953,7.332,964,45810,3,0,2547,2011-07-18
16914,The Cruel Sea,The Cruel Sea,en,9.552,1953-02-24,1953,6.9,65,45659,3,0,2553,2011-07-19
44140,Miss Sadie Thompson,Miss Sadie Thompson,en,4.206,1953-12-23,1953,5.2,24,46076,3,0,3124,2012-03-17
40165,Salome,Salome,en,5.949,1953-03-24,1953,5.8,42,46269,3,0,3125,2012-03-17
3110,Shane,Shane,en,18.323,1953-04-23,1953,7.356,606,46303,1,0,3303,2012-06-02
23125,Mesa of Lost Women,Mesa of Lost Women,en,2.213,1953-06-17,1953,2.4,31,46066,1,0,3958,2013-03-08
11426,From Here to Eternity,From Here to Eternity,en,12.696,1953-08-28,1953,7.3,634,45793,3,0,4071,2013-04-18
41462,The Hitch-Hiker,The Hitch-Hiker,en,8.152,1953-03-30,1953,6.8,186,45877,0,0,4301,2013-07-02
30159,I Confess,I Confess,en,11.78,1953-02-13,1953,7.1,444,45897,1,0,4616,2013-09-22
14580,The Big Heat,The Big Heat,en,14.071,1953-10-14,1953,7.643,493,45555,3,0,4854,2013-11-18
10297,How to Marry a Millionaire,How to Marry a Millionaire,en,16.43,1953-10-29,1953,6.8,518,45891,3,0,4909,2013-12-03
10165,Fear and Desire,Fear and Desire,en,7.495,1953-03-31,1953,5.422,498,45758,0,0,5366,2014-04-05
25955,Pickup on South Street,Pickup on South Street,en,7.706,1953-05-27,1953,7.392,283,46187,3,0,5736,2014-09-10
778,Monsieur Hulot's Holiday,Les vacances de Monsieur Hulot,fr,11.317,1953-02-25,1953,6.9,460,46487,3,0,5937,2014-11-21
14696,Ugetsu,雨月物語,ja,14.794,1953-03-26,1953,7.981,572,46478,2,0,5973,2014-12-09
47735,Summer with Monika,Sommaren med Monika,sv,9.994,1953-02-09,1953,7.3,350,46345,3,0,5998,2014-12-21
24018,Glen or Glenda,Glen or Glenda,en,5.356,1953-04-01,1953,4.5,123,45826,0,0,6797,2016-03-26
28696,The Wild One,The Wild One,en,10.943,1953-12-30,1953,6.571,295,47677,1,0,7693,2017-06-18
35073,"The Beast from 20,000 Fathoms","The Beast from 20,000 Fathoms",en,18.476,1953-06-13,1953,6.5,186,45546,1,0,7900,2017-11-14
37198,Inferno,Inferno,en,3.889,1953-08-12,1953,6.2,37,45911,0,0,8011,2018-01-13
33743,"The 5,000 Fingers of Dr. T.","The 5,000 Fingers of Dr. T.",en,5.149,1953-06-19,1953,6.1,57,45464,0,0,8466,2018-11-02
19483,It Came from Outer Space,It Came from Outer Space,en,6.966,1953-06-05,1953,6.3,213,45920,2,0,8634,2019-02-07
27030,The Earrings of Madame de...,Madame de…,fr,6.768,1953-09-16,1953,7.5,231,46022,3,0,9004,2020-02-07
18573,House of Wax,House of Wax,en,18.899,1953-04-16,1953,6.922,334,45888,3,0,9290,2020-10-03
73553,Tarzan and the She-Devil,Tarzan and the She-Devil,en,1.563,1953-06-18,1953,4.8,12,46404,1,0,9704,2021-04-27
80316,Phffft,Phffft,en,3.28,1954-11-10,1954,6.2,33,47349,2,0,586,2009-12-27
27430,Touchez Pas au Grisbi,Touchez pas au grisbi,fr,5.8,1954-03-17,1954,7.164,241,46451,1,0,657,2010-01-22
16563,Seven Brides for Seven Brothers,Seven Brides for Seven Brothers,en,15.769,1954-07-22,1954,7.2,530,47472,3,0,1351,2010-07-27
13368,White Christmas,White Christmas,en,24.385,1954-10-14,1954,7.2,521,47673,3,0,1391,2010-07-28
26596,Johnny Guitar,Johnny Guitar,en,11.238,1954-05-26,1954,7.4,417,47136,2,0,1694,2010-10-23
654,On the Waterfront,On the Waterfront,en,16.557,1954-06-22,1954,7.912,1577,47296,0,0,1812,2010-12-01
173,"20,000 Leagues Under the Sea","20,000 Leagues Under the Sea",en,17.334,1954-12-23,1954,7.028,883,46672,0,0,1965,2011-02-04
567,Rear Window,Rear Window,en,32.91,1954-08-01,1954,8.4,6504,47396,3,1,2132,2011-03-21
11071,Them!,Them!,en,13.82,1954-06-16,1954,6.803,417,47573,1,0,2158,2011-03-31
6620,Sabrina,Sabrina,en,19.897,1954-09-10,1954,7.51,1231,47437,3,0,2294,2011-05-14
16410,Hobson's Choice,Hobson's Choice,en,7.077,1954-04-19,1954,7.356,132,47094,3,0,2426,2011-06-22
55859,Knock on Wood,Knock on Wood,en,2.432,1954-04-06,1954,6.6,30,47152,1,0,2746,2011-10-07
521,Dial M for Murder,Dial M for Murder,en,13.292,1954-05-29,1954,8.017,2595,46912,0,0,3337,2012-06-10
346,Seven Samurai,七人の侍,ja,40.675,1954-04-26,1954,8.5,3727,47478,0,0,3600,2012-10-16
3111,A Star Is Born,A Star Is Born,en,10.364,1954-10-01,1954,7.094,298,47522,1,0,3674,2012-11-15
43336,Executive Suite,Executive Suite,en,3.057,1954-04-30,1954,7.0,51,46963,2,0,3925,2013-02-22
2748,Journey to Italy,Viaggio in Italia,it,6.794,1954-09-07,1954,7.303,294,46511,3,0,3954,2013-03-06
17729,The Glenn Miller Story,The Glenn Miller Story,en,7.282,1954-01-04,1954,6.912,148,47030,2,0,3993,2013-03-18
41503,Three Coins in the Fountain,Three Coins in the Fountain,en,6.575,1954-05-01,1954,5.9,49,47580,3,0,4048,2013-04-11
36871,Late Chrysanthemums,晩菊,ja,8.863,1954-06-15,1954,7.294,34,46750,3,0,4710,2013-10-18
10973,Creature from the Black Lagoon,Creature from the Black Lagoon,en,16.009,1954-03-05,1954,6.829,762,46876,0,0,4883,2013-11-27
56290,Attila,Attila,it,2.773,1954-12-27,1954,5.3,19,46731,2,0,5124,2014-02-01
23620,Salt of the Earth,Salt of the Earth,en,7.373,1954-03-14,1954,6.9,83,47443,3,0,5356,2014-04-03
1678,Godzilla,ゴジラ,ja,21.986,1954-11-03,1954,7.628,975,47034,1,0,5505,2014-05-28
11848,Animal Farm,Animal Farm,en,16.988,1954-12-28,1954,7.0,473,47834,0,0,7346,2016-12-22
45993,The Woman in the Rumor,噂の女,ja,7.977,1954-06-20,1954,7.4,37,47638,3,0,7580,2017-04-17
101028,Comedians,Cómicos,es,1.509,1954-05-17,1954,5.7,6,45665,3,0,7610,2017-05-18
43294,An American in Rome,Un americano a Roma,it,6.876,1954-12-10,1954,7.184,247,46705,1,0,8109,2018-03-14
51044,Carmen Jones,Carmen Jones,en,5.956,1954-10-28,1954,5.931,80,46828,3,0,8441,2018-10-15
58007,Poverty and Nobility,Miseria e nobiltà,it,5.717,1954-04-17,1954,7.968,284,47238,3,0,9054,2020-03-27
23020,Jail Bait,Jail Bait,en,5.537,1954-05-12,1954,3.9,45,47127,3,0,9176,2020-06-20
10178,The Caine Mutiny,The Caine Mutiny,en,16.982,1954-06-24,1954,7.1,330,46816,1,0,9567,2021-03-16
381,To Catch a Thief,To Catch a Thief,en,17.161,1955-08-03,1955,7.3,1499,48728,3,0,782,2010-05-03
3112,The Night of the Hunter,The Night of the Hunter,en,20.096,1955-08-26,1955,7.867,1619,48424,3,0,878,2010-05-29
10340,Lady and the Tramp,Lady and the Tramp,en,49.889,1955-06-22,1955,7.118,5276,48280,2,0,1170,2010-07-13
33218,Daddy Long Legs,Daddy Long Legs,en,8.217,1955-05-05,1955,6.3,85,47969,3,0,1693,2010-10-23
11700,Smiles of a Summer Night,Sommarnattens leende,sv,7.696,1955-12-26,1955,7.423,240,48641,2,0,1735,2010-11-04
5506,The Ladykillers,The Ladykillers,en,10.079,1955-12-08,1955,7.3,470,48281,3,1,1827,2010-12-05
4825,Guys and Dolls,Guys and Dolls,en,9.353,1955-12-23,1955,6.6,227,48140,3,1,2115,2011-03-12
827,Diabolique,Les Diaboliques,fr,11.56,1955-01-29,1955,7.9,972,46911,3,0,2344,2011-05-25
13210,The Dam Busters,The Dam Busters,en,9.675,1955-05-16,1955,6.876,141,46889,1,0,2552,2011-07-19
221,Rebel Without a Cause,Rebel Without a Cause,en,15.92,1955-10-27,1955,7.5,1613,48545,1,0,2926,2011-12-14
20174,The Fast and the Furious,The Fast and the Furious,en,3.55,1954-11-01,1954,4.855,31,46969,3,1,3158,2012-04-02
22342,The Big Combo,The Big Combo,en,8.269,1955-02-13,1955,7.0,149,47878,2,0,3339,2012-06-11
934,Rififi,Du rififi chez les hommes,fr,9.508,1955-04-13,1955,7.799,564,48021,1,0,3404,2012-07-08
5996,We're No Angels,We're No Angels,en,7.852,1955-07-07,1955,7.188,178,48801,3,0,3739,2012-12-10
36489,Bride of the Monster,Bride of the Monster,en,6.272,1955-05-11,1955,4.4,115,47898,3,0,4073,2013-04-18
9077,Tarantula,Tarantula,en,8.663,1955-12-14,1955,6.491,279,48696,0,0,4108,2013-04-27
15919,Marty,Marty,en,10.244,1955-04-11,1955,7.4,384,48356,3,0,4442,2013-08-04
13936,Oklahoma!,Oklahoma!,en,11.767,1955-10-10,1955,6.6,167,48445,3,1,4754,2013-10-30
10653,The Seven Year Itch,The Seven Year Itch,en,13.576,1955-06-03,1955,7.0,887,48605,1,0,4896,2013-12-01
50363,Summertime,Summertime,en,6.699,1955-06-21,1955,6.8,144,48673,3,0,5165,2014-02-14
10056,Killer's Kiss,Killer's Kiss,en,12.719,1955-10-01,1955,6.3,536,48254,1,0,5403,2014-04-17
5801,Pather Panchali,পথের পাঁচালী,bn,12.173,1955-08-26,1955,7.938,421,48473,3,0,5471,2014-05-14
1679,Godzilla Raids Again,ゴジラの逆襲,ja,15.705,1955-04-24,1955,5.979,281,48127,2,0,6055,2015-01-19
831,This Island Earth,This Island Earth,en,7.195,1955-06-01,1955,5.977,218,47577,0,0,6468,2015-09-26
139799,The Glass Slipper,The Glass Slipper,en,4.162,1955-03-24,1955,6.3,23,48124,3,0,6481,2015-10-08
60966,My Sister Eileen,My Sister Eileen,en,4.266,1955-09-22,1955,6.5,26,48401,3,0,6615,2015-12-18
52857,The Prisoner,The Prisoner,en,3.921,1955-04-19,1955,7.2,20,48512,0,0,7262,2016-11-15
11219,The Trouble with Harry,The Trouble with Harry,en,13.05,1955-10-03,1955,6.985,823,48750,2,0,7360,2016-12-27
138357,The Prodigal,The Prodigal,en,2.507,1955-05-06,1955,4.0,7,48517,3,0,7797,2017-09-04
66436,The Grand Manoeuvre,Les Grandes Manœuvres,fr,2.503,1955-10-26,1955,6.1,34,48133,3,0,7878,2017-10-31
76117,Not as a Stranger,Not as a Stranger,en,2.941,1955-07-01,1955,6.2,37,48432,2,0,8014,2018-01-15
3114,The Searchers,The Searchers,en,42.188,1956-05-16,1956,7.7,1412,49730,3,,357,2009-06-26
123354,The Spanish Gardener,The Spanish Gardener,en,1.985,1956-12-25,1956,6.2,16,49787,2,0,1559,2010-09-09
42196,The Bad Seed,The Bad Seed,en,10.57,1956-09-12,1956,7.107,242,48977,3,0,1216,2010-07-22
16520,The King and I,The King and I,en,14.429,1956-06-29,1956,7.052,375,49408,2,0,1092,2010-07-04
40953,The Iron Petticoat,The Iron Petticoat,en,3.139,1956-09-01,1956,5.833,18,49369,1,0,1545,2010-09-07
22527,The Wrong Man,The Wrong Man,en,12.124,1956-12-22,1956,7.1,544,51207,1,0,2219,2011-04-23
830,Forbidden Planet,Forbidden Planet,en,20.345,1956-03-23,1956,7.3,933,49223,0,0,2306,2011-05-18
187790,Gunslinger,Gunslinger,en,2.632,1956-06-01,1956,4.0,27,49287,3,0,2647,2011-09-01
11549,Invasion of the Body Snatchers,Invasion of the Body Snatchers,en,15.492,1956-02-05,1956,7.471,1073,49366,3,0,2698,2011-09-21
11839,The Court Jester,The Court Jester,en,9.376,1955-12-24,1955,7.3,188,49096,2,0,2730,2011-10-01
11706,War and Peace,War and Peace,en,14.949,1956-08-21,1956,6.7,236,49934,3,0,2861,2011-11-21
26036,Bigger Than Life,Bigger Than Life,en,4.47,1956-11-20,1956,7.1,163,49010,0,0,2904,2011-12-05
6844,The Ten Commandments,The Ten Commandments,en,50.702,1956-10-05,1956,7.756,1620,49833,2,0,3076,2012-02-27
8420,...And God Created Woman,Et Dieu… créa la femme,fr,11.456,1956-11-28,1956,6.1,221,49189,3,0,3409,2012-07-09
2897,Around the World in Eighty Days,Around the World in Eighty Days,en,20.923,1956-10-17,1956,6.6,516,48960,0,0,3981,2013-03-15
60525,The Proud and Profane,The Proud and Profane,en,2.433,1956-06-13,1956,6.0,8,49640,3,0,4245,2013-06-15
48385,Indestructible Man,Indestructible Man,en,4.015,1956-03-24,1956,4.3,49,49363,1,0,4402,2013-07-26
24010,Bus Stop,Bus Stop,en,9.063,1956-08-31,1956,6.072,223,49038,3,0,4670,2013-10-06
247,The Killing,The Killing,en,12.156,1956-06-06,1956,7.7,1533,49406,1,0,5414,2014-04-23
897,Aparajito,অপরাজিত,bn,7.521,1956-10-11,1956,7.899,253,48956,3,0,5470,2014-05-14
15244,A Man Escaped,Un condamné à mort s'est échappé,fr,13.188,1956-11-11,1956,7.954,536,49902,0,0,5555,2014-06-09
19742,Rodan,空の大怪獸 ラドン,ja,13.931,1956-12-26,1956,6.5,170,49782,1,0,6064,2015-01-26
43791,The Man Who Never Was,The Man Who Never Was,en,6.682,1956-04-03,1956,6.976,84,49471,3,1,6308,2015-06-12
11424,High Society,High Society,en,15.48,1956-07-17,1956,6.893,224,49314,3,0,6641,2015-12-28
104607,Main Street,Calle Mayor,es,4.407,1956-10-26,1956,6.5,90,49043,3,1,7394,2017-01-13
574,The Man Who Knew Too Much,The Man Who Knew Too Much,en,14.521,1956-05-16,1956,7.5,1388,49470,2,0,7442,2017-02-13
46493,Flowing,Nagareru,ja,6.662,1956-11-20,1956,7.1,31,49537,3,0,8314,2018-07-01
94407,The Unguarded Moment,The Unguarded Moment,en,2.579,1956-12-27,1956,6.2,12,49904,1,0,8358,2018-08-04
170412,Eyewitness,Eyewitness,en,1.964,1956-08-14,1956,6.7,7,49196,3,0,8398,2018-09-02
458,Sissi: The Young Empress,Sissi - Die junge Kaiserin,de,23.188,1956-12-01,1956,7.172,341,49762,3,1,8872,2019-10-21
56068,The Band of Honest Men,La banda degli onesti,it,5.266,1956-04-12,1956,7.74,219,48981,2,0,9055,2020-03-27
10626,The Captain from Kopenick,Der Hauptmann von Köpenick,de,4.792,1956-08-15,1956,7.213,47,49293,1,0,9719,2021-04-29
49701,Fool’s Mate,Le Coup du berger,fr,1.999,1956-11-01,1956,6.6,23,49095,3,0,9993,2021-08-03
389,12 Angry Men,12 Angry Men,en,60.484,1957-04-10,1957,8.5,8759,50083,0,,302,2009-03-24
83354,The True Story of Jesse James,The True Story of Jesse James,en,6.795,1957-03-22,1957,6.1,44,51114,2,0,965,2010-06-20
24203,Desk Set,Desk Set,en,7.447,1957-08-02,1957,7.0,114,50307,3,0,993,2010-06-28
38360,The Cranes Are Flying,Летят журавли,ru,11.55,1957-10-12,1957,7.9,384,50634,3,0,1015,2010-06-30
31682,The Incredible Shrinking Man,The Incredible Shrinking Man,en,10.94,1957-02-22,1957,7.475,495,50539,0,0,1291,2010-07-23
975,Paths of Glory,Paths of Glory,en,19.371,1957-10-25,1957,8.3,2934,50825,0,0,1274,2010-07-23
22660,Old Yeller,Old Yeller,en,14.418,1957-12-25,1957,6.886,267,50798,1,0,1121,2010-07-09
28285,The Three Faces of Eve,The Three Faces of Eve,en,10.328,1957-12-19,1957,7.168,137,51077,0,0,1660,2010-10-13
13320,Funny Face,Funny Face,en,15.653,1957-02-13,1957,7.0,676,50419,3,0,1747,2010-11-10
19426,Nights of Cabiria,Le notti di Cabiria,it,15.253,1957-10-03,1957,8.0,766,50783,3,0,1765,2010-11-19
29933,Kanal,Kanał,pl,5.018,1957-04-20,1957,7.669,133,50585,1,0,1800,2010-12-01
15876,The Enemy Below,The Enemy Below,en,10.299,1957-12-25,1957,7.0,181,50356,0,0,1989,2011-02-05
490,The Seventh Seal,Det sjunde inseglet,sv,21.03,1957-02-16,1957,8.189,3005,50976,1,0,2043,2011-02-15
25103,Night of the Demon,Night of the Demon,en,8.034,1957-11-09,1957,6.964,272,50766,3,1,2160,2011-04-01
976,Sweet Smell of Success,Sweet Smell of Success,en,10.072,1957-07-04,1957,7.593,495,51036,1,0,2301,2011-05-17
56188,Fire Down Below,Fire Down Below,en,3.042,1957-05-30,1957,5.8,26,50397,0,0,2420,2011-06-21
37103,"Heaven Knows, Mr. Allison","Heaven Knows, Mr. Allison",en,7.054,1957-03-13,1957,6.9,125,50490,0,0,2429,2011-06-22
614,Wild Strawberries,Smultronstället,sv,12.85,1957-08-28,1957,8.136,1638,50986,2,0,2520,2011-07-12
40885,Sayonara,Sayonara,en,9.023,1957-12-25,1957,6.602,128,50933,2,0,2578,2011-07-27
43240,Tammy and the Bachelor,Tammy and the Bachelor,en,2.769,1957-06-14,1957,7.0,22,51051,3,0,2895,2011-12-03
826,The Bridge on the River Kwai,The Bridge on the River Kwai,en,27.086,1957-10-11,1957,7.8,2103,50212,1,0,2981,2012-01-11
24012,The Prince and the Showgirl,The Prince and the Showgirl,en,10.149,1957-06-13,1957,6.343,175,50861,3,0,3007,2012-01-27
8356,An Affair to Remember,An Affair to Remember,en,15.313,1957-07-11,1957,7.4,455,50105,2,0,3429,2012-07-17
272805,Oedipus Rex,Oedipus Rex,en,1.743,1957-01-06,1957,6.3,8,50792,1,1,3994,2013-03-18
21849,A Face in the Crowd,A Face in the Crowd,en,7.259,1957-05-29,1957,7.6,238,50371,1,0,4552,2013-09-09
85853,Sorority Girl,Sorority Girl,en,1.607,1957-10-01,1957,5.7,12,50998,3,0,4559,2013-09-12
37257,Witness for the Prosecution,Witness for the Prosecution,en,17.723,1957-12-17,1957,8.2,1414,51201,1,0,4933,2013-12-10
43226,The Mysterians,地球防衛軍,ja,9.818,1957-12-28,1957,6.4,50,50251,3,0,6624,2015-12-23
52367,Kiss Them for Me,Kiss Them for Me,en,2.771,1957-12-10,1957,5.4,28,50599,2,0,7017,2016-08-02
14837,Forty Guns,Forty Guns,en,7.376,1957-09-10,1957,6.5,122,50407,2,0,7136,2016-09-23
3777,Throne of Blood,蜘蛛巣城,ja,24.032,1957-01-15,1957,7.914,862,50613,0,0,7165,2016-09-30
260640,Whom God Forgives,Amanecer en Puerta Oscura,es,1.894,1957-05-05,1957,4.8,6,50116,3,0,7420,2017-01-26
120303,The Vampire,El vampiro,es,3.541,1957-10-04,1957,6.7,38,51151,3,0,8321,2018-07-11
37373,Island in the Sun,Island in the Sun,en,2.306,1957-06-12,1957,6.5,17,50549,3,0,8685,2019-03-25
43230,Kronos,Kronos,en,2.267,1957-03-31,1957,5.6,42,50610,0,0,8736,2019-05-07
216356,Danger Stalks Near,風前の灯,ja,3.054,1957-12-01,1957,5.2,8,50421,3,0,9006,2020-02-07
426,Vertigo,Vertigo,en,31.587,1958-05-28,1958,8.2,5760,52357,1,0,609,2009-12-28
4955,Girls in Uniform,Mädchen in Uniform,de,3.45,1958-07-07,1958,6.1,54,51964,3,0,1572,2010-09-16
19759,The Fabulous World of Jules Verne,Vynález zkázy,cs,6.716,1958-08-22,1958,7.1,81,52374,0,0,1247,2010-07-23
42661,The Vikings,The Vikings,en,11.852,1958-06-11,1958,7.0,317,52365,2,0,1255,2010-07-23
18784,"Run Silent, Run Deep","Run Silent, Run Deep",en,7.722,1958-03-27,1958,7.0,146,52151,0,0,1363,2010-07-27
43137,Teacher's Pet,Teacher's Pet,en,6.152,1958-04-01,1958,6.8,89,52278,1,0,1364,2010-07-27
11815,The Fly,The Fly,en,14.761,1958-07-16,1958,6.997,540,51622,2,1,2281,2011-05-10
70864,The Day the Sky Exploded,La morte viene dallo spazio,it,3.034,1958-09-04,1958,4.1,21,51951,1,0,2373,2011-06-05
11868,Dracula,Dracula,en,15.492,1958-05-22,1958,7.3,604,51554,3,0,2476,2011-07-01
43144,The Wild Women of Wongo,The Wild Women of Wongo,en,2.031,1958-01-01,1958,2.5,20,52394,3,0,2585,2011-08-01
34078,The Screaming Skull,The Screaming Skull,en,3.879,1958-08-25,1958,3.9,54,52169,2,0,2763,2011-10-14
427,Mon Oncle,Mon oncle,fr,10.973,1958-05-10,1958,7.4,544,50706,3,0,2823,2011-11-03
1480,Touch of Evil,Touch of Evil,en,9.785,1958-03-30,1958,7.75,1432,52311,1,0,3146,2012-03-26
17281,Gigi,Gigi,en,13.294,1958-05-15,1958,6.2,317,51658,2,0,3056,2012-02-19
11414,The Defiant Ones,The Defiant Ones,en,7.221,1958-08-14,1958,7.2,268,51525,0,0,3238,2012-05-08
16347,Auntie Mame,Auntie Mame,en,9.356,1958-12-04,1958,7.0,108,51383,3,0,3321,2012-06-04
43136,Separate Tables,Separate Tables,en,6.859,1958-12-18,1958,6.9,111,52182,3,0,3926,2013-02-22
17352,South Pacific,South Pacific,en,10.621,1958-03-18,1958,6.1,106,52225,3,1,3977,2013-03-12
22874,Indiscreet,Indiscreet,en,8.334,1958-07-16,1958,6.6,175,51773,3,0,4211,2013-06-06
34084,I Bury the Living,I Bury the Living,en,5.665,1958-07-01,1958,6.2,66,51755,1,1,4410,2013-07-28
37451,The Inn of the Sixth Happiness,The Inn of the Sixth Happiness,en,8.154,1958-12-11,1958,6.7,75,51776,3,0,4849,2013-11-17
261,Cat on a Hot Tin Roof,Cat on a Hot Tin Roof,en,11.555,1958-08-29,1958,7.6,754,51459,3,0,6012,2015-01-03
66966,Love Is My Profession,En cas de malheur,fr,3.019,1958-09-17,1958,6.5,48,51579,3,0,6938,2016-06-17
52639,Blood of the Vampire,Blood of the Vampire,en,3.456,1958-08-25,1958,5.615,39,51422,0,0,7054,2016-08-19
1059,The Hidden Fortress,隠し砦の三悪人,ja,20.457,1958-12-28,1958,7.953,619,51808,0,0,7135,2016-09-23
27179,It! The Terror from Beyond Space,It! The Terror from Beyond Space,en,7.302,1958-07-31,1958,5.9,101,51786,1,0,7606,2017-05-12
60899,Brink of Life,Nära livet,sv,5.342,1958-03-31,1958,7.5,78,52017,3,0,8344,2018-07-27
28577,I Want to Live!,I Want to Live!,en,6.33,1958-11-18,1958,6.873,102,51758,3,0,8450,2018-10-20
147,The 400 Blows,Les Quatre Cents Coups,fr,15.048,1959-06-03,1959,8.0,2148,53198,0,,236,2008-12-11
10882,Sleeping Beauty,Sleeping Beauty,en,52.336,1959-02-17,1959,6.944,5149,53285,3,0,474,2009-08-22
665,Ben-Hur,Ben-Hur,en,52.373,1959-11-18,1959,7.879,2770,52618,3,0,1419,2010-08-01
11571,Journey to the Center of the Earth,Journey to the Center of the Earth,en,15.736,1959-12-15,1959,6.9,461,52948,1,0,1256,2010-07-23
27029,The Nun's Story,The Nun's Story,en,9.991,1959-06-18,1959,7.1,176,53131,3,0,1555,2010-09-08
18887,Darby O'Gill and the Little People,Darby O'Gill and the Little People,en,11.251,1959-06-24,1959,6.658,155,52722,3,0,1591,2010-09-22
239,Some Like It Hot,Some Like It Hot,en,36.638,1959-03-19,1959,8.094,3477,53291,3,0,2023,2011-02-14
34148,Imitation of Life,Imitation of Life,en,9.597,1959-06-26,1959,7.4,283,52918,3,0,2095,2011-03-07
213,North by Northwest,North by Northwest,en,20.901,1959-07-08,1959,8.0,4105,53125,1,0,2228,2011-04-23
14698,"Suddenly, Last Summer","Suddenly, Last Summer",en,9.284,1959-12-22,1959,7.294,281,53318,3,0,2645,2011-08-29
34077,The Giant Gila Monster,The Giant Gila Monster,en,4.427,1959-06-25,1959,4.0,51,52846,3,0,2796,2011-10-26
89688,Araya,Araya,es,1.363,1959-08-31,1959,7.0,31,51372,3,0,3119,2012-03-14
26857,The Tingler,The Tingler,en,7.871,1959-07-29,1959,6.364,165,53363,1,0,3166,2012-04-05
66965,Come Dance with Me!,Voulez-vous danser avec moi ?,fr,2.524,1959-12-18,1959,5.9,19,53428,3,0,3442,2012-07-23
28276,Good Morning,お早よう,ja,17.796,1959-05-12,1959,7.7,281,53134,3,0,3525,2012-09-09
55823,The Great War,La grande guerra,it,6.471,1959-10-28,1959,8.1,341,52861,1,0,3608,2012-10-16
53050,Ghost of Dragstrip Hollow,Ghost of Dragstrip Hollow,en,1.777,1959-07-01,1959,4.2,20,52844,3,0,4050,2013-04-13
22642,A Bucket of Blood,A Bucket of Blood,en,6.749,1959-10-21,1959,6.5,144,52655,2,0,4065,2013-04-16
93,Anatomy of a Murder,Anatomy of a Murder,en,16.921,1959-07-01,1959,7.835,980,52561,1,0,4199,2013-06-02
15856,House on Haunted Hill,House on Haunted Hill,en,13.08,1959-01-01,1959,6.8,528,51744,3,1,4373,2013-07-20
27545,The Wasp Woman,The Wasp Woman,en,6.35,1959-10-30,1959,4.3,99,54462,3,1,4392,2013-07-25
35813,The Bat,The Bat,en,9.089,1959-08-09,1959,5.9,119,52602,3,0,4523,2013-08-30
43096,Gidget,Gidget,en,5.263,1959-04-09,1959,6.0,39,52847,3,0,6405,2015-08-15
62472,Battle in Outer Space,宇宙大戦争,ja,7.765,1959-12-26,1959,5.8,41,53388,1,0,6645,2015-12-31
896,Apur Sansar,অপুর সংসার,bn,6.641,1959-05-01,1959,8.1,240,52572,0,0,6833,2016-04-15
301,Rio Bravo,Rio Bravo,en,23.381,1959-03-18,1959,7.8,1142,53221,1,0,6901,2016-05-28
4952,Pillow Talk,Pillow Talk,en,14.007,1959-10-07,1959,7.1,280,53172,3,0,8392,2018-08-30
4928,"The World, the Flesh and the Devil","The World, the Flesh and the Devil",en,6.519,1959-05-01,1959,6.3,69,53454,0,0,8677,2019-03-16
10513,Plan 9 from Outer Space,Plan 9 from Outer Space,en,14.305,1959-07-22,1959,4.196,537,52077,1,0,9161,2020-06-07
32623,Night of the Ghouls,Night of the Ghouls,en,3.823,1959-05-03,1959,4.4,48,156843,1,0,9169,2020-06-14
1566,The Bridge,Die Brücke,de,9.842,1959-10-21,1959,7.5,171,52654,3,0,9379,2020-12-14
43049,Where the Boys Are,Where the Boys Are,en,3.233,1960-12-28,1960,6.1,32,54469,2,0,590,2009-12-27
31417,Eyes Without a Face,Les Yeux sans visage,fr,13.538,1960-01-11,1960,7.6,727,53459,3,0,656,2010-01-20
269,Breathless,À bout de souffle,fr,15.499,1960-03-16,1960,7.52,1813,53472,0,0,799,2010-05-13
966,The Magnificent Seven,The Magnificent Seven,en,33.465,1960-10-12,1960,7.5,1785,54047,0,0,1295,2010-07-24
967,Spartacus,Spartacus,en,44.758,1960-10-13,1960,7.5,2146,54331,2,0,1273,2010-07-23
1908,Inherit the Wind,Inherit the Wind,en,11.676,1960-07-07,1960,7.7,412,53946,3,1,1712,2010-10-31
284,The Apartment,The Apartment,en,48.035,1960-06-21,1960,8.2,2323,53604,3,0,1995,2011-02-05
539,Psycho,Psycho,en,45.825,1960-06-22,1960,8.427,10113,54215,3,0,2039,2011-02-15
1941,Exodus,Exodus,en,10.143,1960-12-15,1960,6.6,199,53804,3,0,2144,2011-03-27
24014,Let's Make Love,Let's Make Love,en,7.68,1960-09-08,1960,6.355,165,54022,2,1,2546,2011-07-18
21967,Late Autumn,秋日和,ja,12.566,1960-11-13,1960,7.8,153,53579,3,0,2808,2011-10-30
31392,Horrors of Spider Island,Ein Toter hing im Netz,de,3.127,1960-04-15,1960,3.4,72,54333,3,0,2950,2011-12-22
8422,Rocco and His Brothers,Rocco e i suoi fratelli,it,12.932,1960-10-07,1960,8.0,590,54248,2,0,2988,2012-01-13
27632,Black Sunday,La maschera del demonio,it,10.847,1960-08-11,1960,7.5,530,54067,3,1,3286,2012-05-26
36878,Testament of Orpheus,Le Testament d'Orphée,fr,6.528,1960-02-18,1960,7.7,109,54377,1,0,3294,2012-05-29
50173,Jigoku,地獄,ja,8.884,1960-07-30,1960,6.418,98,154683,3,0,3328,2012-06-07
39890,The City of the Dead,The City of the Dead,en,13.082,1960-09-09,1960,6.5,150,53719,3,0,3634,2012-10-29
2546,Zazie dans le Métro,Zazie dans le métro,fr,7.571,1960-10-28,1960,6.639,166,54494,3,0,3827,2013-01-14
44023,Make Mine Mink,Make Mine Mink,en,2.149,1960-08-09,1960,7.1,15,54049,3,0,4117,2013-05-01
61711,The Truth,La Vérité,fr,6.169,1960-11-02,1960,7.634,160,54452,3,0,5122,2014-02-01
43042,The Story of Ruth,The Story of Ruth,en,8.182,1960-06-17,1960,7.3,44,54343,3,0,5123,2014-02-01
11656,The Virgin Spring,Jungfrukällan,sv,11.935,1960-02-08,1960,7.8,613,53976,3,0,5380,2014-04-10
82311,Wild River,Wild River,en,8.885,1960-05-26,1960,7.3,89,54476,3,0,6146,2015-03-13
439,La Dolce Vita,La dolce vita,it,16.419,1960-02-05,1960,8.08,1863,53779,2,0,6080,2015-01-27
24167,Two Women,La ciociara,it,9.966,1960-12-22,1960,7.8,533,54749,3,0,6756,2016-03-01
11167,Peeping Tom,Peeping Tom,en,12.962,1960-05-16,1960,7.4,795,54167,2,0,6796,2016-03-26
29259,Le Trou,Le Trou,fr,14.222,1960-03-18,1960,8.259,479,54407,0,0,6854,2016-04-26
23220,The Brides of Dracula,The Brides of Dracula,en,8.77,1960-07-07,1960,6.7,229,53677,3,0,8275,2018-06-06
1818,Shoot the Piano Player,Tirez sur le pianiste,fr,11.082,1960-11-25,1960,7.193,409,54389,2,0,8367,2018-08-10
36741,School for Scoundrels,School for Scoundrels,en,6.633,1960-03-24,1960,6.9,60,54279,1,0,8566,2018-12-16
73898,Conspiracy of Hearts,Conspiracy of Hearts,en,1.786,1960-04-07,1960,6.588,17,53732,3,0,8992,2020-01-27
43039,Never on Sunday,Ποτέ την Κυριακή,el,5.17,1960-05-24,1960,6.8,64,54198,2,0,9026,2020-03-02
17938,First Spaceship on Venus,Der schweigende Stern,de,4.396,1960-02-26,1960,4.699,73,53250,1,0,9207,2020-07-19
2134,The Time Machine,The Time Machine,en,18.475,1960-05-25,1960,7.3,818,54387,0,0,9338,2020-11-22
31589,The Bad Sleep Well,悪い奴ほどよく眠る,ja,11.222,1960-09-19,1960,7.7,251,54460,1,0,9894,2021-06-17
27419,The Good Girls,Les bonnes femmes,fr,5.779,1960-04-22,1960,6.2,66,53666,3,0,9992,2021-08-03
11878,Yojimbo,用心棒,ja,19.793,1961-04-25,1961,8.1,1466,55630,1,0,660,2010-01-22
20139,The Children's Hour,The Children's Hour,en,13.306,1961-12-19,1961,7.705,346,54743,3,0,833,2010-05-27
27717,The Phantom Planet,The Phantom Planet,en,4.231,1961-12-13,1961,4.0,62,55294,0,0,1292,2010-07-23
164,Breakfast at Tiffany's,Breakfast at Tiffany's,en,24.014,1961-10-06,1961,7.655,4165,54698,2,0,1191,2010-07-18
18993,Mysterious Island,Mysterious Island,en,15.059,1961-12-19,1961,6.53,186,55207,0,0,1257,2010-07-23
28699,Underworld U.S.A.,Underworld U.S.A.,en,4.935,1961-02-22,1961,6.9,80,55571,3,0,1165,2010-07-11
12230,One Hundred and One Dalmatians,One Hundred and One Dalmatians,en,37.141,1961-01-25,1961,7.176,6278,55254,3,0,1171,2010-07-13
16638,El Cid,El Cid,en,12.423,1961-10-24,1961,6.846,270,54847,1,0,1546,2010-09-07
11536,The Misfits,The Misfits,en,13.91,1961-02-01,1961,6.9,375,55184,3,0,1365,2010-07-27
990,The Hustler,The Hustler,en,12.587,1961-09-25,1961,7.659,974,54997,0,0,1958,2011-02-03
430,"One, Two, Three","One, Two, Three",en,12.633,1961-12-15,1961,7.5,366,55256,3,1,2392,2011-06-12
1725,West Side Story,West Side Story,en,15.627,1961-12-13,1961,7.2,1877,55614,3,0,2560,2011-07-20
22727,The Beast of Yucca Flats,The Beast of Yucca Flats,en,4.593,1961-06-02,1961,2.305,87,54673,0,0,2797,2011-10-26
18228,Blue Hawaii,Blue Hawaii,en,10.234,1961-11-22,1961,5.9,132,54692,3,0,3724,2012-12-06
33710,Paris Blues,Paris Blues,en,5.667,1961-09-27,1961,6.4,62,55278,3,1,3909,2013-02-19
28569,Splendor in the Grass,Splendor in the Grass,en,11.373,1961-10-10,1961,7.5,271,55471,3,0,4198,2013-06-02
25062,A Taste of Honey,A Taste of Honey,en,7.437,1961-10-01,1961,6.9,98,55506,3,0,4539,2013-09-02
19186,The Parent Trap,The Parent Trap,en,21.371,1961-05-13,1961,7.008,372,55277,3,0,4580,2013-09-14
29478,A Raisin in the Sun,A Raisin in the Sun,en,7.654,1961-05-28,1961,7.6,124,55353,3,0,5485,2014-05-18
30126,Snow White and the Three Stooges,Snow White and the Three Stooges,en,3.653,1961-12-22,1961,5.5,22,55458,3,0,5797,2014-10-01
41050,La Notte,La notte,it,11.002,1961-01-24,1961,8.0,669,54130,3,0,6102,2015-02-06
39410,Mothra,モスラ,ja,13.789,1961-07-30,1961,7.1,166,55198,0,0,6448,2015-09-13
31522,A Woman Is a Woman,Une Femme est une femme,fr,9.771,1961-09-06,1961,7.3,367,55572,0,0,6539,2015-11-10
10911,The Guns of Navarone,The Guns of Navarone,en,19.931,1961-04-27,1961,7.3,782,54953,1,0,6653,2016-01-05
28752,The Curse of the Werewolf,The Curse of the Werewolf,en,7.118,1961-05-01,1961,6.5,163,54777,3,1,7344,2016-12-21
63892,"Léon Morin, Priest","Léon Morin, prêtre",fr,6.01,1961-09-22,1961,7.0,151,55082,3,0,7798,2017-09-05
12491,Accattone,Accattone,it,7.22,1961-09-25,1961,7.739,473,54599,3,0,7831,2017-09-25
11602,Through a Glass Darkly,Såsom i en spegel,sv,9.807,1961-10-16,1961,7.8,485,55499,0,0,7968,2017-12-27
16372,The Innocents,The Innocents,en,14.043,1961-12-15,1961,7.5,590,55018,3,0,8019,2018-01-20
171898,Flame in the Streets,Flame in the Streets,en,2.15,1961-06-19,1961,5.8,5,54879,3,1,8676,2019-03-15
40641,Lola,Lola,fr,6.098,1961-03-03,1961,7.1,260,55093,2,0,9268,2020-09-09
36362,King of Kings,King of Kings,en,14.719,1961-10-11,1961,7.079,202,55047,3,0,9607,2021-04-03
1628,Jules and Jim,Jules et Jim,fr,15.011,1962-01-23,1962,7.6,968,55032,1,,237,2008-12-11
31442,Ivan's Childhood,Иваново детство,ru,12.287,1962-05-09,1962,7.846,731,56111,1,0,691,2010-02-28
947,Lawrence of Arabia,Lawrence of Arabia,en,54.907,1962-12-11,1962,8.0,3028,56172,0,0,1042,2010-07-03
10242,What Ever Happened to Baby Jane?,What Ever Happened to Baby Jane?,en,18.74,1962-10-31,1962,7.9,1049,56687,3,0,1298,2010-07-24
802,Lolita,Lolita,en,19.219,1962-06-13,1962,7.3,2067,56193,3,0,1279,2010-07-23
595,To Kill a Mockingbird,To Kill a Mockingbird,en,23.515,1962-12-20,1962,7.993,2615,56592,3,0,1108,2010-07-07
21143,The Day of the Triffids,The Day of the Triffids,en,8.31,1963-04-24,1963,6.073,177,55894,3,0,1613,2010-09-28
982,The Manchurian Candidate,The Manchurian Candidate,en,20.192,1962-10-24,1962,7.535,716,56218,1,0,1954,2011-02-03
3009,The Trial,Le Procès,en,12.959,1962-12-21,1962,7.4,492,57427,1,0,2183,2011-04-11
13671,The Music Man,The Music Man,en,10.215,1962-06-19,1962,7.058,171,56262,3,0,2430,2011-06-22
16093,Carnival of Souls,Carnival of Souls,en,11.213,1962-11-02,1962,6.9,467,55830,3,0,2591,2011-08-04
499,Cléo from 5 to 7,Cléo de 5 à 7,fr,12.669,1962-04-11,1962,7.7,687,55852,3,0,2609,2011-08-14
33468,The Brain That Wouldn't Die,The Brain That Wouldn't Die,en,8.71,1962-02-25,1962,4.634,123,52646,2,0,2762,2011-10-14
39391,Gypsy,Gypsy,en,9.368,1962-11-01,1962,6.3,69,56048,3,0,3079,2012-02-29
48764,The Trial of Joan of Arc,Procès de Jeanne d'Arc,fr,5.844,1963-02-13,1963,7.2,135,59616,0,0,3160,2012-04-04
76000,The L-Shaped Room,The L-Shaped Room,en,5.404,1962-11-20,1962,6.7,35,57239,3,0,3829,2013-01-14
662,La Jetée,La Jetée,fr,13.329,1962-02-16,1962,7.9,889,56119,0,0,3845,2013-01-20
48421,The Devil's Hand,The Devil's Hand,en,2.589,1961-09-13,1961,4.4,37,55902,2,0,4407,2013-07-28
43001,Sundays and Cybele,Cybèle ou les dimanches de ville d'Avray,fr,2.624,1962-11-12,1962,7.1,61,55910,3,0,4481,2013-08-17
12708,That Touch of Mink,That Touch of Mink,en,8.59,1962-06-14,1962,6.432,168,56575,2,0,4513,2013-08-28
646,Dr. No,Dr. No,en,37.616,1962-10-07,1962,6.986,3607,55928,1,0,4637,2013-09-27
1162,The Miracle Worker,The Miracle Worker,en,11.283,1962-05-23,1962,7.8,297,56241,3,0,5686,2014-08-10
686487,King Kong vs. Godzilla,King Kong vs. Godzilla,en,7.969,1963-06-26,1963,6.6,247,56142,3,0,6119,2015-02-19
11385,Hatari!,Hatari!,en,17.543,1962-06-19,1962,6.7,232,56059,3,1,6332,2015-06-23
16103,The Loneliness of the Long Distance Runner,The Loneliness of the Long Distance Runner,en,9.046,1962-09-20,1962,7.2,147,56194,3,1,6516,2015-10-26
45267,Boccaccio '70,Boccaccio '70,it,11.279,1962-02-23,1962,6.9,135,55805,2,0,7120,2016-09-16
17185,Advise & Consent,Advise & Consent,en,7.23,1962-06-06,1962,7.208,108,55728,3,0,7159,2016-09-28
10421,War of the Buttons,La Guerre des boutons,fr,6.936,1962-04-18,1962,7.238,273,54949,0,0,7312,2016-12-04
26866,Cartouche,Cartouche,fr,5.477,1962-03-07,1962,6.4,175,55832,1,0,7440,2017-02-12
71767,Robbery at 3 O'clock,Atraco a las tres,es,2.584,1962-12-10,1962,6.714,35,55763,1,0,7588,2017-04-24
60792,Walk on the Wild Side,Walk on the Wild Side,en,6.825,1962-03-21,1962,6.5,50,56671,3,0,8673,2019-03-12
1626,Vivre Sa Vie,Vivre sa vie: film en douze tableaux,fr,11.437,1962-09-20,1962,7.7,639,56663,3,0,8849,2019-09-11
9289,The Longest Day,The Longest Day,en,20.17,1962-09-25,1962,7.572,937,56197,0,0,9106,2020-05-02
5636,Treasure of Silver Lake,Der Schatz im Silbersee,de,12.284,1962-12-12,1962,7.0,110,56452,1,0,9690,2021-04-27
256,Antoine and Colette,Antoine et Colette,fr,9.725,1962-06-22,1962,7.2,254,1180329,0,0,9920,2021-06-30
14537,Harakiri,切腹,ja,21.67,1962-09-15,1962,8.408,1011,56058,0,0,9818,2021-05-13
5925,The Great Escape,The Great Escape,en,33.152,1963-07-03,1963,7.944,2557,57115,0,,202,2008-10-23
2690,Irma la Douce,Irma la Douce,en,13.598,1963-06-05,1963,7.4,411,57187,2,0,607,2009-12-28
936,The Pink Panther,The Pink Panther,en,30.147,1963-12-18,1963,6.869,1025,57413,1,0,629,2009-12-31
27759,55 Days at Peking,55 Days at Peking,en,12.301,1963-05-06,1963,7.0,164,56800,1,0,1251,2010-07-23
81399,The Bakery Girl of Monceau,La Boulangère de Monceau,fr,6.069,1963-01-01,1963,6.8,125,56884,1,0,1635,2010-10-04
4808,Charade,Charade,en,16.58,1963-12-01,1963,7.7,1379,56923,2,0,1984,2011-02-05
9960,Lord of the Flies,Lord of the Flies,en,15.996,1963-08-13,1963,6.7,515,57261,0,0,1990,2011-02-05
25504,Shock Corridor,Shock Corridor,en,7.116,1963-09-25,1963,6.9,258,57495,0,0,2102,2011-03-09
571,The Birds,The Birds,en,21.663,1963-03-28,1963,7.523,4084,56869,3,0,2345,2011-05-25
26484,Beach Party,Beach Party,en,5.099,1963-08-07,1963,6.0,34,56860,2,0,2549,2011-07-18
19254,Carry On Cabby,Carry On Cabby,en,3.927,1963-06-01,1963,6.433,60,56912,3,0,2772,2011-10-19
266,Contempt,Le Mépris,fr,14.21,1963-10-29,1963,7.071,834,57345,1,0,3382,2012-06-26
25167,Bye Bye Birdie,Bye Bye Birdie,en,9.025,1963-04-04,1963,5.856,97,56891,3,0,3725,2012-12-06
9078,The Sword in the Stone,The Sword in the Stone,en,35.404,1963-12-25,1963,7.2,3815,57546,0,0,3810,2013-01-07
44065,The House Is Black,خانه سیاه است,fa,6.035,1963-02-18,1963,7.36,132,336693,0,0,3939,2013-02-27
11772,The Haunting,The Haunting,en,12.386,1963-08-21,1963,7.1,630,57129,3,0,4206,2013-06-04
39222,The Kiss of the Vampire,The Kiss of the Vampire,en,7.826,1963-09-11,1963,6.2,100,57226,2,1,4331,2013-07-11
37204,Summer Magic,Summer Magic,en,3.59,1963-07-07,1963,6.7,45,57542,3,0,4347,2013-07-13
28503,Dementia 13,Dementia 13,en,7.256,1963-09-25,1963,5.5,168,56983,3,0,4394,2013-07-25
5769,Tom Jones,Tom Jones,en,7.608,1963-08-24,1963,5.9,214,57590,3,0,4494,2013-08-20
657,From Russia with Love,From Russia with Love,en,29.663,1963-10-10,1963,7.062,2986,57076,3,0,4659,2013-10-03
32569,X: The Man with the X-Ray Eyes,X: The Man with the X-Ray Eyes,en,9.154,1963-07-13,1963,6.6,241,57693,1,0,4951,2013-12-15
30204,"Move Over, Darling","Move Over, Darling",en,4.65,1963-12-19,1963,6.5,85,57329,3,0,5230,2014-03-05
11506,The Silence,Tystnaden,sv,10.163,1963-09-23,1963,7.5,364,57611,3,0,5379,2014-04-10
29056,The Raven,The Raven,en,8.635,1963-01-25,1963,6.3,244,57449,1,0,5712,2014-08-23
120959,The Caretaker,The Caretaker,en,2.583,1964-01-21,1964,7.2,13,58164,0,0,5772,2014-09-21
422,8½,8½,it,13.638,1963-02-14,1963,8.1,2291,56801,3,0,5846,2014-10-17
11712,Sanjuro,椿三十郎,ja,17.099,1962-01-01,1962,7.938,609,56443,3,1,6044,2015-01-13
4498,The Executioner,El verdugo,es,7.791,1963-08-31,1963,7.584,167,57643,1,0,6327,2015-06-20
35072,Atragon,海底軍艦,ja,11.159,1963-12-22,1963,6.4,49,57215,0,0,6460,2015-09-23
43532,Summer Holiday,Summer Holiday,en,3.901,1963-02-18,1963,5.869,39,57541,3,0,6514,2015-10-26
42987,The Servant,The Servant,en,12.297,1963-11-14,1963,7.6,336,57490,3,1,6988,2016-07-21
86764,Suzanne’s Career,La Carrière de Suzanne,fr,6.909,1963-02-01,1963,6.4,109,56910,3,0,7925,2017-11-26
29455,Winter Light,Nattvardsgästerna,sv,9.356,1963-02-11,1963,7.9,447,57358,1,0,7969,2017-12-27
37969,The Incredible Journey,The Incredible Journey,en,8.697,1963-11-20,1963,6.6,110,57180,1,0,8440,2018-10-15
136467,Unearthly Stranger,Unearthly Stranger,en,1.888,1963-09-12,1963,5.732,28,57623,1,0,8648,2019-02-22
11576,"It's a Mad, Mad, Mad, Mad World","It's a Mad, Mad, Mad, Mad World",en,17.971,1963-11-07,1963,7.0,587,57193,3,0,9226,2020-08-06
8095,Cleopatra,Cleopatra,en,23.47,1963-06-12,1963,7.036,745,56937,3,0,9388,2020-12-14
3685,Apache Gold,Winnetou 1,de,19.81,1963-12-11,1963,6.87,150,57687,1,0,9686,2021-04-27
935,Dr. Strangelove or: How I Learned to Stop Worrying and Love the Bomb,Dr. Strangelove or: How I Learned to Stop Worrying and Love the Bomb,en,21.941,1964-01-29,1964,8.117,5635,57012,0,,341,2009-06-14
391,A Fistful of Dollars,Per un pugno di dollari,it,31.379,1964-09-12,1964,7.8,4249,58461,1,0,661,2010-01-23
433,Mary Poppins,Mary Poppins,en,43.683,1964-12-17,1964,7.567,4680,58331,3,0,701,2010-03-15
13382,Rudolph the Red-Nosed Reindeer,Rudolph the Red-Nosed Reindeer,en,26.0,1964-12-06,1964,7.389,590,58536,1,0,1600,2010-09-23
201429,Divided Heaven,Der geteilte Himmel,de,2.405,1964-10-02,1964,6.4,16,58139,2,0,1198,2010-07-20
16672,Woman in the Dunes,砂の女,ja,25.397,1964-02-15,1964,8.2,449,58625,0,0,1212,2010-07-21
40618,Bedtime Story,Bedtime Story,en,3.277,1964-06-10,1964,6.1,47,57878,1,0,1250,2010-07-23
34276,First Men in the Moon,First Men in the Moon,en,7.731,1964-07-01,1964,6.3,124,58100,1,0,1253,2010-07-23
44736,The Long Ships,The Long Ships,en,6.581,1964-04-22,1964,6.0,53,57259,1,0,1254,2010-07-23
11113,My Fair Lady,My Fair Lady,en,20.124,1964-10-21,1964,7.492,1303,58385,3,0,1688,2010-10-23
704,A Hard Day's Night,A Hard Day's Night,en,16.804,1964-07-07,1964,7.344,677,58182,1,0,1957,2011-02-03
8073,Band of Outsiders,Bande à part,fr,10.209,1964-08-05,1964,7.5,560,57869,3,0,2204,2011-04-22
42791,The Americanization of Emily,The Americanization of Emily,en,14.267,1964-10-27,1964,6.6,72,57840,2,0,2385,2011-06-10
14433,Zulu,Zulu,en,17.185,1964-01-22,1964,7.4,512,58777,0,0,2483,2011-07-05
39113,Bikini Beach,Bikini Beach,en,3.05,1964-07-22,1964,5.7,25,57887,2,0,2557,2011-07-20
39231,Man's Favorite Sport?,Man's Favorite Sport?,en,8.26,1964-01-31,1964,7.0,129,58324,2,0,2720,2011-09-29
49687,Marriage Italian Style,Matrimonio all'italiana,it,10.684,1964-12-18,1964,7.7,511,58335,3,0,2766,2011-10-15
10299,"Hush... Hush, Sweet Charlotte","Hush... Hush, Sweet Charlotte",en,8.833,1964-12-15,1964,7.2,255,58213,3,0,2922,2011-12-13
24192,The Gospel According to Matthew,Il vangelo secondo Matteo,it,12.09,1965-03-03,1965,7.4,356,58715,1,0,3189,2012-04-16
96394,King and Country,King and Country,en,4.577,1964-09-05,1964,7.048,52,58263,0,0,3250,2012-05-12
3763,Onibaba,鬼婆,ja,16.686,1964-11-21,1964,7.7,416,58430,0,0,3327,2012-06-07
502,Fail Safe,Fail Safe,en,13.052,1964-10-07,1964,7.8,393,58083,1,0,3569,2012-10-02
2098,Viva Las Vegas,Viva Las Vegas,en,9.772,1964-02-08,1964,6.2,138,58725,0,0,3680,2012-11-20
658,Goldfinger,Goldfinger,en,31.694,1964-09-20,1964,7.346,3559,58150,1,0,3807,2013-01-06
22543,Dead Ringer,Dead Ringer,en,8.791,1964-02-19,1964,6.885,104,57997,3,0,4263,2013-06-23
5967,The Umbrellas of Cherbourg,Les Parapluies de Cherbourg,fr,16.235,1964-02-19,1964,7.4,773,58450,3,0,4356,2013-07-16
21159,The Last Man on Earth,The Last Man on Earth,en,12.84,1964-05-06,1964,6.548,431,58700,1,0,4376,2013-07-21
114785,Code Name: Tiger,Le tigre aime la chair fraîche,fr,1.215,1964-11-18,1964,3.8,6,58658,3,0,4484,2013-08-17
3482,The Train,The Train,en,13.844,1964-09-24,1964,7.523,320,59825,1,0,4497,2013-08-21
15766,"Ghidorah, the Three-Headed Monster",三大怪獣　地球最大の決戦,ja,13.18,1964-12-20,1964,7.0,251,58544,3,0,4501,2013-08-23
5066,Carry On Cleo,Carry On Cleo,en,6.437,1964-11-08,1964,6.5,91,57918,1,0,4673,2013-10-07
42797,The Unsinkable Molly Brown,The Unsinkable Molly Brown,en,12.352,1964-06-11,1964,5.6,41,58708,3,0,5513,2014-05-30
26638,Red Desert,Il deserto rosso,it,10.233,1964-09-04,1964,7.4,452,58003,3,0,6112,2015-02-16
1682,Mothra vs. Godzilla,モスラ対ゴジラ,ja,13.341,1964-04-29,1964,7.0,286,58379,1,1,6326,2015-06-20
506,Marnie,Marnie,en,17.143,1964-07-17,1964,7.13,1114,58329,3,0,6402,2015-08-13
1594,A Shot in the Dark,A Shot in the Dark,en,16.511,1964-06-23,1964,7.214,544,58586,1,0,6555,2015-11-23
66022,The Chalk Garden,The Chalk Garden,en,5.606,1964-04-02,1964,7.033,45,57933,3,0,7202,2016-10-16
86666,Gate of Flesh,肉体の門,ja,8.228,1964-05-31,1964,6.638,58,58409,3,0,7236,2016-11-02
131344,Aunt Tula,La tía Tula,es,1.563,1964-09-20,1964,6.2,18,58695,3,0,7399,2017-01-16
42790,Seduced and Abandoned,Sedotta e abbandonata,it,7.913,1964-01-30,1964,7.6,148,58564,3,0,7804,2017-09-17
49160,The Time Travelers,The Time Travelers,en,3.798,1964-10-29,1964,4.9,73,58659,2,0,7991,2018-01-08
9547,Old Shatterhand,Old Shatterhand,de,13.121,1964-04-30,1964,6.279,70,57380,1,0,9689,2021-04-27
3686,Last of the Renegades,Winnetou II,de,14.934,1964-09-17,1964,6.572,111,58751,1,0,9692,2021-04-27
9347,Frontier Hellcat,Unter Geiern,de,8.393,1964-12-08,1964,6.246,63,58709,0,0,9695,2021-04-27
12553,Yellow Devil,Der Schut,de,4.129,1964-08-20,1964,6.393,42,58553,1,0,9697,2021-04-27
15121,The Sound of Music,The Sound of Music,en,38.73,1965-03-29,1965,7.7,3283,59742,3,0,601,2009-12-28
39951,Gulliver's Travels Beyond the Moon,ガリバーの宇宙旅行,ja,6.258,1965-03-20,1965,5.9,9,59212,0,0,2075,2011-02-26
19120,Juliet of the Spirits,Giulietta degli spiriti,it,7.408,1965-10-22,1965,7.3,313,59229,3,1,2186,2011-04-12
11481,Repulsion,Repulsion,en,12.982,1965-06-01,1965,7.4,1002,59646,3,0,2338,2011-05-25
42729,A Study in Terror,A Study in Terror,en,6.3,1965-10-01,1965,6.3,64,59764,3,1,2389,2011-06-11
660,Thunderball,Thunderball,en,30.839,1965-12-11,1965,6.654,2320,59800,2,0,2390,2011-06-11
20723,That Darn Cat!,That Darn Cat!,en,9.696,1965-12-02,1965,6.543,172,59793,3,0,2487,2011-07-05
15247,The Ipcress File,The Ipcress File,en,9.665,1965-03-18,1965,6.807,292,59319,1,0,2569,2011-07-23
8072,Alphaville,"Alphaville, une étrange aventure de Lemmy Caution",fr,11.932,1965-05-05,1965,7.0,544,58898,1,0,3116,2012-03-13
938,For a Few Dollars More,Per qualche dollaro in più,it,31.628,1965-12-18,1965,8.0,3984,59578,0,0,3413,2012-07-10
10243,The Flight of the Phoenix,The Flight of the Phoenix,en,10.135,1965-12-15,1965,7.2,318,59183,0,0,3432,2012-07-17
11799,Viva Maria!,Viva Maria!,fr,7.648,1965-11-22,1965,6.0,94,59956,3,0,3475,2012-08-16
49683,Inside Daisy Clover,Inside Daisy Clover,en,3.955,1965-12-22,1965,5.7,49,59314,3,0,3543,2012-09-24
24134,Darling,Darling,en,7.637,1965-08-03,1965,6.7,130,59084,3,0,3623,2012-10-24
315,"Faster, Pussycat! Kill! Kill!","Faster, Pussycat! Kill! Kill!",en,8.798,1965-08-06,1965,6.338,321,59170,3,0,3649,2012-11-03
43644,The Pleasure Girls,The Pleasure Girls,en,1.24,1965-05-01,1965,4.889,9,59607,3,0,3828,2013-01-14
907,Doctor Zhivago,Doctor Zhivago,en,25.4,1965-12-22,1965,7.542,1147,59113,1,0,5884,2014-10-29
1942,Bunny Lake Is Missing,Bunny Lake Is Missing,en,7.543,1965-10-03,1965,7.2,184,58997,3,0,5960,2014-12-03
19545,Invasion of Astro-Monster,怪獣大戦争,ja,14.274,1965-12-19,1965,6.8,218,59346,2,0,6346,2015-07-08
21930,"Gamera, the Giant Monster",大怪獣ガメラ,ja,11.72,1965-11-27,1965,6.0,124,59080,2,0,6428,2015-08-30
3160,Frankenstein Conquers the World,フランケンシュタイン対地底怪獣,ja,8.951,1965-08-08,1965,6.6,63,59205,1,0,6652,2016-01-05
138030,The Coward,কাপুরুষ,bn,2.598,1965-05-07,1965,7.2,48,59348,0,0,6899,2016-05-28
83356,Devils of Darkness,Devils of Darkness,en,2.402,1965-05-01,1965,5.019,26,59100,3,0,7109,2016-09-09
148782,I Am Twenty,Мне двадцать лет,ru,5.105,1965-01-18,1965,7.3,47,58361,3,0,8189,2018-05-04
26685,How to Murder Your Wife,How to Murder Your Wife,en,10.67,1965-01-26,1965,6.3,117,58212,0,0,8204,2018-05-13
33364,A Patch of Blue,A Patch of Blue,en,7.832,1965-12-10,1965,7.5,105,59573,3,0,8694,2019-04-04
32323,The Railrodder,The Railrodder,en,2.015,1965-06-20,1965,6.6,44,59631,0,0,9157,2020-06-06
19199,Rampage at Apache Wells,Der Ölprinz,de,5.418,1965-08-25,1965,6.2,69,59958,1,0,9687,2021-04-27
7085,The Desperado Trail,Winnetou III,de,10.202,1965-10-14,1965,6.9,107,59915,0,0,9691,2021-04-27
9627,Flaming Frontier,Old Surehand,de,7.693,1965-12-14,1965,6.1,62,59538,1,0,9696,2021-04-27
19195,Pyramid of the Sun God,Die Pyramide des Sonnengottes,de,2.361,1965-04-17,1965,5.5,30,59621,1,0,9698,2021-04-27
19194,Mercenaries of the Rio Grande,Der Schatz der Azteken,de,3.096,1965-03-04,1965,5.8,31,59682,1,0,9699,2021-04-27
3780,Red Beard,赤ひげ,ja,18.796,1965-04-03,1965,8.1,358,58888,3,0,9820,2021-05-13
42744,The Knack... and How to Get It,The Knack... and How to Get It,en,5.978,1965-05-01,1965,5.915,65,59362,0,0,10001,2021-08-07
797,Persona,Persona,sv,15.906,1966-10-18,1966,8.168,2161,60827,3,0,589,2009-12-27
17295,The Battle of Algiers,La battaglia di Algeri,it,11.467,1966-09-08,1966,7.9,782,58946,1,0,658,2010-01-22
429,"The Good, the Bad and the Ugly","Il buono, il brutto, il cattivo",it,82.757,1966-12-22,1966,8.5,8699,60196,1,0,1725,2010-11-02
46919,Daisies,Sedmikrásky,cs,8.801,1966-12-30,1966,7.3,372,60959,3,0,2069,2011-02-25
15598,Alfie,Alfie,en,8.101,1966-03-29,1966,6.441,203,60086,1,0,2140,2011-03-26
86451,The End of August at the Hotel Ozone,Konec srpna v Hotelu Ozon,cs,1.056,1967-04-28,1967,6.2,20,61879,3,0,2308,2011-05-18
38606,The Trouble with Angels,The Trouble with Angels,en,6.178,1966-03-29,1966,6.659,66,61122,3,0,2582,2011-07-29
2161,Fantastic Voyage,Fantastic Voyage,en,9.562,1966-08-24,1966,6.7,439,60397,0,0,2625,2011-08-18
1052,Blow-Up,Blow-Up,en,15.525,1966-12-18,1966,7.354,1242,60176,0,0,2626,2011-08-19
37301,A Big Hand for the Little Lady,A Big Hand for the Little Lady,en,5.408,1966-06-08,1966,7.1,70,60165,1,0,2696,2011-09-20
84278,The Group,The Group,en,3.544,1966-03-04,1966,5.6,26,60479,3,0,2701,2011-09-23
396,Who's Afraid of Virginia Woolf?,Who's Afraid of Virginia Woolf?,en,20.869,1966-06-22,1966,7.7,822,61184,1,0,2798,2011-10-26
3149,Jesse James Meets Frankenstein's Daughter,Jesse James Meets Frankenstein's Daughter,en,2.1,1966-04-09,1966,4.1,25,60558,1,0,2804,2011-10-28
1888,The Fortune Cookie,The Fortune Cookie,en,10.1,1966-10-19,1966,7.2,304,60424,1,0,2838,2011-11-13
23728,Our Man Flint,Our Man Flint,en,7.56,1966-01-16,1966,6.415,112,59557,2,0,2845,2011-11-17
263640,Cathy Come Home,Cathy Come Home,en,1.379,1966-11-16,1966,7.3,22,59020,3,0,2855,2011-11-20
1714,Fahrenheit 451,Fahrenheit 451,en,19.153,1966-09-07,1966,7.104,974,60390,3,0,3087,2012-03-03
5923,The Sand Pebbles,The Sand Pebbles,en,13.378,1966-12-20,1966,7.2,248,60934,1,0,3092,2012-03-05
42719,Georgy Girl,Georgy Girl,en,3.151,1966-08-04,1966,6.3,48,60453,3,1,3143,2012-03-25
874,A Man for All Seasons,A Man for All Seasons,en,17.163,1966-12-13,1966,7.3,434,60665,1,0,3576,2012-10-06
10772,Django,Django,it,21.261,1966-04-06,1966,7.2,898,60315,0,0,3671,2012-11-15
895,Andrei Rublev,Андрей Рублёв,ru,14.781,1966-12-16,1966,7.983,828,60107,1,0,3706,2012-12-03
29070,Blood Bath,Blood Bath,en,2.858,1966-03-02,1966,5.5,30,60174,2,0,4057,2013-04-14
23832,For Love and Gold,L'armata Brancaleone,it,7.543,1966-04-07,1966,7.699,364,60125,1,0,4575,2013-09-14
3001,How to Steal a Million,How to Steal a Million,en,11.464,1966-07-13,1966,7.491,587,60522,0,0,4862,2013-11-21
5780,Torn Curtain,Torn Curtain,en,11.917,1966-07-15,1966,6.59,573,61107,3,1,5391,2014-04-12
3115,"Ebirah, Horror of the Deep",ゴジラ・エビラ・モスラ　南海の大決闘,ja,15.218,1966-12-17,1966,6.3,190,60464,1,0,6362,2015-07-19
28719,Daimajin,大魔神,ja,8.674,1966-04-17,1966,6.5,62,62851,1,0,6433,2015-09-05
28856,Wrath of Daimajin,大魔神逆襲,ja,4.939,1966-12-10,1966,6.4,33,62852,0,0,6471,2015-09-28
28857,Return of Giant Majin,大魔神怒る,ja,7.935,1966-08-13,1966,6.2,54,62853,0,0,6541,2015-11-15
22899,Gamera vs. Barugon,大怪獣決闘 ガメラ対バルゴン,ja,12.4,1966-04-17,1966,6.5,81,60446,0,0,6659,2016-01-10
95597,Black Girl,La Noire de...,fr,7.935,1966-03-17,1966,7.298,141,60758,3,0,6897,2016-05-25
49397,Death Rides a Horse,Da uomo a uomo,it,8.288,1967-08-31,1967,7.0,204,64208,0,0,6910,2016-05-30
3591,One Million Years B.C.,One Million Years B.C.,en,9.512,1966-11-24,1966,6.1,213,60782,1,0,7021,2016-08-05
29049,The Plague of the Zombies,The Plague of the Zombies,en,6.869,1966-01-09,1966,6.4,139,60841,3,1,7030,2016-08-08
17102,Dracula: Prince of Darkness,Dracula: Prince of Darkness,en,7.131,1966-01-09,1966,6.741,251,59127,1,0,7033,2016-08-09
45706,Tokyo Drifter,東京流れ者,ja,9.065,1966-04-10,1966,7.11,187,61101,1,0,7239,2016-11-03
114333,The Hunt,La caza,es,4.451,1966-11-07,1966,6.9,63,60223,0,0,7415,2017-01-23
22293,Manos: The Hands of Fate,Manos: The Hands of Fate,en,9.562,1966-11-15,1966,2.1,212,60666,3,1,9419,2020-12-30
41057,Lost Command,Lost Command,en,7.117,1966-05-01,1966,6.205,56,60637,1,0,9426,2021-01-16
66953,"Who Are You, Polly Maggoo?","Qui êtes-vous, Polly Maggoo ?",fr,2.178,1966-10-21,1966,6.4,34,60879,1,0,9468,2021-02-04
6644,El Dorado,El Dorado,en,17.892,1966-12-17,1966,7.3,527,61619,1,0,9577,2021-03-21
9628,Winnetou and the Crossbreed,Winnetou und das Halbblut Apanatschi,de,7.165,1966-08-17,1966,6.1,76,61197,1,0,9688,2021-04-27
9629,Thunder at the Border,Winnetou und sein Freund Old Firehand,de,6.035,1966-12-13,1966,5.6,53,61198,1,0,9694,2021-04-27
261653,Saraswathi Sabatham,சரஸ்வதி சபதம்,ta,0.615,1966-09-03,1966,6.5,2,246913,2,0,9956,2021-07-11
903,Cool Hand Luke,Cool Hand Luke,en,15.898,1967-11-01,1967,7.726,1425,61512,1,,301,2009-03-24
9325,The Jungle Book,The Jungle Book,en,47.66,1967-10-18,1967,7.3,6247,61852,1,0,493,2009-09-07
37247,The Graduate,The Graduate,en,28.135,1967-12-21,1967,7.641,3337,61722,2,0,616,2009-12-28
25904,Marketa Lazarová,Marketa Lazarová,cs,9.788,1967-11-24,1967,7.8,135,63278,1,0,2054,2011-02-18
475,Bonnie and Clyde,Bonnie and Clyde,en,20.712,1967-08-14,1967,7.485,1617,61418,3,0,2083,2011-03-01
667,You Only Live Twice,You Only Live Twice,en,32.175,1967-06-13,1967,6.572,2191,62512,1,0,2400,2011-06-15
32489,Thoroughly Modern Millie,Thoroughly Modern Millie,en,6.017,1967-03-22,1967,6.9,88,62362,3,0,2431,2011-06-22
12208,Casino Royale,Casino Royale,en,21.885,1967-04-13,1967,5.3,729,61452,2,0,2664,2011-09-08
42695,I Am Curious (Yellow),Jag är nyfiken - en film i gult,sv,5.427,1967-03-10,1967,5.7,67,61834,3,0,2829,2011-11-06
42692,Elvira Madigan,Elvira Madigan,sv,3.374,1967-04-24,1967,6.8,42,61620,0,0,2928,2011-12-15
1654,The Dirty Dozen,The Dirty Dozen,en,22.337,1967-06-15,1967,7.59,1194,61578,0,1,2966,2011-12-30
3055,Valley of the Dolls,Valley of the Dolls,en,8.896,1967-12-27,1967,6.0,119,62430,3,0,3070,2012-02-24
649,Belle de Jour,Belle de jour,fr,26.089,1967-05-24,1967,7.4,896,61395,3,0,3085,2012-03-02
10633,In the Heat of the Night,In the Heat of the Night,en,18.059,1967-08-02,1967,7.6,1077,61811,1,0,3241,2012-05-08
18209,Bedazzled,Bedazzled,en,7.304,1967-10-30,1967,6.2,155,61391,3,0,3500,2012-08-28
5767,Two for the Road,Two for the Road,en,9.087,1967-04-27,1967,6.954,241,62407,3,0,3596,2012-10-15
11206,Wait Until Dark,Wait Until Dark,en,13.069,1967-10-26,1967,7.349,529,62467,3,0,3597,2012-10-15
42689,Berserk!,Berserk!,en,4.091,1967-11-01,1967,5.5,44,61398,3,0,3712,2012-12-06
3053,The Fearless Vampire Killers,The Fearless Vampire Killers,en,17.97,1967-11-13,1967,6.958,747,61655,1,0,4316,2013-07-07
5511,Le Samouraï,Le Samouraï,fr,18.581,1967-10-25,1967,7.763,1097,62229,1,0,4146,2013-05-20
4837,La Collectionneuse,La Collectionneuse,fr,7.099,1967-03-02,1967,6.901,233,61495,1,0,4479,2013-08-17
10227,PlayTime,PlayTime,fr,16.129,1967-12-13,1967,7.7,574,62136,3,0,4519,2013-08-29
74896,The Fox,The Fox,en,4.099,1967-12-13,1967,6.2,18,62990,3,0,4722,2013-10-20
11047,Asterix the Gaul,Astérix le Gaulois,fr,11.451,1967-12-20,1967,6.436,737,61369,0,0,4937,2013-12-10
61041,Woman Times Seven,Woman Times Seven,en,4.958,1967-09-29,1967,6.378,49,62502,3,0,5171,2014-02-15
1879,Guess Who's Coming to Dinner,Guess Who's Coming to Dinner,en,17.031,1967-12-11,1967,7.551,836,61735,3,1,5222,2014-03-02
110479,Smashing Time,Smashing Time,en,1.435,1967-12-20,1967,6.2,11,62281,3,0,5384,2014-04-11
18627,Son of Godzilla,怪獣島の決戦 ゴジラの息子,ja,17.263,1967-12-16,1967,6.4,214,61856,0,0,6374,2015-07-29
42712,The X from Outer Space,宇宙大怪獣ギララ,ja,4.955,1967-03-25,1967,5.2,45,62411,3,0,6714,2016-02-09
52728,Gamera vs. Gyaos,大怪獣空中戦 ガメラ対ギャオス,ja,9.712,1967-03-15,1967,6.278,81,61695,0,0,6744,2016-02-25
17905,Branded to Kill,殺しの烙印,ja,9.556,1967-06-15,1967,7.208,233,61882,1,0,7242,2016-11-04
105584,Peppermint Frappé,Peppermint frappé,es,3.213,1967-10-09,1967,6.5,48,62113,1,0,7513,2017-03-14
2433,The Young Girls of Rochefort,Les Demoiselles de Rochefort,fr,8.852,1967-03-08,1967,7.7,598,62873,3,0,7586,2017-04-23
17887,Barefoot in the Park,Barefoot in the Park,en,10.422,1967-05-25,1967,7.109,562,61385,3,0,7943,2017-12-13
4949,A Time for Killing,A Time for Killing,en,4.089,1967-08-01,1967,4.4,28,62373,0,0,8633,2019-02-07
2984,A Countess from Hong Kong,A Countess from Hong Kong,en,10.107,1967-01-05,1967,6.084,166,61523,3,0,9078,2020-04-13
74544,Accident,Accident,en,7.104,1967-02-09,1967,6.2,102,61328,1,0,9124,2020-05-07
41608,God Forgives... I Don't!,Dio perdona... Io no!,it,14.603,1967-10-31,1967,6.593,252,61576,0,0,9555,2021-03-14
61943,"Django Kill... If You Live, Shoot!",Se sei vivo spara,it,4.196,1967-05-03,1967,5.9,78,62082,0,0,9709,2021-04-27
52686,Horus: Prince of the Sun,太陽の王子ホルスの大冒険,ja,13.515,1968-07-24,1968,6.4,98,63668,0,,323,2009-05-12
871,Planet of the Apes,Planet of the Apes,en,40.981,1968-02-07,1968,7.644,3551,63442,1,0,599,2009-12-27
29146,Charly,Charly,en,5.427,1968-09-23,1968,6.5,102,62794,2,0,764,2010-04-26
30197,The Producers,The Producers,en,13.792,1968-03-18,1968,7.09,777,63462,0,0,844,2010-05-27
805,Rosemary's Baby,Rosemary's Baby,en,27.089,1968-06-12,1968,7.828,3936,63522,3,0,857,2010-05-27
62,2001: A Space Odyssey,2001: A Space Odyssey,en,54.362,1968-04-02,1968,8.071,11576,62622,0,0,919,2010-06-08
11046,Where Eagles Dare,Where Eagles Dare,en,28.383,1968-12-04,1968,7.5,881,65207,3,0,1185,2010-07-17
6003,Romeo and Juliet,Romeo and Juliet,en,29.107,1968-04-02,1968,7.4,674,63518,3,0,1249,2010-07-23
12105,Yellow Submarine,Yellow Submarine,en,11.396,1968-07-17,1968,7.1,489,63823,0,0,1815,2010-12-03
52959,Star!,Star!,en,7.889,1968-07-18,1968,6.9,220,63642,3,0,2092,2011-03-06
32726,Hellfighters,Hellfighters,en,10.026,1968-11-27,1968,6.3,76,63060,2,0,2104,2011-03-10
8069,Barbarella,Barbarella,en,24.928,1968-10-10,1968,6.0,733,62711,3,0,2157,2011-03-31
335,Once Upon a Time in the West,C'era una volta il West,it,47.129,1968-12-21,1968,8.289,4372,64116,1,0,2226,2011-04-23
10794,The Party,The Party,en,26.127,1968-04-04,1968,7.274,760,63415,3,0,2652,2011-09-03
18988,The Lion in Winter,The Lion in Winter,en,12.551,1968-10-30,1968,7.382,346,63227,3,0,2749,2011-10-10
14794,if....,if....,en,10.501,1968-12-19,1968,7.1,363,63850,1,0,2757,2011-10-13
18193,Head,Head,en,5.89,1968-11-06,1968,6.2,87,63049,0,0,2925,2011-12-13
4929,Hang 'em High,Hang 'em High,en,26.61,1968-04-12,1968,6.834,756,61747,2,0,2969,2012-01-02
10331,Night of the Living Dead,Night of the Living Dead,en,17.475,1968-10-04,1968,7.6,2463,63350,3,0,3499,2012-08-27
22937,Carry On Up the Khyber,Carry On Up the Khyber,en,5.516,1968-02-12,1968,6.5,74,62782,3,1,3626,2012-10-24
47069,Up the Junction,Up the Junction,en,1.868,1968-01-25,1968,6.0,13,62426,3,0,3826,2013-01-14
4191,The Bride Wore Black,La mariée était en noir,fr,8.327,1968-03-22,1968,7.1,249,61955,3,0,3878,2013-02-06
9929,Asterix and Cleopatra,Astérix et Cléopâtre,fr,14.675,1968-12-19,1968,6.934,942,62687,0,0,3947,2013-03-02
16085,Funny Girl,Funny Girl,en,12.013,1968-09-19,1968,7.2,395,62994,3,0,4045,2013-04-11
54575,The Killing of Sister George,The Killing of Sister George,en,4.775,1968-09-01,1968,6.3,55,63185,3,0,5385,2014-04-11
18333,Hour of the Wolf,Vargtimmen,sv,7.365,1968-02-19,1968,7.4,496,63759,1,0,5878,2014-10-27
3107,Destroy All Monsters,怪獣総進撃,ja,14.578,1968-08-01,1968,6.8,247,63172,0,0,6394,2015-08-07
58658,The Day of the Owl,Il giorno della civetta,it,6.609,1968-02-17,1968,7.0,101,63010,0,0,6452,2015-09-14
34131,Gamera vs. Viras,ガメラ対宇宙怪獣バイラス,ja,5.884,1968-03-20,1968,5.8,80,63000,2,0,6807,2016-03-29
916,Bullitt,Bullitt,en,17.318,1968-10-17,1968,7.2,1138,62765,1,0,7123,2016-09-19
35166,Reconstruction,Reconstituirea,ro,1.222,1968-01-01,1968,6.6,31,63493,0,0,7673,2017-06-03
17657,Ice Station Zebra,Ice Station Zebra,en,7.77,1968-10-23,1968,6.233,163,63121,0,0,7986,2018-01-07
29778,Dracula Has Risen from the Grave,Dracula Has Risen from the Grave,en,8.584,1968-11-07,1968,6.697,183,62909,2,1,8289,2018-06-14
41064,The Boys of Paul Street,A Pál utcai fiúk,hu,7.83,1969-04-03,1969,7.6,53,62164,0,0,8542,2018-12-14
41861,Stars of Eger,Egri csillagok,hu,1.127,1968-08-12,1968,7.4,19,62925,1,0,8543,2018-12-14
315986,The Cat Has Nine Lives,Neun Leben hat die Katze,de,0.654,1968-10-12,1968,4.8,13,130141,3,1,8686,2019-03-25
3054,The Wrecking Crew,The Wrecking Crew,en,8.151,1968-12-30,1968,5.6,57,65225,3,0,8827,2019-08-24
11708,Chitty Chitty Bang Bang,Chitty Chitty Bang Bang,en,24.203,1968-12-17,1968,6.8,652,62803,3,0,9547,2021-03-14
46570,"Today We Kill, Tomorrow We Die!",Oggi a me... domani a te!,it,7.313,1968-03-28,1968,6.1,68,63379,0,0,9556,2021-03-14
17917,Oliver!,Oliver!,en,20.155,1968-09-26,1968,6.995,429,63385,2,0,9595,2021-03-29
10638,The Valley of Death,Winnetou und Shatterhand im Tal der Toten,de,9.479,1968-12-12,1968,6.4,73,63818,0,0,9693,2021-04-27
46443,"Django, Prepare a Coffin",Preparati la bara!,it,7.728,1968-01-27,1968,6.293,104,62151,0,0,9707,2021-04-27
29790,The Rape of the Vampire,Le Viol du vampire,fr,2.528,1968-05-27,1968,5.2,38,62446,3,0,9764,2021-04-30
66027,Women in Love,Women in Love,en,7.682,1969-09-13,1969,6.5,109,66579,3,0,1426,2010-08-02
10237,The Honeymoon Killers,The Honeymoon Killers,en,6.964,1970-02-04,1970,6.638,112,64437,3,0,1182,2010-07-16
11574,Support Your Local Sheriff!,Support Your Local Sheriff!,en,13.272,1969-03-26,1969,6.9,176,65051,1,0,1100,2010-07-05
37437,My Side of the Mountain,My Side of the Mountain,en,3.493,1969-06-25,1969,6.5,23,64708,1,0,1783,2010-11-28
20391,Paint Your Wagon,Paint Your Wagon,en,9.929,1969-10-15,1969,6.373,248,64782,2,0,1817,2010-12-03
642,Butch Cassidy and the Sundance Kid,Butch Cassidy and the Sundance Kid,en,37.368,1969-09-23,1969,7.605,2200,64115,1,0,2077,2011-02-27
624,Easy Rider,Easy Rider,en,20.924,1969-06-26,1969,7.059,1962,64276,1,0,2079,2011-02-28
29228,The Computer Wore Tennis Shoes,The Computer Wore Tennis Shoes,en,11.927,1969-12-29,1969,6.034,148,65566,1,0,2091,2011-03-06
33166,Downhill Racer,Downhill Racer,en,5.816,1969-11-06,1969,5.8,86,64253,0,0,2283,2011-05-11
5179,The Prime of Miss Jean Brodie,The Prime of Miss Jean Brodie,en,9.105,1969-02-24,1969,6.824,108,64840,3,0,2456,2011-06-29
10536,The Italian Job,The Italian Job,en,28.312,1969-06-02,1969,6.997,742,64505,1,0,2583,2011-07-29
133343,Chastity,Chastity,en,0.894,1969-06-24,1969,3.7,7,64156,0,0,2586,2011-08-01
13384,Kes,Kes,en,11.524,1970-04-03,1970,7.47,386,64541,1,0,2722,2011-09-29
17529,True Grit,True Grit,en,18.536,1969-06-11,1969,7.4,771,65126,3,0,2902,2011-12-04
5638,Alice's Restaurant,Alice's Restaurant,en,4.88,1969-08-20,1969,6.2,67,64002,1,0,2899,2011-12-04
3116,Midnight Cowboy,Midnight Cowboy,en,21.315,1969-05-25,1969,7.5,1410,64665,1,0,3406,2012-07-08
1651,Mississippi Mermaid,La Sirène du Mississipi,fr,9.775,1969-06-18,1969,6.606,202,64990,3,0,3880,2013-02-06
15383,Army of Shadows,L'Armée des ombres,fr,12.6,1969-09-10,1969,7.9,644,64040,0,0,4350,2013-07-15
668,On Her Majesty's Secret Service,On Her Majesty's Secret Service,en,31.192,1969-12-18,1969,6.572,1895,64757,2,0,4669,2013-10-06
14030,"Hello, Dolly!","Hello, Dolly!",en,12.068,1969-12-12,1969,6.9,354,64418,3,0,4755,2013-10-30
39462,All Monsters Attack,ゴジラ・ミニラ・ガバラ オール怪獣大進撃,ja,16.063,1969-12-20,1969,5.1,192,64373,0,0,6396,2015-08-09
28145,"They Shoot Horses, Don't They?","They Shoot Horses, Don't They?",en,12.005,1969-12-10,1969,7.6,317,65088,1,1,6794,2016-03-26
49225,Age of Consent,Age of Consent,en,8.59,1969-05-13,1969,5.9,72,63991,3,0,6816,2016-03-31
11485,Take the Money and Run,Take the Money and Run,en,10.421,1969-08-18,1969,7.1,746,65063,1,0,7288,2016-11-22
2721,Z,Z,fr,12.397,1969-02-26,1969,7.821,535,65234,1,0,7521,2017-03-18
48831,My Night at Maud's,Ma nuit chez Maud,fr,13.908,1969-06-04,1969,7.7,309,64612,3,0,7924,2017-11-26
42602,The Passion of Anna,En passion,sv,5.283,1969-11-10,1969,7.5,178,64793,1,1,8266,2018-05-31
4946,The Swimming Pool,La Piscine,fr,17.864,1969-01-31,1969,7.0,503,64816,3,0,9202,2020-07-13
92312,Django the Bastard,Django il bastardo,it,4.305,1969-11-08,1969,5.7,34,64240,0,0,9708,2021-04-27
72309,Marquis de Sade: Justine,Marquis de Sade: Justine,it,9.591,1969-04-03,1969,5.149,57,62870,3,0,9762,2021-04-30
11657,Le Cercle Rouge,Le Cercle rouge,fr,17.373,1970-10-19,1970,7.6,641,65531,0,,255,2009-01-11
5722,Beyond the Valley of the Dolls,Beyond the Valley of the Dolls,en,9.636,1970-07-17,1970,6.206,194,65466,3,0,583,2009-12-23
10112,The Aristocats,The Aristocats,en,39.2,1970-11-13,1970,7.3,5000,65421,3,0,1122,2010-07-09
13400,Santa Claus Is Comin' to Town,Santa Claus Is Comin' to Town,en,9.724,1970-12-14,1970,7.1,224,66327,1,0,1726,2010-11-02
28476,The Phantom Tollbooth,The Phantom Tollbooth,en,5.678,1970-11-07,1970,6.808,78,64806,1,0,1932,2011-01-25
11916,Two Mules for Sister Sara,Two Mules for Sister Sara,en,18.576,1970-03-02,1970,6.933,576,65134,3,0,2428,2011-06-22
59408,Deep End,Deep End,en,11.23,1970-09-01,1970,7.0,196,66122,1,0,2571,2011-07-26
31952,The Vampire Lovers,The Vampire Lovers,en,11.662,1970-10-04,1970,6.381,194,66518,3,0,2602,2011-08-12
198289,Bambule,Bambule,de,1.61,1970-05-24,1970,4.5,6,65449,3,0,2634,2011-08-23
26617,Five Easy Pieces,Five Easy Pieces,en,9.362,1970-09-12,1970,7.108,518,65724,3,0,2984,2012-01-11
9062,Love Story,Love Story,en,16.563,1970-12-16,1970,6.8,688,66011,1,0,3302,2012-06-02
82976,The Novices,Les Novices,fr,1.687,1970-04-01,1970,4.7,10,66164,3,0,3537,2012-09-21
34377,The Boys in the Band,The Boys in the Band,en,7.057,1970-03-16,1970,7.0,102,65488,0,0,3681,2012-11-20
34479,Scars of Dracula,Scars of Dracula,en,8.145,1970-11-08,1970,6.067,166,67713,1,0,4201,2013-06-02
29748,Taste the Blood of Dracula,Taste the Blood of Dracula,en,8.026,1970-05-07,1970,6.092,168,65073,3,0,4237,2013-06-13
71943,House of Dark Shadows,House of Dark Shadows,en,6.333,1970-09-09,1970,6.6,76,65856,2,1,4340,2013-07-12
10671,Airport,Airport,en,14.588,1970-03-25,1970,6.41,389,65377,3,0,4801,2013-11-09
72899,The Music Lovers,The Music Lovers,en,2.828,1971-02-12,1971,6.5,47,66109,1,0,5484,2014-05-18
8416,The Conformist,Il conformista,it,11.97,1970-07-01,1970,7.7,671,65571,3,0,5512,2014-05-29
42586,Darling Lili,Darling Lili,en,3.349,1970-06-18,1970,5.5,33,65611,3,1,6274,2015-05-26
14801,Colossus: The Forbin Project,Colossus: The Forbin Project,en,7.994,1970-04-08,1970,6.875,208,64177,0,0,6605,2015-12-13
5620,Count Dracula,"Nachts, wenn Dracula erwacht",en,8.874,1970-04-03,1970,5.9,110,65569,1,0,7057,2016-08-22
33205,Dodes'ka-den,どですかでん,ja,12.492,1970-10-31,1970,7.0,135,65649,3,0,7169,2016-10-04
35838,Tristana,Tristana,es,7.053,1970-03-29,1970,7.2,245,66491,2,1,7559,2017-04-04
5590,Donkey Skin,Peau d'âne,fr,10.569,1970-12-20,1970,7.226,503,66207,3,0,7599,2017-05-01
11040,Little Big Man,Little Big Man,en,12.41,1970-12-23,1970,7.5,627,65988,1,0,7753,2017-07-27
33157,Waterloo,Waterloo,en,12.033,1970-10-26,1970,7.2,199,66549,0,0,7907,2017-11-17
2860,Claire's Knee,Le Genou de Claire,fr,6.568,1970-12-11,1970,7.3,252,65772,3,0,7923,2017-11-26
11165,Tora! Tora! Tora!,Tora! Tora! Tora!,en,24.465,1970-01-26,1970,7.161,535,66473,1,0,8322,2018-07-12
3423,The Things of Life,Les Choses de la vie,fr,9.863,1970-03-13,1970,7.1,232,64165,1,0,8429,2018-10-04
10364,Catch-22,Catch-22,en,42.972,1970-06-24,1970,6.7,304,65528,3,0,8774,2019-06-30
37662,The Railway Children,The Railway Children,en,15.102,1970-12-21,1970,6.7,86,66279,3,0,9048,2020-03-23
80560,Wanda,Wanda,en,5.332,1970-09-01,1970,6.8,137,67961,3,1,9082,2020-04-15
9394,They Call Me Trinity,Lo chiamavano Trinità...,it,21.571,1970-12-22,1970,7.567,1309,67355,2,0,9380,2020-12-14
12127,Pippi in the South Seas,Pippi Långstrump på de sju haven,sv,10.002,1970-01-24,1970,7.0,119,66227,3,0,9386,2020-12-14
26593,Rio Lobo,Rio Lobo,en,24.343,1970-04-01,1970,6.453,253,66301,1,0,9578,2021-03-21
11202,Patton,Patton,en,17.9,1970-01-25,1970,7.507,1095,66206,1,0,9594,2021-03-29
4255,The Party at Kitty and Stud's,The Party at Kitty and Stud's,en,13.68,1970-02-10,1970,3.8,71,65904,3,0,9828,2021-05-14
2912,The Butcher,Le Boucher,fr,6.559,1970-02-27,1970,7.117,231,64106,1,0,9994,2021-08-03
36040,Walkabout,Walkabout,en,10.611,1971-07-01,1971,7.3,396,67959,1,,239,2008-12-14
252,Willy Wonka & the Chocolate Factory,Willy Wonka & the Chocolate Factory,en,41.196,1971-06-29,1971,7.487,3599,67992,2,,304,2009-03-24
636,THX 1138,THX 1138,en,11.093,1971-03-11,1971,6.4,949,66434,0,0,626,2009-12-29
185,A Clockwork Orange,A Clockwork Orange,en,35.71,1971-12-19,1971,8.192,12893,66921,1,0,1039,2010-07-03
22777,The Million Dollar Duck,The Million Dollar Duck,en,10.441,1971-06-30,1971,5.7,85,66728,1,0,1123,2010-07-09
59881,Taking Off,Taking Off,en,4.486,1971-03-28,1971,6.9,83,67820,3,0,1457,2010-08-10
47182,Here Comes Peter Cottontail,Here Comes Peter Cottontail,en,2.722,1971-04-04,1971,5.9,19,249577,1,0,1727,2010-11-02
12335,Bedknobs and Broomsticks,Bedknobs and Broomsticks,en,20.354,1971-10-07,1971,7.0,955,66817,3,0,1770,2010-11-20
9267,And Now for Something Completely Different,And Now for Something Completely Different,en,10.79,1971-09-28,1971,7.239,519,66765,1,0,1837,2010-12-10
343,Harold and Maude,Harold and Maude,en,14.583,1971-12-20,1971,7.6,1090,67185,3,0,2159,2011-04-01
25188,The Last Picture Show,The Last Picture Show,en,13.476,1971-10-03,1971,7.6,691,67328,2,0,2286,2011-05-11
994,Straw Dogs,Straw Dogs,en,14.57,1971-11-25,1971,7.15,941,67800,1,0,2620,2011-08-15
482,Shaft,Shaft,en,9.947,1971-06-25,1971,6.4,362,67741,1,0,2751,2011-10-10
1687,Escape from the Planet of the Apes,Escape from the Planet of the Apes,en,25.529,1971-05-20,1971,6.373,1078,67065,1,1,2893,2011-12-02
5822,Sweet Sweetback's Baadasssss Song,Sweet Sweetback's Baadasssss Song,en,7.783,1971-03-31,1971,5.2,100,67810,1,0,3039,2012-02-11
172475,Mrs. Pollifax — Spy,Mrs. Pollifax — Spy,en,1.291,1971-02-17,1971,6.1,8,67451,3,1,3139,2012-03-23
47446,The Trojan Women,The Trojan Women,en,2.921,1971-05-01,1971,6.1,26,67881,3,0,3194,2012-04-19
74689,Mon oncle Antoine,Mon oncle Antoine,fr,3.813,1971-11-12,1971,6.9,45,67439,3,0,3218,2012-04-30
15393,Play Misty for Me,Play Misty for Me,en,14.211,1971-10-01,1971,6.6,499,67588,3,0,3252,2012-05-13
64345,The Legend of Frenchie King,Les pétroleuses,fr,7.279,1971-12-16,1971,5.5,43,67637,3,0,3476,2012-08-16
46067,"Mary, Queen of Scots","Mary, Queen of Scots",en,7.825,1971-12-22,1971,6.704,54,67402,3,0,3502,2012-08-29
31472,Lust for a Vampire,Lust for a Vampire,en,7.249,1971-01-17,1971,5.9,70,67367,3,0,4327,2013-07-10
16154,Let's Scare Jessica to Death,Let's Scare Jessica to Death,en,7.417,1971-08-27,1971,6.2,171,67341,3,0,4066,2013-04-17
1051,The French Connection,The French Connection,en,14.141,1971-10-09,1971,7.514,1855,67116,1,0,4232,2013-06-12
11302,Bananas,Bananas,en,14.092,1971-04-28,1971,6.7,746,66808,1,0,5312,2014-03-22
29005,McCabe & Mrs. Miller,McCabe & Mrs. Miller,en,11.586,1971-06-24,1971,7.1,394,67411,3,0,5313,2014-03-22
40486,The Lady Hermit,鍾馗娘子,zh,3.746,1971-01-22,1971,6.6,22,67322,3,0,5344,2014-03-31
6619,Death in Venice,Morte a Venezia,it,12.141,1971-03-05,1971,7.3,479,67445,0,0,5375,2014-04-09
681,Diamonds Are Forever,Diamonds Are Forever,en,26.748,1971-12-14,1971,6.4,2100,66995,1,0,5390,2014-04-12
56231,The Working Class Goes to Heaven,La classe operaia va in paradiso,it,7.025,1971-09-17,1971,7.8,340,66919,1,0,6243,2015-05-17
839,Duel,Duel,en,17.091,1971-11-13,1971,7.4,1867,67023,0,0,6351,2015-07-13
39464,Godzilla vs. Hedorah,ゴジラ対ヘドラ,ja,12.138,1971-07-24,1971,6.8,210,67148,3,1,6408,2015-08-17
26405,Wake in Fright,Wake in Fright,en,15.449,1971-07-21,1971,7.322,286,67541,1,0,6763,2016-03-06
466,Klute,Klute,en,13.302,1971-06-23,1971,6.8,439,67309,3,0,6804,2016-03-26
39261,The House That Dripped Blood,The House That Dripped Blood,en,6.231,1971-02-22,1971,6.3,160,65854,3,0,7067,2016-08-25
31767,The Devils,The Devils,en,10.295,1971-07-16,1971,7.481,373,66993,3,0,7158,2016-09-28
38646,Nicholas and Alexandra,Nicholas and Alexandra,en,6.843,1971-11-29,1971,6.9,69,67483,3,1,7189,2016-10-12
17343,Vampyros Lesbos,Vampyros Lesbos,es,11.024,1971-07-15,1971,5.8,134,66380,3,0,7387,2017-01-11
1485,Get Carter,Get Carter,en,13.288,1971-02-03,1971,7.0,489,67128,1,0,7518,2017-03-16
61799,A Girl in Australia,"Bello, onesto, emigrato Australia sposerebbe compaesana illibata",it,6.173,1971-12-22,1971,6.707,92,66824,2,0,7574,2017-04-15
26234,10 Rillington Place,10 Rillington Place,en,7.438,1971-02-10,1971,7.277,195,66730,1,0,7698,2017-06-20
11316,Macbeth,Macbeth,en,9.005,1971-12-20,1971,7.092,278,67372,1,0,8265,2018-05-30
56259,Werewolves on Wheels,Werewolves on Wheels,en,2.819,1971-08-11,1971,4.6,30,67972,1,0,8506,2018-11-30
31283,Hannie Caulder,Hannie Caulder,en,10.112,1971-11-08,1971,6.2,111,68675,0,0,8508,2018-12-03
40732,The Emigrants,Utvandrarna,sv,7.434,1971-03-08,1971,7.5,112,67919,3,0,8641,2019-02-13
26513,Punishment Park,Punishment Park,en,5.592,1971-10-01,1971,7.31,176,67633,3,0,8844,2019-09-11
46175,Daughters of Darkness,Les Lèvres rouges,en,7.832,1971-10-02,1971,6.3,186,67690,3,1,8874,2019-10-25
36850,A New Leaf,A New Leaf,en,8.043,1971-03-11,1971,7.3,165,67482,3,0,9123,2020-05-06
11951,Vanishing Point,Vanishing Point,en,12.363,1971-01-15,1971,7.1,451,67927,0,0,9228,2020-08-06
48207,Melody,Melody,en,6.356,1971-03-28,1971,7.17,50,67418,2,0,9299,2020-10-08
26237,Anand,आनन्द,hi,9.586,1971-03-12,1971,6.955,132,66763,2,0,9324,2020-11-09
11829,Trinity Is Still My Name,...continuavano a chiamarlo Trinità,it,20.309,1971-10-21,1971,7.432,901,68154,1,0,9557,2021-03-14
16328,Johnny Got His Gun,Johnny Got His Gun,en,11.562,1971-08-04,1971,7.5,379,67277,1,0,9591,2021-03-28
10514,The Andromeda Strain,The Andromeda Strain,en,13.279,1971-03-12,1971,7.048,695,66769,3,1,9680,2021-04-25
593,Solaris,Солярис,ru,16.681,1972-03-20,1972,7.811,1608,69293,1,0,679,2010-02-12
692,Pink Flamingos,Pink Flamingos,en,23.79,1972-03-17,1972,6.2,490,69089,3,0,708,2010-03-26
4683,A Gorgeous Girl Like Me,Une belle fille comme moi,fr,4.025,1972-09-13,1972,6.3,73,69442,3,0,1176,2010-07-14
53806,The Other Side of the Underneath,The Other Side of the Underneath,en,1.518,1972-11-21,1972,7.2,17,201820,3,0,1462,2010-08-11
12116,Love in the Afternoon,L'Amour l'après-midi,fr,5.465,1972-09-01,1972,7.3,185,68205,2,0,1636,2010-10-04
10238,Cries and Whispers,Viskningar och rop,sv,14.176,1972-12-21,1972,7.9,689,69467,3,0,2031,2011-02-15
90391,When Michael Calls,When Michael Calls,en,4.371,1972-02-05,1972,5.529,17,67977,2,0,2087,2011-03-04
238,The Godfather,The Godfather,en,171.475,1972-03-14,1972,8.69,20808,68646,2,0,2224,2011-04-23
12530,Avanti!,Avanti!,en,10.67,1972-12-17,1972,7.0,232,68240,3,0,2391,2011-06-12
2000,"Aguirre, the Wrath of God","Aguirre, der Zorn Gottes",de,14.536,1972-12-29,1972,7.5,1102,68182,2,0,2674,2011-09-12
49361,Don't Torture a Duckling,Non si sevizia un paperino,it,10.185,1972-09-29,1972,7.3,371,69019,2,0,2803,2011-10-27
10669,Deliverance,Deliverance,en,14.767,1972-08-18,1972,7.3,1589,68473,1,0,3395,2012-07-03
11943,Jeremiah Johnson,Jeremiah Johnson,en,17.029,1972-09-10,1972,7.284,608,68762,1,0,2924,2011-12-13
14902,1776,1776,en,5.401,1972-11-09,1972,6.8,74,68156,1,0,2986,2012-01-12
5183,Travels with My Aunt,Travels with My Aunt,en,3.344,1972-12-17,1972,5.9,35,69404,3,0,3132,2012-03-20
55106,Butterflies Are Free,Butterflies Are Free,en,5.062,1972-07-06,1972,6.8,77,68326,3,0,3274,2012-05-21
49106,The Dawns Here Are Quiet,...А зори здесь тихие,ru,11.046,1972-06-06,1972,7.1,139,68161,3,0,3408,2012-07-09
6949,"What's Up, Doc?","What's Up, Doc?",en,16.278,1972-03-09,1972,7.34,387,69495,2,0,4149,2013-05-21
10784,Cabaret,Cabaret,en,17.869,1972-02-13,1972,7.4,885,68327,3,0,4186,2013-05-31
1643,Last Tango in Paris,Ultimo tango a Parigi,it,18.76,1972-12-15,1972,7.0,1216,70849,3,1,4516,2013-08-29
551,The Poseidon Adventure,The Poseidon Adventure,en,23.608,1972-12-01,1972,7.089,887,69113,1,0,4916,2013-12-05
29852,Night of the Dark Full Moon,Night of the Dark Full Moon,en,7.772,1972-11-01,1972,5.089,90,70694,3,0,4981,2013-12-25
993,Sleuth,Sleuth,en,13.254,1972-12-10,1972,7.661,613,69281,0,0,5314,2014-03-22
93068,Prison Girls,Prison Girls,en,3.534,1972-11-22,1972,3.9,13,244730,3,0,6022,2015-01-07
62382,The Mattei Affair,Il caso Mattei,it,4.325,1972-01-26,1972,7.5,101,68346,0,0,6085,2015-01-27
34280,Money Money Money,L'Aventure c'est l'aventure,fr,8.087,1972-05-04,1972,6.669,169,66798,0,0,6140,2015-03-11
68053,Slap the Monster on Page One,Sbatti il mostro in prima pagina,it,5.102,1972-10-19,1972,7.6,166,70641,1,0,6244,2015-05-17
19336,Godzilla vs. Gigan,地球攻撃命令 ゴジラ対ガイガン,ja,16.197,1972-03-12,1972,6.4,199,68371,1,0,6417,2015-08-23
84642,Wedding in White,Wedding in White,en,2.16,1972-10-20,1972,6.5,8,69489,3,0,6500,2015-10-18
5853,Deep Throat,Deep Throat,en,0.0,1972-06-12,1972,5.3,147,68468,3,0,6811,2016-03-30
10310,The Bitter Tears of Petra von Kant,Die bitteren Tränen der Petra von Kant,de,8.891,1972-10-05,1972,7.4,207,68278,3,0,6822,2016-04-07
30566,Blacula,Blacula,en,5.298,1972-08-25,1972,5.455,157,68284,3,0,7019,2016-08-04
15516,The Last House on the Left,The Last House on the Left,en,16.038,1972-08-30,1972,6.0,686,68833,3,0,7186,2016-10-11
573,Frenzy,Frenzy,en,12.086,1972-05-25,1972,7.09,898,68611,3,0,7434,2017-02-08
91487,State of Siege,État de siège,fr,5.705,1972-12-30,1972,7.276,96,70959,0,0,7544,2017-03-30
4593,The Discreet Charm of the Bourgeoisie,Le Charme discret de la bourgeoisie,fr,16.834,1972-09-15,1972,7.5,799,68361,3,0,7964,2017-12-23
23148,Lady Sings the Blues,Lady Sings the Blues,en,4.963,1972-10-12,1972,6.9,63,68828,3,0,9183,2020-06-26
41471,Lone Wolf and Cub: Sword of Vengeance,子連れ狼 子を貸し腕貸しつかまつる,ja,10.747,1972-01-15,1972,7.4,220,68815,0,0,9381,2020-12-14
17810,Lone Wolf and Cub: Baby Cart at the River Styx,子連れ狼 三途の川の乳母車,ja,13.041,1972-04-22,1972,7.3,171,68816,2,0,9382,2020-12-14
41477,Lone Wolf and Cub: Baby Cart in Peril,子連れ狼 親の心子の心,ja,13.559,1972-12-30,1972,7.3,131,143348,0,0,9383,2020-12-14
41474,Lone Wolf and Cub: Baby Cart to Hades,子連れ狼 死に風に向う乳母車,ja,17.141,1972-09-02,1972,7.1,137,68817,0,0,9384,2020-12-14
22307,Sisters,Sisters,en,11.857,1973-04-18,1973,6.719,393,70698,3,0,9454,2021-01-25
214525,The Hitchhikers,The Hitchhikers,en,2.673,1972-07-13,1972,4.8,14,67206,3,0,9736,2021-04-29
22910,The Big Bird Cage,The Big Bird Cage,en,11.063,1972-07-01,1972,5.7,72,68273,3,0,9747,2021-04-30
1721,All the Way Boys,...più forte ragazzi!,it,12.171,1972-12-22,1972,6.757,381,69095,0,0,9774,2021-05-01
20803,Ivan Vasilyevich Changes His Profession,Иван Васильевич меняет профессию,ru,16.185,1973-09-17,1973,7.928,353,70233,1,,257,2009-01-17
3133,Badlands,Badlands,en,13.665,1974-01-05,1974,7.5,1187,69762,0,,269,2009-02-03
931,Don't Look Now,Don't Look Now,en,15.792,1973-01-18,1973,6.9,1057,69995,3,0,722,2010-04-05
9552,The Exorcist,The Exorcist,en,51.334,1973-12-26,1973,7.734,7987,70047,3,0,751,2010-04-24
16307,The Wicker Man,The Wicker Man,en,16.462,1973-12-06,1973,7.352,1410,70917,3,0,939,2010-06-12
760,The Mad Adventures of Rabbi Jacob,Les Aventures de Rabbi Jacob,fr,13.812,1973-10-17,1973,7.401,974,69747,2,0,1550,2010-09-08
28797,"Black Mama, White Mama","Black Mama, White Mama",en,6.534,1973-01-19,1973,5.4,83,68282,3,0,1281,2010-07-23
4495,The Spirit of the Beehive,El espíritu de la colmena,es,10.692,1973-10-08,1973,7.6,346,70040,3,0,1768,2010-11-19
9277,The Sting,The Sting,en,19.583,1973-12-25,1973,8.024,2610,70735,1,0,2316,2011-05-20
42458,A Touch of Class,A Touch of Class,en,4.95,1973-05-25,1973,6.044,57,70819,2,0,2444,2011-06-26
11561,Sleeper,Sleeper,en,10.215,1973-12-17,1973,6.9,781,70707,1,0,2447,2011-06-26
31596,Lemora: A Child's Tale of the Supernatural,Lemora: A Child's Tale of the Supernatural,en,7.847,1973-05-01,1973,6.1,59,70300,3,0,2682,2011-09-16
9040,Serpico,Serpico,en,16.218,1973-12-18,1973,7.5,1928,70666,1,0,2769,2011-10-16
12101,Soylent Green,Soylent Green,en,17.029,1973-04-18,1973,6.932,1269,70723,1,0,2816,2011-11-01
8327,The Holy Mountain,La montaña sagrada,es,18.807,1973-11-29,1973,7.6,905,71615,1,0,2848,2011-11-19
5924,Papillon,Papillon,en,32.218,1973-12-16,1973,7.841,1914,70511,0,0,3433,2012-07-17
11293,Paper Moon,Paper Moon,en,14.835,1973-05-09,1973,7.848,722,70510,3,0,3446,2012-07-26
12545,Jesus Christ Superstar,Jesus Christ Superstar,en,16.423,1973-08-15,1973,7.045,553,70239,0,0,3688,2012-11-24
838,American Graffiti,American Graffiti,en,16.954,1973-08-11,1973,7.0,1435,69704,2,0,4610,2013-09-22
11886,Robin Hood,Robin Hood,en,30.055,1973-11-08,1973,7.3,4338,70608,3,0,4667,2013-10-06
16180,The Legend of Hell House,The Legend of Hell House,en,8.653,1973-06-15,1973,6.688,248,70294,3,0,4882,2013-11-26
11901,High Plains Drifter,High Plains Drifter,en,17.98,1973-04-19,1973,7.346,1155,68699,1,0,5127,2014-02-02
80911,Payday,Payday,en,1.411,1973-09-22,1973,6.1,16,69067,2,0,5187,2014-02-20
203,Mean Streets,Mean Streets,en,13.285,1973-10-14,1973,7.1,2086,70379,1,0,5315,2014-03-22
253,Live and Let Die,Live and Let Die,en,30.468,1973-06-27,1973,6.507,2044,70328,1,0,5393,2014-04-12
82969,Don Juan or If Don Juan Were a Woman,Don Juan ou si Don Juan était une femme...,fr,6.653,1973-02-22,1973,4.3,28,69990,3,0,5439,2014-05-03
1675,Day for Night,La Nuit américaine,fr,11.639,1973-05-24,1973,7.796,592,70460,3,0,5996,2014-12-21
13479,A Charlie Brown Thanksgiving,A Charlie Brown Thanksgiving,en,15.562,1973-11-20,1973,7.3,255,68359,2,0,6078,2015-01-27
20842,Children Shouldn't Play with Dead Things,Children Shouldn't Play with Dead Things,en,5.76,1972-06-09,1972,5.4,95,68370,3,0,6079,2015-01-27
39264,Godzilla vs. Megalon,ゴジラ対メガロ,ja,9.662,1973-03-17,1973,6.2,207,70122,0,0,6484,2015-10-10
2487,Lady Snowblood,修羅雪姫,ja,15.584,1973-12-01,1973,7.5,360,158714,3,0,6733,2016-02-17
28156,The Baby,The Baby,en,7.858,1973-03-01,1973,5.9,79,69754,3,0,6815,2016-03-31
21035,Turkish Delight,Turks Fruit,nl,9.89,1973-02-22,1973,6.9,185,70842,3,0,7020,2016-08-04
12550,Attack of the Blind Dead,El ataque de los muertos sin ojos,es,5.321,1973-05-17,1973,5.8,70,68232,3,0,7406,2017-01-18
29425,The Crazies,The Crazies,en,6.112,1973-03-16,1973,6.066,364,69895,3,0,7593,2017-04-27
42457,A Doll's House,A Doll's House,en,2.885,1973-04-10,1973,5.5,19,69987,3,1,7603,2017-05-04
35669,The Satanic Rites of Dracula,The Satanic Rites of Dracula,en,9.474,1973-11-03,1973,5.617,143,70634,1,0,8320,2018-07-11
11577,Pat Garrett & Billy the Kid,Pat Garrett & Billy the Kid,en,13.281,1973-05-23,1973,7.199,402,70518,1,0,8828,2019-08-25
91618,Terminal Island,Terminal Island,en,4.555,1973-06-22,1973,5.4,34,70782,3,0,8842,2019-09-11
9461,Enter the Dragon,Enter the Dragon,en,20.308,1973-08-17,1973,7.4,1885,70034,1,0,8926,2019-12-08
32615,The Offence,The Offence,en,8.197,1973-01-11,1973,6.807,153,70468,0,0,9166,2020-06-12
16306,Fantastic Planet,La Planète sauvage,fr,10.929,1973-12-01,1973,7.7,962,70544,0,0,9298,2020-10-08
11048,The Knock Out Cop,Piedone lo sbirro,it,10.173,1973-10-25,1973,6.453,169,70534,0,0,9558,2021-03-14
88950,'Gator Bait,'Gator Bait,en,3.658,1974-10-12,1974,5.3,21,74080,0,0,9738,2021-04-29
28802,Female Vampire,La Comtesse noire,fr,9.105,1973-04-07,1973,4.4,56,69745,3,0,9760,2021-04-30
19095,A Virgin Among the Living Dead,Une vierge chez les morts-vivants,fr,6.74,1973-11-15,1973,4.9,59,66914,3,0,9761,2021-04-30
84473,The Iron Rose,La Rose de fer,fr,4.413,1973-04-12,1973,6.4,68,126004,0,0,9763,2021-04-30
9474,My Name Is Nobody,Il mio nome è Nessuno,it,14.905,1973-12-13,1973,7.264,938,70215,0,0,9777,2021-05-01
2926,The Three Musketeers,The Three Musketeers,en,21.168,1973-12-11,1973,6.8,302,72281,2,0,9824,2021-05-13
42463,Wedding in Blood,Les Noces rouges,fr,3.358,1973-04-12,1973,6.3,57,70453,3,0,9995,2021-08-03
27019,Céline and Julie Go Boating,Céline et Julie vont en bateau,fr,6.886,1974-09-18,1974,6.7,130,71381,3,,264,2009-01-27
11072,Blazing Saddles,Blazing Saddles,en,19.185,1974-02-07,1974,7.247,1865,71230,1,0,845,2010-05-27
3034,Young Frankenstein,Young Frankenstein,en,23.918,1974-12-15,1974,7.873,3130,72431,2,0,1077,2010-07-04
4923,Zardoz,Zardoz,en,13.507,1974-02-06,1974,6.0,442,70948,2,0,1673,2010-10-21
1410,Dark Star,Dark Star,en,12.272,1974-04-01,1974,5.9,562,69945,0,0,1814,2010-12-03
21489,The Odessa File,The Odessa File,en,9.745,1974-10-17,1974,6.6,182,71935,3,1,2025,2011-02-14
16153,Alice Doesn't Live Here Anymore,Alice Doesn't Live Here Anymore,en,11.689,1974-12-09,1974,7.0,458,71115,3,0,2214,2011-04-23
829,Chinatown,Chinatown,en,23.241,1974-06-20,1974,7.9,3831,71315,2,0,2237,2011-04-23
27977,The Groove Tube,The Groove Tube,en,1.726,1974-06-23,1974,5.0,18,71583,1,0,2399,2011-06-15
30497,The Texas Chain Saw Massacre,The Texas Chain Saw Massacre,en,36.285,1974-10-11,1974,7.3,3344,72271,1,0,2814,2011-11-01
35275,Mame,Mame,en,5.216,1974-03-07,1974,6.0,27,71803,3,0,3236,2012-05-08
16938,Black Christmas,Black Christmas,en,27.735,1974-10-11,1974,6.921,819,71222,3,0,3770,2012-12-26
240,The Godfather Part II,The Godfather Part II,en,100.822,1974-12-20,1974,8.572,12556,71562,2,0,3896,2013-02-14
592,The Conversation,The Conversation,en,16.806,1974-04-07,1974,7.5,1739,71360,1,0,3985,2013-03-16
5919,The Towering Inferno,The Towering Inferno,en,13.466,1974-12-14,1974,7.0,930,72308,1,0,4520,2013-08-29
50254,Edvard Munch,Edvard Munch,no,3.27,1974-11-12,1974,7.4,66,74462,1,0,4901,2013-12-02
216,Ali: Fear Eats the Soul,Angst essen Seele auf,de,13.405,1974-03-05,1974,7.7,396,71141,3,0,5118,2014-01-30
682,The Man with the Golden Gun,The Man with the Golden Gun,en,32.257,1974-12-04,1974,6.443,2037,71807,1,0,5434,2014-05-02
13939,Death Wish,Death Wish,en,18.501,1974-07-24,1974,6.899,843,71402,3,0,5531,2014-06-04
27327,Phantom of the Paradise,Phantom of the Paradise,en,18.045,1974-10-31,1974,7.5,661,71994,0,0,5781,2014-09-26
14267,Female Trouble,Female Trouble,en,6.382,1974-10-04,1974,6.989,189,72979,3,0,5843,2014-10-15
17365,The Parallax View,The Parallax View,en,13.923,1974-06-14,1974,6.8,310,71970,0,0,5999,2014-12-23
22048,Foxy Brown,Foxy Brown,en,22.583,1974-04-05,1974,6.259,222,71517,3,0,6175,2015-03-29
22121,Truck Turner,Truck Turner,en,3.87,1974-06-26,1974,6.5,51,72325,3,0,6465,2015-09-24
38582,Godzilla vs. Mechagodzilla,ゴジラ対メカゴジラ,ja,13.321,1974-03-21,1974,7.0,245,71565,1,0,6480,2015-10-04
115497,Brief Encounter,Brief Encounter,en,3.193,1974-11-12,1974,4.8,10,71247,3,0,6535,2015-11-05
4031,Going Places,Les Valseuses,fr,15.096,1974-03-20,1974,6.8,431,72353,2,0,6758,2016-03-02
24402,Emmanuelle,Emmanuelle,fr,45.484,1974-06-25,1974,6.0,760,71464,3,0,7003,2016-07-28
29845,A Woman Under the Influence,A Woman Under the Influence,en,13.126,1974-11-18,1974,7.798,490,72417,3,0,7076,2016-08-29
26480,The Legend of the 7 Golden Vampires,The Legend of the 7 Golden Vampires,en,7.766,1974-07-11,1974,5.9,126,70297,1,0,7077,2016-08-29
93934,Je Tu Il Elle,"Je, tu, il, elle",fr,5.985,1974-12-31,1974,6.381,80,71690,3,1,7249,2016-11-07
25627,The Living Dead at Manchester Morgue,Non si deve profanare il sonno dei morti,it,5.721,1974-11-28,1974,6.392,208,71431,2,0,7338,2016-12-18
86889,Dracula,Dracula,en,8.008,1974-06-13,1974,6.284,67,70003,3,0,8140,2018-04-04
30885,Vampyres,Vampyres,en,8.378,1974-07-06,1974,6.0,141,72354,3,0,8355,2018-08-04
5121,The Sugarland Express,The Sugarland Express,en,15.631,1974-03-31,1974,6.6,389,72226,2,0,8551,2018-12-14
27932,Airport 1975,Airport 1975,en,12.833,1974-10-18,1974,5.7,260,71110,3,0,9046,2020-03-22
20121,Killdozer,Killdozer,en,5.76,1974-02-02,1974,5.402,46,71717,0,0,9154,2020-06-06
41486,Lone Wolf and Cub: White Heaven in Hell,子連れ狼 地獄へ行くぞ!大五郎,ja,13.075,1974-04-24,1974,7.1,116,71695,0,0,9385,2020-12-14
29039,The Arena,The Arena,en,6.706,1974-03-13,1974,5.4,42,69729,3,0,9748,2021-04-30
6916,"Watch Out, We're Mad",...altrimenti ci arrabbiamo!,it,17.603,1974-03-29,1974,7.429,808,69697,0,0,9778,2021-05-01
25944,Blood for Dracula,Blood for Dracula,en,9.149,1974-08-13,1974,5.7,155,71233,3,0,10128,2021-11-15
11020,Picnic at Hanging Rock,Picnic at Hanging Rock,en,15.135,1975-09-02,1975,7.2,786,73540,3,,230,2008-12-09
12223,The Stepford Wives,The Stepford Wives,en,9.616,1975-02-12,1975,6.7,314,73747,3,,293,2009-03-04
11963,Three Days of the Condor,Three Days of the Condor,en,16.873,1975-09-24,1975,7.288,1162,73802,1,,337,2009-06-11
43430,"The Irony of Fate, or Enjoy Your Bath!","Ирония судьбы, или С легким паром!",ru,29.157,1975-12-31,1975,7.4,224,73179,2,0,529,2009-10-24
17346,Grey Gardens,Grey Gardens,en,5.075,1976-02-19,1976,7.3,220,73076,3,0,564,2009-12-17
11326,Tommy,Tommy,en,12.68,1975-03-19,1975,6.467,323,73812,1,0,850,2010-05-27
510,One Flew Over the Cuckoo's Nest,One Flew Over the Cuckoo's Nest,en,48.147,1975-11-19,1975,8.414,10502,73486,2,1,1321,2010-07-25
36685,The Rocky Horror Picture Show,The Rocky Horror Picture Show,en,17.972,1975-08-14,1975,7.457,2816,73629,3,1,1228,2010-07-22
9764,Dersu Uzala,Дерсу Узала,ru,15.975,1975-08-02,1975,7.9,541,71411,0,0,1807,2010-12-01
762,Monty Python and the Holy Grail,Monty Python and the Holy Grail,en,29.806,1975-03-14,1975,7.804,5811,71853,2,1,1839,2010-12-11
3175,Barry Lyndon,Barry Lyndon,en,25.64,1975-12-18,1975,8.002,2827,72684,1,0,2317,2011-05-20
578,Jaws,Jaws,en,54.057,1975-06-20,1975,7.7,10504,73195,3,0,2561,2011-07-20
258563,Dialogues of the Exiles,Diálogo de exiliados,es,0.332,1975-04-23,1975,6.6,5,71427,3,0,2760,2011-10-13
170677,The Maids,The Maids,en,2.215,1975-04-21,1975,5.4,13,71798,3,0,2831,2011-11-06
44012,"Jeanne Dielman, 23, quai du Commerce, 1080 Bruxelles","Jeanne Dielman, 23, quai du Commerce, 1080 Bruxelles",fr,6.95,1976-01-21,1976,7.374,305,73198,3,0,3368,2012-06-19
1396,Mirror,Зеркало,ru,17.37,1975-03-07,1975,8.0,951,72443,3,1,3668,2012-11-13
968,Dog Day Afternoon,Dog Day Afternoon,en,20.651,1975-09-21,1975,7.8,2973,72890,3,1,3799,2013-01-03
4561,The Story of O,Histoire d'O,fr,35.888,1975-08-27,1975,5.6,153,73115,3,0,4284,2013-06-28
3121,Nashville,Nashville,en,9.526,1975-06-11,1975,7.2,399,73440,3,0,4517,2013-08-29
19174,Dolemite,Dolemite,en,7.503,1975-04-26,1975,5.9,118,72895,0,0,5798,2014-10-02
18450,Zorro,Zorro,it,20.73,1975-03-06,1975,6.6,150,72448,1,0,5963,2014-12-05
19333,Terror of Mechagodzilla,メカゴジラの逆襲,ja,11.087,1975-03-15,1975,6.9,215,73373,1,0,6564,2015-11-29
4917,A Boy and His Dog,A Boy and His Dog,en,12.614,1975-03-23,1975,6.3,339,72730,0,0,6654,2016-01-06
52633,Switchblade Sisters,Switchblade Sisters,en,6.46,1975-01-05,1975,6.4,88,73778,3,0,6799,2016-03-26
82095,Blonde in Black Leather,Qui comincia l'avventura,it,2.373,1975-09-17,1975,7.7,11,73598,3,0,6900,2016-05-28
28209,Emmanuelle: The Joys of a Woman,Emmanuelle: L'antivierge,fr,44.208,1975-12-15,1975,5.6,142,72933,3,0,7008,2016-07-30
20126,Deep Red,Profondo rosso,it,14.551,1975-03-07,1975,7.8,1466,73582,3,0,7170,2016-10-05
5336,"Salò, or the 120 Days of Sodom",Salò o le 120 giornate di Sodoma,it,25.579,1976-01-10,1976,6.4,2080,73650,3,0,7238,2016-11-03
42258,Katie Tippel,Keetje Tippel,nl,4.173,1975-03-06,1975,6.6,50,73233,3,0,7252,2016-11-08
11686,Love and Death,Love and Death,en,10.196,1975-06-10,1975,7.517,892,73312,3,0,7318,2016-12-08
32069,Inserts,Inserts,en,5.897,1975-02-20,1975,6.0,41,73172,1,0,8958,2020-01-11
13282,Death Race 2000,Death Race 2000,en,16.588,1975-04-30,1975,6.115,488,72856,3,0,9160,2020-06-07
112823,Number Two,Numéro deux,fr,1.953,1975-09-24,1975,6.2,23,73471,3,1,9217,2020-07-30
11053,Flatfoot in Hong Kong,Piedone a Hong Kong,it,9.356,1975-03-28,1975,6.172,134,73541,1,0,9559,2021-03-14
38027,Mandingo,Mandingo,en,11.586,1975-06-06,1975,6.7,132,73349,2,0,9730,2021-04-29
4546,The Count of Monte-Cristo,The Count of Monte-Cristo,en,25.789,1975-10-31,1975,6.7,148,72824,1,0,9823,2021-05-13
17814,Assault on Precinct 13,Assault on Precinct 13,en,12.094,1976-10-08,1976,7.281,1077,74156,3,,219,2008-11-23
7340,Carrie,Carrie,en,24.165,1976-11-03,1976,7.316,3866,74285,3,0,457,2009-08-14
10747,The Outlaw Josey Wales,The Outlaw Josey Wales,en,28.511,1976-06-30,1976,7.418,1141,75029,2,0,967,2010-06-21
991,The Man Who Fell to Earth,The Man Who Fell to Earth,en,15.769,1976-03-18,1976,6.4,523,74851,1,0,1423,2010-08-01
794,The Omen,The Omen,en,21.002,1976-06-25,1976,7.407,2135,75005,3,0,1287,2010-07-23
10803,Logan's Run,Logan's Run,en,20.161,1976-06-23,1976,6.579,937,74812,2,0,1393,2010-07-28
10774,Network,Network,en,15.713,1976-11-14,1976,7.81,1742,74958,3,0,1401,2010-07-28
103,Taxi Driver,Taxi Driver,en,51.883,1976-02-09,1976,8.14,12310,75314,1,0,2223,2011-04-23
1366,Rocky,Rocky,en,55.795,1976-11-20,1976,7.8,7889,75148,1,0,2267,2011-05-03
10970,Silent Movie,Silent Movie,en,9.624,1976-06-17,1976,6.5,289,75222,1,0,2367,2011-05-31
9385,The Twelve Tasks of Asterix,Les 12 travaux d'Astérix,fr,20.562,1976-06-26,1976,7.3,1235,72901,1,0,2530,2011-07-13
8446,Bugsy Malone,Bugsy Malone,en,9.933,1976-07-22,1976,6.572,284,74256,3,0,2640,2011-08-24
21554,Sparkle,Sparkle,en,3.046,1976-04-07,1976,7.6,20,75249,3,0,2672,2011-09-10
56675,Revenge of the Cheerleaders,Revenge of the Cheerleaders,en,4.066,1976-05-01,1976,4.6,34,75137,1,0,2683,2011-09-16
6037,Murder by Death,Murder by Death,en,11.959,1976-06-23,1976,7.2,811,74937,3,0,2949,2011-12-22
42241,Sebastiane,Sebastiane,la,5.46,1976-12-17,1976,6.8,73,75177,1,0,2974,2012-01-07
5879,In the Realm of the Senses,愛のコリーダ,ja,34.507,1976-09-15,1976,6.631,628,74102,3,0,3190,2012-04-16
10518,Marathon Man,Marathon Man,en,12.914,1976-10-08,1976,7.2,1078,74860,1,0,3417,2012-07-11
19610,A Star Is Born,A Star Is Born,en,8.575,1976-12-17,1976,6.0,220,75265,0,0,3722,2012-12-06
1660,Small Change,L'Argent de poche,fr,5.609,1976-03-17,1976,7.143,140,74152,3,0,3879,2013-02-06
19971,The Little Girl Who Lives Down the Lane,The Little Girl Who Lives Down the Lane,en,11.073,1976-12-25,1976,7.006,317,74806,3,0,4185,2013-05-30
37769,The Second Tragic Fantozzi,Il secondo tragico Fantozzi,it,8.179,1976-04-15,1976,7.532,596,75178,1,0,4612,2013-09-22
5854,Family Plot,Family Plot,en,9.949,1976-04-09,1976,6.7,452,74512,3,0,4615,2013-09-22
11558,Silver Streak,Silver Streak,en,16.01,1976-12-03,1976,6.7,326,75223,1,0,5706,2014-08-18
48203,The Desert of the Tartars,Il deserto dei Tartari,it,5.935,1976-10-29,1976,6.8,85,74400,0,0,6505,2015-10-23
891,All the President's Men,All the President's Men,en,12.322,1976-04-09,1976,7.657,1815,74119,1,0,7183,2016-10-10
98964,Pascual Duarte,Pascual Duarte,es,0.793,1976-05-03,1976,5.5,11,73518,1,0,7405,2017-01-17
48197,The Town That Dreaded Sundown,The Town That Dreaded Sundown,en,8.514,1976-12-24,1976,5.803,188,75342,1,0,8161,2018-04-11
11482,The Tenant,Le locataire,en,14.46,1976-05-26,1976,7.621,1119,74811,1,0,8271,2018-06-04
77660,The Fifth Seal,Az ötödik pecsét,hu,3.951,1976-10-07,1976,8.0,77,75467,1,0,8541,2018-12-14
25305,The Gumball Rally,The Gumball Rally,en,6.206,1976-07-28,1976,6.1,75,74597,3,0,8628,2019-02-02
6883,Two-Minute Warning,Two-Minute Warning,en,6.704,1976-11-12,1976,6.157,89,75359,1,0,9152,2020-06-02
22561,Allegro non troppo,Allegro non troppo,it,5.875,1976-03-12,1976,7.2,98,74121,0,1,9297,2020-10-08
6609,Keoma,Keoma,it,7.885,1976-11-25,1976,6.9,146,74740,1,1,9387,2020-12-14
116982,Canoa: A Shameful Memory,Canoa: memoria de un hecho vergonzoso,es,4.957,1976-03-04,1976,7.8,75,131335,0,0,9644,2021-04-11
86194,Drum,Drum,en,3.866,1976-07-30,1976,5.2,16,74437,2,0,9731,2021-04-29
91473,Mandinga,Mandinga,it,2.611,1976-09-09,1976,4.0,9,74855,1,0,9732,2021-04-29
122791,Passion Plantation,Emmanuelle bianca e nera,it,1.704,1976-09-01,1976,3.071,14,74471,2,0,9733,2021-04-29
11,Star Wars,Star Wars,en,136.58,1977-05-25,1977,8.2,20720,76759,1,0,669,2010-01-26
31139,Office Romance,Служебный роман,ru,9.898,1977-10-26,1977,7.985,228,76727,3,0,688,2010-02-22
61280,The Turning Point,The Turning Point,en,7.891,1977-11-14,1977,6.5,59,76843,3,0,693,2010-02-28
42222,Julia,Julia,en,7.608,1977-10-01,1977,6.5,146,76245,3,0,862,2010-05-28
11009,Saturday Night Fever,Saturday Night Fever,en,37.856,1977-12-16,1977,6.726,1912,76666,1,1,911,2010-06-06
250480,The Many Adventures of Winnie the Pooh,The Many Adventures of Winnie the Pooh,en,21.785,1977-03-11,1977,7.3,1042,76363,0,0,1063,2010-07-04
11319,The Rescuers,The Rescuers,en,22.328,1977-06-22,1977,6.769,2476,76618,3,0,1217,2010-07-22
11698,Stroszek,Stroszek,de,8.468,1977-01-12,1977,7.4,258,75276,0,0,1477,2010-08-18
703,Annie Hall,Annie Hall,en,23.224,1977-04-19,1977,7.742,3896,75686,3,0,1469,2010-08-15
14741,The Goodbye Girl,The Goodbye Girl,en,6.969,1977-11-27,1977,6.9,167,76095,3,0,1687,2010-10-23
633,Soldier of Orange,Soldaat van Oranje,nl,7.099,1977-09-22,1977,7.1,155,76734,1,0,1710,2010-10-31
11906,Suspiria,Suspiria,it,28.687,1977-02-01,1977,7.5,2924,76786,3,0,1857,2010-12-18
41662,3 Women,3 Women,en,8.065,1977-04-10,1977,7.1,294,75612,3,0,2524,2011-07-13
25623,House,ハウス,ja,15.021,1977-08-26,1977,7.3,655,76162,3,0,2534,2011-07-14
42229,A Special Day,Una giornata particolare,it,7.595,1977-08-11,1977,8.063,660,76085,2,0,3366,2012-06-17
5902,A Bridge Too Far,A Bridge Too Far,en,26.124,1977-06-15,1977,7.2,819,75784,1,0,2983,2012-01-11
32097,"The Devil, Probably",Le Diable probablement,fr,7.032,1977-06-15,1977,6.806,116,75938,2,0,3216,2012-04-30
14336,ABBA: The Movie,ABBA: The Movie,en,7.888,1977-12-15,1977,6.4,73,75617,1,0,3248,2012-05-11
30062,Eaten Alive,Eaten Alive,en,9.86,1976-12-25,1976,5.463,177,74455,3,0,3567,2012-09-30
840,Close Encounters of the Third Kind,Close Encounters of the Third Kind,en,22.392,1977-12-14,1977,7.357,4217,75860,1,0,3610,2012-10-17
77078,A Little Night Music,A Little Night Music,en,2.345,1977-09-30,1977,6.3,13,76319,3,0,3720,2012-12-06
1421,The Man Who Loved Women,L'Homme qui aimait les femmes,fr,5.963,1977-04-27,1977,7.2,189,76155,1,0,3952,2013-03-04
985,Eraserhead,Eraserhead,en,14.333,1977-09-28,1977,7.344,2422,74486,0,0,4147,2013-05-20
18196,The Sentinel,The Sentinel,en,9.067,1977-01-07,1977,6.1,197,76683,3,0,4200,2013-06-02
46114,The 36 Crazy Fists,三十六迷形拳,zh,3.341,1977-01-01,1977,5.1,15,76661,0,0,4452,2013-08-08
12535,High Anxiety,High Anxiety,en,11.983,1977-12-25,1977,6.4,342,76141,1,0,4474,2013-08-15
102283,Full Circle,Full Circle,en,3.911,1978-02-09,1978,6.1,66,74611,3,0,4936,2013-12-10
11590,Slap Shot,Slap Shot,en,14.647,1977-02-25,1977,6.8,376,76723,3,0,9184,2020-06-28
25763,Damnation Alley,Damnation Alley,en,6.969,1977-09-10,1977,5.1,98,75909,0,0,5694,2014-08-13
691,The Spy Who Loved Me,The Spy Who Loved Me,en,27.151,1977-07-07,1977,6.797,1980,76752,1,0,5723,2014-08-31
26517,Martin,Martin,en,7.088,1977-10-27,1977,6.844,275,77914,1,0,7034,2016-08-10
12262,The Hills Have Eyes,The Hills Have Eyes,en,12.772,1977-07-22,1977,6.2,889,77681,3,0,7195,2016-10-13
14262,Desperate Living,Desperate Living,en,6.761,1977-05-27,1977,6.5,101,75936,3,0,7250,2016-11-07
11598,The Kentucky Fried Movie,The Kentucky Fried Movie,en,10.233,1977-08-10,1977,6.2,313,76257,1,0,7695,2017-06-19
30315,Kingdom of the Spiders,Kingdom of the Spiders,en,7.684,1977-08-24,1977,5.5,119,76271,3,0,7728,2017-07-09
12707,Orca,Orca,en,17.324,1977-07-22,1977,6.148,402,76504,1,0,8401,2018-09-03
11114,Pete's Dragon,Pete's Dragon,en,16.67,1977-11-03,1977,6.3,670,76538,2,0,8439,2018-10-15
31718,"Race for Your Life, Charlie Brown","Race for Your Life, Charlie Brown",en,6.856,1977-07-03,1977,6.665,100,76591,3,0,8746,2019-05-16
19067,The Duellists,The Duellists,en,11.29,1977-08-31,1977,7.27,553,75968,1,0,8860,2019-09-24
40074,Alucarda,"Alucarda, la hija de las tinieblas",es,11.591,1977-12-26,1977,6.5,123,75666,3,0,8985,2020-01-27
66489,Bad,Bad,en,4.583,1977-05-04,1977,6.4,50,75679,3,0,9100,2020-04-29
80220,Peppermint Soda,Diabolo menthe,fr,6.758,1977-12-14,1977,6.5,99,75939,3,0,9113,2020-05-04
38020,Planet of Dinosaurs,Planet of Dinosaurs,en,3.105,1977-11-18,1977,3.8,36,78089,3,0,9211,2020-07-24
29437,Rabid,Rabid,en,8.861,1977-04-08,1977,6.355,497,76590,3,0,9401,2020-12-22
4199,The Man in the Iron Mask,The Man in the Iron Mask,en,8.333,1977-07-17,1977,6.2,58,74853,2,0,9580,2021-03-22
5205,Pumping Iron,Pumping Iron,en,10.399,1977-01-18,1977,7.106,465,76578,0,0,9623,2021-04-04
39412,Emmanuelle 3,Goodbye Emmanuelle,fr,19.595,1977-10-14,1977,4.5,69,77497,3,0,9757,2021-04-30
86508,Love Camp,Frauen im Liebeslager,de,3.484,1977-10-13,1977,5.0,25,74548,3,0,9759,2021-04-30
25388,March or Die,March or Die,en,7.927,1977-09-08,1977,5.801,83,76175,0,0,9775,2021-05-01
16642,Days of Heaven,Days of Heaven,en,16.51,1978-09-13,1978,7.5,1019,77405,3,,238,2008-12-13
8469,Animal House,Animal House,en,24.102,1978-07-28,1978,7.0,1522,77975,2,,303,2009-03-24
22311,The Inglorious Bastards,Quel maledetto treno blindato,it,6.954,1978-02-08,1978,6.228,230,76584,0,0,405,2009-07-31
12761,Autumn Sonata,Höstsonaten,sv,9.279,1978-10-08,1978,7.987,607,77711,3,0,515,2009-09-23
621,Grease,Grease,en,60.511,1978-07-07,1978,7.388,7221,77631,3,0,753,2010-04-24
74849,The Star Wars Holiday Special,The Star Wars Holiday Special,en,10.601,1978-11-17,1978,3.343,462,193524,1,0,1047,2010-07-04
48131,The Shout,The Shout,en,5.968,1978-06-16,1978,5.9,108,78259,0,0,1200,2010-07-20
10766,Damien: Omen II,Damien: Omen II,en,23.547,1978-06-09,1978,6.4,726,77394,2,0,1284,2010-07-23
923,Dawn of the Dead,Dawn of the Dead,en,35.605,1978-09-02,1978,7.5,2080,77402,0,0,1503,2010-08-26
15867,Interiors,Interiors,en,8.743,1978-08-02,1978,6.833,348,77742,3,0,1658,2010-10-10
1924,Superman,Superman,en,61.255,1978-12-14,1978,7.138,3835,78346,1,0,1999,2011-02-06
11837,Watership Down,Watership Down,en,14.751,1978-10-14,1978,7.2,622,78480,1,0,2282,2011-05-10
166680,Avalanche,Avalanche,en,7.361,1978-09-29,1978,3.6,65,77189,2,0,2584,2011-07-29
11778,The Deer Hunter,The Deer Hunter,en,24.843,1978-12-08,1978,7.996,3823,77416,1,0,2668,2011-09-08
948,Halloween,Halloween,en,41.809,1978-10-24,1978,7.564,5636,77651,3,1,2815,2011-11-01
4192,Death on the Nile,Death on the Nile,en,26.994,1978-09-29,1978,7.158,796,77413,3,0,2965,2011-12-29
111469,Girlfriends,Girlfriends,en,4.954,1978-08-11,1978,6.6,69,77613,3,0,3048,2012-02-18
11327,Midnight Express,Midnight Express,en,16.37,1978-08-31,1978,7.496,1703,77928,0,0,3419,2012-07-12
62847,The Hound of the Baskervilles,The Hound of the Baskervilles,en,2.127,1978-08-01,1978,4.6,24,76161,3,0,4317,2013-07-07
4484,La Cage aux Folles,La Cage aux folles,fr,9.531,1978-10-25,1978,6.799,399,77288,2,0,4111,2013-04-27
77859,Ringing Bell,チリンの鈴,ja,3.194,1978-03-11,1978,6.743,35,306646,0,0,4721,2013-10-20
25239,Day of the Woman,Day of the Woman,en,23.852,1978-11-02,1978,6.012,631,77713,0,0,4905,2013-12-03
2186,Within the Woods,Within the Woods,en,2.931,1978-10-30,1978,5.7,68,78503,3,0,5198,2014-02-23
24961,The Wiz,The Wiz,en,12.835,1978-10-24,1978,6.0,259,78504,3,0,5331,2014-03-28
148980,Battlestar Galactica,Battlestar Galactica,en,11.348,1978-09-16,1978,6.9,188,77215,3,1,5548,2014-06-08
15659,Foul Play,Foul Play,en,8.282,1978-07-14,1978,6.3,224,77578,3,0,6406,2015-08-15
34193,Magic,Magic,en,12.313,1978-11-08,1978,6.805,274,77889,1,0,6638,2015-12-27
16241,The Boys from Brazil,The Boys from Brazil,en,14.965,1978-10-05,1978,6.729,389,77269,1,0,6695,2016-01-28
579,Jaws 2,Jaws 2,en,19.189,1978-06-16,1978,6.004,1902,77766,2,0,7223,2016-10-28
22049,Starcrash,Starcrash,it,8.816,1978-12-21,1978,4.202,186,79946,3,0,8160,2018-04-11
123,The Lord of the Rings,The Lord of the Rings,en,32.948,1978-11-15,1978,6.586,918,77869,1,0,8437,2018-10-14
31948,Gray Lady Down,Gray Lady Down,en,5.182,1978-03-10,1978,6.4,79,77629,2,1,8701,2019-04-15
26973,Pretty Baby,Pretty Baby,en,31.125,1978-04-05,1978,7.0,369,78111,2,1,8721,2019-04-26
24429,The Brink's Job,The Brink's Job,en,5.429,1978-12-08,1978,6.0,62,77275,1,0,8887,2019-11-10
2153,The Driver,The Driver,en,13.87,1978-06-08,1978,7.15,442,77474,0,0,9227,2020-08-06
9584,Convoy,Convoy,en,23.128,1978-06-27,1978,6.3,372,77369,0,0,9518,2021-03-13
11144,They Called Him Bulldozer,Lo chiamavano Bulldozer,it,8.059,1978-09-15,1978,6.8,315,77864,0,0,9560,2021-03-14
41426,Jubilee,Jubilee,en,5.542,1978-02-01,1978,5.929,70,76240,3,0,10068,2021-09-26
348,Alien,Alien,en,97.664,1979-05-25,1979,8.158,14873,78748,3,0,13,2008-07-19
696,Manhattan,Manhattan,en,8.6,1979-04-25,1979,7.721,2403,79522,1,0,403,2009-07-31
11474,The Warriors,The Warriors,en,32.852,1979-02-01,1979,7.668,2152,80120,1,0,695,2010-03-04
583,Life of Brian,Life of Brian,en,26.19,1979-08-17,1979,7.8,4419,79470,3,0,787,2010-05-10
16972,The Frisco Kid,The Frisco Kid,en,7.501,1979-07-06,1979,6.121,149,79180,1,0,846,2010-05-27
659,The Tin Drum,Die Blechtrommel,de,18.97,1979-05-02,1979,6.943,466,78875,3,1,1020,2010-07-02
152,Star Trek: The Motion Picture,Star Trek: The Motion Picture,en,20.934,1979-12-07,1979,6.473,1734,79945,1,0,1300,2010-07-24
16858,All That Jazz,All That Jazz,en,13.78,1979-12-16,1979,7.4,508,78754,2,1,1222,2010-07-22
10322,Being There,Being There,en,11.446,1979-12-19,1979,7.616,979,78841,2,0,1699,2010-10-24
661,The Marriage of Maria Braun,Die Ehe der Maria Braun,de,6.728,1979-03-23,1979,7.362,250,79095,3,0,1766,2010-11-19
19827,The In-Laws,The In-Laws,en,6.897,1979-06-15,1979,6.628,117,79336,3,1,2187,2011-04-12
28,Apocalypse Now,Apocalypse Now,en,51.396,1979-05-19,1979,8.276,8262,78788,0,0,2227,2011-04-23
988,The China Syndrome,The China Syndrome,en,12.808,1979-03-16,1979,7.2,455,78966,3,0,2284,2011-05-11
6471,The Jerk,The Jerk,en,11.356,1979-12-14,1979,6.9,812,79367,1,0,2327,2011-05-23
6404,Nosferatu the Vampyre,Nosferatu - Phantom der Nacht,de,55.864,1979-01-17,1979,7.3,875,79641,0,0,2496,2011-07-06
10734,Escape from Alcatraz,Escape from Alcatraz,en,25.145,1979-06-22,1979,7.5,2776,79116,0,0,3420,2012-07-12
698,Moonraker,Moonraker,en,32.226,1979-06-26,1979,6.162,1975,79574,1,0,3504,2012-08-30
1398,Stalker,Сталкер,ru,27.256,1979-05-25,1979,8.1,2185,79944,1,0,3667,2012-11-12
10373,Quadrophenia,Quadrophenia,en,11.558,1979-09-14,1979,7.0,257,79766,1,0,4599,2013-09-18
11449,The Amityville Horror,The Amityville Horror,en,22.4,1979-07-27,1979,6.3,918,78767,3,0,4687,2013-10-12
26326,Rock 'n' Roll High School,Rock 'n' Roll High School,en,9.992,1979-04-20,1979,6.266,137,79813,3,0,4741,2013-10-27
88034,The Hypothesis of the Stolen Painting,L’hypothèse du tableau volé,fr,2.652,1978-04-04,1978,7.048,42,77707,0,0,4766,2013-11-01
16659,My Brilliant Career,My Brilliant Career,en,4.412,1979-08-17,1979,6.179,70,79596,3,0,4797,2013-11-07
24750,Time After Time,Time After Time,en,11.095,1979-09-28,1979,6.826,336,80025,2,0,5234,2014-03-05
14035,Meatballs,Meatballs,en,72.801,1979-06-28,1979,5.817,308,79540,3,0,5415,2014-04-23
31251,Angels' Brigade,Angels' Brigade,en,2.999,1979-02-01,1979,2.827,26,78778,3,0,5708,2014-08-20
180407,The Bell Jar,The Bell Jar,en,2.119,1979-03-20,1979,3.8,3,78843,3,0,6280,2015-05-29
9659,Mad Max,Mad Max,en,49.502,1979-04-12,1979,6.685,4467,79501,3,1,6290,2015-06-02
1367,Rocky II,Rocky II,en,36.665,1979-06-15,1979,7.276,4390,79817,1,0,6870,2016-05-03
9638,Phantasm,Phantasm,en,11.828,1979-03-28,1979,6.5,687,79714,1,0,7092,2016-09-02
9570,The Black Hole,The Black Hole,en,13.159,1979-12-18,1979,5.8,482,78869,0,0,7233,2016-11-02
10654,Hair,Hair,en,18.715,1979-03-15,1979,7.3,662,79261,3,0,7636,2017-05-21
12102,Kramer vs. Kramer,Kramer vs. Kramer,en,19.504,1979-12-07,1979,7.578,2224,79417,1,0,7645,2017-05-21
13570,Tourist Trap,Tourist Trap,en,8.243,1979-03-14,1979,6.071,295,80040,3,0,8168,2018-04-19
15371,Lupin the Third: The Castle of Cagliostro,ルパン三世 カリオストロの城,ja,24.79,1979-07-06,1979,7.5,1035,79833,3,0,8510,2018-12-05
256166,Murder by Natural Causes,Murder by Natural Causes,en,3.009,1979-02-17,1979,6.9,16,79593,1,0,8516,2018-12-10
11176,The Muppet Movie,The Muppet Movie,en,11.647,1979-06-22,1979,7.2,612,79588,2,0,8987,2020-01-27
27924,Autumn Marathon,Осенний марафон,ru,6.079,1979-06-06,1979,7.3,55,79679,1,0,9404,2020-12-25
25476,Scum,Scum,en,8.178,1979-09-12,1979,7.1,192,79871,0,0,9417,2020-12-28
38438,Buffet Froid,Buffet froid,fr,8.272,1979-12-19,1979,7.1,283,78913,0,0,9638,2021-04-10
65156,The North Avenue Irregulars,The North Avenue Irregulars,en,2.219,1979-02-09,1979,6.4,14,79639,3,1,9857,2021-05-29
16323,The Rose,The Rose,en,6.127,1979-11-07,1979,6.7,120,79826,1,0,9876,2021-06-07
40842,Norma Rae,Norma Rae,en,6.356,1979-03-02,1979,7.2,171,79638,3,0,9966,2021-07-15
525,The Blues Brothers,The Blues Brothers,en,31.293,1980-06-16,1980,7.731,4193,80455,1,,208,2008-10-23
3537,Fame,Fame,en,17.083,1980-05-16,1980,6.434,457,80716,3,,360,2009-07-13
1891,The Empire Strikes Back,The Empire Strikes Back,en,41.317,1980-05-20,1980,8.394,17032,80684,0,0,670,2010-01-26
21028,Moscow Does Not Believe in Tears,Москва слезам не верит,ru,11.741,1980-02-11,1980,7.6,245,79579,3,0,684,2010-02-16
19494,Nine to Five,Nine to Five,en,11.218,1980-12-18,1980,6.898,487,80319,3,0,863,2010-05-28
813,Airplane!,Airplane!,en,40.2,1980-07-02,1980,7.3,4497,80339,3,1,873,2010-05-29
694,The Shining,The Shining,en,72.644,1980-05-23,1980,8.2,17553,81505,2,0,930,2010-06-10
1578,Raging Bull,Raging Bull,en,20.084,1980-11-14,1980,7.926,4331,81398,1,0,1437,2010-08-03
23954,Atlantic City,Atlantic City,en,9.659,1980-09-03,1980,6.772,268,80388,3,0,1223,2010-07-22
77334,The Terrace,La terrazza,it,5.486,1980-02-08,1980,7.137,139,81616,3,1,1472,2010-08-17
26200,The Nude Bomb,The Nude Bomb,en,7.955,1980-05-09,1980,5.5,80,81249,1,0,1845,2010-12-12
44805,Loose Shoes,Loose Shoes,en,0.976,1978-09-01,1978,3.5,11,76582,1,0,1882,2010-12-31
17169,Any Which Way You Can,Any Which Way You Can,en,13.01,1980-12-17,1980,5.772,329,80377,1,0,2068,2011-02-25
98864,Resurrection,Resurrection,en,3.633,1980-09-26,1980,6.5,42,81414,1,0,2142,2011-03-26
8689,Cannibal Holocaust,Cannibal Holocaust,it,36.297,1980-02-07,1980,6.296,1644,78935,1,0,2278,2011-05-09
40034,Fade to Black,Fade to Black,en,5.711,1980-10-14,1980,5.6,70,80711,3,0,2377,2011-06-08
790,The Fog,The Fog,en,19.657,1980-02-07,1980,6.729,1554,80749,3,0,2484,2011-07-05
27458,Little Darlings,Little Darlings,en,6.322,1980-03-21,1980,6.5,87,81060,3,0,2799,2011-10-26
10765,Private Benjamin,Private Benjamin,en,11.535,1980-10-06,1980,5.9,377,81375,3,0,2883,2011-11-29
15668,Xanadu,Xanadu,en,8.442,1980-08-08,1980,5.703,263,81777,3,0,3254,2012-05-15
27958,Cruising,Cruising,en,15.519,1980-02-15,1980,6.59,535,80569,0,0,3427,2012-07-16
4499,"Pepi, Luci, Bom","Pepi, Luci, Bom y otras chicas del montón",es,7.544,1980-10-27,1980,6.4,161,81323,3,0,3673,2012-11-15
3604,Flash Gordon,Flash Gordon,en,20.385,1980-09-01,1980,6.219,972,80745,3,1,3858,2013-01-27
16633,Somewhere in Time,Somewhere in Time,en,16.109,1980-10-02,1980,7.5,575,81534,2,0,3873,2013-02-06
40932,Can't Stop the Music,Can't Stop the Music,en,5.664,1980-06-20,1980,5.2,58,80492,3,0,3962,2013-03-09
8536,Superman II,Superman II,en,22.581,1980-12-12,1980,6.734,2269,81573,3,1,4282,2013-06-28
4488,Friday the 13th,Friday the 13th,en,34.241,1980-05-09,1980,6.408,2957,80761,3,0,4569,2013-09-13
10935,Heaven's Gate,Heaven's Gate,en,8.754,1980-11-19,1980,6.8,361,80855,0,1,4960,2013-12-17
16769,Coal Miner's Daughter,Coal Miner's Daughter,en,13.108,1980-03-07,1980,7.3,253,80549,3,0,5681,2014-08-07
5689,The Blue Lagoon,The Blue Lagoon,en,29.279,1980-07-05,1980,6.167,1827,80453,0,0,6395,2015-08-07
18910,The Ninth Configuration,The Ninth Configuration,en,9.305,1980-02-29,1980,6.5,144,81237,0,0,6877,2016-05-10
16619,Ordinary People,Ordinary People,en,14.267,1980-09-19,1980,7.5,626,81283,2,0,7192,2016-10-12
14460,Battle Beyond the Stars,Battle Beyond the Stars,en,9.989,1980-09-08,1980,5.3,197,80421,2,0,7307,2016-12-01
28319,Nightmare City,Incubo sulla città contaminata,it,7.486,1980-12-11,1980,5.8,156,80931,3,0,7389,2017-01-12
8738,The Final Countdown,The Final Countdown,en,21.204,1980-01-31,1980,6.6,592,80736,0,0,7401,2017-01-17
22504,The King and the Mockingbird,Le Roi et l'Oiseau,fr,5.718,1980-03-19,1980,7.751,372,79820,0,0,7987,2018-01-07
6028,The Mirror Crack'd,The Mirror Crack'd,en,10.381,1980-09-19,1980,6.2,203,81163,3,0,8116,2018-03-17
27346,Maniac,Maniac,en,12.641,1980-05-10,1980,6.457,440,81114,3,0,8402,2018-09-04
63625,The Stationmaster Meets His Match,Indul a bakterház,hu,1.202,1980-11-12,1980,7.6,29,121403,1,0,8556,2018-12-14
11335,Popeye,Popeye,en,18.822,1980-12-12,1980,5.5,617,81353,3,0,8945,2020-01-01
166,The Party,La Boum,fr,17.208,1980-12-17,1980,6.614,1118,82100,3,0,9523,2021-03-14
2768,American Gigolo,American Gigolo,en,18.255,1980-02-01,1980,6.141,648,80365,3,0,9781,2021-05-02
11953,Kagemusha,影武者,ja,15.609,1980-04-26,1980,7.805,650,80979,0,0,9819,2021-05-13
85,Raiders of the Lost Ark,Raiders of the Lost Ark,en,57.121,1981-06-12,1981,7.9,12481,82971,3,,340,2009-06-14
10323,Clash of the Titans,Clash of the Titans,en,22.915,1981-06-12,1981,6.9,760,82186,3,0,744,2010-04-19
25468,My Dinner with Andre,My Dinner with Andre,en,18.088,1981-10-11,1981,7.5,394,82783,0,0,874,2010-05-29
22171,Ms .45,Ms .45,en,10.819,1981-04-24,1981,6.7,352,82776,3,0,972,2010-06-24
109962,Rich and Famous,Rich and Famous,en,6.915,1981-09-23,1981,5.4,34,82992,3,0,1568,2010-09-13
12528,Southern Comfort,Southern Comfort,en,12.354,1981-09-24,1981,6.9,308,83111,0,0,1197,2010-07-19
10948,The Fox and the Hound,The Fox and the Hound,en,36.192,1981-07-10,1981,7.1,3233,82406,2,0,1124,2010-07-09
1103,Escape from New York,Escape from New York,en,23.917,1981-05-23,1981,7.069,3144,82340,0,0,1427,2010-08-02
10156,History of the World: Part I,History of the World: Part I,en,18.319,1981-06-12,1981,6.778,794,82517,1,0,1081,2010-07-04
12579,The Woman Next Door,La Femme d'à côté,fr,8.884,1981-09-30,1981,7.1,313,82370,3,0,1646,2010-10-05
71303,Umrao Jaan,امراؤ جان,ur,1.35,1981-03-16,1981,6.1,18,83248,3,1,1707,2010-10-29
62204,Quest for Fire,La Guerre du feu,fr,13.856,1981-12-16,1981,7.1,501,82484,1,0,2053,2011-02-18
14269,Polyester,Polyester,en,9.915,1981-05-29,1981,6.967,167,82926,3,0,2062,2011-02-21
14900,The Great Muppet Caper,The Great Muppet Caper,en,9.007,1981-06-26,1981,6.8,301,82474,3,0,2073,2011-02-26
387,Das Boot,Das Boot,de,23.467,1981-09-17,1981,8.087,2221,82096,0,0,2143,2011-03-27
35685,Lady Chatterley's Lover,Lady Chatterley's Lover,en,11.008,1981-06-29,1981,5.4,77,82640,3,1,2533,2011-07-14
18254,Reds,Reds,en,12.193,1981-12-25,1981,6.873,330,82979,3,0,2667,2011-09-08
36819,Time Bandits,Time Bandits,en,20.222,1981-07-13,1981,6.6,1003,81633,1,0,2697,2011-09-20
10540,Outland,Outland,en,11.858,1981-05-22,1981,6.4,601,82869,1,0,2753,2011-10-11
814,An American Werewolf in London,An American Werewolf in London,en,24.903,1981-08-21,1981,7.4,2423,82010,2,0,2873,2011-11-27
11827,Heavy Metal,Heavy Metal,en,18.868,1981-08-07,1981,6.5,697,82509,1,0,3231,2012-05-08
14412,Body Heat,Body Heat,en,20.755,1981-08-28,1981,7.0,606,82089,2,1,3549,2012-09-26
15660,Mommie Dearest,Mommie Dearest,en,7.414,1981-09-16,1981,6.4,204,82766,3,0,3641,2012-10-31
764,The Evil Dead,The Evil Dead,en,45.183,1981-09-10,1981,7.284,4005,83907,1,1,3918,2013-02-21
9589,Christiane F.,Christiane F. - Wir Kinder vom Bahnhof Zoo,de,17.552,1981-04-02,1981,7.3,1325,82176,3,0,3976,2013-03-12
17450,Pennies from Heaven,Pennies from Heaven,en,6.063,1981-12-11,1981,6.034,89,82894,1,0,4009,2013-03-24
21874,Looker,Looker,en,10.465,1981-10-30,1981,6.1,118,82677,1,0,4561,2013-09-12
9725,Friday the 13th Part 2,Friday the 13th Part 2,en,21.799,1981-05-01,1981,6.192,1681,82418,2,0,4572,2013-09-13
11281,Halloween II,Halloween II,en,18.383,1981-10-30,1981,6.6,2031,82495,3,0,4708,2013-10-18
10890,Stripes,Stripes,en,16.136,1981-06-26,1981,6.5,902,83131,2,0,5325,2014-03-25
46364,Inseminoid,Inseminoid,en,8.049,1981-01-23,1981,4.028,106,84090,3,0,5338,2014-03-30
11298,The Howling,The Howling,en,19.837,1981-01-21,1981,6.56,770,82533,3,0,5378,2014-04-10
699,For Your Eyes Only,For Your Eyes Only,en,24.938,1981-06-24,1981,6.529,1850,82398,3,0,5955,2014-12-01
289706,Der subjektive Faktor,Der subjektive Faktor,de,0.893,1981-06-12,1981,4.0,4,83137,3,0,6240,2015-05-10
32480,The Marquis of Grillo,Il marchese del Grillo,it,6.627,1981-12-23,1981,7.8,462,82714,3,0,6245,2015-05-17
21764,Gregory's Girl,Gregory's Girl,en,4.662,1981-04-23,1981,6.74,131,82477,3,0,6496,2015-10-18
9443,Chariots of Fire,Chariots of Fire,en,15.64,1981-05-15,1981,6.783,918,82158,1,0,6507,2015-10-24
250155,The Marva Collins Story,The Marva Collins Story,en,2.808,1981-12-01,1981,7.3,5,82719,1,0,6630,2015-12-25
11644,Blow Out,Blow Out,en,19.467,1981-07-24,1981,7.4,1462,82085,3,1,6865,2016-04-30
848,Dragonslayer,Dragonslayer,en,10.89,1981-06-26,1981,6.5,273,82288,1,0,6944,2016-06-22
19204,The Beyond,...E tu vivrai nel terrore! L'aldilà,it,12.494,1981-04-22,1981,6.9,580,82307,3,0,7221,2016-10-24
37936,Happy Birthday to Me,Happy Birthday to Me,en,9.915,1981-05-15,1981,6.066,204,82498,3,0,7362,2016-12-27
110001,Escape From Segovia,La fuga de Segovia,es,2.277,1981-11-07,1981,6.0,6,82424,0,0,7477,2017-03-02
27997,Shock Treatment,Shock Treatment,en,6.314,1981-08-21,1981,5.8,91,83067,3,0,7732,2017-07-10
4485,Diva,Diva,fr,7.723,1981-03-11,1981,6.7,232,82269,1,0,8180,2018-04-29
44247,The Prowler,The Prowler,en,6.823,1981-11-06,1981,6.0,227,82951,3,0,8411,2018-09-13
28893,Galaxy of Terror,Galaxy of Terror,en,9.573,1981-10-01,1981,5.3,206,82431,3,0,8413,2018-09-14
25566,Ragtime,Ragtime,en,8.685,1981-11-20,1981,7.0,161,82970,2,0,8417,2018-09-18
11527,Excalibur,Excalibur,en,14.895,1981-04-10,1981,6.9,1007,82348,1,0,8502,2018-11-29
11524,Thief,Thief,en,13.614,1981-03-27,1981,7.182,692,83190,0,0,8789,2019-07-18
11816,On Golden Pond,On Golden Pond,en,11.492,1981-12-04,1981,7.2,461,82846,1,0,8837,2019-09-03
24274,Dead & Buried,Dead & Buried,en,6.448,1981-05-29,1981,6.4,287,82242,1,0,8973,2020-01-19
19429,Absence of Malice,Absence of Malice,en,8.859,1981-11-19,1981,6.59,210,81974,3,0,9049,2020-03-23
63441,Masked Avengers,叉手,zh,3.749,1981-05-15,1981,6.964,28,82153,0,0,9158,2020-06-06
9538,Scanners,Scanners,en,15.856,1981-01-14,1981,6.721,1198,81455,1,0,9416,2020-12-28
17360,Escape to Victory,Escape to Victory,en,25.214,1981-06-17,1981,6.891,920,83284,0,0,9728,2021-04-29
21610,Nighthawks,Nighthawks,en,11.83,1981-03-17,1981,6.4,425,82817,0,0,9729,2021-04-29
8691,Cannibal Ferox,Cannibal Ferox,it,9.893,1981-04-24,1981,5.4,241,82700,3,0,9750,2021-04-30
21484,Possession,Possession,fr,34.444,1981-05-27,1981,7.3,1110,82933,1,1,9809,2021-05-12
4483,The Return of Martin Guerre,Le Retour de Martin Guerre,fr,13.77,1982-05-14,1982,6.695,187,84589,3,,231,2008-12-09
78,Blade Runner,Blade Runner,en,62.619,1982-06-25,1982,7.94,13826,83658,1,,234,2008-12-10
9387,Conan the Barbarian,Conan the Barbarian,en,28.644,1982-04-02,1982,6.805,2504,82198,1,0,407,2009-08-02
27016,"Ladies and Gentlemen, the Fabulous Stains","Ladies and Gentlemen, the Fabulous Stains",en,4.121,1982-10-01,1982,6.2,54,82639,3,0,821,2010-05-20
15739,Annie,Annie,en,23.882,1982-05-21,1982,6.5,696,83564,3,0,851,2010-05-27
154,Star Trek II: The Wrath of Khan,Star Trek II: The Wrath of Khan,en,16.059,1982-06-04,1982,7.454,1918,84726,3,1,896,2010-06-04
97,Tron,Tron,en,19.977,1982-07-09,1982,6.655,2288,84827,0,0,1002,2010-06-28
15764,Sophie's Choice,Sophie's Choice,en,15.976,1982-12-08,1982,7.3,855,84707,3,1,1003,2010-06-28
11639,The Dark Crystal,The Dark Crystal,en,17.343,1982-12-17,1982,7.116,1127,83791,1,0,1035,2010-07-03
11704,The Secret of NIMH,The Secret of NIMH,en,16.042,1982-06-17,1982,7.435,827,84649,3,1,1510,2010-08-28
10150,The Last Unicorn,The Last Unicorn,en,18.201,1982-11-19,1982,7.1,496,84237,3,0,1226,2010-07-22
601,E.T. the Extra-Terrestrial,E.T. the Extra-Terrestrial,en,60.476,1982-06-11,1982,7.5,11211,83866,3,1,1645,2010-10-05
20980,Liquid Sky,Liquid Sky,en,4.994,1982-08-01,1982,5.823,116,85852,3,0,1696,2010-10-24
1091,The Thing,The Thing,en,50.451,1982-06-25,1982,8.064,7035,84787,0,0,1861,2010-12-20
17590,Deathtrap,Deathtrap,en,8.097,1982-03-19,1982,6.7,255,83806,3,0,1881,2010-12-30
262,The King of Comedy,The King of Comedy,en,16.608,1982-12-18,1982,7.8,2298,85794,1,0,1896,2011-01-09
13342,Fast Times at Ridgemont High,Fast Times at Ridgemont High,en,16.892,1982-08-13,1982,6.798,1238,83929,2,0,1934,2011-01-26
10831,The Draughtsman's Contract,The Draughtsman's Contract,en,6.746,1982-11-12,1982,7.1,231,83851,2,0,2241,2011-04-24
94066,Smithereens,Smithereens,en,2.916,1982-09-11,1982,6.6,40,84698,3,0,2251,2011-04-29
67772,"Come Back to the 5 & Dime, Jimmy Dean, Jimmy Dean","Come Back to the 5 & Dime, Jimmy Dean, Jimmy Dean",en,3.325,1982-11-12,1982,6.0,69,83745,3,0,2298,2011-05-16
6217,Cat People,Cat People,en,16.093,1982-04-02,1982,6.1,508,83722,3,0,2770,2011-10-17
9576,Tootsie,Tootsie,en,17.881,1982-12-17,1982,7.215,1743,84805,1,0,2874,2011-11-28
9037,Grease 2,Grease 2,en,22.055,1982-06-11,1982,5.2,672,84021,3,0,3034,2012-02-09
5961,Fanny and Alexander,Fanny och Alexander,sv,13.527,1982-12-17,1982,7.759,780,83922,2,1,3078,2012-02-27
27475,The Slumber Party Massacre,The Slumber Party Massacre,en,7.415,1982-09-10,1982,5.6,340,84695,3,0,3105,2012-03-10
1368,First Blood,First Blood,en,48.594,1982-10-22,1982,7.492,6269,83944,0,0,3342,2012-06-11
42251,Forbidden World,Forbidden World,en,7.573,1982-05-07,1982,5.218,154,83959,3,1,3618,2012-10-20
32692,Godard's Passion,Passion,fr,4.438,1982-05-26,1982,5.8,57,84481,3,0,3946,2013-03-02
10246,Porky's,Porky's,en,14.142,1981-11-13,1981,6.396,850,84522,2,0,4005,2013-03-22
11314,Koyaanisqatsi,Koyaanisqatsi,en,9.83,1983-04-27,1983,7.9,685,85809,0,0,4079,2013-04-22
16363,The Best Little Whorehouse in Texas,The Best Little Whorehouse in Texas,en,12.668,1982-07-23,1982,6.143,157,83642,3,0,4124,2013-05-08
13776,Diner,Diner,en,12.549,1982-04-02,1982,6.8,280,83833,1,0,4406,2013-07-28
609,Poltergeist,Poltergeist,en,24.257,1982-06-04,1982,7.146,3013,84516,3,0,4544,2013-09-05
36431,Countryman,Countryman,en,1.082,1982-07-05,1982,5.7,15,83762,0,0,4564,2013-09-13
9728,Friday the 13th Part III,Friday the 13th Part III,en,24.468,1982-08-13,1982,5.9,1407,83972,3,0,4573,2013-09-14
11340,Banana Joe,Banana Joe,it,16.689,1982-03-24,1982,6.668,453,82045,0,0,4584,2013-09-15
3526,Frances,Frances,en,6.481,1982-12-03,1982,6.86,107,83967,3,1,4844,2013-11-17
150,48 Hrs.,48 Hrs.,en,16.719,1982-12-07,1982,6.687,1484,83511,2,0,5355,2014-04-03
12104,Pink Floyd: The Wall,Pink Floyd: The Wall,en,10.852,1982-07-14,1982,7.961,1492,84503,0,0,6068,2015-01-27
27088,The Last American Virgin,The Last American Virgin,en,10.913,1982-06-26,1982,6.59,222,84234,3,0,6115,2015-02-17
136052,The Wind,Finye,bm,0.523,1983-09-24,1983,5.6,11,83942,3,0,6497,2015-10-18
24226,The Verdict,The Verdict,en,12.481,1982-12-08,1982,7.4,637,84855,1,0,6704,2016-02-01
1371,Rocky III,Rocky III,en,37.533,1982-05-28,1982,6.9,4118,84602,0,0,6871,2016-05-03
30363,The State of Things,Der Stand der Dinge,de,6.841,1982-03-22,1982,6.5,70,84725,3,0,7107,2016-09-07
29702,Tenebre,Tenebre,it,13.662,1982-10-28,1982,6.9,610,84777,2,0,7175,2016-10-07
17918,Swamp Thing,Swamp Thing,en,10.051,1982-01-01,1982,5.4,387,84745,2,0,7199,2016-10-14
2623,An Officer and a Gentleman,An Officer and a Gentleman,en,21.438,1982-07-28,1982,7.012,1102,84434,3,0,7244,2016-11-05
40219,The Beast Within,The Beast Within,en,8.511,1982-02-12,1982,5.509,106,83629,1,0,7345,2016-12-22
358807,The Fits,The Fits,en,4.376,2016-06-03,2016,6.378,115,4238858,1,0,7348,2016-12-23
47886,Pieces,Mil gritos tiene la noche,es,6.874,1982-08-23,1982,5.885,247,82748,1,0,7414,2017-01-22
15600,Missing,Missing,en,11.866,1982-02-12,1982,7.262,382,84335,3,0,7557,2017-04-04
4193,Evil Under the Sun,Evil Under the Sun,en,18.292,1982-03-05,1982,6.897,434,83908,3,0,8115,2018-03-17
23615,The Scarlet Pimpernel,The Scarlet Pimpernel,en,11.374,1982-11-09,1982,6.9,42,84637,2,0,8117,2018-03-17
24740,The Entity,The Entity,en,19.236,1982-09-30,1982,6.7,482,82334,3,0,8165,2018-04-16
12614,Victor/Victoria,Victor/Victoria,en,10.951,1982-04-25,1982,7.3,410,84865,3,1,8665,2019-03-06
27332,Tex,Tex,en,3.855,1982-07-30,1982,6.2,51,84783,2,1,8986,2020-01-27
11949,Monty Python Live at the Hollywood Bowl,Monty Python Live at the Hollywood Bowl,en,4.87,1982-06-25,1982,7.337,156,84352,1,0,9356,2020-12-05
171,The Party 2,La Boum 2,fr,13.565,1982-12-08,1982,6.4,622,83686,3,0,9524,2021-03-14
783,Gandhi,Gandhi,en,21.75,1982-12-01,1982,7.562,2292,83987,2,0,9593,2021-03-29
49398,Quarter to Two Before Jesus Christ,Deux heures moins le quart avant Jésus-Christ,fr,6.003,1982-10-06,1982,6.11,182,83824,2,0,9634,2021-04-09
11840,Piratensender Powerplay,Piratensender Powerplay,de,4.31,1982-01-14,1982,5.2,30,82911,1,0,9723,2021-04-29
41889,Sorceress,Sorceress,en,5.873,1982-03-01,1982,4.3,66,86340,3,0,9741,2021-04-29
12502,Silkwood,Silkwood,en,13.052,1983-12-14,1983,6.9,319,86312,3,0,442,2009-08-10
8769,Christine,Christine,en,19.562,1983-12-09,1983,6.9,1978,85333,1,0,455,2009-08-14
1892,Return of the Jedi,Return of the Jedi,en,38.996,1983-05-25,1983,7.9,15732,86190,1,0,671,2010-01-26
38291,Educating Rita,Educating Rita,en,6.685,1983-06-16,1983,6.8,178,85478,3,0,1105,2010-07-05
1621,Trading Places,Trading Places,en,73.283,1983-06-07,1983,7.214,3304,86465,1,0,1667,2010-10-17
11654,The Hunger,The Hunger,en,15.18,1983-04-29,1983,6.663,571,85701,3,0,1785,2010-11-30
42113,The Ballad of Narayama,楢山節考,ja,10.011,1983-04-29,1983,7.5,167,84390,3,0,1793,2010-11-30
11609,Yellowbeard,Yellowbeard,en,8.802,1983-06-24,1983,5.5,139,86618,1,0,1822,2010-12-04
1058,Breathless,Breathless,en,8.919,1983-05-13,1983,5.8,236,85276,0,0,2255,2011-04-30
232,Rumble Fish,Rumble Fish,en,14.154,1983-10-09,1983,7.0,672,86216,2,0,2387,2011-06-11
17435,El Norte,El Norte,es,5.215,1983-10-11,1983,7.2,67,85482,3,0,2599,2011-08-10
8220,Dark Habits,Entre tinieblas,es,7.263,1983-10-03,1983,6.7,181,85496,3,0,3376,2012-06-23
11235,Local Hero,Local Hero,en,18.951,1983-02-17,1983,6.709,342,85859,1,0,3519,2012-09-06
36832,Born in Flames,Born in Flames,en,5.039,1983-04-01,1983,6.181,58,85267,3,0,3644,2012-11-02
78177,Lianna,Lianna,en,6.18,1983-01-19,1983,6.371,32,85838,3,0,3672,2012-11-15
860,WarGames,WarGames,en,18.26,1983-06-03,1983,7.077,1887,86567,1,0,3685,2012-11-21
837,Videodrome,Videodrome,en,17.209,1983-02-04,1983,7.266,2212,86541,2,1,3892,2013-02-11
535,Flashdance,Flashdance,en,27.747,1983-04-14,1983,6.5,1469,85549,3,0,3972,2013-03-11
9531,Superman III,Superman III,en,23.007,1983-06-17,1983,5.492,1696,86393,3,0,4283,2013-06-28
11050,Terms of Endearment,Terms of Endearment,en,13.424,1983-11-20,1983,7.098,758,86425,1,1,4448,2013-08-07
11616,Go for It,Nati con la camicia,it,17.03,1983-02-01,1983,7.0,495,85601,0,0,4585,2013-09-15
11591,The Man with Two Brains,The Man with Two Brains,en,11.882,1983-06-10,1983,6.2,424,85894,1,0,4622,2013-09-22
393673,God's Crooked Lines,Los renglones torcidos de Dios,es,3.394,1983-09-29,1983,5.0,8,224005,3,0,4771,2013-11-02
26452,Hercules,Hercules,en,12.137,1983-08-12,1983,4.948,105,85672,3,1,5257,2014-03-08
111,Scarface,Scarface,en,81.289,1983-12-09,1983,8.165,11880,86250,1,0,5321,2014-03-25
11336,The Dead Zone,The Dead Zone,en,18.214,1983-10-21,1983,7.0,1632,85407,1,0,5427,2014-05-01
850,A Christmas Story,A Christmas Story,en,21.834,1983-11-18,1983,7.242,1258,85334,1,0,5473,2014-05-15
11948,"Merry Christmas, Mr. Lawrence",戦場のメリークリスマス,ja,19.367,1983-05-28,1983,7.3,464,85933,0,0,5945,2014-11-25
849,Krull,Krull,en,14.577,1983-07-29,1983,6.1,547,85811,1,0,6126,2015-03-01
14813,Mickey's Christmas Carol,Mickey's Christmas Carol,en,37.451,1983-10-19,1983,7.639,911,85936,1,0,6127,2015-03-02
700,Octopussy,Octopussy,en,23.236,1983-06-05,1983,6.33,1970,86034,2,0,6313,2015-06-14
4543,Monty Python's The Meaning of Life,Monty Python's The Meaning of Life,en,14.905,1983-03-31,1983,7.325,1882,85959,1,0,6439,2015-09-10
29140,The 4th Man,De vierde man,nl,5.551,1983-03-23,1983,6.702,168,86543,1,0,6791,2016-03-26
17692,Jaws 3-D,Jaws 3-D,en,18.823,1983-07-22,1983,4.46,1282,85750,3,0,7243,2016-11-04
62981,Deadly Circuit,Mortelle randonnée,fr,5.323,1983-03-09,1983,6.2,101,84358,3,0,7247,2016-11-07
98596,Overdose,El pico,es,3.105,1983-09-04,1983,6.6,45,86104,1,0,7531,2017-03-24
227,The Outsiders,The Outsiders,en,18.553,1983-03-25,1983,7.206,1359,86066,2,0,7563,2017-04-06
10269,Yentl,Yentl,en,9.272,1983-11-18,1983,6.6,231,86619,3,0,7587,2017-04-23
10489,Cujo,Cujo,en,22.96,1983-08-10,1983,6.144,1012,85382,3,1,7750,2017-07-26
14087,Barefoot Gen,はだしのゲン,ja,11.624,1983-07-21,1983,7.5,198,85218,3,1,8029,2018-02-02
12921,Strange Brew,Strange Brew,en,6.808,1983-08-26,1983,6.052,191,86373,1,0,8326,2018-07-16
15895,Deathstalker,Deathstalker,en,6.724,1983-09-02,1983,4.8,161,87127,1,1,9376,2020-12-14
14243,Wild Style,Wild Style,en,4.404,1982-08-01,1982,6.1,47,84904,3,0,8812,2019-08-12
27163,The Best Christmas Pageant Ever,The Best Christmas Pageant Ever,en,2.834,1983-12-05,1983,5.0,7,85231,3,0,8971,2020-01-19
28054,Suburbia,Suburbia,en,7.381,1984-04-13,1984,6.7,84,86589,3,0,9130,2020-05-12
9346,Risky Business,Risky Business,en,17.032,1983-08-05,1983,6.6,1290,86200,3,1,9274,2020-09-15
12503,Under Fire,Under Fire,en,9.487,1983-10-21,1983,6.6,165,86510,1,0,9705,2021-04-27
11981,Die Supernasen,Die Supernasen,de,4.086,1983-09-08,1983,4.5,35,86394,1,0,9720,2021-04-29
45233,Women's Prison Massacre,Blade Violent - I violenti,it,21.446,1983-05-06,1983,4.633,60,85250,3,0,9749,2021-04-30
620,Ghostbusters,Ghostbusters,en,53.903,1984-06-08,1984,7.5,8973,87332,2,,376,2009-07-19
927,Gremlins,Gremlins,en,41.912,1984-06-08,1984,7.122,6393,87363,1,0,406,2009-08-02
9610,Conan the Destroyer,Conan the Destroyer,en,26.822,1984-06-29,1984,6.101,1484,87078,3,1,413,2009-08-03
40775,The Bostonians,The Bostonians,en,3.694,1984-05-01,1984,5.5,41,86992,3,0,514,2009-09-23
81,Nausicaä of the Valley of the Wind,風の谷のナウシカ,ja,33.712,1984-03-11,1984,7.941,3605,87544,3,0,570,2009-12-18
9336,Police Academy,Police Academy,en,32.402,1984-03-22,1984,6.682,2673,87928,3,1,575,2009-12-21
279,Amadeus,Amadeus,en,26.742,1984-09-19,1984,8.029,4255,86879,3,0,613,2010-01-21
11379,The Adventures of Buckaroo Banzai Across the 8th Dimension,The Adventures of Buckaroo Banzai Across the 8th Dimension,en,18.976,1984-08-10,1984,6.0,426,86856,3,0,743,2010-04-18
655,"Paris, Texas","Paris, Texas",en,28.359,1984-07-16,1984,8.1,1884,87884,1,0,813,2010-05-18
87,Indiana Jones and the Temple of Doom,Indiana Jones and the Temple of Doom,en,51.54,1984-05-23,1984,7.3,9281,87469,0,0,1048,2010-07-04
8221,What Have I Done to Deserve This?,¿Qué he hecho yo para merecer esto!,es,7.566,1984-10-25,1984,7.188,234,88461,3,0,1582,2010-09-20
157,Star Trek III: The Search for Spock,Star Trek III: The Search for Spock,en,14.024,1984-06-01,1984,6.6,1365,88170,1,0,1304,2010-07-25
218,The Terminator,The Terminator,en,90.53,1984-10-26,1984,7.662,13276,88247,3,0,1418,2010-08-01
15144,Sixteen Candles,Sixteen Candles,en,18.747,1984-05-04,1984,6.8,2065,88128,3,0,1296,2010-07-24
1885,The Karate Kid,The Karate Kid,en,47.725,1984-06-22,1984,7.189,4193,87538,3,0,1430,2010-08-02
841,Dune,Dune,en,42.142,1984-12-14,1984,6.191,3050,87182,3,1,1534,2010-09-05
11031,This Is Spinal Tap,This Is Spinal Tap,en,11.481,1984-03-02,1984,7.423,1421,88258,1,0,1536,2010-09-06
90,Beverly Hills Cop,Beverly Hills Cop,en,34.019,1984-12-05,1984,7.195,4168,86960,0,0,1848,2010-12-14
9651,Supergirl,Supergirl,en,17.52,1984-07-01,1984,5.341,589,88206,3,0,2000,2011-02-06
26522,A Soldier's Story,A Soldier's Story,en,13.482,1984-09-14,1984,6.8,186,88146,0,0,2742,2011-10-06
14347,Blame It on Rio,Blame It on Rio,en,27.57,1984-02-17,1984,5.7,171,86973,3,0,3357,2012-06-17
52109,Love Streams,Love Streams,en,6.522,1984-02-20,1984,7.2,130,87644,3,0,2866,2011-11-26
18462,Night of the Comet,Night of the Comet,en,11.2,1984-11-16,1984,6.206,378,87799,3,0,3489,2012-08-21
57565,A Private Function,A Private Function,en,16.233,1984-11-09,1984,6.4,43,89838,3,0,3868,2013-02-01
2619,Splash,Splash,en,20.663,1984-03-09,1984,6.254,1348,88161,1,0,3885,2013-02-09
11393,The Natural,The Natural,en,16.545,1984-05-11,1984,6.9,591,87781,1,0,4053,2013-04-14
28968,Poison for the Fairies,Veneno para las hadas,es,6.252,1986-10-02,1986,7.7,112,135033,3,0,4087,2013-04-25
34584,The NeverEnding Story,Die unendliche Geschichte,en,36.879,1984-04-06,1984,7.2,4012,88323,1,0,4157,2013-05-22
377,A Nightmare on Elm Street,A Nightmare on Elm Street,en,46.869,1984-10-31,1984,7.343,5143,87800,3,0,4182,2013-05-30
13763,Purple Rain,Purple Rain,en,11.812,1984-07-27,1984,6.659,374,87957,3,0,4193,2013-06-01
13820,Repo Man,Repo Man,en,12.532,1984-03-02,1984,6.6,606,87995,2,0,4355,2013-07-16
27670,Nothing Left to Do But Cry,Non ci resta che piangere,it,7.004,1984-12-20,1984,7.752,1137,87814,1,0,4589,2013-09-15
37296,Protocol,Protocol,en,7.063,1984-12-21,1984,5.5,85,87951,3,1,4590,2013-09-15
4437,2010,2010,en,19.448,1984-12-06,1984,6.654,931,86837,1,0,4623,2013-09-22
11884,The Last Starfighter,The Last Starfighter,en,14.395,1984-07-13,1984,6.6,685,87597,3,0,4633,2013-09-27
11899,The Muppets Take Manhattan,The Muppets Take Manhattan,en,12.968,1984-06-27,1984,6.5,374,87755,3,0,4634,2013-09-27
8764,Top Secret!,Top Secret!,en,23.485,1984-06-08,1984,7.097,1175,88286,0,0,4668,2013-10-06
15927,A Passage to India,A Passage to India,en,9.899,1984-12-14,1984,6.76,289,87892,3,0,4725,2013-10-20
11507,Body Double,Body Double,en,19.86,1984-10-25,1984,6.8,791,86984,2,0,5040,2014-01-04
9730,Friday the 13th: The Final Chapter,Friday the 13th: The Final Chapter,en,21.055,1984-04-13,1984,6.115,1321,87298,3,0,5154,2014-02-09
151992,Secret Places,Secret Places,en,1.037,1984-05-11,1984,3.0,2,88075,3,0,5255,2014-03-08
11368,Blood Simple,Blood Simple,en,13.743,1984-03-26,1984,7.243,1421,86979,1,0,5731,2014-09-07
14052,Revenge of the Nerds,Revenge of the Nerds,en,14.951,1984-07-20,1984,6.4,728,88000,1,0,5751,2014-09-16
31939,Another Country,Another Country,en,8.235,1984-06-01,1984,6.455,154,86904,0,0,5761,2014-09-19
9663,Starman,Starman,en,14.537,1984-12-13,1984,6.918,863,88172,0,0,5796,2014-10-01
10823,Children of the Corn,Children of the Corn,en,19.583,1984-03-09,1984,5.722,998,87050,3,0,5879,2014-10-27
5677,Trancers,Trancers,en,8.396,1984-11-07,1984,5.8,199,90192,1,0,6072,2015-01-27
311,Once Upon a Time in America,Once Upon a Time in America,en,34.844,1984-05-23,1984,8.4,5430,87843,1,0,6293,2015-06-05
12309,Bachelor Party,Bachelor Party,en,12.448,1984-06-29,1984,6.288,643,86927,3,0,6309,2015-06-13
16806,Johnny Dangerously,Johnny Dangerously,en,8.041,1984-12-21,1984,6.221,188,87507,3,0,6523,2015-10-30
39256,Godzilla 1985,Godzilla 1985,ja,10.566,1985-08-23,1985,6.7,174,87344,0,0,6529,2015-11-02
27414,"Silent Night, Deadly Night","Silent Night, Deadly Night",en,13.678,1984-11-09,1984,5.892,374,88117,3,1,6703,2016-02-01
75877,The Holy Innocents,Los santos inocentes,es,4.938,1984-04-04,1984,7.768,114,88040,3,0,7391,2017-01-12
10606,The Philadelphia Experiment,The Philadelphia Experiment,en,20.259,1984-10-05,1984,6.1,383,87910,1,0,7402,2017-01-17
10179,The Ice Pirates,The Ice Pirates,en,8.177,1984-03-16,1984,5.6,179,87451,2,0,7403,2017-01-17
11221,Best Defense,Best Defense,en,6.236,1984-07-20,1984,4.129,112,86955,2,0,7404,2017-01-17
1803,Angel,Angel,en,10.748,1984-04-19,1984,5.9,99,86896,3,0,7492,2017-03-09
26178,Razorback,Razorback,en,8.193,1984-04-19,1984,5.857,185,87981,1,0,7532,2017-03-25
99760,El Pico 2,El pico 2,es,3.14,1984-11-09,1984,6.3,29,87913,1,0,7530,2017-03-24
9314,Nineteen Eighty-Four,Nineteen Eighty-Four,en,12.531,1984-11-09,1984,6.8,1430,87803,1,0,8524,2018-12-14
9326,Romancing the Stone,Romancing the Stone,en,20.01,1984-03-30,1984,6.758,1818,88011,3,0,8748,2019-05-22
63360,The Initiation,The Initiation,en,7.673,1984-12-07,1984,5.629,93,87472,3,0,8875,2019-10-26
10631,All of Me,All of Me,en,13.933,1984-09-21,1984,6.5,335,86873,2,0,9241,2020-08-15
16551,Rhinestone,Rhinestone,en,5.754,1984-06-22,1984,4.8,110,88001,3,0,9311,2020-10-19
23730,C.H.U.D.,C.H.U.D.,en,6.984,1984-08-31,1984,5.6,276,87015,2,0,9327,2020-11-12
55976,Marche à l'ombre,Marche à l'ombre,fr,5.313,1984-10-17,1984,6.425,167,87681,1,0,9584,2021-03-25
12098,Zwei Nasen tanken Super,Zwei Nasen tanken Super,de,3.477,1984-09-14,1984,4.7,32,88459,1,0,9722,2021-04-29
46500,The Warrior and the Sorceress,The Warrior and the Sorceress,en,3.893,1984-09-07,1984,4.2,42,88379,0,0,9739,2021-04-29
47345,She,She,en,3.645,1984-05-15,1984,5.0,42,90009,1,0,9740,2021-04-29
40978,Emmanuelle 4,Emmanuelle 4,fr,15.354,1984-02-15,1984,4.8,55,85486,3,0,9756,2021-04-30
8833,Double Trouble,Non c'è due senza quattro,it,15.634,1984-10-19,1984,7.016,523,87481,0,0,9776,2021-05-01
105,Back to the Future,Back to the Future,en,79.072,1985-07-03,1985,8.318,20044,88763,2,,149,2008-08-09
2108,The Breakfast Club,The Breakfast Club,en,31.488,1985-02-15,1985,7.739,8007,88847,3,,203,2008-10-23
24548,Just One of the Guys,Just One of the Guys,en,8.769,1985-04-26,1985,6.46,301,89393,3,0,402,2009-07-31
9626,Red Sonja,Red Sonja,en,15.536,1985-04-09,1985,5.3,834,89893,3,0,418,2009-08-06
21042,When Father Was Away on Business,Otac na službenom putu,sh,7.41,1985-01-15,1985,7.321,126,89748,3,1,486,2009-08-28
11814,Weird Science,Weird Science,en,21.583,1985-08-01,1985,6.532,1379,90305,3,0,520,2009-10-05
10157,Police Academy 2: Their First Assignment,Police Academy 2: Their First Assignment,en,18.96,1985-03-28,1985,6.1,1548,89822,1,0,576,2009-12-21
24735,Agnes of God,Agnes of God,en,8.253,1985-09-13,1985,6.2,124,88683,3,0,602,2009-12-28
226860,Let Him Rest in Peace,友よ、静かに瞑れ,ja,2.882,1985-06-14,1985,8.0,2,380761,2,0,676,2010-02-04
16263,Girls Just Want to Have Fun,Girls Just Want to Have Fun,en,8.69,1985-04-12,1985,6.2,170,89208,3,0,752,2010-04-24
68,Brazil,Brazil,en,20.454,1985-02-20,1985,7.7,3311,88846,3,0,880,2010-05-30
17663,Anne of Green Gables,Anne of Green Gables,en,18.447,1985-12-01,1985,8.1,234,88727,3,0,935,2010-06-12
44018,Vagabond,Sans toit ni loi,fr,7.28,1985-12-04,1985,7.3,308,89960,3,0,963,2010-06-20
873,The Color Purple,The Color Purple,en,21.028,1985-12-18,1985,7.75,1781,88939,3,0,991,2010-06-28
14370,Real Genius,Real Genius,en,13.355,1985-08-07,1985,6.7,438,89886,1,0,1046,2010-07-04
16082,White Nights,White Nights,en,7.651,1985-11-22,1985,6.7,129,90319,1,0,1187,2010-07-18
15196,Clue,Clue,en,18.67,1985-12-13,1985,7.2,1722,88930,3,0,1408,2010-07-31
526,Ladyhawke,Ladyhawke,en,20.423,1985-03-27,1985,7.021,1143,89457,0,0,1269,2010-07-23
11257,A Room with a View,A Room with a View,en,24.214,1985-12-13,1985,6.964,755,91867,3,0,1561,2010-09-10
135418,Dim Sum: A Little Bit of Heart,Dim Sum: A Little Bit of Heart,en,2.344,1985-08-09,1985,6.0,8,87150,3,0,1500,2010-08-23
8130,Desperately Seeking Susan,Desperately Seeking Susan,en,15.175,1985-03-29,1985,6.051,437,89017,3,0,1654,2010-10-08
92990,Yellow Earth,黄土地,zh,5.251,1984-08-19,1984,7.3,54,87433,0,0,1708,2010-10-29
47908,The Trip to Bountiful,The Trip to Bountiful,en,5.187,1985-12-20,1985,7.3,49,90203,3,0,1789,2010-11-30
9749,Fletch,Fletch,en,11.94,1985-05-31,1985,6.724,667,89155,1,0,1832,2010-12-08
10957,The Black Cauldron,The Black Cauldron,en,23.157,1985-07-24,1985,6.4,1298,88814,3,0,1949,2011-01-31
11864,Enemy Mine,Enemy Mine,en,16.117,1985-12-12,1985,6.9,963,89092,0,0,2152,2011-03-28
20348,Fandango,Fandango,en,8.038,1985-01-25,1985,6.7,175,89126,0,0,2302,2011-05-17
67342,Mr. Vampire,殭屍先生,cn,13.771,1985-11-07,1985,6.843,107,89371,1,0,2343,2011-05-25
11645,Ran,乱,ja,21.539,1985-06-01,1985,8.1,1554,89881,1,0,2352,2011-05-27
8868,Asterix vs. Caesar,Astérix et la Surprise de César,fr,10.893,1985-03-06,1985,6.533,583,88748,0,0,2531,2011-07-13
10999,Commando,Commando,en,33.096,1985-10-03,1985,6.7,2808,88944,1,0,2576,2011-07-27
147747,Wetherby,Wetherby,en,3.139,1985-06-19,1985,6.0,36,90310,3,0,2613,2011-08-14
13155,Return to Oz,Return to Oz,en,20.786,1985-06-21,1985,6.7,1011,89908,3,0,2894,2011-12-02
9340,The Goonies,The Goonies,en,48.407,1985-06-07,1985,7.515,5717,89218,3,0,3001,2012-01-25
13667,Better Off Dead...,Better Off Dead...,en,12.218,1985-08-23,1985,6.587,491,88794,3,1,3320,2012-06-04
32147,Starchaser: The Legend of Orin,Starchaser: The Legend of Orin,en,6.227,1985-05-17,1985,6.2,48,90065,1,0,3416,2012-07-11
294,Desert Hearts,Desert Hearts,en,11.744,1985-10-01,1985,7.0,151,89015,3,0,3666,2012-11-12
1816,A Chorus Line,A Chorus Line,en,8.917,1985-12-10,1985,6.3,179,88915,3,0,3719,2012-12-06
42045,Sweet Dreams,Sweet Dreams,en,3.259,1985-10-02,1985,6.5,51,90110,3,0,3741,2012-12-11
8408,Day of the Dead,Day of the Dead,en,21.015,1985-07-03,1985,7.049,1231,88993,0,0,3802,2013-01-03
10843,After Hours,After Hours,en,16.015,1985-08-16,1985,7.5,1480,88680,2,0,3872,2013-02-06
11976,Legend,Legend,en,29.112,1985-08-28,1985,6.2,1226,89469,3,1,3986,2013-03-17
11243,The Care Bears Movie,The Care Bears Movie,en,8.971,1985-03-23,1985,6.0,130,88885,3,0,4123,2013-05-08
52710,Detective,Détective,fr,6.351,1985-08-23,1985,5.3,60,89066,1,0,4480,2013-08-17
29903,Barbarian Queen,Barbarian Queen,en,10.174,1985-11-30,1985,4.6,80,88771,3,0,4550,2013-09-08
29161,Phenomena,Phenomena,en,17.403,1985-01-25,1985,6.8,815,87909,3,0,4893,2013-11-30
29263,The Official Story,La historia oficial,es,5.447,1985-04-03,1985,7.5,187,89276,3,0,4945,2013-12-13
11240,My Beautiful Laundrette,My Beautiful Laundrette,en,8.057,1985-11-16,1985,6.7,261,91578,2,0,4949,2013-12-14
10849,The Purple Rose of Cairo,The Purple Rose of Cairo,en,12.877,1985-03-01,1985,7.4,1047,89853,3,0,5297,2014-03-18
8992,The Sure Thing,The Sure Thing,en,10.289,1985-03-01,1985,6.534,281,90103,3,0,5467,2014-05-13
9731,Friday the 13th: A New Beginning,Friday the 13th: A New Beginning,en,18.058,1985-03-22,1985,5.271,1149,89173,3,0,5563,2014-06-14
1694,Re-Animator,Re-Animator,en,20.163,1985-10-18,1985,7.049,1478,89885,0,0,5564,2014-06-15
9080,Spies Like Us,Spies Like Us,en,13.304,1985-12-06,1985,6.2,622,90056,1,0,5627,2014-07-11
9281,Witness,Witness,en,17.82,1985-02-08,1985,7.1,1671,90329,3,1,5632,2014-07-13
15982,The Legend of Billie Jean,The Legend of Billie Jean,en,9.635,1985-07-19,1985,6.6,176,89470,3,0,5660,2014-07-30
11830,Tampopo,タンポポ,ja,18.595,1985-11-23,1985,7.8,353,92048,1,0,5795,2014-10-01
11797,Fright Night,Fright Night,en,24.385,1985-08-02,1985,7.0,1375,89175,2,0,5943,2014-11-24
10014,A Nightmare on Elm Street Part 2: Freddy's Revenge,A Nightmare on Elm Street Part 2: Freddy's Revenge,en,29.757,1985-11-01,1985,5.782,1879,89686,3,0,6018,2015-01-05
606,Out of Africa,Out of Africa,en,17.938,1985-12-20,1985,7.2,1373,89755,3,0,6155,2015-03-20
25237,Come and See,Иди и смотри,ru,28.409,1985-10-17,1985,8.3,1505,91251,0,0,6165,2015-03-26
707,A View to a Kill,A View to a Kill,en,27.607,1985-05-24,1985,6.23,1969,90264,1,0,6314,2015-06-15
10176,The Quiet Earth,The Quiet Earth,en,14.145,1985-09-08,1985,6.6,542,89869,0,0,6730,2016-02-17
11703,Kiss of the Spider Woman,Kiss of the Spider Woman,en,7.278,1985-07-26,1985,7.0,295,89424,2,0,6792,2016-03-26
1369,Rambo: First Blood Part II,Rambo: First Blood Part II,en,55.829,1985-05-21,1985,6.646,3921,89880,0,0,6840,2016-04-19
42034,Dreamchild,Dreamchild,en,3.996,1985-10-04,1985,6.7,32,89052,3,0,6853,2016-04-25
1374,Rocky IV,Rocky IV,en,42.871,1985-11-21,1985,7.1,4427,89927,2,0,6873,2016-05-04
15916,Angel's Egg,天使のたまご,ja,11.64,1985-12-15,1985,7.8,420,208502,0,0,6902,2016-05-28
12775,Flesh + Blood,Flesh + Blood,en,15.529,1985-08-30,1985,6.596,382,89153,3,0,7173,2016-10-06
37585,Night on the Galactic Railroad,銀河鉄道の夜,ja,8.641,1985-07-13,1985,7.1,83,89206,0,0,7576,2017-04-15
40027,Ninja Terminator,Ninja Terminator,en,4.404,1985-01-01,1985,6.2,60,199849,2,1,7703,2017-06-23
13651,Waiting for the Hearse,Esperando la carroza,es,7.094,1985-05-06,1985,8.1,138,89108,3,0,8071,2018-02-24
29794,Howling II: Stirba - Werewolf Bitch,Howling II: Stirba - Werewolf Bitch,en,9.522,1985-08-28,1985,4.99,202,89308,2,0,8419,2018-09-20
308363,The Fallen,Bebukottak,hu,0.101,1985-04-17,1985,8.5,2,2292794,0,0,8553,2018-12-14
40993,The Treasure of Swamp Castle,Szaffi,hu,1.792,1985-04-11,1985,7.6,17,137226,2,0,8554,2018-12-14
5683,Pee-wee's Big Adventure,Pee-wee's Big Adventure,en,14.578,1985-07-26,1985,6.432,772,89791,1,0,8924,2019-12-08
12111,The Specialists,Les Spécialistes,fr,5.211,1985-03-13,1985,6.6,93,88167,0,0,9052,2020-03-26
13938,The Last Dragon,The Last Dragon,en,13.914,1985-03-22,1985,6.4,250,89461,3,1,9148,2020-05-30
11824,Teen Wolf,Teen Wolf,en,33.074,1985-08-23,1985,6.197,1147,90142,2,0,9536,2021-03-14
8879,Pale Rider,Pale Rider,en,24.819,1985-06-28,1985,7.153,1068,89767,2,0,9538,2021-03-14
88304,Ocean Drive Weekend,Ocean Drive Weekend,en,0.06,1985-07-19,1985,5.5,1,471287,3,0,9569,2021-03-17
313612,Sindhu Bhairavi,சிந்து பைரவி,ta,0.742,1985-10-31,1985,8.6,4,155180,2,0,9957,2021-07-11
10853,The Beginner,Die Einsteiger,de,4.234,1985-10-03,1985,5.3,22,89077,1,0,9721,2021-04-29
2605,Short Circuit,Short Circuit,en,20.622,1986-05-09,1986,6.624,1472,91949,3,0,2,2008-07-19
9377,Ferris Bueller's Day Off,Ferris Bueller's Day Off,en,29.25,1986-06-11,1986,7.579,4903,91042,3,,211,2008-10-27
13597,Labyrinth,Labyrinth,en,27.577,1986-06-27,1986,7.275,2435,91369,3,,253,2009-01-07
679,Aliens,Aliens,en,55.686,1986-07-18,1986,7.949,9820,90605,3,,283,2009-02-17
10515,Castle in the Sky,天空の城ラピュタ,ja,38.237,1986-08-02,1986,7.977,4205,92067,3,0,484,2009-08-27
12118,Police Academy 3: Back in Training,Police Academy 3: Back in Training,en,19.565,1986-03-20,1986,5.809,1222,91777,1,0,577,2009-12-21
235,Stand by Me,Stand by Me,en,34.285,1986-08-08,1986,7.9,5891,92005,0,0,898,2010-06-04
5143,Hannah and Her Sisters,Hannah and Her Sisters,en,13.472,1986-02-07,1986,7.517,1048,91167,3,0,1017,2010-07-01
8009,Highlander,Highlander,en,39.823,1986-03-07,1986,6.881,2617,91203,2,0,1604,2010-09-23
20874,Kin-dza-dza!,Кин-дза-дза!,ru,8.641,1986-12-01,1986,7.8,244,91341,0,0,1397,2010-07-28
13853,The Clan of the Cave Bear,The Clan of the Cave Bear,en,11.282,1986-01-17,1986,5.2,116,90848,3,0,1614,2010-09-29
744,Top Gun,Top Gun,en,70.198,1986-05-16,1986,7.056,8625,92099,2,0,1703,2010-10-28
10945,Jumpin' Jack Flash,Jumpin' Jack Flash,en,9.136,1986-10-09,1986,6.1,353,91306,3,0,1835,2010-12-09
10776,Little Shop of Horrors,Little Shop of Horrors,en,19.428,1986-12-19,1986,6.942,1449,91419,1,0,2061,2011-02-21
10013,Peggy Sue Got Married,Peggy Sue Got Married,en,14.172,1986-10-10,1986,6.1,559,91738,3,0,2070,2011-02-25
6978,Big Trouble in Little China,Big Trouble in Little China,en,27.707,1986-05-30,1986,7.216,3011,90728,3,0,2150,2011-03-28
10466,The Money Pit,The Money Pit,en,24.934,1986-03-26,1986,6.498,1130,91541,2,0,2314,2011-05-20
2620,Armed and Dangerous,Armed and Dangerous,en,11.022,1986-08-15,1986,5.6,175,90660,1,0,2421,2011-06-21
4978,An American Tail,An American Tail,en,22.47,1986-11-21,1986,6.7,1328,90633,3,1,2490,2011-07-06
168,Star Trek IV: The Voyage Home,Star Trek IV: The Voyage Home,en,23.88,1986-11-26,1986,7.1,1486,92007,3,1,2648,2011-09-01
13766,SpaceCamp,SpaceCamp,en,6.387,1986-06-06,1986,5.9,181,91993,3,0,2658,2011-09-04
793,Blue Velvet,Blue Velvet,en,22.325,1986-09-19,1986,7.6,3310,90756,1,0,2662,2011-09-07
10857,When the Wind Blows,When the Wind Blows,en,7.219,1986-10-24,1986,7.401,277,90315,0,0,2670,2011-09-09
9426,The Fly,The Fly,en,37.44,1986-08-15,1986,7.414,4436,91064,2,0,3002,2012-01-25
47951,The Adventures of Milo and Otis,子猫物語,ja,10.207,1986-06-27,1986,6.5,199,97050,1,0,3093,2012-03-06
34760,"'night, Mother","'night, Mother",en,3.599,1986-09-12,1986,7.4,34,90556,3,0,3155,2012-03-31
1554,Down by Law,Down by Law,en,10.078,1986-09-20,1986,7.3,741,90967,1,0,3203,2012-04-24
42025,Project A-Ko,プロジェクトA子,ja,6.254,1986-06-21,1986,7.0,40,91794,3,0,3398,2012-07-06
792,Platoon,Platoon,en,28.328,1986-12-19,1986,7.7,4551,91763,0,0,3558,2012-09-28
9671,Crocodile Dundee,Crocodile Dundee,en,20.026,1986-09-26,1986,6.415,1891,90555,3,1,3614,2012-10-19
9994,The Great Mouse Detective,The Great Mouse Detective,en,25.56,1986-07-02,1986,7.0,1649,91149,1,0,3701,2012-12-01
1857,The Transformers: The Movie,The Transformers: The Movie,en,23.26,1986-08-08,1986,7.1,517,92106,0,0,3850,2013-01-23
11522,Pretty in Pink,Pretty in Pink,en,17.114,1986-02-28,1986,6.72,1092,91790,3,0,4315,2013-07-07
42031,Hour of the Star,A Hora da Estrela,pt,4.519,1985-04-25,1985,7.3,66,89297,3,0,4451,2013-08-07
10122,Flight of the Navigator,Flight of the Navigator,en,19.884,1986-07-30,1986,6.9,836,91059,3,0,4576,2013-09-14
51881,The Parent Trap II,The Parent Trap II,en,7.655,1986-07-26,1986,5.6,45,91721,3,0,4581,2013-09-14
15596,Back to School,Back to School,en,12.914,1986-06-13,1986,6.3,434,90685,1,0,4591,2013-09-15
12151,Ruthless People,Ruthless People,en,13.091,1986-06-26,1986,6.6,400,91877,3,0,4614,2013-09-22
10658,Howard the Duck,Howard the Duck,en,16.829,1986-08-01,1986,5.414,1012,91225,3,1,4632,2013-09-27
9980,Maximum Overdrive,Maximum Overdrive,en,18.526,1986-07-25,1986,5.8,751,91499,2,0,4684,2013-10-11
9873,F/X,F/X,en,15.19,1986-02-07,1986,6.566,431,89118,1,0,4894,2013-11-30
9318,Asterix in Britain,Astérix chez les Bretons,fr,11.385,1986-12-03,1986,6.8,667,90667,0,0,4966,2013-12-20
19492,Captain EO,Captain EO,en,6.409,1986-09-12,1986,6.7,156,90793,1,0,6021,2015-01-07
8388,¡Three Amigos!,¡Three Amigos!,en,18.678,1986-12-12,1986,6.3,989,92086,2,0,6202,2015-04-13
55562,Rosa Luxemburg,Rosa Luxemburg,de,3.587,1986-04-10,1986,6.5,51,91869,3,0,6221,2015-04-25
11454,Manhunter,Manhunter,en,0.743,1986-08-14,1986,7.011,1351,91474,1,0,6298,2015-06-05
63269,Il caso Moro,Il caso Moro,it,3.263,1986-11-20,1986,6.5,46,90805,0,0,6711,2016-02-04
39776,Peking Opera Blues,刀馬旦,cn,9.113,1986-09-06,1986,7.0,66,90952,3,0,6819,2016-04-02
8856,The Karate Kid Part II,The Karate Kid Part II,en,32.301,1986-06-18,1986,6.3,2196,91326,1,0,6935,2016-06-16
1890,Children of a Lesser God,Children of a Lesser God,en,11.229,1986-09-13,1986,6.9,317,90830,3,0,6954,2016-06-30
24913,April Fool's Day,April Fool's Day,en,9.301,1986-03-27,1986,6.0,332,90655,3,0,6972,2016-07-12
11416,The Mission,The Mission,en,16.389,1986-09-24,1986,7.4,1410,91530,0,0,6979,2016-07-14
14510,From Beyond,From Beyond,en,16.405,1986-10-24,1986,6.5,559,91083,3,0,7056,2016-08-22
192,The Name of the Rose,The Name of the Rose,en,23.558,1986-09-24,1986,7.5,3013,91605,0,1,7333,2016-12-16
30194,The Manhattan Project,The Manhattan Project,en,8.645,1986-06-13,1986,6.234,96,91472,2,0,7472,2017-02-26
8047,Matador,Matador,es,6.286,1986-03-07,1986,6.6,237,91495,3,0,7480,2017-03-03
30163,The Fugitives,Les Fugitifs,fr,11.906,1986-12-17,1986,6.8,384,91093,0,0,8123,2018-03-19
11483,Pirates,Pirates,en,8.282,1986-05-08,1986,6.3,265,91757,0,0,8286,2018-06-12
3980,Critters,Critters,en,17.342,1986-04-11,1986,6.489,981,90887,2,1,8388,2018-08-28
28941,Chopping Mall,Chopping Mall,en,8.387,1986-03-21,1986,5.836,363,90837,3,0,8418,2018-09-19
33278,Deadly Friend,Deadly Friend,en,7.831,1986-10-10,1986,6.2,241,90917,2,0,8486,2018-11-19
60800,Cat City,Macskafogó,hu,5.5,1986-10-02,1986,7.6,84,179955,1,0,8558,2018-12-15
78450,Terrorizers,恐怖分子,zh,9.183,1986-12-19,1986,7.4,151,91355,2,0,9121,2020-05-06
27995,She's Gotta Have It,She's Gotta Have It,en,8.474,1986-08-08,1986,6.6,327,91939,3,0,9171,2020-06-16
33345,Under the Cherry Moon,Under the Cherry Moon,en,4.093,1986-07-02,1986,5.7,53,92133,3,0,9229,2020-08-06
11471,A Better Tomorrow,英雄本色,zh,20.769,1986-08-02,1986,7.4,518,92263,0,0,9374,2020-12-14
18169,About Last Night...,About Last Night...,en,9.495,1986-07-02,1986,6.0,214,90583,3,0,9304,2020-10-12
9874,Cobra,Cobra,en,25.345,1986-01-01,1986,6.119,1758,90859,1,0,9411,2020-12-27
11037,Iron Eagle,Iron Eagle,en,11.564,1986-01-17,1986,5.518,303,91278,1,0,9516,2021-03-13
16113,The Delta Force,The Delta Force,en,16.556,1986-02-14,1986,5.9,424,90927,1,0,9531,2021-03-14
12721,"No Retreat, No Surrender","No Retreat, No Surrender",en,21.957,1986-05-02,1986,6.2,558,89695,0,0,9544,2021-03-14
279984,The Defiant Ones,The Defiant Ones,en,0.87,1986-01-05,1986,4.5,6,89010,0,0,9590,2021-03-27
10225,Friday the 13th Part VI: Jason Lives,Friday the 13th Part VI: Jason Lives,en,21.643,1986-08-01,1986,6.2,1182,91080,3,0,9653,2021-04-17
16337,The Texas Chainsaw Massacre 2,The Texas Chainsaw Massacre 2,en,31.352,1986-08-22,1986,5.6,882,92076,0,0,9854,2021-05-28
801,"Good Morning, Vietnam","Good Morning, Vietnam",en,14.39,1987-12-23,1987,7.303,2716,93105,1,,134,2008-08-02
88,Dirty Dancing,Dirty Dancing,en,37.822,1987-08-21,1987,7.33,6129,92890,3,,321,2009-05-09
2493,The Princess Bride,The Princess Bride,en,47.693,1987-09-25,1987,7.677,4559,93779,2,,322,2009-05-11
5548,RoboCop,RoboCop,en,38.45,1987-07-17,1987,7.3,5129,93870,1,0,547,2009-11-22
10587,Police Academy 4: Citizens on Patrol,Police Academy 4: Citizens on Patrol,en,18.533,1987-04-02,1987,5.503,1155,93756,1,0,579,2009-12-22
600,Full Metal Jacket,Full Metal Jacket,en,52.846,1987-06-26,1987,8.128,10518,93058,0,0,720,2010-04-04
11832,Babette's Feast,Babettes gæstebud,da,13.281,1987-08-11,1987,7.2,401,92603,3,0,815,2010-05-18
65501,Housekeeping,Housekeeping,en,2.876,1987-11-25,1987,6.6,43,93225,3,0,1181,2010-07-16
10780,Overboard,Overboard,en,25.587,1987-12-16,1987,6.8,849,93693,3,0,1203,2010-07-20
941,Lethal Weapon,Lethal Weapon,en,31.221,1987-03-06,1987,7.3,4546,93409,1,0,1113,2010-07-08
957,Spaceballs,Spaceballs,en,25.775,1987-06-24,1987,6.845,2983,94012,3,1,1078,2010-07-04
22477,September,September,en,7.792,1987-12-18,1987,6.193,192,93940,3,0,1657,2010-10-10
49815,The Whales of August,The Whales of August,en,5.728,1987-10-14,1987,7.0,69,94315,3,0,1792,2010-11-30
96,Beverly Hills Cop II,Beverly Hills Cop II,en,30.596,1987-05-18,1987,6.5,2544,92644,1,0,1849,2010-12-14
227019,Around the World in Eighty Ways,Around the World in Eighty Ways,en,0.84,1988-01-01,1988,1.0,1,92581,3,1,1862,2010-12-20
13446,Withnail & I,Withnail & I,en,10.986,1987-06-19,1987,7.3,558,94336,1,0,1887,2011-01-02
15677,84 Charing Cross Road,84 Charing Cross Road,en,8.247,1987-02-13,1987,7.1,205,90570,3,0,1902,2011-01-12
106,Predator,Predator,en,76.048,1987-06-12,1987,7.5,8125,93773,0,0,1928,2011-01-23
26719,House of Games,House of Games,en,6.208,1987-10-11,1987,6.8,302,93223,3,0,2029,2011-02-15
3543,Bagdad Cafe,Out of Rosenheim,de,8.855,1987-11-12,1987,7.2,382,95801,3,0,2215,2011-04-23
117233,I've Heard the Mermaids Singing,I've Heard the Mermaids Singing,en,3.039,1987-09-11,1987,5.8,36,93239,3,0,2218,2011-04-23
144,Wings of Desire,Der Himmel über Berlin,de,12.573,1987-09-23,1987,7.8,1327,93191,0,0,2243,2011-04-25
6069,The Witches of Eastwick,The Witches of Eastwick,en,22.151,1987-06-12,1987,6.537,1397,94332,3,0,2250,2011-04-29
26011,Hard Ticket to Hawaii,Hard Ticket to Hawaii,en,11.432,1987-03-01,1987,5.162,111,93146,3,0,2365,2011-05-30
30890,Radio Days,Radio Days,en,9.836,1987-01-30,1987,7.051,572,93818,1,0,2437,2011-06-23
635,Angel Heart,Angel Heart,en,17.42,1987-03-06,1987,7.135,1531,92563,1,0,2471,2011-06-29
11215,Baby Boom,Baby Boom,en,9.394,1987-10-07,1987,6.358,363,92605,3,0,2523,2011-07-13
26371,Maurice,Maurice,en,12.13,1987-09-18,1987,7.6,536,93512,2,0,2644,2011-08-29
49969,High Tide,High Tide,en,2.575,1987-07-30,1987,6.8,17,95305,3,0,2665,2011-09-08
35463,Fatal Beauty,Fatal Beauty,en,6.21,1987-10-30,1987,5.5,83,93011,2,0,2710,2011-09-25
2039,Moonstruck,Moonstruck,en,22.952,1987-12-16,1987,6.9,936,93565,3,0,2744,2011-10-06
2609,"Planes, Trains and Automobiles","Planes, Trains and Automobiles",en,23.677,1987-11-26,1987,7.248,1924,93748,1,0,2927,2011-12-14
1547,The Lost Boys,The Lost Boys,en,19.06,1987-07-31,1987,7.1,2047,93437,1,0,3003,2012-01-25
746,The Last Emperor,The Last Emperor,en,24.897,1987-10-04,1987,7.618,1692,93389,3,0,3249,2012-05-11
136215,Barbie and the Rockers: Out of This World,Barbie and the Rockers: Out of This World,en,2.252,1987-09-27,1987,7.183,41,313254,3,0,3290,2012-05-28
9003,Hellraiser,Hellraiser,en,20.386,1987-09-11,1987,6.9,2564,93177,3,0,3582,2012-10-08
57244,Nice Girls Don't Explode,Nice Girls Don't Explode,en,2.37,1987-02-01,1987,5.2,10,93617,3,0,3602,2012-10-16
8852,Prince of Darkness,Prince of Darkness,en,14.569,1987-10-23,1987,6.773,1012,93777,3,0,3611,2012-10-17
378,Raising Arizona,Raising Arizona,en,18.136,1987-03-13,1987,7.051,2092,93822,3,0,3635,2012-10-29
21793,The Chipmunk Adventure,The Chipmunk Adventure,en,10.193,1987-05-22,1987,6.752,103,92752,3,0,3781,2012-12-29
240491,Ngati,Ngati,en,0.281,1987-07-01,1987,6.0,4,93615,3,0,3898,2013-02-16
765,Evil Dead II,Evil Dead II,en,28.589,1987-03-13,1987,7.5,3129,92991,3,1,3916,2013-02-21
20242,Outrageous Fortune,Outrageous Fortune,en,5.962,1987-01-30,1987,6.044,114,93690,3,0,4228,2013-06-11
11411,Superman IV: The Quest for Peace,Superman IV: The Quest for Peace,en,24.009,1987-07-24,1987,4.6,1256,94074,3,0,4297,2013-07-02
6917,The Gate,The Gate,en,9.004,1987-04-21,1987,6.0,376,93075,2,0,4412,2013-07-28
19345,Black Widow,Black Widow,en,11.84,1987-02-06,1987,6.2,195,90738,3,0,4535,2013-09-01
10023,Dragnet,Dragnet,en,15.494,1987-06-23,1987,6.0,478,92925,3,1,4620,2013-09-22
10998,Fatal Attraction,Fatal Attraction,en,23.856,1987-09-18,1987,6.846,1495,93010,3,1,4737,2013-10-25
2115,Light of Day,Light of Day,en,4.449,1987-02-06,1987,5.479,48,93415,3,0,4811,2013-11-11
42015,Swimming to Cambodia,Swimming to Cambodia,en,1.663,1987-03-13,1987,6.7,22,94089,0,0,5017,2013-12-31
72984,Hansel and Gretel,Hansel and Gretel,en,9.636,1988-12-10,1988,7.1,57,93144,3,0,5290,2014-03-17
12626,Broadcast News,Broadcast News,en,11.318,1987-12-16,1987,6.7,407,92699,3,0,5310,2014-03-22
10110,Empire of the Sun,Empire of the Sun,en,15.144,1987-12-09,1987,7.5,1910,92965,1,0,5373,2014-04-08
37530,House II: The Second Story,House II: The Second Story,en,7.107,1987-05-14,1987,5.498,253,93220,3,0,5592,2014-06-26
10072,A Nightmare on Elm Street 3: Dream Warriors,A Nightmare on Elm Street 3: Dream Warriors,en,9.247,1987-02-27,1987,6.67,1792,93629,3,0,5767,2014-09-20
223658,Waiting for the Moon,Waiting for the Moon,en,0.996,1987-06-15,1987,5.0,5,94286,3,0,5789,2014-09-30
1786,Au Revoir les Enfants,Au revoir les enfants,fr,15.896,1987-10-07,1987,7.508,655,92593,1,0,6062,2015-01-25
16288,Creepshow 2,Creepshow 2,en,15.486,1987-05-01,1987,6.274,585,92796,3,1,6824,2016-04-08
580,Jaws: The Revenge,Jaws: The Revenge,en,18.131,1987-07-17,1987,4.063,1048,93300,3,0,6920,2016-06-07
12154,3 Men and a Baby,3 Men and a Baby,en,17.038,1987-11-27,1987,6.2,998,94137,1,0,7002,2016-07-27
32054,Hope and Glory,Hope and Glory,en,8.426,1987-09-03,1987,6.859,192,93209,3,0,7035,2016-08-10
9964,Bad Taste,Bad Taste,en,11.01,1987-12-01,1987,6.33,820,92610,0,0,7049,2016-08-17
14367,Adventures in Babysitting,Adventures in Babysitting,en,19.122,1987-07-01,1987,6.9,664,92513,3,0,7507,2017-03-12
60311,The Enchanted Forest,El bosque animado,es,1.19,1987-10-02,1987,6.79,31,92693,3,0,7590,2017-04-25
4043,Law of Desire,La ley del deseo,es,10.974,1987-02-07,1987,7.181,290,93412,3,0,7661,2017-05-23
29445,Epidemic,Epidemic,da,6.069,1987-09-11,1987,5.7,120,92972,1,0,7918,2017-11-23
10021,The Secret of My Success,The Secret of My Success,en,14.748,1987-04-10,1987,6.5,621,93936,1,0,8672,2019-03-12
865,The Running Man,The Running Man,en,26.419,1987-11-13,1987,6.536,2375,93894,3,1,8692,2019-03-30
51521,My Demon Lover,My Demon Lover,en,4.819,1987-04-24,1987,5.4,48,93589,2,0,9205,2020-07-18
18305,A Better Tomorrow II,英雄本色2,zh,12.556,1987-12-17,1987,7.1,260,94357,0,0,9375,2020-12-14
12919,Can't Buy Me Love,Can't Buy Me Love,en,25.446,1987-08-14,1987,6.924,665,92718,3,0,9286,2020-09-28
28218,Deathstalker II,Deathstalker II,en,8.843,1987-06-03,1987,5.7,116,92860,3,0,9389,2020-12-14
42012,"No Retreat, No Surrender 2: Raging Thunder","No Retreat, No Surrender 2: Raging Thunder",en,11.105,1987-11-05,1987,5.5,96,97991,1,0,9545,2021-03-14
11649,Masters of the Universe,Masters of the Universe,en,19.635,1987-08-07,1987,5.7,893,93507,3,0,9566,2021-03-16
11896,Throw Momma from the Train,Throw Momma from the Train,en,14.473,1987-12-11,1987,6.184,565,94142,1,0,9609,2021-04-03
5709,Amazon Women on the Moon,Amazon Women on the Moon,en,7.182,1987-09-18,1987,5.95,159,92546,2,0,9710,2021-04-27
146047,Emmanuelle 5,Emmanuelle 5,en,8.117,1987-01-07,1987,4.8,31,92962,0,0,9755,2021-04-30
293867,Casanova,Casanova,en,1.598,1987-03-01,1987,4.6,8,92730,2,0,9822,2021-05-13
10083,No Way Out,No Way Out,en,17.61,1987-08-14,1987,6.9,692,93640,1,0,9852,2021-05-27
856,Who Framed Roger Rabbit,Who Framed Roger Rabbit,en,30.609,1988-06-21,1988,7.5,5683,96438,1,,136,2008-08-02
9602,Coming to America,Coming to America,en,46.674,1988-06-29,1988,6.883,4353,94898,3,,256,2009-01-17
8392,My Neighbor Totoro,となりのトトロ,ja,62.65,1988-04-16,1988,8.1,8002,96283,3,,259,2009-01-17
9493,Twins,Twins,en,18.714,1988-12-09,1988,6.0,2266,96320,3,0,572,2009-12-20
11825,Police Academy 5: Assignment Miami Beach,Police Academy 5: Assignment Miami Beach,en,16.26,1988-03-17,1988,5.2,907,95882,1,0,580,2009-12-22
562,Die Hard,Die Hard,en,72.54,1988-07-15,1988,7.8,11220,95016,3,0,619,2010-01-21
4011,Beetlejuice,Beetlejuice,en,84.761,1988-03-30,1988,7.38,7632,94721,3,0,647,2010-01-20
847,Willow,Willow,en,25.281,1988-05-20,1988,7.0,1924,96446,3,0,739,2010-04-17
14240,Maniac Cop,Maniac Cop,en,11.198,1988-05-13,1988,6.1,471,95583,3,0,814,2010-05-18
2640,Heathers,Heathers,en,16.767,1988-10-01,1988,7.3,1699,97493,3,0,859,2010-05-28
11191,Mystic Pizza,Mystic Pizza,en,16.143,1988-10-13,1988,6.29,511,95690,3,0,940,2010-06-12
3525,Working Girl,Working Girl,en,19.823,1988-12-20,1988,6.596,952,96463,3,0,1070,2010-07-04
8337,They Live,They Live,en,20.787,1988-11-04,1988,7.3,3041,96256,0,0,1293,2010-07-23
12233,Oliver & Company,Oliver & Company,en,24.598,1988-11-18,1988,6.711,1568,95776,2,0,1210,2010-07-20
11690,Bloodsport,Bloodsport,en,36.995,1988-02-26,1988,7.036,1867,92675,1,0,1158,2010-07-11
859,Dangerous Liaisons,Dangerous Liaisons,en,39.896,1988-12-21,1988,7.2,1159,94947,3,0,1629,2010-10-03
52286,The Student,L'étudiante,fr,6.604,1988-10-05,1988,5.891,248,96523,3,0,1647,2010-10-05
10306,Poltergeist III,Poltergeist III,en,13.136,1988-06-10,1988,5.23,488,95889,3,0,1714,2010-11-01
37136,The Naked Gun: From the Files of Police Squad!,The Naked Gun: From the Files of Police Squad!,en,40.25,1988-12-02,1988,7.253,3696,95705,1,0,1824,2010-12-05
16296,Killer Klowns from Outer Space,Killer Klowns from Outer Space,en,21.942,1988-05-27,1988,6.593,1028,95444,0,0,1860,2010-12-19
623,A Fish Called Wanda,A Fish Called Wanda,en,20.877,1988-07-15,1988,7.199,2156,95159,3,0,1911,2011-01-14
9013,Midnight Run,Midnight Run,en,16.098,1988-07-20,1988,7.2,1091,95631,2,0,2903,2011-12-05
149,Akira,AKIRA,ja,41.005,1988-06-10,1988,7.946,4243,94625,1,0,2244,2011-04-25
4203,Women on the Verge of a Nervous Breakdown,Mujeres al borde de un ataque de nervios,es,15.149,1988-03-25,1988,7.4,902,95675,3,0,2406,2011-06-17
11054,Hairspray,Hairspray,en,16.747,1988-02-26,1988,6.8,409,95270,3,0,2462,2011-06-29
17126,Satisfaction,Satisfaction,en,4.41,1988-02-12,1988,5.2,62,96037,3,0,2485,2011-07-05
15592,Beaches,Beaches,en,11.905,1988-12-21,1988,6.655,255,94715,3,0,2493,2011-07-06
10868,The Accused,The Accused,en,16.937,1988-10-14,1988,7.0,596,94608,3,1,2502,2011-07-07
12710,Big Business,Big Business,en,9.035,1988-06-10,1988,6.356,264,94739,3,0,2505,2011-07-07
25884,Feds,Feds,en,6.799,1988-10-28,1988,5.805,77,95145,3,0,2653,2011-09-04
10117,Action Jackson,Action Jackson,en,7.749,1988-02-12,1988,5.5,238,94612,1,0,2663,2011-09-07
10128,Alien Nation,Alien Nation,en,6.574,1988-10-07,1988,6.066,304,94631,1,0,2784,2011-10-21
12144,The Land Before Time,The Land Before Time,en,24.177,1988-11-18,1988,7.1,2529,95489,3,0,2905,2011-12-06
41799,"Distant Voices, Still Lives","Distant Voices, Still Lives",en,13.614,1988-11-16,1988,6.833,120,95037,3,0,2960,2011-12-28
8463,Torch Song Trilogy,Torch Song Trilogy,en,7.845,1988-12-14,1988,7.3,90,96289,1,0,3075,2012-02-27
13350,Scooby-Doo and the Ghoul School,Scooby-Doo and the Ghoul School,en,8.658,1988-10-16,1988,7.373,296,189071,3,0,3448,2012-07-27
380,Rain Man,Rain Man,en,26.071,1988-12-12,1988,7.8,6366,95953,1,0,3482,2012-08-20
2321,Married to the Mob,Married to the Mob,en,10.681,1988-08-19,1988,5.928,283,95593,3,0,3559,2012-09-29
45295,Appleseed,アップルシード,ja,8.149,1988-04-20,1988,6.3,74,94668,3,0,4374,2013-07-20
11967,Young Guns,Young Guns,en,21.271,1988-02-17,1988,6.655,917,96487,1,0,4578,2013-09-14
455348,Rock 'N Roll Mum,Rock 'N Roll Mum,en,0.843,1988-02-07,1988,4.5,2,96001,3,0,4582,2013-09-14
5241,Two Moon Junction,Two Moon Junction,en,10.999,1988-04-29,1988,6.1,186,96324,3,0,4628,2013-09-24
9540,Dead Ringers,Dead Ringers,en,8.606,1988-09-23,1988,7.122,888,94964,2,0,4672,2013-10-07
10585,Child's Play,Child's Play,en,36.824,1988-11-09,1988,6.7,2996,94862,3,0,4705,2013-10-17
12120,My Stepmother Is an Alien,My Stepmother Is an Alien,en,19.907,1988-12-09,1988,5.7,513,95687,3,0,4774,2013-11-03
38141,World Gone Wild,World Gone Wild,en,2.209,1987-10-01,1987,5.1,24,96465,3,1,4813,2013-11-11
22572,Hell Comes to Frogtown,Hell Comes to Frogtown,en,6.834,1988-01-29,1988,5.5,149,93171,3,0,4815,2013-11-12
9647,Scrooged,Scrooged,en,28.686,1988-11-22,1988,6.8,1522,96061,3,0,4986,2013-12-25
27397,Crossing Delancey,Crossing Delancey,en,5.538,1988-08-17,1988,5.6,44,94921,3,0,4990,2013-12-26
11216,Cinema Paradiso,Nuovo Cinema Paradiso,it,37.217,1988-11-17,1988,8.4,4404,95765,1,0,4998,2013-12-28
11051,The Last Temptation of Christ,The Last Temptation of Christ,en,14.236,1988-05-28,1988,7.2,1066,95497,2,0,5128,2014-02-02
395018,School Ghost Story G,学校の怪談G,ja,2.229,1998-09-27,1998,6.5,13,330312,0,0,5179,2014-02-17
187361,Sticky Fingers,Sticky Fingers,en,2.421,1988-05-06,1988,6.4,7,96176,3,0,5258,2014-03-08
9064,Hellbound: Hellraiser II,Hellbound: Hellraiser II,en,20.336,1988-12-23,1988,6.4,1111,95294,1,0,5261,2014-03-09
2280,Big,Big,en,26.805,1988-06-03,1988,7.18,3633,94737,1,0,5324,2014-03-25
22478,Another Woman,Another Woman,en,8.046,1988-10-13,1988,6.812,260,94663,3,0,5383,2014-04-11
18509,Caddyshack II,Caddyshack II,en,7.344,1988-07-22,1988,4.2,186,94824,3,0,5569,2014-06-16
14506,The Adventures of Baron Munchausen,The Adventures of Baron Munchausen,en,13.847,1988-12-07,1988,7.0,885,96764,1,0,5595,2014-06-27
12477,Grave of the Fireflies,火垂るの墓,ja,0.041,1988-04-16,1988,8.456,5611,95327,0,0,5867,2014-10-23
8740,The Vanishing,Spoorloos,nl,17.073,1988-10-27,1988,7.467,645,96163,1,0,5881,2014-10-28
10131,A Nightmare on Elm Street 4: The Dream Master,A Nightmare on Elm Street 4: The Dream Master,en,20.177,1988-08-19,1988,5.853,1432,95742,3,0,6020,2015-01-06
24163,As Tears Go By,旺角卡門,cn,12.825,1988-06-09,1988,7.0,322,96461,0,0,6746,2016-02-25
26515,Pumpkinhead,Pumpkinhead,en,12.024,1988-06-09,1988,6.4,472,95925,3,1,7099,2016-09-06
31052,The Accidental Tourist,The Accidental Tourist,en,9.115,1988-12-23,1988,6.198,230,94606,2,0,7161,2016-09-29
80047,Rowing with the Wind,Remando al viento,es,2.244,1989-07-01,1989,5.717,30,93840,2,0,7423,2017-01-30
10127,Critters 2,Critters 2,en,12.464,1988-04-29,1988,6.272,452,94919,3,0,8389,2018-08-29
2210,Earth Girls Are Easy,Earth Girls Are Easy,en,16.804,1988-09-08,1988,5.565,371,97257,2,0,8406,2018-09-06
49365,Lady in White,Lady in White,en,6.013,1988-04-22,1988,6.1,121,95484,1,0,8515,2018-12-09
10130,Gorillas in the Mist,Gorillas in the Mist,en,14.045,1988-09-23,1988,6.975,584,95243,3,0,8771,2019-06-23
287,Bull Durham,Bull Durham,en,15.467,1988-06-15,1988,6.641,576,94812,2,1,9060,2020-04-01
20847,The Needle,Игла,ru,6.382,1988-09-16,1988,6.643,70,97561,0,0,9206,2020-07-19
2383,The Bear,L'Ours,fr,16.421,1988-10-21,1988,7.1,475,95800,0,0,9418,2020-12-28
1370,Rambo III,Rambo III,en,34.228,1988-05-24,1988,6.201,3166,95956,0,0,9410,2020-12-27
175,The Big Blue,Le Grand Bleu,fr,22.391,1988-05-10,1988,7.5,1437,95250,2,0,9453,2021-01-23
21185,Vibes,Vibes,en,5.274,1988-08-05,1988,5.7,71,96378,1,0,9489,2021-02-22
352463,Hiroshima Maiden,Hiroshima Maiden,en,0.507,1988-05-14,1988,7.0,1,224412,3,0,9666,2021-04-21
5680,Elvira: Mistress of the Dark,Elvira: Mistress of the Dark,en,17.761,1988-09-30,1988,6.586,524,95088,3,0,9676,2021-04-24
114281,'Gator Bait 2: Cajun Justice,'Gator Bait 2: Cajun Justice,en,1.141,1988-03-15,1988,4.4,13,94588,0,0,9737,2021-04-29
107420,The Sisterhood,The Sisterhood,en,2.022,1988-01-01,1988,3.5,22,96114,3,0,9751,2021-04-30
61108,Emmanuelle 6,Emmanuelle 6,fr,9.429,1988-07-06,1988,4.1,27,95094,3,0,9758,2021-04-30
12663,Red Scorpion,Red Scorpion,en,12.071,1988-12-24,1988,5.9,268,98180,0,0,9769,2021-05-01
1316934,The Bourne Identity,The Bourne Identity,en,1.013,1988-05-08,1988,7.0,1,94791,0,0,9821,2021-05-13
165,Back to the Future Part II,Back to the Future Part II,en,37.932,1989-11-22,1989,7.766,12813,96874,3,,150,2008-08-09
2616,Uncle Buck,Uncle Buck,en,20.915,1989-08-16,1989,6.791,1178,98554,3,,159,2008-08-11
639,When Harry Met Sally...,When Harry Met Sally...,en,45.085,1989-07-21,1989,7.4,4110,98635,3,,181,2008-09-10
50201,Voyage to Melonia,Resan till Melonia,sv,2.551,1989-12-15,1989,6.8,31,98189,1,,336,2009-06-06
10135,Road House,Road House,en,19.939,1989-05-19,1989,6.738,1294,98206,1,0,511,2009-09-21
11895,Police Academy 6: City Under Siege,Police Academy 6: City Under Siege,en,21.805,1989-03-09,1989,5.147,849,98105,1,0,581,2009-12-22
11305,Mystery Train,Mystery Train,en,11.464,1989-09-06,1989,7.297,437,97940,3,0,591,2009-12-27
10144,The Little Mermaid,The Little Mermaid,en,69.347,1989-11-17,1989,7.348,7896,97757,3,0,666,2010-01-23
16859,Kiki's Delivery Service,魔女の宅急便,ja,40.986,1989-07-29,1989,7.8,4082,97814,3,0,700,2010-03-13
27461,Fat Man and Little Boy,Fat Man and Little Boy,en,9.683,1989-10-20,1989,6.2,142,97336,1,0,734,2010-04-12
22102,Troop Beverly Hills,Troop Beverly Hills,en,8.762,1989-03-24,1989,5.68,169,98519,3,0,849,2010-05-27
10860,Steel Magnolias,Steel Magnolias,en,21.675,1989-11-15,1989,7.2,656,98384,3,0,924,2010-06-08
268,Batman,Batman,en,42.564,1989-06-21,1989,7.23,7876,96895,1,0,1023,2010-07-02
89,Indiana Jones and the Last Crusade,Indiana Jones and the Last Crusade,en,62.945,1989-05-24,1989,7.9,10148,97576,0,0,1049,2010-07-04
172,Star Trek V: The Final Frontier,Star Trek V: The Final Frontier,en,17.87,1989-06-09,1989,5.7,1180,98382,1,0,1201,2010-07-20
18683,Shirley Valentine,Shirley Valentine,en,6.788,1989-08-30,1989,6.3,94,98319,3,0,1103,2010-07-05
18614,Interrogation,Przesłuchanie,pl,4.066,1989-12-13,1989,7.2,61,84548,3,0,1463,2010-08-11
2978,Ghostbusters II,Ghostbusters II,en,26.989,1989-06-16,1989,6.575,4432,97428,2,0,1540,2010-09-06
9354,"Honey, I Shrunk the Kids","Honey, I Shrunk the Kids",en,26.058,1989-06-23,1989,6.3,3031,97523,3,0,1603,2010-09-23
5203,Wild Orchid,Wild Orchid,en,16.38,1989-12-22,1989,5.3,274,100934,3,0,1499,2010-08-23
2756,The Abyss,The Abyss,en,40.134,1989-08-09,1989,7.352,2989,96754,3,0,1478,2010-08-18
19118,Let It Ride,Let It Ride,en,7.148,1989-08-18,1989,6.3,83,97731,2,0,1640,2010-10-04
14628,Fletch Lives,Fletch Lives,en,11.528,1989-03-17,1989,6.017,290,97366,1,0,1833,2010-12-09
8491,Weekend at Bernie's,Weekend at Bernie's,en,18.016,1989-07-05,1989,6.4,1013,98627,1,0,1834,2010-12-09
33787,"Get Smart, Again!","Get Smart, Again!",en,3.967,1989-02-26,1989,5.2,26,97423,3,0,1847,2010-12-13
1412,"sex, lies, and videotape","sex, lies, and videotape",en,21.477,1989-08-04,1989,7.0,910,98724,2,1,2065,2011-02-23
11974,The 'Burbs,The 'Burbs,en,22.514,1989-02-17,1989,6.8,1226,96734,1,0,2074,2011-02-26
10705,Henry V,Henry V,en,14.135,1989-10-05,1989,7.2,373,97499,3,0,2353,2011-05-28
207,Dead Poets Society,Dead Poets Society,en,56.483,1989-06-02,1989,8.309,11334,97165,1,0,2361,2011-05-29
1648,Bill & Ted's Excellent Adventure,Bill & Ted's Excellent Adventure,en,22.116,1989-02-17,1989,6.866,1855,96928,2,0,2463,2011-06-29
11157,She-Devil,She-Devil,en,14.487,1989-12-08,1989,5.9,380,98309,3,0,2488,2011-07-05
11497,All Dogs Go to Heaven,All Dogs Go to Heaven,en,23.835,1989-11-17,1989,6.8,1033,96787,3,0,2528,2011-07-13
11562,Crimes and Misdemeanors,Crimes and Misdemeanors,en,12.529,1989-10-13,1989,7.428,874,97123,3,0,2619,2011-08-15
9942,Major League,Major League,en,16.315,1989-02-16,1989,6.9,778,97815,1,0,3808,2013-01-06
32761,The Seventh Continent,Der siebente Kontinent,de,11.07,1989-10-20,1989,7.5,306,98327,3,0,3803,2013-01-03
14372,Leviathan,Leviathan,en,14.482,1989-03-17,1989,5.954,494,97737,3,0,3932,2013-02-24
476,Drugstore Cowboy,Drugstore Cowboy,en,10.68,1989-10-20,1989,7.1,534,97240,2,0,3934,2013-02-24
11959,UHF,UHF,en,11.236,1989-07-21,1989,6.7,348,98546,1,0,4036,2013-04-09
8216,Meet the Feebles,Meet the Feebles,en,7.789,1989-08-12,1989,6.286,285,97858,3,0,4175,2013-05-29
38043,Shag,Shag,en,5.034,1989-04-14,1989,6.2,56,98300,3,0,4268,2013-06-24
2028,Say Anything...,Say Anything...,en,14.319,1989-04-14,1989,7.0,996,98258,2,0,4270,2013-06-26
709,Licence to Kill,Licence to Kill,en,37.739,1989-06-13,1989,6.402,1920,97742,2,0,4364,2013-07-18
14550,The Dream Team,The Dream Team,en,9.23,1989-04-07,1989,6.172,224,97235,0,0,4579,2013-09-14
7452,"The Cook, the Thief, His Wife & Her Lover","The Cook, the Thief, His Wife & Her Lover",en,13.795,1989-10-13,1989,7.3,625,97108,1,0,4597,2013-09-17
10493,Dead Calm,Dead Calm,en,21.296,1989-04-07,1989,6.56,743,97162,0,0,4606,2013-09-21
11475,Leningrad Cowboys Go America,Leningrad Cowboys Go America,fi,7.578,1989-03-24,1989,6.9,177,97728,0,0,4646,2013-09-29
25199,Teen Witch,Teen Witch,en,13.301,1989-04-28,1989,6.065,170,98453,3,0,4760,2013-11-01
6951,Turner & Hooch,Turner & Hooch,en,9.606,1989-07-28,1989,6.3,1296,98536,1,0,5277,2014-03-12
27070,Chopper Chicks in Zombietown,Chopper Chicks in Zombietown,en,2.133,1989-04-05,1989,4.4,28,103959,3,0,5534,2014-06-04
2604,Born on the Fourth of July,Born on the Fourth of July,en,15.117,1989-12-20,1989,7.01,1687,96969,3,0,5574,2014-06-18
10160,A Nightmare on Elm Street: The Dream Child,A Nightmare on Elm Street: The Dream Child,en,19.265,1989-08-11,1989,5.402,1274,97981,3,0,6024,2015-01-07
925,Do the Right Thing,Do the Right Thing,en,12.663,1989-06-14,1989,7.8,1771,97216,2,0,6594,2015-12-12
10283,Friday the 13th Part VIII: Jason Takes Manhattan,Friday the 13th Part VIII: Jason Takes Manhattan,en,17.84,1989-07-28,1989,4.9,1059,97388,3,0,6675,2016-01-22
9665,Glory,Glory,en,20.892,1989-12-15,1989,7.5,1613,97441,0,0,6975,2016-07-13
17362,Loverboy,Loverboy,en,7.134,1989-04-28,1989,6.1,158,97790,3,1,7048,2016-08-17
18289,Godzilla vs. Biollante,ゴジラvsビオランテ,ja,15.393,1989-12-16,1989,7.4,249,97444,3,0,7213,2016-10-18
942,Lethal Weapon 2,Lethal Weapon 2,en,22.256,1989-07-07,1989,7.0,3379,97733,3,0,7222,2016-10-25
403,Driving Miss Daisy,Driving Miss Daisy,en,12.605,1989-12-13,1989,7.235,1586,97239,3,0,7255,2016-11-10
2323,Field of Dreams,Field of Dreams,en,16.804,1989-04-21,1989,7.1,1495,97351,2,0,7268,2016-11-17
10161,My Left Foot: The Story of Christy Brown,My Left Foot: The Story of Christy Brown,en,13.076,1989-04-07,1989,7.5,919,97937,3,1,7269,2016-11-17
4296,Millennium,Millennium,en,8.081,1989-08-25,1989,5.4,127,97883,3,0,7438,2017-02-12
45182,The Delinquents,The Delinquents,en,4.566,1989-12-21,1989,5.0,24,97182,3,0,7842,2017-09-29
5825,National Lampoon's Christmas Vacation,National Lampoon's Christmas Vacation,en,65.567,1989-11-30,1989,7.2,2408,97958,3,0,8323,2018-07-12
69141,Celia,Celia,en,5.947,1989-05-18,1989,6.4,38,94849,3,0,8470,2018-11-03
35927,Babar: The Movie,Babar: The Movie,en,2.903,1989-07-28,1989,5.8,44,96869,3,0,8507,2018-12-02
67394,Savage Beach,Savage Beach,en,11.056,1989-10-01,1989,4.6,51,98257,3,0,8997,2020-02-03
10222,Kickboxer,Kickboxer,en,29.52,1989-04-20,1989,6.816,1409,97659,0,0,9485,2021-02-18
19124,Blind Fury,Blind Fury,en,16.215,1989-08-17,1989,6.5,453,96945,1,0,9487,2021-02-18
10495,The Karate Kid Part III,The Karate Kid Part III,en,27.843,1989-06-16,1989,5.887,1611,97647,0,0,9515,2021-03-13
10835,The Killer,喋血雙雄,cn,19.416,1989-03-24,1989,7.6,792,97202,0,0,9528,2021-03-14
20713,Farewell to the King,Farewell to the King,en,4.288,1989-03-03,1989,5.955,66,97334,0,0,9539,2021-03-14
9618,Tango & Cash,Tango & Cash,en,22.273,1989-12-22,1989,6.5,1920,98439,0,0,9727,2021-04-29
19142,The Return of Swamp Thing,The Return of Swamp Thing,en,12.174,1989-05-11,1989,5.5,238,98193,3,0,9752,2021-04-30
8867,The Punisher,The Punisher,en,16.564,1989-10-05,1989,5.8,595,98141,1,0,9770,2021-05-01
861,Total Recall,Total Recall,en,35.559,1990-06-01,1990,7.3,5817,100802,1,,118,2008-08-01
196,Back to the Future Part III,Back to the Future Part III,en,33.676,1990-05-25,1990,7.484,10544,99088,1,,151,2008-08-09
10166,The Witches,The Witches,en,16.527,1990-05-25,1990,6.9,1246,100944,3,,209,2008-10-23
771,Home Alone,Home Alone,en,15.285,1990-11-16,1990,7.443,11370,99785,3,0,432,2009-08-09
4587,Mermaids,Mermaids,en,16.369,1990-12-14,1990,6.7,504,100140,3,0,443,2009-08-10
1700,Misery,Misery,en,28.471,1990-11-30,1990,7.8,4666,100157,1,0,459,2009-08-15
22414,Postcards from the Edge,Postcards from the Edge,en,9.94,1990-09-14,1990,6.6,268,100395,3,0,533,2009-10-29
36843,Life Is Sweet,Life Is Sweet,en,5.532,1990-11-15,1990,7.0,155,100024,3,0,796,2010-05-13
9322,La Femme Nikita,Nikita,fr,19.285,1990-02-21,1990,7.104,1925,100263,3,0,869,2010-05-28
20815,The Handmaid's Tale,The Handmaid's Tale,en,17.371,1990-02-15,1990,6.156,227,99731,3,0,926,2010-06-09
48745,Mindwalk,Mindwalk,en,2.882,1991-12-05,1991,6.8,49,100151,3,0,1173,2010-07-14
251,Ghost,Ghost,en,40.338,1990-07-13,1990,7.22,5554,99653,3,0,1130,2010-07-09
31225,Paris Is Burning,Paris Is Burning,en,8.835,1991-03-13,1991,7.979,466,100332,3,0,1441,2010-08-04
9362,Tremors,Tremors,en,25.661,1990-01-19,1990,6.9,3252,100814,3,0,1663,2010-10-15
123763,"I, the Worst of All","Yo, la peor de todas",es,1.984,1990-08-09,1990,5.6,15,100990,3,0,1728,2010-11-02
28761,"White Hunter, Black Heart","White Hunter, Black Heart",en,7.88,1990-05-16,1990,6.343,277,100928,1,0,1935,2011-01-28
114,Pretty Woman,Pretty Woman,en,55.486,1990-03-23,1990,7.465,8299,100405,3,0,2156,2011-03-31
769,GoodFellas,GoodFellas,en,76.717,1990-09-12,1990,8.458,12967,99685,3,1,2211,2011-04-23
9556,Darkman,Darkman,en,11.427,1990-08-24,1990,6.429,1366,99365,0,0,2242,2011-04-25
29779,Bimbos B.C.,Bimbos B.C.,en,0.581,1990-01-01,1990,2.3,3,196378,3,0,2379,2011-06-08
2891,An Angel at My Table,An Angel at My Table,en,6.909,1990-09-20,1990,7.0,158,99040,3,0,2296,2011-05-15
9586,The Bonfire of the Vanities,The Bonfire of the Vanities,en,13.615,1990-12-21,1990,5.569,478,99165,2,0,2313,2011-05-19
162,Edward Scissorhands,Edward Scissorhands,en,59.454,1990-12-07,1990,7.718,12947,99487,3,0,2442,2011-06-25
483,Wild at Heart,Wild at Heart,en,12.752,1990-08-17,1990,7.0,1618,100935,2,0,2577,2011-07-27
2565,Joe Versus the Volcano,Joe Versus the Volcano,en,17.72,1990-03-09,1990,5.7,531,99892,2,0,2820,2011-11-02
1551,Flatliners,Flatliners,en,20.415,1990-08-10,1990,6.496,1542,99582,3,0,2942,2011-12-19
1573,Die Hard 2,Die Hard 2,en,52.645,1990-07-03,1990,6.955,5813,99423,3,1,2963,2011-12-29
1669,The Hunt for Red October,The Hunt for Red October,en,28.583,1990-03-02,1990,7.38,3280,99810,1,1,3000,2012-01-25
44283,Happily Ever After,Happily Ever After,en,6.213,1989-06-30,1989,5.6,49,99733,3,0,3247,2012-05-11
10170,The Russia House,The Russia House,en,9.194,1990-12-21,1990,6.1,294,100530,0,0,3524,2012-09-09
30017,Close-Up,کلوزآپ ، نمای نزدیک,fa,12.272,1990-05-09,1990,7.9,380,100234,1,0,3561,2012-09-29
96466,A Terra-Cotta Warrior,秦俑,zh,4.047,1989-12-18,1989,6.7,23,98147,3,0,3566,2012-09-30
19384,Dark Angel,Dark Angel,en,17.028,1990-01-26,1990,5.9,317,99817,0,0,3662,2012-11-06
388645,New York City Opera: A Little Night Music,New York City Opera: A Little Night Music,en,0.699,1990-11-07,1990,9.2,4,359610,3,0,3721,2012-12-06
51763,The Long Walk Home,The Long Walk Home,en,10.673,1990-12-21,1990,7.6,134,100046,3,0,4034,2013-04-07
7975,I Hired a Contract Killer,I Hired a Contract Killer,en,6.374,1990-10-12,1990,6.9,191,99818,0,0,4080,2013-04-23
123778,The Company of Strangers,The Company of Strangers,en,2.662,1990-10-01,1990,7.3,19,102993,3,0,4174,2013-05-29
3101,I Love You to Death,I Love You to Death,en,7.804,1990-04-06,1990,6.431,254,99819,3,0,4574,2013-09-14
11186,Child's Play 2,Child's Play 2,en,29.334,1990-11-09,1990,6.3,1836,99253,3,0,4706,2013-10-17
26914,Troll 2,Troll 2,en,12.334,1990-10-12,1990,4.0,425,105643,3,0,4719,2013-10-20
379,Miller's Crossing,Miller's Crossing,en,18.482,1990-09-21,1990,7.455,1647,100150,0,0,4750,2013-10-29
11856,Air America,Air America,en,14.002,1990-08-10,1990,5.8,582,99005,0,0,4807,2013-11-11
169,Predator 2,Predator 2,en,35.741,1990-11-21,1990,6.3,3324,100403,2,1,5182,2014-02-17
5549,RoboCop 2,RoboCop 2,en,22.849,1990-06-22,1990,6.013,1891,100502,1,0,5237,2014-03-05
1498,Teenage Mutant Ninja Turtles,Teenage Mutant Ninja Turtles,en,26.355,1990-03-30,1990,6.674,1778,100758,2,1,5284,2014-03-16
28213,A Tale of Springtime,Conte de printemps,fr,6.847,1990-04-04,1990,6.9,149,97106,3,0,5301,2014-03-19
7974,The Match Factory Girl,Tulitikkutehtaan tyttö,fi,8.084,1990-01-12,1990,7.3,253,98532,3,1,5333,2014-03-28
8996,Europa Europa,Europa Europa,de,11.344,1990-11-14,1990,7.29,248,99776,2,0,5347,2014-04-01
10847,Lord of the Flies,Lord of the Flies,en,16.577,1990-03-16,1990,6.4,547,100054,0,0,5556,2014-06-09
47329,Stella,Stella,en,3.288,1990-02-02,1990,5.7,33,100691,2,0,5581,2014-06-20
31923,"Welcome Home, Roxy Carmichael","Welcome Home, Roxy Carmichael",en,6.874,1990-10-12,1990,6.2,100,100911,3,0,5614,2014-07-05
2291,Jacob's Ladder,Jacob's Ladder,en,17.628,1990-11-02,1990,7.351,1649,99871,1,0,5688,2014-08-11
48864,Where the Heart Is,Where the Heart Is,en,3.899,1990-02-23,1990,6.0,41,100924,3,0,5776,2014-09-25
11092,Presumed Innocent,Presumed Innocent,en,19.415,1990-07-27,1990,6.8,689,100404,1,0,5777,2014-09-25
39101,Dragon Ball Z: The Tree of Might,ドラゴンボールZ 地球まるごと超決戦,ja,31.371,1990-06-07,1990,6.5,559,142233,1,0,5908,2014-11-08
8217,Alice,Alice,en,6.346,1990-12-25,1990,6.418,306,99012,3,0,6081,2015-01-27
259808,Criminal Justice,Criminal Justice,en,1.929,1990-09-08,1990,6.6,6,99321,3,0,6289,2015-06-01
951,Kindergarten Cop,Kindergarten Cop,en,9.519,1990-12-21,1990,6.107,2487,99938,3,0,6542,2015-11-16
9768,Cry-Baby,Cry-Baby,en,15.056,1990-04-06,1990,6.527,1485,99329,3,0,6562,2015-11-28
4339,The Nasty Girl,Das schreckliche Mädchen,de,2.393,1990-02-15,1990,6.6,35,100557,3,0,6656,2016-01-08
39323,Dragon Ball Z: Bardock - The Father of Goku,ドラゴンボールZ たったひとりの最終決戦〜フリーザに挑んだZ戦士 孫悟空の父〜,ja,52.946,1990-10-17,1990,7.5,698,142245,0,0,7426,2017-01-31
581,Dances with Wolves,Dances with Wolves,en,34.804,1990-03-30,1990,7.844,4245,99348,1,0,7626,2017-05-21
18971,Rosencrantz & Guildenstern Are Dead,Rosencrantz & Guildenstern Are Dead,en,7.137,1991-02-08,1991,6.902,290,100519,1,0,7659,2017-05-21
47869,Hidden Agenda,Hidden Agenda,en,4.413,1990-11-21,1990,6.9,90,99768,3,0,8021,2018-01-23
23535,Class of 1999,Class of 1999,en,8.337,1990-04-01,1990,6.0,233,99277,2,1,8043,2018-02-09
11135,The Rescuers Down Under,The Rescuers Down Under,en,6.523,1990-11-16,1990,6.6,1272,100477,1,0,8051,2018-02-15
242,The Godfather Part III,The Godfather Part III,en,64.442,1990-12-25,1990,7.422,6226,99674,3,0,8061,2018-02-16
15389,Metropolitan,Metropolitan,en,9.968,1990-08-03,1990,6.8,159,100142,3,0,8097,2018-03-07
21168,The Reflecting Skin,The Reflecting Skin,en,13.142,1990-08-28,1990,6.7,194,100469,1,0,8584,2019-01-04
29904,Barbarian Queen II: The Empress Strikes Back,Barbarian Queen II: The Empress Strikes Back,en,3.408,1990-03-23,1990,3.9,28,103768,3,0,8929,2019-12-11
24016,The Sheltering Sky,The Sheltering Sky,en,11.014,1990-10-25,1990,6.5,265,100594,0,1,9481,2021-02-18
11909,Bullet in the Head,喋血街頭,cn,14.344,1990-08-17,1990,7.559,270,99426,1,0,9529,2021-03-14
427910,Navy Seals,Navy Seals,en,11.514,1990-07-20,1990,5.3,237,100232,0,0,9530,2021-03-14
19086,Delta Force 2: The Colombian Connection,Delta Force 2: The Colombian Connection,en,16.163,1990-08-24,1990,5.423,202,99399,1,0,9532,2021-03-14
60801,Naked Tango,Naked Tango,en,3.049,1990-09-27,1990,6.3,15,100222,1,0,9537,2021-03-14
36884,"No Retreat, No Surrender 3: Blood Brothers","No Retreat, No Surrender 3: Blood Brothers",en,13.273,1990-01-25,1990,6.414,76,100266,0,0,9546,2021-03-14
9399,Lionheart,Lionheart,en,39.15,1990-06-07,1990,6.541,1036,100029,1,0,9563,2021-03-16
1375,Rocky V,Rocky V,en,36.707,1990-11-16,1990,5.768,3183,100507,0,0,9726,2021-04-29
299668,Hiroshima: Out of the Ashes,Hiroshima: Out of the Ashes,en,5.36,1990-08-06,1990,5.8,6,99772,3,0,9813,2021-05-12
928,Gremlins 2: The New Batch,Gremlins 2: The New Batch,en,30.393,1990-06-15,1990,6.5,2596,99700,2,0,9923,2021-07-02
20481,Nightbreed,Nightbreed,en,13.681,1990-02-16,1990,6.361,466,100260,3,0,10013,2021-08-18
274,The Silence of the Lambs,The Silence of the Lambs,en,13.5,1991-02-14,1991,8.347,16374,102926,3,0,32,2008-07-19
10020,Beauty and the Beast,Beauty and the Beast,en,73.809,1991-10-22,1991,7.729,9969,101414,3,,183,2008-09-13
1541,Thelma & Louise,Thelma & Louise,en,29.481,1991-05-24,1991,7.6,3416,103074,3,,266,2009-01-31
15080,Only Yesterday,おもひでぽろぽろ,ja,20.002,1991-07-20,1991,7.382,1101,102587,3,,308,2009-03-29
6463,Other People's Money,Other People's Money,en,8.514,1991-10-18,1991,6.1,135,102609,3,0,467,2009-08-17
1089,Point Break,Point Break,en,30.39,1991-07-12,1991,7.2,3568,102685,0,0,512,2009-09-21
8222,High Heels,Tacones lejanos,es,19.09,1991-10-23,1991,7.1,413,103030,3,0,710,2010-03-30
1633,Fried Green Tomatoes,Fried Green Tomatoes,en,29.037,1991-12-27,1991,7.7,1343,101921,3,0,767,2010-04-26
280,Terminator 2: Judgment Day,Terminator 2: Judgment Day,en,74.682,1991-07-03,1991,8.1,12970,103064,3,1,847,2010-05-27
26291,Shakes the Clown,Shakes the Clown,en,6.524,1991-08-28,1991,5.4,78,102898,3,0,879,2010-05-30
17990,Impromptu,Impromptu,en,4.989,1991-04-12,1991,6.1,57,102103,3,0,913,2010-06-07
879,Hook,Hook,en,29.127,1991-04-10,1991,6.8,5297,102057,2,0,1033,2010-07-03
21828,Flirting,Flirting,en,5.031,1991-03-20,1991,6.753,73,101898,2,0,1346,2010-07-26
10404,Raise the Red Lantern,大红灯笼高高挂,zh,17.696,1991-12-18,1991,7.9,711,101640,3,1,1297,2010-07-24
12227,White Fang,White Fang,en,19.708,1991-01-18,1991,6.7,588,103247,1,0,1125,2010-07-09
58648,Closet Land,Closet Land,en,4.884,1991-03-06,1991,6.6,41,101597,0,0,1429,2010-08-02
11821,Doc Hollywood,Doc Hollywood,en,12.826,1991-08-02,1991,6.357,610,101745,1,0,1089,2010-07-04
8367,Robin Hood: Prince of Thieves,Robin Hood: Prince of Thieves,en,43.873,1991-06-14,1991,6.9,3259,102798,3,1,1579,2010-09-19
177,The Fisher King,The Fisher King,en,16.806,1991-09-20,1991,7.3,1335,101889,3,1,1405,2010-07-29
10750,Toy Soldiers,Toy Soldiers,en,13.345,1991-04-24,1991,6.5,337,103112,0,0,1697,2010-10-24
37137,The Naked Gun 2½: The Smell of Fear,The Naked Gun 2½: The Smell of Fear,en,27.608,1991-06-28,1991,6.8,2230,102510,1,0,1825,2010-12-05
14022,Slacker,Slacker,en,7.438,1991-07-05,1991,6.7,296,102943,3,0,1846,2010-12-13
1600,The Double Life of Véronique,La Double Vie de Véronique,fr,14.097,1991-05-15,1991,7.489,792,101765,3,0,2180,2011-04-09
129542,Salmonberries,Salmonberries,en,3.612,1991-10-31,1991,5.4,13,102829,3,0,2216,2011-04-23
290,Barton Fink,Barton Fink,en,13.785,1991-08-01,1991,7.461,1671,101410,1,0,2315,2011-05-20
41784,Black Robe,Black Robe,en,9.709,1991-10-04,1991,6.576,99,101465,1,0,2326,2011-05-23
32853,"Thank You, Life",Merci la vie,fr,4.147,1991-03-13,1991,6.2,51,102436,3,0,2408,2011-06-17
68427,Daughters of the Dust,Daughters of the Dust,en,4.45,1991-01-24,1991,6.52,49,104057,3,0,2455,2011-06-29
10380,An American Tail: Fievel Goes West,An American Tail: Fievel Goes West,en,22.083,1991-11-21,1991,6.312,727,101329,3,0,2491,2011-07-06
15413,Don't Tell Mom the Babysitter's Dead,Don't Tell Mom the Babysitter's Dead,en,13.115,1991-06-07,1991,6.1,427,101757,3,0,2637,2011-08-24
1497,Teenage Mutant Ninja Turtles II: The Secret of the Ooze,Teenage Mutant Ninja Turtles II: The Secret of the Ooze,en,28.765,1991-03-22,1991,6.2,1141,103060,3,0,2740,2011-10-05
28117,Delirious,Delirious,en,7.329,1991-08-09,1991,5.6,123,101701,1,0,2785,2011-10-21
339,Night on Earth,Night on Earth,en,9.655,1991-12-12,1991,7.52,907,102536,3,0,2846,2011-11-18
49410,Motorama,Motorama,en,7.724,1991-09-10,1991,6.6,53,104922,1,0,2857,2011-11-20
12702,Critters 3,Critters 3,en,18.102,1991-12-11,1991,5.3,404,101627,3,0,2913,2011-12-08
41792,Rubin & Ed,Rubin & Ed,en,2.055,1992-05-15,1992,6.4,25,102817,0,0,3036,2012-02-09
88818,The Object of Beauty,The Object of Beauty,en,3.625,1991-04-12,1991,5.4,36,102573,3,0,3058,2012-02-20
1649,Bill & Ted's Bogus Journey,Bill & Ted's Bogus Journey,en,16.263,1991-07-19,1991,6.314,1219,101452,1,0,3251,2012-05-12
10276,What About Bob?,What About Bob?,en,15.414,1991-05-17,1991,6.9,813,103241,2,0,3292,2012-05-29
9292,Hudson Hawk,Hudson Hawk,en,12.607,1991-05-23,1991,5.7,989,102070,3,0,3544,2012-09-24
9595,Hot Shots!,Hot Shots!,en,28.46,1991-07-31,1991,6.6,2167,102059,1,0,3563,2012-09-29
174,Star Trek VI: The Undiscovered Country,Star Trek VI: The Undiscovered Country,en,16.13,1991-12-06,1991,7.0,1269,102975,2,1,3592,2012-10-15
2907,The Addams Family,The Addams Family,en,44.439,1991-11-22,1991,7.05,4602,101272,3,0,3595,2012-10-15
10249,The Rocketeer,The Rocketeer,en,17.607,1991-06-21,1991,6.5,934,102803,1,0,3987,2013-03-17
23378,Into the Woods,Into the Woods,en,2.618,1991-03-15,1991,8.0,41,99851,3,0,4241,2013-06-14
9319,The Last Boy Scout,The Last Boy Scout,en,22.525,1991-12-13,1991,6.815,1891,102266,3,1,4290,2013-06-29
77195,Neon City,Neon City,en,2.614,1991-12-16,1991,4.818,33,104981,3,0,4358,2013-07-17
6524,Life Stinks,Life Stinks,en,9.61,1991-06-05,1991,5.6,195,102303,0,0,4577,2013-09-14
12186,Defending Your Life,Defending Your Life,en,11.478,1991-03-22,1991,6.938,266,101698,3,1,4631,2013-09-27
2107,L.A. Story,L.A. Story,en,8.975,1991-02-08,1991,6.466,336,102250,3,1,4666,2013-10-06
9065,Europa,Europa,de,10.777,1991-06-27,1991,7.3,319,101829,0,0,4736,2013-10-25
42001,The Princess and the Goblin,The Princess and the Goblin,en,3.325,1991-06-03,1991,5.8,40,107875,3,0,4973,2013-12-22
214594,Lethal Games,Lethal Games,en,1.368,1991-11-07,1991,2.0,2,100009,3,0,5133,2014-02-04
10174,Madonna: Truth or Dare,Madonna: Truth or Dare,en,6.729,1991-05-10,1991,6.2,152,102370,3,0,5260,2014-03-09
4032,My Girl,My Girl,en,23.002,1991-11-27,1991,7.39,2079,102492,3,0,5265,2014-03-09
2767,The Lovers on the Bridge,Les Amants du Pont-Neuf,fr,14.417,1991-10-16,1991,7.447,321,101318,1,0,5332,2014-03-28
650,Boyz n the Hood,Boyz n the Hood,en,27.79,1991-07-12,1991,7.6,1989,101507,2,0,5638,2014-07-14
47252,The Linguini Incident,The Linguini Incident,en,3.366,1991-05-01,1991,6.5,17,102313,3,0,5639,2014-07-15
29475,The Five Heartbeats,The Five Heartbeats,en,11.744,1991-03-29,1991,7.32,65,101891,1,0,5814,2014-10-07
8592,Dick Tracy,Dick Tracy,en,11.734,1990-04-05,1990,6.143,932,99422,1,0,5833,2014-10-11
11284,Freddy's Dead: The Final Nightmare,Freddy's Dead: The Final Nightmare,en,21.606,1991-09-05,1991,5.304,1335,101917,2,0,6028,2015-01-07
24752,Dragon Ball Z: Cooler's Revenge,ドラゴンボールZ とびっきりの最強対最強,ja,34.449,1991-07-20,1991,7.0,674,1125254,0,0,6089,2015-02-01
48636,Nekromantik 2,Nekromantik 2,de,9.548,1991-05-07,1991,5.137,95,102522,1,0,6335,2015-06-29
25562,Soapdish,Soapdish,en,7.001,1991-05-31,1991,6.2,251,102951,3,0,6371,2015-07-26
30840,Robin Hood,Robin Hood,en,5.815,1991-05-13,1991,5.7,159,102797,1,0,7146,2016-09-26
13122,The People Under the Stairs,The People Under the Stairs,en,14.806,1991-11-01,1991,6.5,665,105121,3,0,7163,2016-09-29
20645,Rhapsody in August,八月の狂詩曲,ja,12.11,1991-05-25,1991,7.1,140,101991,3,0,7172,2016-10-06
50270,Paprika,Paprika,it,60.811,1991-02-13,1991,7.0,448,98063,3,0,7235,2016-11-02
820,JFK,JFK,en,17.936,1991-12-20,1991,7.605,2116,102138,3,0,7200,2016-10-15
1406,City Slickers,City Slickers,en,14.941,1991-06-07,1991,6.443,774,101587,3,0,7365,2016-12-29
59058,Riff-Raff,Riff-Raff,en,6.311,1991-06-21,1991,6.7,105,100491,0,0,7609,2017-05-17
3784,Frankie and Johnny,Frankie and Johnny,en,12.842,1991-10-11,1991,6.8,573,101912,1,0,7632,2017-05-21
468,My Own Private Idaho,My Own Private Idaho,en,16.211,1991-02-01,1991,7.1,1122,102494,1,0,7650,2017-05-21
11890,Oscar,Oscar,en,14.604,1991-04-26,1991,6.306,508,102603,2,0,7655,2017-05-21
1598,Cape Fear,Cape Fear,en,19.095,1991-11-13,1991,7.3,3438,101540,3,0,7938,2017-12-09
38251,Mediterraneo,Mediterraneo,it,6.37,1991-02-02,1991,7.637,1004,102426,2,1,8062,2018-02-17
10341,Until the End of the World,Bis ans Ende der Welt,de,9.471,1991-09-12,1991,6.806,201,101458,3,0,9094,2020-04-26
65374,Samurai Cop,Samurai Cop,en,6.834,1991-11-30,1991,4.5,179,130236,1,0,9322,2020-11-06
8010,Highlander II: The Quickening,Highlander II: The Quickening,en,16.209,1991-01-13,1991,4.7,853,102034,1,0,9378,2020-12-14
47363,Deathstalker IV: Match of Titans,Deathstalker IV: Match of Titans,en,3.73,1991-07-13,1991,5.4,48,99388,1,0,9517,2021-03-13
26340,Delta Force 3: The Killing Game,Delta Force 3: The Killing Game,en,3.056,1991-01-01,1991,3.3,30,101702,0,0,9533,2021-03-14
24993,Kickboxer 2: The Road Back,Kickboxer 2: The Road Back,en,9.617,1991-01-30,1991,5.5,180,102202,0,0,9548,2021-03-14
9594,Double Impact,Double Impact,en,30.474,1991-07-31,1991,6.1,1057,101764,1,0,9564,2021-03-16
1915,"Manta, Manta","Manta, Manta",de,11.098,1991-10-03,1991,5.7,143,102397,3,0,9810,2021-05-12
11187,Child's Play 3,Child's Play 3,en,24.209,1991-08-30,1991,5.9,1586,103956,2,0,9847,2021-05-25
13154,Showdown in Little Tokyo,Showdown in Little Tokyo,en,15.125,1991-08-23,1991,6.4,472,102915,3,1,10117,2021-11-03
500,Reservoir Dogs,Reservoir Dogs,en,39.96,1992-09-02,1992,8.12,14332,105236,0,0,18,2008-07-19
812,Aladdin,Aladdin,en,55.156,1992-11-25,1992,7.649,11272,103639,0,,98,2008-07-30
8077,Alien³,Alien³,en,35.215,1992-05-22,1992,6.375,5714,103644,0,,296,2009-03-07
772,Home Alone 2: Lost in New York,Home Alone 2: Lost in New York,en,442.215,1992-11-15,1992,6.759,9731,104431,3,0,433,2009-08-09
9504,Glengarry Glen Ross,Glengarry Glen Ross,en,20.652,1992-09-10,1992,7.347,1385,104348,0,0,450,2009-08-12
881,A Few Good Men,A Few Good Men,en,27.863,1992-12-11,1992,7.544,3611,104257,1,0,451,2009-08-12
11287,A League of Their Own,A League of Their Own,en,21.209,1992-07-01,1992,7.194,1389,104694,3,0,560,2009-12-11
10206,Buffy the Vampire Slayer,Buffy the Vampire Slayer,en,17.616,1992-07-24,1992,5.6,815,103893,3,0,748,2010-04-24
10608,Bob Roberts,Bob Roberts,en,9.722,1992-09-04,1992,6.525,162,103850,1,0,818,2010-05-19
364,Batman Returns,Batman Returns,en,49.631,1992-06-19,1992,6.9,6532,103776,0,0,1025,2010-07-03
47866,Gas Food Lodging,Gas Food Lodging,en,3.569,1992-07-10,1992,6.3,59,104321,3,0,1345,2010-07-26
2005,Sister Act,Sister Act,en,28.679,1992-05-28,1992,6.8,3179,105417,3,0,1352,2010-07-27
766,Army of Darkness,Army of Darkness,en,22.077,1992-10-31,1992,7.25,3159,106308,2,0,1276,2010-07-23
10437,The Muppet Christmas Carol,The Muppet Christmas Carol,en,25.201,1992-12-10,1992,7.4,1004,104940,3,0,1101,2010-07-05
10414,The Mighty Ducks,The Mighty Ducks,en,12.64,1992-10-02,1992,6.553,883,104868,1,0,1126,2010-07-09
13225,FernGully: The Last Rainforest,FernGully: The Last Rainforest,en,16.579,1992-04-10,1992,6.4,571,104254,3,0,1157,2010-07-11
11597,Toys,Toys,en,13.103,1992-12-18,1992,5.3,538,105629,3,0,1836,2010-12-10
27073,Full Contact,俠盜高飛,cn,12.719,1992-07-23,1992,6.8,107,105851,1,0,1867,2010-12-21
9374,Death Becomes Her,Death Becomes Her,en,23.64,1992-07-30,1992,6.8,2634,104070,3,0,1869,2010-12-24
9300,Orlando,Orlando,en,11.902,1992-12-11,1992,6.9,323,107756,2,1,1877,2010-12-25
9367,El Mariachi,El Mariachi,es,14.392,1993-02-22,1993,6.723,1133,104815,0,0,1886,2011-01-02
10377,My Cousin Vinny,My Cousin Vinny,en,19.759,1992-03-13,1992,7.5,1587,104952,1,0,1895,2011-01-07
26561,Enchanted April,Enchanted April,en,5.706,1991-11-27,1991,6.6,67,101811,3,0,2128,2011-03-20
41768,Passion Fish,Passion Fish,en,5.03,1992-12-11,1992,6.7,48,105107,3,0,2349,2011-05-26
8293,Howards End,Howards End,en,16.441,1992-03-13,1992,7.0,527,104454,3,0,2415,2011-06-20
1923,Twin Peaks: Fire Walk with Me,Twin Peaks: Fire Walk with Me,en,25.17,1992-06-03,1992,7.37,1917,105665,3,0,2432,2011-06-22
35936,Sarafina!,Sarafina!,en,5.731,1992-09-18,1992,6.1,41,105316,3,0,2457,2011-06-29
54715,Leaving Normal,Leaving Normal,en,3.227,1992-04-29,1992,6.24,25,104697,3,0,2466,2011-06-29
9605,Single White Female,Single White Female,en,11.446,1992-08-14,1992,6.296,607,105414,3,0,2504,2011-07-07
41776,This Is My Life,This Is My Life,en,2.112,1992-02-21,1992,6.2,16,105577,3,0,2506,2011-07-07
15300,Newsies,Newsies,en,9.476,1992-04-10,1992,6.8,269,104990,1,0,2628,2011-08-21
37264,Straight Talk,Straight Talk,en,5.425,1992-04-03,1992,6.0,69,105481,3,0,2709,2011-09-25
11386,The Crying Game,The Crying Game,en,13.278,1992-09-02,1992,6.8,742,104036,2,0,3141,2012-03-24
11621,Porco Rosso,紅の豚,ja,30.501,1992-07-18,1992,7.8,3297,104652,1,0,3414,2012-07-10
47648,King of Beggars,武狀元蘇乞兒,cn,12.189,1992-12-17,1992,6.8,118,100963,2,0,3556,2012-09-27
10403,The Player,The Player,en,15.022,1992-04-03,1992,7.192,815,105151,3,0,3636,2012-10-29
9475,Scent of a Woman,Scent of a Woman,en,33.201,1992-12-23,1992,7.8,3415,105323,1,0,3787,2012-12-29
14002,Baraka,Baraka,en,12.604,1992-09-15,1992,8.237,609,103767,0,0,3937,2013-02-26
763,Braindead,Braindead,en,17.548,1992-08-13,1992,7.404,1633,103873,3,0,4141,2013-05-19
1883,Malcolm X,Malcolm X,en,17.183,1992-11-18,1992,7.536,1656,104797,3,1,4391,2013-07-25
8872,Wayne's World,Wayne's World,en,15.407,1992-02-14,1992,6.699,2232,105793,1,0,4731,2013-10-22
9876,Stop! Or My Mom Will Shoot,Stop! Or My Mom Will Shoot,en,14.462,1992-02-21,1992,5.291,1011,105477,2,0,4779,2013-11-04
10435,Chaplin,Chaplin,en,18.481,1992-12-17,1992,7.4,1083,103939,1,0,4782,2013-11-05
16562,The Cutting Edge,The Cutting Edge,en,20.651,1992-03-27,1992,7.208,344,104040,3,1,4839,2013-11-16
19087,Ladybugs,Ladybugs,en,6.521,1992-03-27,1992,5.6,158,104670,3,0,4837,2013-11-15
18183,Like Water for Chocolate,Como agua para chocolate,es,26.656,1992-04-16,1992,7.3,499,103994,3,1,4838,2013-11-16
28384,Husbands and Wives,Husbands and Wives,en,10.378,1992-09-18,1992,7.0,458,104466,3,0,4903,2013-12-03
402,Basic Instinct,Basic Instinct,en,45.993,1992-03-20,1992,6.921,3877,103772,1,0,4940,2013-12-11
6114,Bram Stoker's Dracula,Bram Stoker's Dracula,en,46.189,1992-11-13,1992,7.449,5142,103874,3,0,4947,2013-12-14
11012,Damage,Damage,en,18.939,1992-12-02,1992,6.6,597,104237,3,0,4952,2013-12-16
10699,Hero,Hero,en,21.42,1992-10-02,1992,6.3,486,104412,1,0,4999,2013-12-28
9529,Candyman,Candyman,en,15.187,1992-10-16,1992,6.616,1612,103919,3,0,5005,2013-12-29
10163,The Lawnmower Man,The Lawnmower Man,en,15.288,1992-03-05,1992,5.595,741,104692,1,0,5241,2014-03-06
11066,Boomerang,Boomerang,en,16.024,1992-06-30,1992,5.669,566,103859,3,0,5318,2014-03-24
48150,A Heart in Winter,Un cœur en hiver,fr,7.121,1992-09-02,1992,7.237,194,105682,3,0,5425,2014-04-30
56115,The Bikini Carwash Company,The Bikini Carwash Company,en,1.6,1992-06-17,1992,5.1,17,103812,3,0,5533,2014-06-04
299963,Dragon Ball Z: Gather Together! Goku's World,ドラゴンボール Ｚ あつまれ！ 悟空ワールド,ja,13.995,1992-09-17,1992,7.1,107,1517470,0,0,5593,2014-06-27
2322,Sneakers,Sneakers,en,48.51,1992-09-09,1992,6.9,902,105435,1,0,5654,2014-07-26
39103,Dragon Ball Z: The Return of Cooler,ドラゴンボールZ 激突!!100億パワーの戦士たち,ja,27.886,1992-03-07,1992,6.461,986,142237,0,0,6090,2015-02-01
293,A River Runs Through It,A River Runs Through It,en,21.415,1992-10-09,1992,7.03,1070,105265,2,0,6123,2015-02-25
11068,Singles,Singles,en,12.164,1992-09-18,1992,6.386,385,105415,2,0,6317,2015-06-17
11569,Hellraiser III: Hell on Earth,Hellraiser III: Hell on Earth,en,19.41,1992-09-11,1992,5.7,748,104409,3,0,6397,2015-08-10
11790,Peter's Friends,Peter's Friends,en,10.585,1992-09-18,1992,6.519,180,105130,3,0,6702,2016-01-31
40213,Dragon Inn,新龍門客棧,cn,11.52,1992-08-22,1992,7.2,121,105859,3,0,6862,2016-04-29
33,Unforgiven,Unforgiven,en,32.632,1992-08-07,1992,7.9,4430,105695,3,0,7006,2016-07-29
110395,Freddie as F.R.O.7.,Freddie as F.R.O.7.,en,2.508,1992-08-14,1992,5.1,29,104298,1,0,7601,2017-05-03
9361,The Last of the Mohicans,The Last of the Mohicans,en,29.419,1992-08-26,1992,7.381,3081,104691,2,0,7031,2016-08-08
13006,Split Second,Split Second,en,12.109,1992-05-01,1992,5.919,316,105459,0,0,7179,2016-10-09
22582,Tom and Jerry: The Movie,Tom and Jerry: The Movie,en,22.371,1992-10-01,1992,6.3,579,105616,3,0,7191,2016-10-12
11782,Hard Boiled,辣手神探,cn,23.132,1992-04-16,1992,7.5,793,104684,0,0,7245,2016-11-06
10407,Housesitter,Housesitter,en,13.519,1992-06-12,1992,6.1,434,104452,1,0,7640,2017-05-21
10497,Bitter Moon,Bitter Moon,en,31.25,1992-09-02,1992,7.11,759,104779,3,0,8287,2018-06-14
12525,Critters 4,Critters 4,en,10.034,1992-08-20,1992,5.0,299,101628,1,0,8393,2018-08-31
12772,Leap of Faith,Leap of Faith,en,10.521,1992-12-18,1992,5.7,206,104695,2,0,8583,2019-01-03
10406,Encino Man,Encino Man,en,14.77,1992-05-22,1992,5.8,648,104187,1,0,8622,2019-01-31
619,The Bodyguard,The Bodyguard,en,34.593,1992-11-25,1992,6.692,2958,103855,2,0,8991,2020-01-27
124088,Just Another Girl on the I.R.T.,Just Another Girl on the I.R.T.,en,1.954,1993-03-19,1993,6.7,18,104575,1,0,9000,2020-02-04
11087,The Hand that Rocks the Cradle,The Hand that Rocks the Cradle,en,15.72,1992-01-10,1992,6.864,886,104389,3,0,9922,2021-07-02
74714,Diên Biên Phu,Diên Biên Phu,fr,4.406,1992-03-04,1992,6.257,37,104105,0,0,9107,2020-05-02
10995,The Lover,L'Amant,fr,26.117,1992-01-22,1992,7.0,678,101316,1,0,9221,2020-08-03
23939,Stay Tuned,Stay Tuned,en,7.402,1992-08-14,1992,6.1,170,105466,2,0,9242,2020-08-15
10409,Strictly Ballroom,Strictly Ballroom,en,13.036,1992-08-20,1992,6.6,344,105488,1,0,9331,2020-11-15
10538,Passenger 57,Passenger 57,en,22.987,1992-11-06,1992,5.974,1006,105104,1,0,9785,2021-05-02
6547,Schtonk!,Schtonk!,de,5.298,1992-03-12,1992,7.0,67,105328,3,0,9812,2021-05-12
329,Jurassic Park,Jurassic Park,en,38.034,1993-06-11,1993,8.0,16352,107290,3,,109,2008-07-31
137,Groundhog Day,Groundhog Day,en,46.688,1993-02-11,1993,7.6,8028,107048,2,,114,2008-07-31
9739,Demolition Man,Demolition Man,en,33.237,1993-10-08,1993,6.7,3679,106697,0,,117,2008-07-31
788,Mrs. Doubtfire,Mrs. Doubtfire,en,44.725,1993-11-24,1993,7.193,6121,107614,3,0,436,2009-08-10
10498,Point of No Return,Point of No Return,en,14.882,1993-03-19,1993,6.2,694,107843,3,0,543,2009-11-13
858,Sleepless in Seattle,Sleepless in Seattle,en,39.173,1993-06-24,1993,6.738,2342,108160,2,0,556,2009-12-06
21057,Ocean Waves,海がきこえる,ja,22.123,1994-10-07,1994,6.393,872,108432,3,0,558,2009-12-08
10439,Hocus Pocus,Hocus Pocus,en,30.672,1993-07-16,1993,7.04,3021,107120,3,0,587,2009-12-27
10419,Swing Kids,Swing Kids,en,10.486,1993-03-05,1993,6.697,228,108265,1,0,727,2010-04-07
10440,Manhattan Murder Mystery,Manhattan Murder Mystery,en,11.174,1993-05-02,1993,7.3,1076,107507,3,0,810,2010-05-16
47889,Ruby in Paradise,Ruby in Paradise,en,4.222,1993-10-08,1993,6.0,32,108000,3,0,852,2010-05-27
9571,Dazed and Confused,Dazed and Confused,en,40.592,1993-09-24,1993,7.3,2035,106677,3,0,861,2010-05-28
11528,The Sandlot,The Sandlot,en,23.298,1993-04-07,1993,7.5,1176,108037,0,0,899,2010-06-04
14135,Bad Boy Bubby,Bad Boy Bubby,en,9.808,1993-09-01,1993,6.983,263,106341,1,0,950,2010-06-16
108,Three Colors: Blue,Trois couleurs : Bleu,fr,18.988,1993-09-08,1993,7.7,1691,108394,3,0,984,2010-06-26
8005,Robin Hood: Men in Tights,Robin Hood: Men in Tights,en,22.885,1993-07-28,1993,6.593,2071,107977,3,0,1067,2010-07-04
864,Cool Runnings,Cool Runnings,en,18.39,1993-10-01,1993,6.991,2038,106611,1,0,1602,2010-09-23
18215,Boxing Helena,Boxing Helena,en,14.235,1993-03-22,1993,5.081,228,106471,1,0,1517,2010-08-31
9261,The Wedding Banquet,喜宴,zh,11.455,1993-03-01,1993,7.2,243,107156,3,0,1195,2010-07-19
6878,Homeward Bound: The Incredible Journey,Homeward Bound: The Incredible Journey,en,21.716,1993-02-03,1993,6.949,1013,107131,1,0,1088,2010-07-04
11566,Dave,Dave,en,12.085,1993-05-07,1993,6.648,748,106673,3,0,1133,2010-07-09
11236,The Secret Garden,The Secret Garden,en,19.365,1993-08-13,1993,7.4,894,108071,3,0,1434,2010-08-03
2758,Addams Family Values,Addams Family Values,en,37.12,1993-11-19,1993,6.955,3006,106220,3,0,1436,2010-08-03
6279,Sister Act 2: Back in the Habit,Sister Act 2: Back in the Habit,en,25.635,1993-12-09,1993,6.361,1799,108147,3,0,1353,2010-07-27
12661,Undercover Blues,Undercover Blues,en,7.239,1993-09-10,1993,6.0,154,108442,1,0,1097,2010-07-04
424,Schindler's List,Schindler's List,en,90.463,1993-12-15,1993,8.6,15978,108052,3,0,1497,2010-08-23
156054,The Sword of Many Lovers,飛狐外傳,cn,3.499,1993-08-20,1993,6.2,3,104246,2,0,1637,2010-10-04
20435,Death Train,Death Train,en,6.084,1993-04-14,1993,4.9,68,106689,3,0,1666,2010-10-16
34444,Even Cowgirls Get the Blues,Even Cowgirls Get the Blues,en,6.665,1994-05-13,1994,4.4,126,106834,3,0,1790,2010-11-30
26141,Fatal Instinct,Fatal Instinct,en,7.947,1993-10-29,1993,5.4,143,106873,3,1,1856,2010-12-18
26672,The Thief and the Cobbler,The Thief and the Cobbler,en,9.016,1993-09-23,1993,7.1,123,112389,0,0,1940,2011-01-29
69703,The Trial,The Trial,en,4.384,1993-06-18,1993,5.8,27,108388,1,0,2182,2011-04-11
713,The Piano,The Piano,en,20.458,1993-05-18,1993,7.38,1488,107822,3,1,2230,2011-04-23
33539,Once Upon a Forest,Once Upon a Forest,en,10.157,1993-06-18,1993,6.6,128,107745,3,1,2492,2011-07-06
9479,The Nightmare Before Christmas,The Nightmare Before Christmas,en,80.465,1993-10-09,1993,7.8,9601,107688,1,0,2543,2011-07-16
7500,Sonatine,Sonatine,ja,14.537,1993-09-10,1993,7.498,633,108188,0,0,2847,2011-11-19
1689,Little Buddha,Little Buddha,en,15.01,1993-12-01,1993,6.3,406,107426,1,0,2892,2011-12-02
5503,The Fugitive,The Fugitive,en,22.743,1993-08-06,1993,7.47,4250,106977,2,0,2916,2011-12-10
19931,The Joy Luck Club,The Joy Luck Club,en,10.461,1993-09-08,1993,7.1,144,107282,3,0,3088,2012-03-04
10436,The Age of Innocence,The Age of Innocence,en,18.209,1993-09-10,1993,7.0,1099,106226,3,0,3097,2012-03-09
12187,Heart and Souls,Heart and Souls,en,16.305,1993-08-13,1993,6.9,383,107091,2,0,3123,2012-03-16
1550,Pieces of April,Pieces of April,en,10.312,2003-10-17,2003,6.5,236,311648,3,0,3176,2012-04-11
11969,Tombstone,Tombstone,en,34.389,1993-12-25,1993,7.6,2132,108358,3,0,3180,2012-04-12
37100,Sailor Moon R: The Movie,劇場版 美少女戦士セーラームーンR,ja,17.107,1993-12-05,1993,7.9,160,106417,3,0,3330,2012-06-07
14291,Searching for Bobby Fischer,Searching for Bobby Fischer,en,13.108,1993-08-13,1993,7.076,566,108065,0,0,3336,2012-06-10
9350,Cliffhanger,Cliffhanger,en,26.503,1993-05-28,1993,6.502,2368,106582,1,0,3369,2012-06-21
26333,Untamed Heart,Untamed Heart,en,9.532,1993-02-12,1993,6.9,232,108451,3,0,3396,2012-07-03
43636,The Heroic Trio,東方三俠,cn,10.209,1993-02-12,1993,6.5,85,105619,3,0,3405,2012-07-08
21450,Naked,Naked,en,13.807,1993-09-14,1993,7.3,554,107653,3,0,3550,2012-09-26
10852,The Kung Fu Cult Master,倚天屠龍記之魔教教主,cn,16.389,1993-12-18,1993,6.7,75,108624,3,0,3692,2012-11-26
11041,The Beverly Hillbillies,The Beverly Hillbillies,en,21.732,1993-10-15,1993,6.3,537,106400,3,0,3704,2012-12-02
17912,Gypsy,Gypsy,en,4.47,1993-12-12,1993,6.5,29,107065,3,0,3715,2012-12-06
1245,The Remains of the Day,The Remains of the Day,en,20.466,1993-11-05,1993,7.4,1312,107943,1,0,3761,2012-12-20
13063,Cannibal! The Musical,Cannibal! The Musical,en,6.986,1996-08-30,1996,6.3,141,115819,0,1,3921,2013-02-21
11122,India,Indien - der Film,de,3.697,1993-10-07,1993,7.773,44,107214,0,0,4337,2013-07-12
9607,Super Mario Bros.,Super Mario Bros.,en,17.612,1993-05-28,1993,4.416,1310,108255,3,1,4422,2013-07-30
204569,Telling Secrets,Telling Secrets,en,2.106,1993-01-17,1993,4.6,8,108310,3,0,4555,2013-09-11
9612,Coneheads,Coneheads,en,23.868,1993-07-23,1993,5.42,917,106598,3,0,4636,2013-09-27
14919,Batman: Mask of the Phantasm,Batman: Mask of the Phantasm,en,18.987,1993-12-25,1993,7.5,1105,106364,0,0,4877,2013-11-25
10655,Gettysburg,Gettysburg,en,21.032,1993-10-08,1993,6.9,295,107007,0,0,4917,2013-12-05
33506,Indian Summer,Indian Summer,en,6.261,1993-04-23,1993,6.3,65,107212,3,0,5065,2014-01-12
10423,Dragon: The Bruce Lee Story,Dragon: The Bruce Lee Story,en,21.066,1993-05-07,1993,6.916,740,106770,3,0,5083,2014-01-17
5550,RoboCop 3,RoboCop 3,en,20.143,1993-01-21,1993,4.847,1288,107978,3,0,5238,2014-03-05
2149,Body of Evidence,Body of Evidence,en,13.923,1993-01-15,1993,5.0,302,106453,3,1,5243,2014-03-06
695,Short Cuts,Short Cuts,en,13.741,1993-09-05,1993,7.2,594,108122,3,0,5316,2014-03-24
4722,Body Snatchers,Body Snatchers,en,11.913,1993-06-09,1993,6.1,424,106452,3,0,5521,2014-06-01
7007,Rising Sun,Rising Sun,en,12.373,1993-07-30,1993,6.2,748,107969,1,0,5580,2014-06-20
37233,The Firm,The Firm,en,18.431,1993-06-30,1993,6.745,2007,106918,3,0,6474,2015-10-02
9702,Bound by Honor,Bound by Honor,en,40.258,1993-02-05,1993,8.135,1348,106469,0,0,5665,2014-07-31
14587,Bhaji on the Beach,Bhaji on the Beach,en,2.671,1993-09-11,1993,5.3,26,106408,3,0,5725,2014-09-04
9800,Philadelphia,Philadelphia,en,21.425,1993-12-22,1993,7.72,4239,107818,2,0,5919,2014-11-13
867,Sliver,Sliver,en,26.051,1993-05-21,1993,5.486,693,108162,3,0,6076,2015-01-27
9255,Hot Shots! Part Deux,Hot Shots! Part Deux,en,22.508,1993-05-21,1993,6.545,1838,107144,3,0,6173,2015-03-29
10997,Farewell My Concubine,霸王别姬,zh,20.186,1993-01-01,1993,8.0,582,106332,0,0,6215,2015-04-21
319,True Romance,True Romance,en,30.115,1993-09-09,1993,7.544,2726,108399,1,0,6349,2015-07-12
1587,What's Eating Gilbert Grape,What's Eating Gilbert Grape,en,27.695,1993-12-17,1993,7.664,3947,108550,3,1,6492,2015-10-14
25389,Matinee,Matinee,en,7.942,1993-01-29,1993,6.6,287,107529,1,0,6844,2016-04-21
58787,Arctic Blue,Arctic Blue,en,6.013,1993-01-01,1993,4.5,24,106303,1,0,7055,2016-08-21
39324,Dragon Ball Z: The History of Trunks,ドラゴンボールZ・絶望への反抗!!残された超戦士・悟飯とトランクス,ja,23.822,1993-02-24,1993,7.6,535,142247,1,0,7209,2016-10-17
31578,Body Bags,Body Bags,en,7.334,1993-08-08,1993,6.1,329,106449,1,0,7272,2016-11-18
9944,The Pelican Brief,The Pelican Brief,en,19.059,1993-09-17,1993,6.6,1580,107798,3,0,7277,2016-11-21
41660,The Making of '...And God Spoke',The Making of '...And God Spoke',en,1.676,1994-09-23,1994,5.4,14,107492,1,0,7418,2017-01-25
7984,In the Name of the Father,In the Name of the Father,en,13.964,1993-12-12,1993,7.899,1754,107207,2,0,7514,2017-03-14
15765,What's Love Got to Do with It,What's Love Got to Do with It,en,10.992,1993-06-09,1993,7.124,319,108551,3,1,7526,2017-03-21
9559,A Perfect World,A Perfect World,en,14.801,1993-11-24,1993,7.5,1655,107808,1,0,7611,2017-05-21
4104,Benny & Joon,Benny & Joon,en,13.276,1993-04-16,1993,7.0,754,106387,1,0,7619,2017-05-21
4478,Indecent Proposal,Indecent Proposal,en,37.99,1993-04-07,1993,6.374,1434,107211,0,0,7642,2017-05-21
9386,In the Line of Fire,In the Line of Fire,en,12.979,1993-07-08,1993,6.987,1579,107206,1,1,7667,2017-05-28
8223,Kika,Kika,es,10.625,1993-10-29,1993,6.5,284,107315,3,0,7699,2017-06-20
2259,The House of the Spirits,The House of the Spirits,en,16.491,1993-10-21,1993,6.9,685,107151,3,0,7840,2017-09-28
8291,Poetic Justice,Poetic Justice,en,12.036,1993-07-23,1993,6.9,251,107840,3,0,8148,2018-04-06
10502,The Man Without a Face,The Man Without a Face,en,10.602,1993-08-25,1993,6.536,514,107501,1,0,8552,2018-12-14
32325,Mi Vida Loca,Mi Vida Loca,en,4.464,1994-06-08,1994,7.1,31,107566,3,0,8568,2018-12-18
31642,Heaven & Earth,Heaven & Earth,en,13.519,1993-12-25,1993,6.7,252,107096,2,0,8652,2019-02-26
23210,Six Degrees of Separation,Six Degrees of Separation,en,11.456,1993-12-08,1993,6.422,323,108149,3,0,8759,2019-06-01
11971,Much Ado About Nothing,Much Ado About Nothing,en,15.649,1993-05-07,1993,6.935,729,107616,1,1,9033,2020-03-10
20239,Fear of a Black Hat,Fear of a Black Hat,en,2.621,1994-06-03,1994,6.024,42,106880,1,0,9155,2020-06-06
33607,"I Killed My Lesbian Wife, Hung Her on a Meat Hook, and Now I Have a Three-Picture Deal at Disney","I Killed My Lesbian Wife, Hung Her on a Meat Hook, and Now I Have a Three-Picture Deal at Disney",en,2.265,1993-01-01,1993,3.9,27,166222,3,0,9398,2020-12-20
9593,Last Action Hero,Last Action Hero,en,21.999,1993-06-18,1993,6.5,2709,107362,1,0,9466,2021-02-03
2019,Hard Target,Hard Target,en,28.6,1993-04-27,1993,6.419,1192,107076,1,0,9565,2021-03-16
61197,Space Zombie Bingo!!!,Space Zombie Bingo!!!,en,0.573,1993-01-24,1993,2.5,6,314713,0,0,9735,2021-04-29
11811,Leprechaun,Leprechaun,en,23.2,1993-01-08,1993,5.589,773,107387,1,0,10136,2021-11-21
680,Pulp Fiction,Pulp Fiction,en,97.535,1994-09-10,1994,8.487,28081,110912,3,,91,2008-07-29
8587,The Lion King,The Lion King,en,198.126,1994-06-24,1994,8.256,18379,110357,1,,100,2008-07-30
628,Interview with the Vampire,Interview with the Vampire,en,35.406,1994-11-11,1994,7.38,5859,110148,1,,120,2008-08-01
15283,Pom Poko,平成狸合戦ぽんぽこ,ja,23.678,1994-07-16,1994,7.167,1061,110008,1,,261,2009-01-22
278,The Shawshank Redemption,The Shawshank Redemption,en,160.375,1994-09-23,1994,8.708,27402,111161,0,,339,2009-06-13
1637,Speed,Speed,en,30.915,1994-06-09,1994,7.1,6186,111257,3,0,440,2009-08-10
3049,Ace Ventura: Pet Detective,Ace Ventura: Pet Detective,en,37.471,1994-02-04,1994,6.6,5806,109040,2,0,441,2009-08-10
2292,Clerks,Clerks,en,11.707,1994-10-19,1994,7.399,2493,109445,1,0,488,2009-08-30
1024,Heavenly Creatures,Heavenly Creatures,en,10.248,1994-09-12,1994,7.0,914,110005,3,0,567,2009-12-17
4954,Drop Zone,Drop Zone,en,14.317,1994-12-08,1994,5.7,396,109676,2,0,571,2009-12-19
8831,Timecop,Timecop,en,18.367,1994-09-15,1994,6.002,1159,111438,1,0,574,2009-12-20
13,Forrest Gump,Forrest Gump,en,145.07,1994-06-23,1994,8.47,27612,109830,1,0,776,2010-05-03
2788,Reality Bites,Reality Bites,en,12.664,1994-02-18,1994,6.563,729,110950,3,0,860,2010-05-28
8467,Dumb and Dumber,Dumb and Dumber,en,55.584,1994-12-16,1994,6.635,6122,109686,2,0,890,2010-06-03
2164,Stargate,Stargate,en,28.227,1994-10-28,1994,7.005,3426,111282,1,0,959,2010-06-17
9587,Little Women,Little Women,en,18.372,1994-12-21,1994,7.3,1229,110367,3,0,960,2010-06-17
11395,The Santa Clause,The Santa Clause,en,44.419,1994-11-11,1994,6.5,2075,111070,1,0,1051,2010-07-04
15969,The Return of Jafar,The Return of Jafar,en,28.961,1994-05-20,1994,6.2,3342,107952,0,0,1066,2010-07-04
15139,The Pagemaster,The Pagemaster,en,17.227,1994-11-23,1994,6.4,737,110763,1,0,1208,2010-07-20
24795,Angels in the Outfield,Angels in the Outfield,en,12.655,1994-07-15,1994,5.9,437,109127,1,0,1128,2010-07-09
36955,True Lies,True Lies,en,30.635,1994-07-15,1994,7.1,4112,111503,3,0,1098,2010-07-04
10731,The Client,The Client,en,21.698,1994-07-20,1994,6.7,1127,109446,3,0,1535,2010-09-06
30157,Amateur,Amateur,en,5.074,1994-08-05,1994,6.2,88,109093,3,0,1571,2010-09-15
211211,Pat and Margaret,Pat and Margaret,en,1.0,1994-09-11,1994,7.5,10,124829,3,0,1734,2010-11-04
101,Léon: The Professional,Léon,fr,79.255,1994-09-14,1994,8.306,14858,110413,3,0,1755,2010-11-14
11853,Bad Girls,Bad Girls,en,10.962,1994-04-22,1994,5.429,238,109198,3,0,1786,2010-11-30
18620,Go Fish,Go Fish,en,5.05,1994-02-01,1994,4.7,29,109913,3,0,1788,2010-11-30
36593,Naked Gun 33⅓: The Final Insult,Naked Gun 33⅓: The Final Insult,en,21.617,1994-03-18,1994,6.5,2061,110622,2,0,1826,2010-12-05
306,Beverly Hills Cop III,Beverly Hills Cop III,en,33.151,1994-05-24,1994,5.9,1904,109254,0,0,1850,2010-12-14
11546,Police Academy: Mission to Moscow,Police Academy: Mission to Moscow,en,21.849,1994-06-09,1994,4.636,875,110857,1,0,1914,2011-01-15
522,Ed Wood,Ed Wood,en,14.927,1994-09-28,1994,7.5,2319,109707,3,0,1920,2011-01-16
10451,Eat Drink Man Woman,飲食男女,zh,11.755,1994-08-03,1994,7.555,339,111797,3,0,2121,2011-03-16
236,Muriel's Wedding,Muriel's Wedding,en,13.914,1994-09-29,1994,6.8,445,110598,3,0,2209,2011-04-23
86369,Mina Tannenbaum,Mina Tannenbaum,fr,2.324,1994-03-02,1994,6.2,18,110521,3,0,2210,2011-04-23
34152,Crooklyn,Crooklyn,en,7.464,1994-05-13,1994,6.7,141,109504,3,0,2350,2011-05-26
8850,The Shadow,The Shadow,en,14.704,1994-07-01,1994,6.056,521,111143,0,0,2535,2011-07-14
40156,Priest,Priest,en,6.495,1995-03-24,1995,6.3,130,110889,3,0,2852,2011-11-19
18670,Legend of the Red Dragon,洪熙官之少林五祖,cn,15.457,1994-02-05,1994,6.932,147,110054,3,1,4326,2013-07-10
15097,Fear City: A Family-Style Comedy,La cité de la peur,fr,7.76,1994-03-09,1994,7.499,1241,109440,3,0,2972,2012-01-05
57834,Blue Sky,Blue Sky,en,9.227,1994-09-16,1994,6.086,128,109306,3,0,3004,2012-01-26
64900,I Can't Sleep,J'ai pas sommeil,fr,2.246,1994-05-18,1994,6.2,14,110171,3,0,3008,2012-01-27
41589,Trading Mom,Trading Mom,en,4.686,1994-03-04,1994,6.0,49,111470,3,0,3044,2012-02-12
11934,The Hudsucker Proxy,The Hudsucker Proxy,en,18.938,1994-03-11,1994,7.07,1051,110074,1,0,3062,2012-02-20
25284,The Last Seduction,The Last Seduction,en,14.618,1994-05-26,1994,6.8,376,110308,1,0,3104,2012-03-10
25645,Wing Chun,Wing Chun,cn,8.665,1994-03-24,1994,6.8,75,111800,2,0,3106,2012-03-11
77728,Giorgino,Giorgino,fr,3.555,1994-10-05,1994,6.7,36,109900,3,0,3133,2012-03-20
22059,The Fantastic Four,The Fantastic Four,en,8.718,1994-05-31,1994,4.3,173,109770,1,0,3162,2012-04-04
48992,I Like It Like That,I Like It Like That,en,3.671,1994-10-14,1994,6.4,18,110091,3,0,3179,2012-04-12
10447,No Escape,No Escape,en,17.232,1994-04-29,1994,6.269,420,110678,0,0,3243,2012-05-09
30575,Sailor Moon S the Movie: Hearts in Ice,劇場版 美少女戦士セーラームーンS 〜かぐや姫の恋人〜,ja,18.514,1994-12-04,1994,7.7,131,109277,3,0,3331,2012-06-07
33633,Oleanna,Oleanna,en,3.616,1994-11-04,1994,6.157,51,110722,0,0,3431,2012-07-17
2759,"The Adventures of Priscilla, Queen of the Desert","The Adventures of Priscilla, Queen of the Desert",en,17.248,1994-05-31,1994,7.279,798,109045,3,0,3501,2012-08-29
11667,Street Fighter,Street Fighter,en,28.958,1994-12-23,1994,4.594,1473,111301,3,0,3522,2012-09-07
39767,Getting Any?,みんな〜やってるか!,ja,9.062,1995-02-11,1995,5.7,74,110524,0,0,3657,2012-11-04
2636,The Specialist,The Specialist,en,29.883,1994-10-07,1994,5.9,1298,111255,1,0,3788,2012-12-30
9495,The Crow,The Crow,en,41.596,1994-05-11,1994,7.5,4099,109506,3,0,3820,2013-01-12
10464,"Corrina, Corrina","Corrina, Corrina",en,10.815,1994-08-12,1994,6.7,426,109484,3,0,3840,2013-01-19
22586,The Swan Princess,The Swan Princess,en,28.113,1994-11-18,1994,6.6,955,111333,1,0,3973,2013-03-11
11104,Chungking Express,重慶森林,cn,35.576,1994-07-14,1994,8.0,1824,109424,1,0,4056,2013-04-14
10467,The Road to Wellville,The Road to Wellville,en,10.178,1994-10-28,1994,5.6,168,111001,3,0,4112,2013-04-28
33783,It's Pat,It's Pat,en,5.476,1994-08-26,1994,3.062,65,110169,3,1,4421,2013-07-30
109,Three Colors: White,Trois couleurs : Blanc,fr,20.749,1994-01-26,1994,7.5,1194,111507,1,0,4515,2013-08-28
44925,Sister My Sister,Sister My Sister,en,9.416,1994-12-15,1994,5.9,60,111205,3,0,4602,2013-09-18
193,Star Trek: Generations,Star Trek: Generations,en,12.462,1994-11-18,1994,6.503,1337,111280,3,0,4618,2013-09-22
4337,The Birds II: Land's End,The Birds II: Land's End,en,6.101,1994-03-19,1994,3.9,43,109275,3,0,4645,2013-09-29
854,The Mask,The Mask,en,77.413,1994-07-29,1994,7.0,10319,110475,1,0,4697,2013-10-14
8983,Felidae,Felidae,de,7.993,1994-11-03,1994,6.6,125,109791,1,0,4717,2013-10-20
4476,Legends of the Fall,Legends of the Fall,en,41.695,1994-12-23,1994,7.4,2574,110322,3,0,4841,2013-11-16
18591,Uncovered,Uncovered,en,3.719,1995-01-04,1995,5.7,53,111549,3,0,4869,2013-11-24
14237,Brainscan,Brainscan,en,7.553,1994-04-22,1994,6.2,244,109327,1,0,4920,2013-12-06
11450,Quiz Show,Quiz Show,en,13.173,1994-08-25,1994,7.274,897,110932,2,0,4954,2013-12-16
2124,Color of Night,Color of Night,en,21.567,1994-08-19,1994,5.7,568,109456,3,0,5078,2014-01-15
255988,The Freethinker,Fritänkaren,sv,0.507,1994-09-03,1994,6.7,6,109849,3,0,5189,2014-02-20
2654,In the Mouth of Madness,In the Mouth of Madness,en,14.967,1995-02-03,1995,7.207,1663,113409,1,0,5206,2014-02-26
21947,A.P.E.X.,A.P.E.X.,en,2.873,1994-02-01,1994,4.821,28,109144,1,0,5334,2014-03-28
13595,Airheads,Airheads,en,13.176,1994-08-05,1994,6.141,729,109068,1,0,5341,2014-03-31
241,Natural Born Killers,Natural Born Killers,en,22.629,1994-08-26,1994,7.066,3405,110632,3,0,5459,2014-05-10
888,The Flintstones,The Flintstones,en,32.476,1994-05-26,1994,5.335,2448,109813,3,0,5738,2014-09-12
82027,Crows,Wrony,pl,1.54,1994-09-12,1994,5.9,18,111751,3,0,5890,2014-11-01
10897,The Little Rascals,The Little Rascals,en,30.567,1994-08-05,1994,6.768,1207,110366,2,0,5909,2014-11-09
11596,New Nightmare,New Nightmare,en,21.011,1994-10-13,1994,6.436,1408,111686,3,0,6029,2015-01-08
64347,See How They Fall,Regarde les hommes tomber,fr,2.895,1994-08-31,1994,6.5,48,110958,1,0,6154,2015-03-20
712,Four Weddings and a Funeral,Four Weddings and a Funeral,en,37.817,1994-03-09,1994,6.8,2687,109831,3,0,6451,2015-09-14
11592,Serial Mom,Serial Mom,en,15.233,1994-04-13,1994,6.7,685,111127,3,0,6477,2015-10-02
14522,Black Beauty,Black Beauty,en,12.573,1994-07-29,1994,6.7,333,109279,3,0,6981,2016-07-16
114218,Running Out of Time,Días contados,es,4.637,1994-10-06,1994,6.0,32,109699,3,0,7032,2016-08-08
11164,D2: The Mighty Ducks,D2: The Mighty Ducks,en,12.834,1994-03-25,1994,6.2,601,109520,1,0,7160,2016-09-29
10531,Death and the Maiden,Death and the Maiden,en,8.137,1994-05-04,1994,7.1,497,109579,0,0,7211,2016-10-17
11777,I.Q.,I.Q.,en,14.485,1994-12-24,1994,6.0,454,110099,0,0,7263,2016-11-15
10462,Don't Drink the Water,Don't Drink the Water,en,5.465,1994-12-18,1994,5.6,79,109644,1,0,7295,2016-11-24
10660,It Could Happen to You,It Could Happen to You,en,33.158,1994-07-29,1994,6.639,790,110167,1,0,7643,2017-05-21
12207,The Legend of Drunken Master,醉拳二,cn,22.908,1994-02-03,1994,7.418,956,111512,3,0,7933,2017-12-01
305656,Lakota Woman: Siege at Wounded Knee,Lakota Woman: Siege at Wounded Knee,en,1.661,1994-10-16,1994,7.0,1,110297,3,0,7935,2017-12-02
76594,Kan du vissla Johanna?,Kan du vissla Johanna?,sv,2.092,1994-12-24,1994,6.093,27,110236,0,0,7972,2017-12-29
98287,Runaway Daughters,Runaway Daughters,en,1.153,1994-08-12,1994,6.0,5,111033,3,0,8004,2018-01-10
14334,The Secret of Roan Inish,The Secret of Roan Inish,en,8.86,1994-05-14,1994,6.7,87,111112,3,0,8446,2018-10-16
12519,Sirens,Sirens,en,9.973,1994-03-04,1994,5.6,146,111201,3,0,8460,2018-10-29
342474,Jenny's Wedding,Jenny's Wedding,en,8.53,2015-07-31,2015,5.7,413,3289712,3,0,8494,2018-11-25
436167,The Divine Order,Die göttliche Ordnung,de,5.385,2017-03-09,2017,7.3,132,5818818,3,0,8592,2019-01-14
11985,Vive L'Amour,愛情萬歲,zh,12.262,1995-03-02,1995,7.2,129,109066,0,0,8735,2019-05-05
10510,Miracle on 34th Street,Miracle on 34th Street,en,33.685,1994-11-18,1994,6.7,1052,110527,3,1,8990,2020-01-27
9331,Clear and Present Danger,Clear and Present Danger,en,18.852,1994-08-03,1994,6.647,1501,109444,0,0,9108,2020-05-03
11231,The Next Karate Kid,The Next Karate Kid,en,23.826,1994-07-18,1994,5.345,1013,110657,3,0,9406,2020-12-26
10732,D'Artagnan's Daughter,La Fille de d'Artagnan,fr,6.602,1994-08-24,1994,5.7,111,109798,3,0,9525,2021-03-14
38940,Men of War,Men of War,en,9.895,1994-09-03,1994,5.1,97,110490,1,0,9768,2021-05-01
30526,Pentathlon,Pentathlon,en,4.04,1994-06-04,1994,4.4,42,110805,0,0,9772,2021-05-01
29803,The Twilight Zone: Rod Serling's Lost Classics,The Twilight Zone: Rod Serling's Lost Classics,en,3.886,1994-05-19,1994,6.5,20,111520,2,0,9780,2021-05-02
9673,Voll Normaaal,Voll Normaaal,de,5.372,1994-11-10,1994,5.5,65,111640,1,0,9811,2021-05-12
30304,Picture Bride,Picture Bride,en,3.482,1995-05-05,1995,6.3,23,114129,3,0,9814,2021-05-12
11858,Renaissance Man,Renaissance Man,en,14.361,1994-06-03,1994,6.1,294,110971,2,0,10077,2021-10-10
629,The Usual Suspects,The Usual Suspects,en,38.082,1995-07-19,1995,8.177,10430,114814,1,0,54,2008-07-20
807,Se7en,Se7en,en,95.91,1995-09-22,1995,8.4,21143,114369,1,0,69,2008-07-24
862,Toy Story,Toy Story,en,118.853,1995-10-30,1995,7.969,18462,114709,1,,87,2008-07-28
10428,Hackers,Hackers,en,26.741,1995-09-14,1995,6.4,1292,113243,2,,97,2008-07-30
8839,Casper,Casper,en,38.789,1995-05-26,1995,6.3,4590,112642,3,,106,2008-07-30
6950,Outbreak,Outbreak,en,18.437,1995-03-10,1995,6.558,2256,114069,3,,110,2008-07-31
1572,Die Hard: With a Vengeance,Die Hard: With a Vengeance,en,41.686,1995-05-19,1995,7.3,6105,112864,1,,147,2008-08-06
13531,Empire Records,Empire Records,en,14.356,1995-09-22,1995,6.7,697,112950,3,,163,2008-08-11
11017,Billy Madison,Billy Madison,en,14.265,1995-02-10,1995,6.2,1638,112508,1,,184,2008-09-16
197,Braveheart,Braveheart,en,52.151,1995-05-24,1995,7.941,10166,112573,2,,205,2008-10-23
10530,Pocahontas,Pocahontas,en,36.861,1995-06-14,1995,6.92,5683,114148,3,,207,2008-10-23
4584,Sense and Sensibility,Sense and Sensibility,en,22.062,1995-12-13,1995,7.4,1681,114388,3,,267,2009-02-02
37797,Whisper of the Heart,耳をすませば,ja,30.229,1995-07-15,1995,8.0,1993,113824,3,,287,2009-02-20
688,The Bridges of Madison County,The Bridges of Madison County,en,24.012,1995-06-02,1995,7.712,2164,112579,3,,294,2009-03-04
2293,Mallrats,Mallrats,en,13.999,1995-10-20,1995,6.757,1239,113749,2,0,489,2009-08-30
10802,Showgirls,Showgirls,en,26.559,1995-09-22,1995,5.6,1235,114436,3,0,566,2009-12-17
9067,Tank Girl,Tank Girl,en,14.665,1995-03-31,1995,5.4,495,114614,3,0,569,2009-12-18
32513,Cold Comfort Farm,Cold Comfort Farm,en,6.385,1995-01-01,1995,6.659,69,112701,3,0,637,2010-01-12
11861,How to Make an American Quilt,How to Make an American Quilt,en,12.202,1995-10-06,1995,6.4,181,113347,3,0,640,2010-01-18
9323,Ghost in the Shell,GHOST IN THE SHELL,ja,47.417,1995-11-18,1995,7.9,3411,113568,0,0,659,2010-01-22
281,Strange Days,Strange Days,en,22.281,1995-10-13,1995,7.007,1345,114558,3,1,675,2010-01-31
9603,Clueless,Clueless,en,40.555,1995-07-19,1995,7.272,4404,112697,3,0,749,2010-04-24
9263,Now and Then,Now and Then,en,13.708,1995-10-20,1995,6.868,427,114011,3,0,897,2010-06-04
22625,Circle of Friends,Circle of Friends,en,5.138,1995-04-07,1995,6.2,87,112679,3,0,905,2010-06-05
8391,When Night Is Falling,When Night Is Falling,en,12.169,1995-02-01,1995,6.3,76,114916,3,0,947,2010-06-16
9312,Mortal Kombat,Mortal Kombat,en,26.842,1995-08-18,1995,5.856,2278,113855,1,0,955,2010-06-17
11446,Welcome to the Dollhouse,Welcome to the Dollhouse,en,10.93,1996-03-22,1996,7.1,436,114906,3,0,974,2010-06-24
880,Antonia's Line,Antonia,nl,5.012,1995-09-21,1995,7.0,123,112379,3,0,982,2010-06-26
5,Four Rooms,Four Rooms,en,26.645,1995-12-09,1995,5.9,2649,113101,3,1,986,2010-06-26
414,Batman Forever,Batman Forever,en,25.175,1995-06-16,1995,5.436,5171,112462,1,0,1024,2010-07-02
21032,Balto,Balto,en,28.318,1995-12-22,1995,7.3,2034,112453,2,0,1031,2010-07-03
2064,While You Were Sleeping,While You Were Sleeping,en,35.905,1995-04-21,1995,7.014,1802,114924,3,0,1032,2010-07-03
949,Heat,Heat,en,59.9,1995-12-15,1995,7.915,7335,113277,2,0,1037,2010-07-03
11238,Aladdin and the King of Thieves,Aladdin and the King of Thieves,en,25.755,1996-05-20,1996,6.3,1857,115491,1,0,1065,2010-07-04
397,French Kiss,French Kiss,en,19.413,1995-05-05,1995,6.442,725,113117,2,0,1132,2010-07-09
15789,A Goofy Movie,A Goofy Movie,en,21.4,1995-04-07,1995,7.0,1756,113198,2,0,1160,2010-07-11
35645,Gold Diggers: The Secret of Bear Mountain,Gold Diggers: The Secret of Bear Mountain,en,10.093,1995-11-03,1995,6.2,145,113188,3,0,1433,2010-08-03
19101,A Little Princess,A Little Princess,en,19.933,1995-05-10,1995,7.637,968,113670,3,0,1435,2010-08-03
11860,Sabrina,Sabrina,en,21.304,1995-12-15,1995,6.188,626,114319,3,0,1643,2010-10-05
568,Apollo 13,Apollo 13,en,31.528,1995-06-30,1995,7.45,5412,112384,3,0,2060,2011-02-20
9382,Boys on the Side,Boys on the Side,en,8.424,1995-02-03,1995,6.3,218,112571,3,0,2071,2011-02-26
1710,Copycat,Copycat,en,18.07,1995-10-27,1995,6.503,951,112722,3,1,2100,2011-03-08
9090,"To Wong Foo, Thanks for Everything! Julie Newmar","To Wong Foo, Thanks for Everything! Julie Newmar",en,25.346,1995-09-07,1995,7.324,654,114682,3,0,2163,2011-04-05
524,Casino,Casino,en,31.062,1995-11-22,1995,8.0,5838,112641,2,1,2220,2011-04-23
9909,Dangerous Minds,Dangerous Minds,en,17.77,1995-08-11,1995,6.974,1154,112792,3,0,2882,2011-11-29
9804,Waterworld,Waterworld,en,30.339,1995-07-28,1995,6.215,3687,114898,2,0,2303,2011-05-17
32646,Safe,Safe,en,6.901,1995-06-23,1995,7.0,301,114323,3,0,2366,2011-05-30
11929,Dolores Claiborne,Dolores Claiborne,en,17.829,1995-03-24,1995,7.253,764,109642,3,0,2394,2011-06-12
48260,Butterfly Kiss,Butterfly Kiss,en,2.57,1995-08-18,1995,6.5,31,112604,3,0,2422,2011-06-21
1775,Canadian Bacon,Canadian Bacon,en,8.024,1995-06-08,1995,5.77,213,109370,1,1,2573,2011-07-27
34996,The Addiction,The Addiction,en,8.313,1995-10-06,1995,6.4,275,112288,3,0,2684,2011-09-16
32562,The Celluloid Closet,The Celluloid Closet,en,8.213,1996-01-30,1996,7.183,101,112651,3,0,2690,2011-09-18
33542,Rumble in the Bronx,紅番區,cn,25.614,1995-01-21,1995,6.8,1032,113326,1,0,2835,2011-11-09
63,Twelve Monkeys,Twelve Monkeys,en,38.576,1995-12-29,1995,7.599,8364,114746,1,0,2864,2011-11-26
1642,The Net,The Net,en,18.33,1995-07-28,1995,6.02,1355,113957,3,0,2914,2011-12-08
29371,The Incredibly True Adventure of Two Girls in Love,The Incredibly True Adventure of Two Girls in Love,en,10.543,1995-06-16,1995,6.4,83,113416,3,0,2931,2011-12-16
49809,Serving in Silence: The Margarethe Cammermeyer Story,Serving in Silence: The Margarethe Cammermeyer Story,en,10.851,1995-01-23,1995,5.7,13,114395,3,0,3027,2012-02-01
48287,The Baby-Sitters Club,The Baby-Sitters Club,en,7.115,1995-08-18,1995,5.398,93,112435,3,0,3090,2012-03-05
17015,Persuasion,Persuasion,en,9.121,1995-05-01,1995,7.09,128,114117,3,0,3142,2012-03-25
54648,The Pebble and the Penguin,The Pebble and the Penguin,en,10.264,1995-04-12,1995,5.1,121,114108,2,0,3267,2012-05-17
11220,Fallen Angels,墮落天使,cn,29.666,1995-09-06,1995,7.7,1057,112913,1,0,3298,2012-05-31
28460,Sailor Moon SuperS: The Movie: Black Dream Hole,劇場版 美少女戦士セーラームーンSuperS セーラー9戦士集結！ブラック・ドリーム・ホールの奇跡,ja,13.723,1995-12-23,1995,7.9,139,112513,3,0,3332,2012-06-07
9070,Mighty Morphin Power Rangers: The Movie,Mighty Morphin Power Rangers: The Movie,en,18.644,1995-06-30,1995,5.819,703,113820,3,0,3370,2012-06-21
9087,The American President,The American President,en,14.52,1995-11-17,1995,6.532,713,112346,3,0,3684,2012-11-21
8844,Jumanji,Jumanji,en,19.667,1995-12-15,1995,7.24,10548,113497,3,0,3801,2013-01-03
406,La Haine,La Haine,fr,25.339,1995-05-31,1995,8.09,4061,113247,0,0,3877,2013-02-06
76,Before Sunrise,Before Sunrise,en,39.334,1995-01-27,1995,7.97,4156,112471,0,0,4020,2013-03-27
9348,Species,Species,en,30.785,1995-07-07,1995,6.0,1653,114508,3,1,4169,2013-05-27
12106,The Quick and the Dead,The Quick and the Dead,en,27.207,1995-02-09,1995,6.5,1729,114214,3,0,4247,2013-06-16
9691,Assassins,Assassins,en,20.019,1995-10-06,1995,6.5,1546,112401,1,0,4640,2013-09-28
18872,Maborosi,幻の光,ja,10.473,1995-10-01,1995,7.3,167,113725,3,0,4678,2013-10-08
11902,Underground,Подземље,sr,14.529,1995-05-13,1995,7.7,681,114787,1,0,4749,2013-10-29
10329,Congo,Congo,en,24.437,1995-06-09,1995,5.5,880,112715,0,0,4902,2013-12-03
9089,Home for the Holidays,Home for the Holidays,en,6.903,1995-11-02,1995,6.3,179,113321,3,0,4904,2013-12-03
12110,Dracula: Dead and Loving It,Dracula: Dead and Loving It,en,18.417,1995-12-22,1995,6.1,972,112896,3,0,5084,2014-01-18
139937,Ring,リング,ja,5.123,1995-08-11,1995,6.1,47,235133,1,0,5199,2014-02-24
8512,Devil in a Blue Dress,Devil in a Blue Dress,en,9.7,1995-09-29,1995,6.436,396,112857,1,0,5317,2014-03-24
902,The City of Lost Children,La Cité des Enfants Perdus,fr,17.028,1995-05-17,1995,7.239,1095,112682,3,1,5596,2014-06-27
39108,Dragon Ball Z: Wrath of the Dragon,ドラゴンボールZ 龍拳爆発!!悟空がやらねば誰がやる,ja,50.004,1995-07-15,1995,7.3,723,142243,2,0,5655,2014-07-27
9273,Ace Ventura: When Nature Calls,Ace Ventura: When Nature Calls,en,46.762,1995-11-10,1995,6.32,4146,112281,0,0,5710,2014-08-21
19404,Dilwale Dulhania Le Jayenge,दिलवाले दुल्हनिया ले जायेंगे,hi,34.732,1995-10-20,1995,8.523,4450,112870,3,0,5728,2014-09-06
9344,Kids,Kids,en,16.6,1995-07-28,1995,6.877,1132,113540,3,1,5771,2014-09-21
11443,Dead Presidents,Dead Presidents,en,17.126,1995-09-29,1995,6.6,291,112819,3,1,5812,2014-10-06
6520,First Knight,First Knight,en,20.757,1995-07-07,1995,6.1,1209,113071,2,1,5816,2014-10-07
16295,Higher Learning,Higher Learning,en,10.913,1995-01-11,1995,6.347,212,113305,3,0,5823,2014-10-09
710,GoldenEye,GoldenEye,en,27.45,1995-11-16,1995,6.892,3892,113189,3,1,6251,2015-05-18
16420,Othello,Othello,en,6.44,1995-12-15,1995,6.4,140,114057,2,0,6544,2015-11-16
8068,Desperado,Desperado,en,25.798,1995-08-25,1995,6.926,2850,112851,1,0,6625,2015-12-24
36196,Party Girl,Party Girl,en,5.479,1995-06-09,1995,6.4,72,114095,3,0,6912,2016-05-31
74840,Nobody Will Speak of Us When We're Dead,Nadie hablará de nosotras cuando hayamos muerto,es,2.337,1995-10-05,1995,6.953,32,113918,3,0,7073,2016-08-27
9598,Babe,Babe,en,29.006,1995-07-18,1995,6.234,2882,112431,3,0,7364,2016-12-29
10722,The Day of the Beast,El día de la bestia,es,15.087,1995-10-20,1995,7.3,537,112922,3,1,7388,2017-01-11
12122,Village of the Damned,Village of the Damned,en,13.066,1995-04-28,1995,6.106,822,114852,3,0,7547,2017-03-31
69272,Grim,Grim,en,2.857,1996-02-13,1996,3.5,21,113221,3,0,7566,2017-04-08
98952,Catnapped!,とつぜん!ネコの国 バニパルウィット,ja,3.646,1998-05-30,1998,5.9,8,114689,3,0,7568,2017-04-13
2086,Nick of Time,Nick of Time,en,11.828,1995-11-22,1995,6.2,723,113972,3,0,7651,2017-05-21
38884,Land and Freedom,Land and Freedom,en,13.359,1995-04-07,1995,7.345,265,114671,1,0,7663,2017-05-24
4307,The Flower of My Secret,La flor de mi secreto,es,7.873,1995-09-22,1995,6.789,227,113083,3,0,7702,2017-06-23
10634,Friday,Friday,en,33.888,1995-04-26,1995,7.154,1814,113118,2,0,7791,2017-08-31
11381,Tommy Boy,Tommy Boy,en,14.631,1995-03-31,1995,6.8,947,114694,3,0,7805,2017-09-19
9482,Judge Dredd,Judge Dredd,en,23.4,1995-06-30,1995,5.8,2479,113492,3,0,7892,2017-11-07
24962,Magic in the Water,Magic in the Water,en,4.292,1995-08-30,1995,5.4,34,113737,1,1,8442,2018-10-15
687,Dead Man Walking,Dead Man Walking,en,13.708,1995-12-29,1995,7.317,1345,112818,3,0,8451,2018-10-22
10474,The Basketball Diaries,The Basketball Diaries,en,27.333,1995-04-21,1995,7.4,1986,112461,1,0,8526,2018-12-14
36834,Total Eclipse,Total Eclipse,en,13.013,1995-11-03,1995,6.4,525,114702,1,0,8539,2018-12-14
41841,Tall Tale: The Unbelievable Adventure,Tall Tale: The Unbelievable Adventure,en,9.443,1995-03-24,1995,6.3,76,111359,1,0,8919,2019-12-04
451,Leaving Las Vegas,Leaving Las Vegas,en,20.733,1995-10-27,1995,7.261,1438,113627,2,0,8923,2019-12-08
14819,Heavyweights,Heavyweights,en,15.002,1995-02-17,1995,6.2,374,110006,0,0,8930,2019-12-12
10612,The Englishman Who Went Up a Hill But Came Down a Mountain,The Englishman Who Went Up a Hill But Came Down a Mountain,en,10.266,1995-05-12,1995,6.289,299,112966,0,0,9064,2020-04-04
31357,Waiting to Exhale,Waiting to Exhale,en,11.078,1995-12-22,1995,6.243,167,114885,2,0,9104,2020-05-01
33689,It Takes Two,It Takes Two,en,22.058,1995-11-17,1995,6.5,879,113442,1,0,9230,2020-08-09
11780,Rob Roy,Rob Roy,en,17.5,1995-04-13,1995,6.7,636,114287,0,0,9588,2021-03-27
11008,Major Payne,Major Payne,en,19.385,1995-03-24,1995,6.372,786,110443,0,0,10039,2021-09-07
1802,La Ceremonie,La Cérémonie,fr,9.229,1995-08-30,1995,7.3,339,112769,3,0,9991,2021-08-03
62013,Les Apprentis,Les Apprentis,fr,2.492,1995-12-20,1995,6.6,63,112386,1,0,10069,2021-09-29
37144,True Crime,True Crime,en,7.875,1995-08-01,1995,5.7,74,114736,3,0,10099,2021-10-23
9802,The Rock,The Rock,en,40.822,1996-06-07,1996,7.129,4677,117500,1,0,38,2008-07-20
47333,Jane Eyre,Jane Eyre,en,10.924,1996-01-20,1996,6.9,224,116684,3,,111,2008-07-31
10535,Spy Hard,Spy Hard,en,15.286,1996-05-24,1996,5.4,661,117723,1,,129,2008-08-02
627,Trainspotting,Trainspotting,en,30.345,1996-02-23,1996,7.963,9662,117951,2,,137,2008-08-03
9303,Bound,Bound,en,29.998,1996-09-13,1996,7.2,936,115736,3,,182,2008-09-12
10830,Matilda,Matilda,en,54.497,1996-08-02,1996,7.164,4437,117008,3,,369,2009-07-13
9208,Broken Arrow,Broken Arrow,en,17.56,1996-02-09,1996,6.1,1506,115759,0,0,431,2009-08-09
2300,Space Jam,Space Jam,en,29.443,1996-11-15,1996,6.8,6012,117705,1,0,435,2009-08-10
602,Independence Day,Independence Day,en,44.523,1996-06-25,1996,6.89,9584,116629,3,0,444,2009-08-11
954,Mission: Impossible,Mission: Impossible,en,53.452,1996-05-22,1996,6.989,8912,117060,1,0,445,2009-08-11
755,From Dusk Till Dawn,From Dusk Till Dawn,en,31.701,1996-01-19,1996,7.031,5920,116367,1,0,448,2009-08-12
9894,The Cable Guy,The Cable Guy,en,18.728,1996-06-10,1996,6.0,2407,115798,1,0,449,2009-08-12
9103,The Quest,The Quest,en,16.085,1996-04-19,1996,6.1,709,117420,0,0,525,2009-10-11
9101,Down Periscope,Down Periscope,en,21.775,1996-03-01,1996,6.3,451,116130,0,0,535,2009-10-31
4232,Scream,Scream,en,52.91,1996-12-20,1996,7.4,7071,117571,3,0,649,2010-01-20
58097,Freedomfighters,Libertarias,es,5.43,1996-04-19,1996,6.336,58,113649,3,0,741,2010-04-18
38223,Harriet the Spy,Harriet the Spy,en,10.658,1996-07-10,1996,6.0,179,116493,3,0,760,2010-04-26
513,Fire,फायर,en,4.092,1997-08-22,1997,6.7,64,116308,3,0,881,2010-05-31
2925,The First Wives Club,The First Wives Club,en,14.87,1996-09-20,1996,6.7,746,116313,3,0,912,2010-06-06
26890,I Shot Andy Warhol,I Shot Andy Warhol,en,6.527,1996-05-01,1996,6.2,82,116594,3,0,970,2010-06-23
110513,Girls Town,Girls Town,en,1.004,1996-08-21,1996,6.1,8,116418,3,0,977,2010-06-25
18555,Foxfire,Foxfire,en,7.106,1996-08-23,1996,6.0,132,116353,3,0,981,2010-06-26
11229,Freeway,Freeway,en,13.573,1996-08-23,1996,6.4,365,116361,3,0,1010,2010-06-30
8840,DragonHeart,DragonHeart,en,18.675,1996-05-31,1996,6.542,1971,116136,2,0,1030,2010-07-03
10545,The Hunchback of Notre Dame,The Hunchback of Notre Dame,en,45.377,1996-06-21,1996,7.115,4988,116583,1,0,1062,2010-07-04
11412,The Long Kiss Goodnight,The Long Kiss Goodnight,en,18.868,1996-10-11,1996,6.6,1184,116908,3,0,1340,2010-07-26
76996,Love and Other Catastrophes,Love and Other Catastrophes,en,3.355,1996-08-01,1996,5.5,25,116931,3,0,1343,2010-07-26
11159,Secrets & Lies,Secrets & Lies,en,14.851,1996-05-24,1996,7.545,650,117589,3,0,1411,2010-07-31
10549,Hamlet,Hamlet,en,12.607,1996-12-25,1996,7.3,470,116477,1,0,1233,2010-07-22
12709,Ridicule,Ridicule,fr,7.453,1996-05-09,1996,7.0,203,117477,1,0,1099,2010-07-05
10874,Muppet Treasure Island,Muppet Treasure Island,en,12.179,1996-02-16,1996,6.64,394,117110,1,0,1129,2010-07-09
9100,The Craft,The Craft,en,22.855,1996-05-03,1996,6.8,1868,115963,3,0,1156,2010-07-11
10061,Escape from L.A.,Escape from L.A.,en,20.433,1996-08-09,1996,5.864,1435,116225,1,0,1428,2010-08-02
11076,Fly Away Home,Fly Away Home,en,19.007,1996-09-13,1996,6.9,459,116329,3,1,1569,2010-09-14
11674,101 Dalmatians,101 Dalmatians,en,42.628,1996-11-27,1996,5.9,3386,115433,3,0,1172,2010-07-13
25059,Homeward Bound II: Lost in San Francisco,Homeward Bound II: Lost in San Francisco,en,14.643,1996-03-08,1996,6.559,474,116552,1,0,1087,2010-07-04
664,Twister,Twister,en,37.302,1996-05-10,1996,6.534,3441,117998,3,0,1082,2010-07-04
9279,Jingle All the Way,Jingle All the Way,en,66.172,1996-11-21,1996,6.0,2663,116705,1,0,1722,2010-11-02
41801,Female Perversions,Female Perversions,en,5.97,1997-04-25,1997,5.1,46,116293,3,0,1791,2010-11-30
9879,Striptease,Striptease,en,27.592,1996-06-28,1996,5.543,1073,117765,3,1,1818,2010-12-03
275,Fargo,Fargo,en,34.608,1996-03-08,1996,7.859,8090,116282,2,0,1852,2010-12-14
11112,The Associate,The Associate,en,7.537,1996-10-25,1996,6.3,211,115580,3,0,1859,2010-12-19
222106,Charlot og Charlotte,Charlot og Charlotte,en,0.63,1996-09-01,1996,4.0,3,115133,3,0,1874,2010-12-25
312,Beyond Silence,Jenseits der Stille,de,3.531,1996-12-18,1996,6.864,70,116692,3,0,2106,2011-03-10
9400,Set It Off,Set It Off,en,14.082,1996-11-06,1996,7.195,347,117603,3,0,2154,2011-03-29
58985,Grace of My Heart,Grace of My Heart,en,3.481,1996-09-13,1996,6.3,56,116442,3,0,2208,2011-04-23
3573,Emma,Emma,en,10.43,1996-08-02,1996,6.7,604,116191,3,0,2221,2011-04-23
409,The English Patient,The English Patient,en,38.634,1996-11-14,1996,7.2,2183,116209,3,0,2449,2011-06-27
47907,The Spitfire Grill,The Spitfire Grill,en,3.845,1996-08-23,1996,6.459,61,117718,3,0,2885,2011-11-29
25189,The Mirror Has Two Faces,The Mirror Has Two Faces,en,13.341,1996-11-15,1996,6.7,326,117057,3,0,2937,2011-12-17
2061,Pusher,Pusher,da,21.488,1996-08-30,1996,7.0,734,117407,0,0,2994,2012-01-16
8426,Swallowtail Butterfly,スワロウテイル,ja,9.219,1996-09-14,1996,7.429,85,117797,3,0,3017,2012-01-28
9591,That Thing You Do!,That Thing You Do!,en,15.022,1996-10-04,1996,6.9,836,117887,3,0,3023,2012-01-29
9450,Brassed Off,Brassed Off,en,11.362,1996-11-01,1996,7.0,271,115744,3,0,3038,2012-02-11
49963,Walking and Talking,Walking and Talking,en,6.298,1996-07-17,1996,5.977,44,118113,3,0,3059,2012-02-20
9283,Beautiful Girls,Beautiful Girls,en,8.693,1996-02-09,1996,6.659,362,115639,3,0,3081,2012-02-29
11956,When the Cat's Away,Chacun cherche son chat,fr,4.6,1996-04-03,1996,6.2,91,115856,3,0,3242,2012-05-09
20318,Mother Night,Mother Night,en,5.416,1996-11-01,1996,6.7,49,117093,1,0,3291,2012-05-29
161070,August,August,en,1.352,1996-08-08,1996,4.0,12,115591,3,1,3383,2012-06-26
199,Star Trek: First Contact,Star Trek: First Contact,en,20.931,1996-11-22,1996,7.287,1764,117731,3,0,3402,2012-07-07
9625,The Glimmer Man,The Glimmer Man,en,13.622,1996-10-04,1996,5.384,387,116421,1,0,3410,2012-07-09
8052,Hard Eight,Hard Eight,en,11.512,1996-05-15,1996,6.869,848,119256,0,0,3526,2012-09-10
41343,The God of Cookery,食神,cn,14.132,1996-12-21,1996,7.167,174,116426,1,0,3553,2012-09-27
10779,The Frighteners,The Frighteners,en,21.431,1996-07-18,1996,6.895,1541,116365,3,0,3679,2012-11-20
27233,Kids Return,キッズ・リターン,ja,14.43,1996-07-27,1996,7.077,241,116767,3,1,3703,2012-12-02
11543,Kingpin,Kingpin,en,15.215,1996-07-04,1996,6.5,869,116778,1,0,3822,2013-01-13
18203,Big Night,Big Night,en,9.476,1996-09-20,1996,6.9,229,115678,3,0,3966,2013-03-10
10539,James and the Giant Peach,James and the Giant Peach,en,18.598,1996-04-12,1996,6.6,1316,116683,3,0,3970,2013-03-11
454,Romeo + Juliet,Romeo + Juliet,en,29.704,1996-11-01,1996,6.794,4997,117509,3,1,4067,2013-04-17
10543,Fear,Fear,en,43.812,1996-04-12,1996,6.4,832,116287,3,0,4353,2013-07-16
15674,Sabrina the Teenage Witch,Sabrina the Teenage Witch,en,8.647,1996-04-07,1996,6.699,321,117534,3,0,4425,2013-07-30
55049,Three Lives and Only One Death,Trois vies et une seule mort,fr,5.004,1996-05-15,1996,6.5,40,117968,2,0,4482,2013-08-17
75,Mars Attacks!,Mars Attacks!,en,22.159,1996-12-13,1996,6.409,5419,116996,3,0,4621,2013-09-22
9566,The Fan,The Fan,en,11.319,1996-08-15,1996,5.985,790,116277,1,0,4778,2013-11-04
47475,Mr. Wrong,Mr. Wrong,en,5.105,1996-02-16,1996,4.0,55,117102,3,0,4822,2013-11-13
25355,Irma Vep,Irma Vep,fr,7.842,1996-10-01,1996,6.7,207,116650,3,0,4831,2013-11-15
17182,Eye for an Eye,Eye for an Eye,en,10.26,1996-01-12,1996,6.1,354,116260,3,0,4859,2013-11-20
8866,The Truth About Cats & Dogs,The Truth About Cats & Dogs,en,9.802,1996-04-26,1996,6.0,313,117979,3,0,4890,2013-11-29
12123,Chain Reaction,Chain Reaction,en,17.056,1996-08-02,1996,5.752,1076,115857,1,0,4967,2013-12-20
18220,Poison Ivy 2: Lily,Poison Ivy 2: Lily,en,10.731,1996-01-16,1996,4.7,121,114151,3,0,4972,2013-12-22
11000,The Birdcage,The Birdcage,en,18.917,1996-03-08,1996,7.0,1147,115685,2,1,4977,2013-12-24
88224,Manny & Lo,Manny & Lo,en,4.776,1996-01-22,1996,5.9,32,116985,3,0,5125,2014-02-01
8766,Hellraiser: Bloodline,Hellraiser: Bloodline,en,14.775,1996-03-08,1996,5.3,525,116514,1,0,5266,2014-03-10
26748,Lone Star,Lone Star,en,12.201,1996-06-21,1996,7.0,357,116905,2,0,5295,2014-03-17
21539,The Preacher's Wife,The Preacher's Wife,en,9.614,1996-12-13,1996,5.765,228,117372,3,0,5326,2014-03-25
282808,Welcome to the Discworld,Welcome to the Discworld,en,1.447,1996-12-31,1996,6.0,9,313773,0,0,5343,2014-03-31
10218,Swingers,Swingers,en,17.085,1996-10-18,1996,6.881,730,117802,2,0,5413,2014-04-22
3179,Beavis and Butt-Head Do America,Beavis and Butt-Head Do America,en,10.73,1996-12-20,1996,6.637,697,115641,1,0,5493,2014-05-20
884,Crash,Crash,en,24.017,1996-07-17,1996,6.4,1122,115964,3,0,5551,2014-06-08
10938,Beautiful Thing,Beautiful Thing,en,11.55,1996-06-21,1996,7.3,305,115640,3,0,5698,2014-08-13
49806,The Daytrippers,The Daytrippers,en,5.062,1997-03-05,1997,6.5,86,116041,3,0,5778,2014-09-25
16448,Waiting for Guffman,Waiting for Guffman,en,9.533,1996-08-21,1996,7.0,244,118111,3,0,5786,2014-09-28
142451,The Stunt Woman,阿金,cn,6.439,1996-10-10,1996,7.2,13,115485,1,0,5855,2014-10-19
14553,Stealing Beauty,Stealing Beauty,en,14.379,1996-03-29,1996,6.7,562,117737,3,1,5883,2014-10-29
34935,Tenchi Muyo! In Love,天地無用! in LOVE,ja,5.87,1996-04-20,1996,6.2,22,117876,3,0,5932,2014-11-20
549,Basquiat,Basquiat,en,11.339,1996-08-09,1996,6.604,275,115632,2,0,6074,2015-01-27
79174,Follow Your Heart,Va' dove ti porta il cuore,it,2.645,1996-02-09,1996,6.2,32,118105,3,0,6169,2015-03-28
3065,Mystery Science Theater 3000: The Movie,Mystery Science Theater 3000: The Movie,en,5.888,1996-04-19,1996,6.6,208,117128,1,0,6441,2015-09-11
99479,Entertaining Angels: The Dorothy Day Story,Entertaining Angels: The Dorothy Day Story,en,2.738,1996-09-27,1996,5.5,5,116212,3,0,6536,2015-11-06
2928,Michael,Michael,en,15.551,1996-12-25,1996,5.706,627,117038,3,1,6623,2015-12-21
12241,Curdled,Curdled,en,6.195,1996-09-06,1996,5.876,121,115994,3,0,6738,2016-02-19
25518,La Belle Verte,La Belle Verte,fr,12.77,1996-09-18,1996,7.202,245,115650,3,0,6754,2016-03-01
9268,Eraser,Eraser,en,24.222,1996-06-21,1996,6.1,1806,116213,3,1,6839,2016-04-19
44705,Twelfth Night,Twelfth Night,en,4.903,1996-10-25,1996,6.9,80,117991,3,0,6943,2016-06-22
21612,The Funeral,The Funeral,en,9.905,1996-01-26,1996,6.8,178,116378,3,1,7051,2016-08-18
819,Sleepers,Sleepers,en,29.107,1996-10-18,1996,7.6,3528,117665,1,0,7352,2016-12-25
14646,Family Resemblances,Un air de famille,fr,7.269,1996-09-07,1996,7.263,283,118015,3,0,7598,2017-05-01
8818,Evita,Evita,en,12.2,1996-12-14,1996,6.098,475,116250,3,1,7630,2017-05-21
7095,Jack,Jack,en,17.1,1996-08-09,1996,6.3,1256,116669,2,0,7644,2017-05-21
1592,Primal Fear,Primal Fear,en,24.382,1996-03-06,1996,7.662,3395,117381,1,0,7658,2017-05-21
11069,Tremors 2: Aftershocks,Tremors 2: Aftershocks,en,27.561,1996-04-09,1996,6.252,942,114720,0,0,7678,2017-06-07
20539,The Crucible,The Crucible,en,13.244,1996-11-27,1996,6.6,498,115988,3,0,7932,2017-12-01
9390,Jerry Maguire,Jerry Maguire,en,22.366,1996-12-13,1996,7.0,3282,116695,2,0,8008,2018-01-13
9819,Marvin's Room,Marvin's Room,en,11.717,1996-12-18,1996,6.7,584,116999,3,1,8057,2018-02-15
16355,Sonic the Hedgehog: The Movie,ソニック★ザ★ヘッジホッグ,ja,29.61,1996-01-26,1996,6.8,62,237765,0,0,8124,2018-03-20
9333,Last Man Standing,Last Man Standing,en,20.748,1996-09-20,1996,6.351,869,116830,1,0,8208,2018-05-15
9401,2 Days in the Valley,2 Days in the Valley,en,11.777,1996-09-11,1996,6.2,261,115438,3,1,8638,2019-02-08
10478,Tin Cup,Tin Cup,en,23.071,1996-08-16,1996,6.046,518,117918,3,1,9065,2020-04-04
44479,The Watermelon Woman,The Watermelon Woman,en,6.731,1997-03-05,1997,6.888,85,118125,3,0,9088,2020-04-22
27265,Mother,Mother,en,6.516,1996-12-25,1996,6.6,76,117091,3,1,9319,2020-11-04
36271,Killer Tongue,La lengua asesina,es,5.158,1996-11-15,1996,5.4,32,116770,3,1,9457,2021-01-29
11228,Daylight,Daylight,en,19.365,1996-12-06,1996,6.09,1528,116040,1,0,9725,2021-04-29
11867,Barb Wire,Barb Wire,en,13.932,1996-05-02,1996,3.962,423,115624,1,0,9782,2021-05-02
85866,Rollergator,Rollergator,en,1.358,1996-08-08,1996,2.8,22,207061,3,0,9790,2021-05-05
1770,Michael Collins,Michael Collins,en,15.623,1996-10-25,1996,6.9,468,117039,1,0,10042,2021-09-09
9826,The Phantom,The Phantom,en,17.63,1996-06-06,1996,5.249,568,117331,3,1,10098,2021-10-22
816,Austin Powers: International Man of Mystery,Austin Powers: International Man of Mystery,en,23.502,1997-05-02,1997,6.568,3407,118655,2,0,5,2008-07-19
18,The Fifth Element,Le Cinquième Élément,fr,64.567,1997-05-02,1997,7.554,10759,119116,1,0,22,2008-07-19
2649,The Game,The Game,en,27.491,1997-09-12,1997,7.57,6592,119174,1,0,68,2008-07-24
9415,Murder at 1600,Murder at 1600,en,15.594,1997-04-18,1997,6.1,525,119731,1,0,70,2008-07-24
782,Gattaca,Gattaca,en,30.303,1997-09-07,1997,7.559,6346,119177,1,,77,2008-07-28
607,Men in Black,Men in Black,en,40.279,1997-07-02,1997,7.202,13778,119654,1,,83,2008-07-28
1813,The Devil's Advocate,The Devil's Advocate,en,50.918,1997-10-17,1997,7.467,6018,118971,3,,105,2008-07-30
563,Starship Troopers,Starship Troopers,en,29.945,1997-11-07,1997,7.078,4919,120201,3,,107,2008-07-30
8078,Alien Resurrection,Alien Resurrection,en,38.353,1997-11-12,1997,6.2,4982,118583,3,,297,2009-03-07
8834,Conspiracy Theory,Conspiracy Theory,en,16.273,1997-08-08,1997,6.607,1457,118883,2,,318,2009-05-04
128,Princess Mononoke,もののけ姫,ja,53.291,1997-07-12,1997,8.333,8057,119698,3,,326,2009-05-18
11365,Wilde,Wilde,en,14.577,1997-09-01,1997,6.6,274,120514,3,1,343,2009-06-14
597,Titanic,Titanic,en,163.871,1997-11-18,1997,7.9,25478,120338,3,,345,2009-06-17
9619,Dante's Peak,Dante's Peak,en,15.097,1997-02-07,1997,6.2,1863,118928,3,0,424,2009-08-07
1624,Liar Liar,Liar Liar,en,33.215,1997-03-21,1997,6.7,5651,119528,1,0,425,2009-08-08
9574,Flubber,Flubber,en,15.407,1997-11-26,1997,5.649,2349,119137,2,0,426,2009-08-08
4421,G.I. Jane,G.I. Jane,en,16.565,1997-08-19,1997,6.468,1680,119173,3,0,524,2009-10-10
1701,Con Air,Con Air,en,31.855,1997-06-05,1997,6.743,4188,118880,2,0,573,2009-12-20
637,Life Is Beautiful,La vita è bella,it,48.764,1997-12-20,1997,8.4,13096,118799,0,0,614,2009-12-28
489,Good Will Hunting,Good Will Hunting,en,62.26,1997-12-05,1997,8.159,12435,119217,0,0,623,2009-12-28
9922,The Postman,The Postman,en,17.337,1997-12-25,1997,6.3,1064,119925,1,0,634,2010-01-07
8413,Event Horizon,Event Horizon,en,28.812,1997-08-15,1997,6.537,2835,119081,3,0,662,2010-01-23
11970,Hercules,Hercules,en,58.838,1997-06-13,1997,7.499,7427,119282,3,0,729,2010-04-11
9611,Romy and Michele's High School Reunion,Romy and Michele's High School Reunion,en,11.247,1997-04-25,1997,6.201,526,120032,3,0,754,2010-04-24
431,Cube,Cube,en,22.715,1997-12-10,1997,6.809,4756,123755,3,0,792,2010-05-12
686,Contact,Contact,en,37.324,1997-07-11,1997,7.428,4477,118884,3,0,904,2010-06-05
49462,Career Girls,Career Girls,en,4.801,1997-06-01,1997,6.5,70,118818,1,0,931,2010-06-11
2898,As Good as It Gets,As Good as It Gets,en,21.277,1997-12-19,1997,7.393,3777,119822,3,0,936,2010-06-12
9434,Grosse Pointe Blank,Grosse Pointe Blank,en,11.675,1997-04-11,1997,6.932,907,119229,3,0,1000,2010-06-28
415,Batman & Robin,Batman & Robin,en,33.533,1997-06-20,1997,4.4,5021,118688,2,0,1026,2010-07-03
9446,Jungle 2 Jungle,Jungle 2 Jungle,en,14.774,1997-03-04,1997,5.28,469,119432,2,0,1054,2010-07-04
10371,For Richer or Poorer,For Richer or Poorer,en,9.677,1997-12-11,1997,5.9,230,119142,3,0,1055,2010-07-04
9772,Air Force One,Air Force One,en,21.511,1997-07-25,1997,6.481,2953,118571,1,0,1068,2010-07-04
25994,The Winter Guest,The Winter Guest,en,11.099,1997-12-27,1997,6.5,50,120521,3,0,1409,2010-07-31
46200,The Inheritance,The Inheritance,en,3.321,1997-04-06,1997,5.7,9,119369,3,0,1483,2010-08-20
38225,Wild America,Wild America,en,7.121,1997-07-02,1997,6.1,100,120512,2,0,1595,2010-09-22
10234,Funny Games,Funny Games,de,15.736,1997-08-23,1997,7.3,1822,119167,3,1,1193,2010-07-18
8874,My Best Friend's Wedding,My Best Friend's Wedding,en,11.389,1997-06-19,1997,6.593,2649,119738,2,0,1202,2010-07-20
9444,Anastasia,Anastasia,en,32.091,1997-11-20,1997,7.613,5272,118617,3,0,1218,2010-07-22
20737,Air Bud,Air Bud,en,16.782,1997-08-01,1997,5.56,467,118570,1,0,1127,2010-07-09
14817,Good Burger,Good Burger,en,16.586,1997-07-25,1997,6.1,512,119215,1,0,1159,2010-07-11
42884,Cinderella,Cinderella,en,8.33,1997-11-02,1997,6.489,181,128996,3,0,1584,2010-09-21
6116,Spice World,Spice World,en,12.118,1997-12-18,1997,4.8,462,120185,3,0,1406,2010-07-30
115744,Actresses,Actrius,ca,0.852,1997-01-17,1997,6.0,5,115462,3,0,1794,2010-11-30
30020,Taste of Cherry,طعم گيلاس,fa,16.061,1997-09-28,1997,7.653,593,120265,0,0,1810,2010-12-01
12145,Fierce Creatures,Fierce Creatures,en,11.872,1997-01-23,1997,6.2,347,119115,1,0,1816,2010-12-03
13852,The Castle,The Castle,en,6.034,1997-04-10,1997,7.1,200,118826,3,0,1830,2010-12-08
55561,Clockwatchers,Clockwatchers,en,3.984,1997-06-12,1997,6.1,66,118866,3,0,1900,2011-01-12
24662,Cats Don't Dance,Cats Don't Dance,en,11.539,1997-03-26,1997,7.2,185,118829,3,0,1947,2011-01-29
45153,Eve's Bayou,Eve's Bayou,en,8.05,1997-11-07,1997,6.3,130,119080,3,0,2101,2011-03-09
184,Jackie Brown,Jackie Brown,en,21.262,1997-12-25,1997,7.357,6335,119396,3,0,2176,2011-04-08
2118,L.A. Confidential,L.A. Confidential,en,22.39,1997-09-19,1997,7.8,4958,119488,1,0,2236,2011-04-23
4995,Boogie Nights,Boogie Nights,en,28.355,1997-10-10,1997,7.6,3149,118749,3,0,2347,2011-05-25
10357,Volcano,Volcano,en,19.083,1997-04-25,1997,5.923,1520,120461,3,0,2395,2011-06-12
2255,Chasing Amy,Chasing Amy,en,12.126,1997-04-04,1997,6.764,1390,118842,3,0,2423,2011-06-21
77223,Paradise Road,Paradise Road,en,5.202,1997-02-11,1997,6.4,85,119859,3,0,2494,2011-07-06
58708,The Well,The Well,en,1.302,1997-05-14,1997,5.4,9,120493,3,0,2666,2011-09-08
11419,Vegas Vacation,Vegas Vacation,en,21.582,1997-02-13,1997,6.0,636,120434,3,0,3148,2012-03-27
16052,Selena,Selena,en,16.201,1997-03-21,1997,7.7,1217,120094,3,0,3195,2012-04-20
17834,A Simple Wish,A Simple Wish,en,8.437,1997-07-11,1997,5.494,163,120133,3,0,3223,2012-05-03
18329,Happy Together,春光乍洩,cn,16.716,1997-05-30,1997,7.6,691,118845,0,0,3232,2012-05-08
6499,Turbo: A Power Rangers Movie,Turbo: A Power Rangers Movie,en,13.082,1997-03-27,1997,5.7,281,120389,3,0,3371,2012-06-22
10336,Spawn,Spawn,en,14.029,1997-07-31,1997,5.42,1351,120177,3,0,3373,2012-06-22
9437,Kiss the Girls,Kiss the Girls,en,20.405,1997-09-29,1997,6.531,1654,119468,2,0,3882,2013-02-08
8675,Orgazmo,Orgazmo,en,15.685,1998-07-02,1998,6.113,434,124819,1,1,3917,2013-02-21
9092,Snow White: A Tale of Terror,Snow White: A Tale of Terror,en,10.624,1997-07-18,1997,6.1,254,119227,3,0,3928,2013-02-22
9823,Mortal Kombat: Annihilation,Mortal Kombat: Annihilation,en,25.388,1997-11-11,1997,4.513,1196,119707,3,0,4064,2013-04-15
638,Lost Highway,Lost Highway,en,19.971,1997-01-15,1997,7.6,2590,116922,1,0,4154,2013-05-22
9311,Smilla's Sense of Snow,Smilla's Sense of Snow,en,8.604,1997-02-28,1997,6.298,230,120152,3,0,4164,2013-05-25
27103,My Life in Pink,Ma vie en rose,fr,5.32,1997-05-28,1997,7.0,102,119590,3,0,4216,2013-06-07
1610,Fever Pitch,Fever Pitch,en,6.133,1997-04-04,1997,6.489,237,119114,3,0,4333,2013-07-12
10603,George of the Jungle,George of the Jungle,en,20.1,1997-07-15,1997,5.618,2086,119190,3,0,4360,2013-07-17
40882,The Mirror,آینه,fa,2.551,1997-04-01,1997,7.109,46,117056,3,0,4380,2013-07-21
6623,The Peacemaker,The Peacemaker,en,20.753,1997-09-26,1997,6.044,997,119874,3,1,4383,2013-07-22
14585,In the Company of Men,In the Company of Men,en,4.996,1997-03-28,1997,6.699,151,119361,1,0,4496,2013-08-21
38904,Mrs. Dalloway,Mrs. Dalloway,en,5.704,1997-09-01,1997,5.547,64,119723,3,0,4527,2013-08-31
15313,The Wrong Guy,The Wrong Guy,en,4.687,1997-08-01,1997,6.8,55,120536,1,0,4635,2013-09-27
4233,Scream 2,Scream 2,en,40.933,1997-12-12,1997,6.5,4212,120082,3,0,4643,2013-09-29
3597,I Know What You Did Last Summer,I Know What You Did Last Summer,en,27.327,1997-10-17,1997,6.0,2774,119345,3,0,4657,2013-10-02
19797,I Think I Do,I Think I Do,en,2.321,1997-06-20,1997,6.2,29,125209,3,0,4932,2013-12-09
94895,The Princess and the Pauper,La principessa e il povero,it,5.202,1997-12-02,1997,6.3,42,178844,3,1,4987,2013-12-26
56842,Le acrobate,Le acrobate,it,0.938,1997-04-18,1997,5.5,10,118550,3,0,5058,2014-01-10
330,The Lost World: Jurassic Park,The Lost World: Jurassic Park,en,2.296,1997-05-23,1997,6.5,8375,119567,3,1,5074,2014-01-14
18491,Neon Genesis Evangelion: The End of Evangelion,新世紀エヴァンゲリオン劇場版 Air／まごころを、君に,ja,35.526,1997-07-19,1997,8.295,1620,169858,3,0,5108,2014-01-26
18519,Free Willy 3: The Rescue,Free Willy 3: The Rescue,en,9.067,1997-08-06,1997,6.1,338,119152,1,0,5136,2014-02-04
158,Knockin' on Heaven's Door,Knockin' on Heaven's Door,de,12.412,1997-02-20,1997,7.718,507,119472,1,0,5143,2014-02-06
9413,Picture Perfect,Picture Perfect,en,13.617,1997-08-01,1997,5.848,421,119896,3,0,5172,2014-02-16
754,Face/Off,Face/Off,en,29.131,1997-06-27,1997,7.0,5320,119094,1,0,5329,2014-03-27
29461,Soul Food,Soul Food,en,6.543,1997-09-26,1997,6.268,82,120169,3,0,5820,2014-10-08
12238,The Night Flier,The Night Flier,en,8.533,1997-04-30,1997,5.951,236,119784,3,1,5865,2014-10-23
43274,Tower of Terror,Tower of Terror,en,9.599,1999-11-01,1999,6.4,95,131620,3,0,6071,2015-01-27
159797,Clover,Clover,en,1.555,1997-09-10,1997,4.5,4,124317,3,0,6204,2015-04-15
48254,Ovosodo,Ovosodo,it,6.082,1997-09-12,1997,7.192,438,122648,2,1,6249,2015-05-17
1902,Open Your Eyes,Abre los ojos,es,14.965,1997-12-19,1997,7.5,1038,125659,1,0,6691,2016-01-28
33344,The House of Yes,The House of Yes,en,5.533,1997-10-10,1997,6.2,103,119324,3,0,6736,2016-02-19
70687,The Sticky Fingers of Time,The Sticky Fingers of Time,en,1.115,1997-06-06,1997,4.3,11,127302,3,0,6749,2016-02-26
5910,Fireworks,HANA-BI,ja,17.056,1997-10-30,1997,7.678,687,119250,1,0,6800,2016-03-26
9427,The Full Monty,The Full Monty,en,13.104,1997-08-13,1997,6.999,1635,119164,2,0,6805,2016-03-26
36095,Cure,キュア,ja,23.781,1997-12-27,1997,7.5,545,123948,1,0,7174,2016-10-07
14903,Pooh's Grand Adventure: The Search for Christopher Robin,Pooh's Grand Adventure: The Search for Christopher Robin,en,14.247,1997-08-05,1997,7.2,359,119918,0,0,7371,2017-01-03
8067,A Life Less Ordinary,A Life Less Ordinary,en,14.353,1997-10-24,1997,6.1,450,119535,2,0,7534,2017-03-26
9366,Donnie Brasco,Donnie Brasco,en,24.826,1997-02-27,1997,7.538,4428,119008,1,0,7627,2017-05-21
978,Seven Years in Tibet,Seven Years in Tibet,en,21.156,1997-09-12,1997,7.2,2828,120102,1,0,7660,2017-05-21
9406,An American Werewolf in Paris,An American Werewolf in Paris,en,17.807,1997-05-29,1997,5.965,679,118604,1,0,7675,2017-06-06
267,Live Flesh,Carne trémula,es,15.619,1997-10-10,1997,7.0,667,118819,2,0,7710,2017-06-29
41012,Dollybirds,Csinibaba,hu,2.0,1997-02-20,1997,6.7,14,118906,1,0,8564,2018-12-15
18415,Gummo,Gummo,en,18.875,1997-10-17,1997,6.6,619,119237,3,0,8800,2019-07-29
2142,Cop Land,Cop Land,en,16.34,1997-08-15,1997,6.786,1592,118887,0,1,9151,2020-06-01
9769,Lolita,Lolita,en,47.885,1997-09-27,1997,7.1,1790,119558,3,1,9220,2020-08-02
9360,Anaconda,Anaconda,en,31.994,1997-04-11,1997,5.217,2485,118615,2,1,9275,2020-09-17
17589,Mrs Brown,Mrs Brown,en,7.102,1997-07-18,1997,6.7,176,119280,3,0,9280,2020-09-23
714,Tomorrow Never Dies,Tomorrow Never Dies,en,34.125,1997-12-11,1997,6.365,3083,120347,1,0,9336,2020-11-21
9714,Home Alone 3,Home Alone 3,en,92.236,1997-12-12,1997,5.276,3029,119303,3,0,9407,2020-12-26
26689,Retroactive,Retroactive,en,9.555,1997-01-01,1997,6.1,184,117468,2,0,9989,2021-08-01
9631,The Negotiator,The Negotiator,en,15.352,1998-07-29,1998,7.092,2081,120768,1,0,35,2008-07-20
36647,Blade,Blade,en,53.492,1998-08-21,1998,6.8,6027,120611,1,0,42,2008-07-20
8656,Deep Impact,Deep Impact,en,29.726,1998-05-08,1998,6.221,2973,120647,3,,95,2008-07-29
16365,Futuresport,Futuresport,en,3.071,1999-09-30,1999,4.298,57,158409,1,,127,2008-08-02
10674,Mulan,Mulan,en,79.407,1998-06-18,1998,7.907,9711,120762,3,1,157,2008-08-10
37165,The Truman Show,The Truman Show,en,66.852,1998-06-04,1998,8.146,18437,120382,1,,165,2008-08-11
9454,EverAfter,EverAfter,en,24.213,1998-07-31,1998,7.4,1453,120631,3,,216,2008-11-18
8741,The Thin Red Line,The Thin Red Line,en,18.93,1998-12-23,1998,7.5,2999,120863,1,,272,2009-02-07
19381,Strike!,Strike!,en,5.721,1998-08-21,1998,6.3,118,120692,3,,300,2009-03-22
9844,The Opposite of Sex,The Opposite of Sex,en,14.92,1998-05-22,1998,6.1,200,120777,3,,365,2009-07-13
17962,After Life,ワンダフルライフ,ja,11.941,1998-09-11,1998,7.2,228,165078,3,,368,2009-07-13
11545,Rushmore,Rushmore,en,21.5,1998-12-11,1998,7.405,2475,128445,3,0,404,2009-07-31
10153,Sphere,Sphere,en,15.073,1998-02-13,1998,6.117,1628,120184,1,0,446,2009-08-11
9445,Apt Pupil,Apt Pupil,en,13.614,1998-10-23,1998,6.531,638,118636,1,0,460,2009-08-15
115,The Big Lebowski,The Big Lebowski,en,39.46,1998-03-06,1998,7.841,11217,118715,1,0,505,2009-09-11
1878,Fear and Loathing in Las Vegas,Fear and Loathing in Las Vegas,en,22.359,1998-05-19,1998,7.207,4596,120669,1,0,506,2009-09-12
1808,Velvet Goldmine,Velvet Goldmine,en,14.013,1998-08-28,1998,6.907,499,120879,2,0,516,2009-09-23
9276,The Faculty,The Faculty,en,26.871,1998-12-25,1998,6.5,1978,133751,3,1,532,2009-10-29
11003,The Wedding Singer,The Wedding Singer,en,15.688,1998-02-13,1998,6.772,1738,120888,3,0,554,2009-12-05
8545,Little Voice,Little Voice,en,6.748,1998-11-05,1998,6.489,186,147004,3,0,592,2009-12-27
14533,Gia,Gia,en,22.024,1998-01-31,1998,7.098,746,123865,3,0,772,2010-05-01
95,Armageddon,Armageddon,en,42.252,1998-07-01,1998,6.8,7932,120591,1,0,775,2010-05-03
9489,You've Got Mail,You've Got Mail,en,23.827,1998-12-18,1998,6.69,3293,128853,3,0,783,2010-05-03
37636,High Art,High Art,en,13.36,1998-06-12,1998,6.3,134,139362,3,0,789,2010-05-12
9827,Phantoms,Phantoms,en,10.974,1998-01-23,1998,5.38,351,119891,3,0,805,2010-05-14
10209,Hideous Kinky,Hideous Kinky,en,5.991,1999-02-05,1999,6.086,87,136244,3,0,937,2010-06-12
14283,The Red Violin,Le Violon rouge,fr,12.935,1998-09-10,1998,7.365,412,120802,3,0,942,2010-06-12
10683,Happiness,Happiness,en,12.446,1998-10-11,1998,7.449,817,147612,3,0,973,2010-06-24
11634,Show Me Love,Fucking Åmål,sv,16.025,1998-10-23,1998,7.121,531,150662,3,0,975,2010-06-24
3682,54,54,en,12.967,1998-08-28,1998,5.8,472,120577,1,0,1040,2010-07-03
200,Star Trek: Insurrection,Star Trek: Insurrection,en,15.809,1998-12-11,1998,6.4,1213,120844,3,0,1056,2010-07-04
9342,The Mask of Zorro,The Mask of Zorro,en,34.033,1998-07-16,1998,6.6,4002,120746,1,1,1058,2010-07-04
6068,Six Days Seven Nights,Six Days Seven Nights,en,18.063,1998-06-12,1998,6.085,1462,120828,1,0,1069,2010-07-04
20756,The Secret of NIMH 2: Timmy to the Rescue,The Secret of NIMH 2: Timmy to the Rescue,en,8.646,1998-12-22,1998,4.7,80,171725,1,1,1511,2010-08-28
9840,The Dreamlife of Angels,La Vie rêvée des anges,fr,6.505,1998-10-16,1998,7.0,97,120449,3,0,1294,2010-07-23
6435,Practical Magic,Practical Magic,en,23.164,1998-10-16,1998,6.772,1514,120791,3,0,1219,2010-07-22
2657,Pleasantville,Pleasantville,en,11.801,1998-09-17,1998,7.26,1682,120789,3,1,1109,2010-07-07
9313,The Man in the Iron Mask,The Man in the Iron Mask,en,24.361,1998-03-12,1998,6.639,3810,120744,1,0,1154,2010-07-10
857,Saving Private Ryan,Saving Private Ryan,en,67.452,1998-07-24,1998,8.217,15912,120815,0,0,1090,2010-07-04
9820,The Parent Trap,The Parent Trap,en,71.554,1998-07-28,1998,7.2,4174,120783,3,0,1094,2010-07-04
9441,Stepmom,Stepmom,en,16.964,1998-12-25,1998,7.147,1424,120686,3,0,1553,2010-09-08
2109,Rush Hour,Rush Hour,en,73.909,1998-09-18,1998,7.051,4984,120812,1,0,1392,2010-07-28
10220,Rounders,Rounders,en,19.266,1998-09-11,1998,7.0,1724,128442,1,0,1399,2010-07-28
473,Pi,Pi,en,14.719,1998-07-10,1998,7.1,2232,138704,2,0,1403,2010-07-28
9837,The Prince of Egypt,The Prince of Egypt,en,42.921,1998-12-16,1998,7.282,3980,120794,3,0,1079,2010-07-04
100,"Lock, Stock and Two Smoking Barrels","Lock, Stock and Two Smoking Barrels",en,14.731,1998-08-28,1998,8.117,6602,120735,1,0,1668,2010-10-18
77469,Your Friends & Neighbors,Your Friends & Neighbors,en,5.653,1998-08-19,1998,5.8,78,119517,3,0,1838,2010-12-11
2666,Dark City,Dark City,en,17.646,1998-02-27,1998,7.327,2810,118929,1,0,1855,2010-12-16
1934,Shakespeare in Love,Shakespeare in Love,en,13.945,1998-12-11,1998,6.859,2990,138097,3,0,1926,2011-01-22
18937,Quest for Camelot,Quest for Camelot,en,24.087,1998-05-15,1998,6.848,798,120800,3,0,1942,2011-01-29
10494,Perfect Blue,PERFECT BLUE,ja,32.011,1998-02-28,1998,8.308,2686,156887,3,0,1948,2011-01-31
846,The X Files,The X Files,en,17.376,1998-06-19,1998,6.9,1605,120902,3,0,2058,2011-02-19
70846,Love & Pop,ラブ&ポップ,ja,10.773,1998-01-10,1998,7.7,70,168972,3,0,2076,2011-02-27
4518,Elizabeth,Elizabeth,en,23.214,1998-09-13,1998,7.2,1382,127536,3,0,2138,2011-03-25
9464,Buffalo '66,Buffalo '66,en,19.551,1998-01-20,1998,7.1,925,118789,1,0,2139,2011-03-26
104,Run Lola Run,Lola rennt,de,18.324,1998-08-20,1998,7.29,2256,130827,3,0,2191,2011-04-16
9487,A Bug's Life,A Bug's Life,en,55.267,1998-11-25,1998,6.97,9156,120623,3,0,2198,2011-04-18
929,Godzilla,Godzilla,en,25.27,1998-05-20,1998,5.631,3892,120685,3,1,2238,2011-04-24
1389,Out of Sight,Out of Sight,en,17.583,1998-06-26,1998,6.675,1254,120780,2,0,2247,2011-04-26
24584,Get Real,Get Real,en,13.812,1998-08-16,1998,7.0,173,162973,2,0,2440,2011-06-25
9440,Primary Colors,Primary Colors,en,10.322,1998-03-20,1998,6.285,310,119942,3,0,2475,2011-07-01
452,The Idiots,Idioterne,da,13.765,1998-04-28,1998,6.5,573,154421,3,0,2526,2011-07-13
73,American History X,American History X,en,32.372,1998-07-01,1998,8.342,11599,120586,2,0,2548,2011-07-18
5332,Dancing at Lughnasa,Dancing at Lughnasa,en,4.713,1998-09-04,1998,5.8,45,120643,3,0,2641,2011-08-24
14662,Slums of Beverly Hills,Slums of Beverly Hills,en,8.859,1998-08-14,1998,6.3,228,120831,3,0,2681,2011-09-16
309,The Celebration,Festen,da,16.458,1998-06-19,1998,7.735,1079,154420,3,1,2868,2011-11-26
11551,Small Soldiers,Small Soldiers,en,19.935,1998-07-10,1998,6.5,2126,122718,1,0,2896,2011-12-03
105980,Dark Harbor,Dark Harbor,en,6.703,1999-12-31,1999,4.9,37,129023,1,0,2912,2011-12-07
6396,SLC Punk,SLC Punk,en,11.789,1998-09-24,1998,7.092,366,133189,1,0,3393,2012-07-02
16155,Safe Men,Safe Men,en,3.361,1998-08-07,1998,5.6,51,120813,0,0,3035,2012-02-09
13151,Scooby-Doo on Zombie Island,Scooby-Doo on Zombie Island,en,19.55,1998-09-22,1998,7.7,756,166792,3,0,3447,2012-07-27
20862,Smoke Signals,Smoke Signals,en,7.074,1998-06-26,1998,6.745,104,120321,3,0,3509,2012-09-02
2137,The Storm Riders,風雲：雄霸天下,zh,15.161,1998-07-18,1998,6.402,97,165499,1,0,3552,2012-09-27
9732,The Lion King II: Simba's Pride,The Lion King II: Simba's Pride,en,98.962,1998-10-24,1998,6.948,4405,120131,3,0,3687,2012-11-22
8838,Mercury Rising,Mercury Rising,en,12.979,1998-04-03,1998,6.275,1522,120749,1,0,3791,2012-12-31
14013,BASEketball,BASEketball,en,13.647,1998-07-28,1998,6.108,579,131857,1,1,3919,2013-02-21
9424,Disturbing Behavior,Disturbing Behavior,en,15.76,1998-07-24,1998,5.7,370,134619,1,0,4160,2013-05-24
9945,Vampires,Vampires,en,13.313,1998-10-30,1998,6.3,1240,120877,0,0,4215,2013-06-07
10215,Sliding Doors,Sliding Doors,en,13.898,1998-04-23,1998,6.561,1314,120148,3,0,4250,2013-06-19
16980,The Last Days of Disco,The Last Days of Disco,en,7.012,1998-05-29,1998,6.243,189,120728,3,0,4357,2013-07-16
39437,Beloved,Beloved,en,9.422,1998-10-16,1998,5.7,100,120603,3,0,4400,2013-07-25
10216,Species II,Species II,en,22.313,1998-04-10,1998,5.2,710,120841,3,0,4423,2013-07-30
666,Central Station,Central do Brasil,pt,16.791,1998-04-03,1998,8.1,906,140888,3,0,4437,2013-08-04
83678,The Glass-Blower's Children,Glasblåsarns barn,sv,1.542,1998-02-27,1998,5.9,11,119204,3,0,4534,2013-09-01
9715,Hope Floats,Hope Floats,en,19.601,1998-05-29,1998,6.435,459,119313,3,0,4547,2013-09-07
32144,The Proposition,The Proposition,en,4.753,1998-03-26,1998,6.3,33,120108,2,0,4611,2013-09-22
11932,Bride of Chucky,Bride of Chucky,en,44.205,1998-10-15,1998,6.1,1928,144120,1,0,4638,2013-09-27
9877,Urban Legend,Urban Legend,en,15.728,1998-09-25,1998,5.704,1288,146336,3,0,4649,2013-09-30
2671,Ring,リング,ja,18.303,1998-01-31,1998,7.1,1441,178868,3,0,4675,2013-10-07
11675,Halloween H20: 20 Years Later,Halloween H20: 20 Years Later,en,21.368,1998-08-05,1998,6.041,1641,120694,3,0,4709,2013-10-18
617,Wild Things,Wild Things,en,27.573,1998-03-20,1998,6.359,1734,120890,3,0,4752,2013-10-29
1075,"Black Cat, White Cat","Crna mačka, beli mačor",sr,13.004,1998-06-01,1998,7.676,732,118843,3,0,4787,2013-11-06
9320,The Avengers,The Avengers,en,21.492,1998-08-13,1998,4.395,707,118661,3,0,4817,2013-11-12
40254,Whispering Corridors,여고괴담,ko,7.766,1998-05-30,1998,6.153,108,241073,3,0,4850,2013-11-18
9798,Enemy of the State,Enemy of the State,en,33.612,1998-11-20,1998,7.044,3829,120660,1,0,4955,2013-12-16
2157,Lost in Space,Lost in Space,en,24.303,1998-04-03,1998,5.398,1212,120738,3,0,5060,2014-01-10
544,There's Something About Mary,There's Something About Mary,en,29.91,1998-07-15,1998,6.602,4935,129387,3,0,5183,2014-02-17
55066,The Eternal,The Eternal,en,1.865,1998-09-18,1998,4.5,24,158011,3,1,5211,2014-02-27
9706,The Spiral,らせん,ja,10.798,1998-01-31,1998,5.3,140,134928,1,0,5226,2014-03-03
9421,The Dinner Game,Le Dîner de cons,fr,15.376,1998-04-15,1998,7.788,1898,119038,1,0,5242,2014-03-06
795,City of Angels,City of Angels,en,23.315,1998-04-10,1998,6.797,2121,120632,3,0,5369,2014-04-08
24525,Hurlyburly,Hurlyburly,en,5.44,1998-12-25,1998,5.5,97,119336,1,0,5494,2014-05-20
11660,Following,Following,en,11.148,1999-05-06,1999,7.1,1598,154506,0,0,5715,2014-08-24
10312,Patch Adams,Patch Adams,en,22.069,1998-12-25,1998,7.313,3203,129290,3,1,5744,2014-09-14
14444,The Rugrats Movie,The Rugrats Movie,en,18.793,1998-11-20,1998,6.2,573,134067,3,0,5794,2014-10-01
3600,I Still Know What You Did Last Summer,I Still Know What You Did Last Summer,en,15.482,1998-11-13,1998,5.353,1486,130018,3,0,5844,2014-10-15
11854,Kuch Kuch Hota Hai,कुछ कुछ होता है,hi,18.6,1998-10-16,1998,7.4,382,172684,3,0,5885,2014-10-30
23598,Wildside,Vildspor,da,2.383,1998-05-07,1998,6.1,18,142964,1,0,6160,2015-03-22
11855,Pecker,Pecker,en,6.526,1998-09-25,1998,6.1,184,126604,3,0,6184,2015-04-02
8195,Ronin,Ronin,en,18.168,1998-09-25,1998,6.967,2370,122690,1,0,6339,2015-07-01
15805,Batman & Mr. Freeze: SubZero,Batman & Mr. Freeze: SubZero,en,10.022,1998-02-11,1998,6.9,436,143127,2,0,6353,2015-07-14
92657,Lick the Star,Lick the Star,en,4.354,1998-10-01,1998,5.9,65,197626,3,0,6531,2015-11-02
10663,The Waterboy,The Waterboy,en,15.016,1998-11-06,1998,6.059,1816,120484,2,0,6591,2015-12-11
253077,Tomorrow Night,Tomorrow Night,en,2.828,1998-01-23,1998,5.9,10,140627,2,0,6679,2016-01-24
16129,Last Night,Last Night,en,5.666,1998-10-23,1998,6.6,144,156729,1,0,6718,2016-02-10
8688,Snake Eyes,Snake Eyes,en,25.126,1998-08-07,1998,6.2,1346,120832,1,0,6814,2016-03-31
65749,Tango,"Tango, no me dejes nunca",es,2.402,1998-08-06,1998,6.5,30,120274,1,0,6832,2016-04-14
32118,Barrio,Barrio,es,3.555,1998-10-02,1998,6.693,44,146468,3,0,7168,2016-10-02
9466,Celebrity,Celebrity,en,10.529,1998-09-07,1998,6.0,469,120533,3,0,7298,2016-11-25
62097,2 Seconds,2 Secondes,en,1.075,1998-09-12,1998,4.5,15,158446,3,0,7384,2017-01-08
9410,Great Expectations,Great Expectations,en,16.141,1998-01-30,1998,6.628,597,119223,1,0,7635,2017-05-21
297,Meet Joe Black,Meet Joe Black,en,47.208,1998-11-12,1998,7.347,5196,119643,1,0,7646,2017-05-21
8129,My Name Is Joe,My Name Is Joe,en,7.081,1998-05-15,1998,7.2,187,151691,3,0,7664,2017-05-26
9812,Thursday,Thursday,en,13.55,1998-09-25,1998,6.956,317,124901,1,0,7687,2017-06-14
944,Lethal Weapon 4,Lethal Weapon 4,en,25.185,1998-07-10,1998,6.59,2638,122151,1,0,7893,2017-11-11
35680,Madeline,Madeline,en,7.596,1998-07-10,1998,6.1,222,123987,3,0,8016,2018-01-19
1965,A Perfect Murder,A Perfect Murder,en,19.47,1998-06-05,1998,6.54,1377,120787,3,0,8041,2018-02-09
8916,Antz,Antz,en,26.092,1998-10-02,1998,6.162,4455,120587,3,0,8088,2018-03-04
15037,Can't Hardly Wait,Can't Hardly Wait,en,14.451,1998-06-12,1998,6.236,525,127723,1,0,8405,2018-09-06
21348,Kirikou and the Sorceress,Kirikou et la sorcière,fr,13.543,1998-12-09,1998,7.325,1093,181627,2,1,8438,2018-10-14
12159,What Dreams May Come,What Dreams May Come,en,21.395,1998-10-02,1998,7.2,2296,120889,1,0,8527,2018-12-14
159582,Zimmer Feri,Zimmer Feri,hu,0.583,1998-01-27,1998,5.9,8,134230,2,0,8565,2018-12-15
27850,Halloweentown,Halloweentown,en,11.431,1998-11-10,1998,6.816,537,173886,3,1,8682,2019-03-23
55107,L'ennui,L'ennui,fr,9.162,1998-11-14,1998,5.5,47,168740,1,0,9332,2020-11-16
8583,Dangerous Beauty,Dangerous Beauty,en,16.425,1998-02-20,1998,7.081,265,118892,3,0,9488,2021-02-21
13761,Pocahontas II: Journey to a New World,Pocahontas II: Journey to a New World,en,16.39,1998-08-04,1998,5.481,1338,143808,3,0,9657,2021-04-19
41469,Next Stop Wonderland,Next Stop Wonderland,en,4.565,1998-08-21,1998,6.0,82,119778,3,0,9874,2021-06-06
30814,Montana,Montana,en,2.969,1998-01-16,1998,5.7,26,119699,0,0,10058,2021-09-17
817,Austin Powers: The Spy Who Shagged Me,Austin Powers: The Spy Who Shagged Me,en,28.94,1999-06-08,1999,6.278,3323,145660,1,0,6,2008-07-19
10563,Three to Tango,Three to Tango,en,8.749,1999-10-22,1999,5.7,247,144640,1,,82,2008-07-28
1542,Office Space,Office Space,en,22.844,1999-02-19,1999,7.381,2996,151804,1,0,31,2008-07-19
603,The Matrix,The Matrix,en,114.547,1999-03-31,1999,8.22,25812,133093,3,0,36,2008-07-20
14,American Beauty,American Beauty,en,37.62,1999-09-15,1999,8.0,12071,169547,3,,71,2008-07-25
863,Toy Story 2,Toy Story 2,en,91.876,1999-10-30,1999,7.6,13895,120363,1,,88,2008-07-28
2668,Sleepy Hollow,Sleepy Hollow,en,28.256,1999-11-19,1999,7.2,6794,162661,3,,124,2008-08-01
8224,8MM,8MM,en,19.431,1999-02-26,1999,6.458,2007,134273,1,,146,2008-08-05
11001,Blue Streak,Blue Streak,en,26.438,1999-09-17,1999,6.5,1481,181316,1,,170,2008-08-20
550,Fight Club,Fight Club,en,89.369,1999-10-15,1999,8.4,29594,137523,1,,210,2008-10-25
4816,Ghost Dog: The Way of the Samurai,Ghost Dog: The Way of the Samurai,en,13.499,1999-10-06,1999,7.3,1215,165798,1,,223,2008-11-30
20770,But I'm a Cheerleader,But I'm a Cheerleader,en,15.674,2000-07-07,2000,7.0,681,179116,3,,244,2008-12-19
3558,"Girl, Interrupted","Girl, Interrupted",en,29.096,1999-12-21,1999,7.6,3829,172493,3,,268,2009-02-02
226,Boys Don't Cry,Boys Don't Cry,en,13.411,1999-09-02,1999,7.41,1328,171804,2,,282,2009-02-17
18892,Jawbreaker,Jawbreaker,en,16.99,1999-01-30,1999,6.31,524,155776,3,,356,2009-06-25
99,All About My Mother,Todo sobre mi madre,es,13.668,1999-04-16,1999,7.6,1891,185125,3,,367,2009-07-13
4951,10 Things I Hate About You,10 Things I Hate About You,en,56.001,1999-03-30,1999,7.595,8138,147800,3,,374,2009-07-17
1893,Star Wars: Episode I - The Phantom Menace,Star Wars: Episode I - The Phantom Menace,en,42.247,1999-05-19,1999,6.556,14661,120915,3,0,672,2010-01-26
745,The Sixth Sense,The Sixth Sense,en,43.294,1999-08-06,1999,7.956,11749,167404,3,1,742,2010-04-18
2241,Sun Alley,Sonnenallee,de,5.24,1999-10-07,1999,6.786,110,177242,1,0,790,2010-05-12
31582,Flawless,Flawless,en,10.853,1999-11-26,1999,6.2,262,155711,1,0,817,2010-05-18
8374,The Boondock Saints,The Boondock Saints,en,21.782,1999-01-22,1999,7.254,2401,144117,0,0,826,2010-05-21
1832,Dogma,Dogma,en,16.434,1999-11-12,1999,6.92,2520,120655,3,1,827,2010-05-22
345,Eyes Wide Shut,Eyes Wide Shut,en,66.972,1999-07-16,1999,7.5,6217,120663,3,0,839,2010-05-27
18417,The Other Sister,The Other Sister,en,6.363,1999-02-26,1999,6.4,162,123209,3,0,840,2010-05-27
9430,Go,Go,en,15.471,1999-04-09,1999,6.99,729,139239,3,0,858,2010-05-28
9451,Election,Election,en,11.833,1999-04-23,1999,6.86,1061,126886,3,0,867,2010-05-28
10386,The Iron Giant,The Iron Giant,en,41.536,1999-08-06,1999,7.953,5622,129167,0,0,884,2010-05-31
492,Being John Malkovich,Being John Malkovich,en,23.079,1999-10-29,1999,7.411,4363,120601,3,0,917,2010-06-07
926,Galaxy Quest,Galaxy Quest,en,24.995,1999-12-25,1999,7.066,2244,177789,1,0,1053,2010-07-04
4291,Kikujiro,菊次郎の夏,ja,16.24,1999-06-05,1999,7.5,525,199683,0,0,1547,2010-09-07
37135,Tarzan,Tarzan,en,53.345,1999-06-18,1999,7.4,6778,120855,2,0,1209,2010-07-20
8487,Wild Wild West,Wild Wild West,en,17.827,1999-06-30,1999,5.327,3308,120891,2,0,1134,2010-07-09
10210,A Midsummer Night's Dream,A Midsummer Night's Dream,en,12.868,1999-05-20,1999,6.4,365,140379,2,0,1135,2010-07-09
1439,Anna and the King,Anna and the King,en,16.173,1999-12-16,1999,6.8,769,166485,3,0,1091,2010-07-04
10228,Pokémon: The First Movie,劇場版ポケットモンスター ミュウツーの逆襲,ja,35.654,1998-07-18,1998,6.9,1449,190641,1,0,1588,2010-09-22
61663,Why Not Me?,Pourquoi pas moi ?,fr,1.909,1999-01-06,1999,5.786,21,162556,3,0,1475,2010-08-17
10137,Stuart Little,Stuart Little,en,31.499,1999-12-17,1999,6.065,4378,164912,1,0,1086,2010-07-04
18212,Better Than Chocolate,Better Than Chocolate,en,8.759,1999-07-08,1999,6.0,95,168987,3,0,1623,2010-10-02
10490,Drop Dead Gorgeous,Drop Dead Gorgeous,en,15.138,1999-07-23,1999,6.4,372,157503,3,0,1844,2010-12-12
36210,Not One Less,一个都不能少,zh,9.023,1999-10-30,1999,7.4,173,209189,3,0,2030,2011-02-15
21349,Anywhere but Here,Anywhere but Here,en,10.986,1999-11-12,1999,6.053,272,149691,3,1,2133,2011-03-23
54111,Memento Mori,여고괴담 두번째 이야기,ko,6.853,1999-12-24,1999,6.2,112,266075,3,0,2197,2011-04-18
9473,"South Park: Bigger, Longer & Uncut","South Park: Bigger, Longer & Uncut",en,30.013,1999-06-30,1999,7.3,2692,158983,3,1,2309,2011-05-18
2105,American Pie,American Pie,en,61.581,1999-07-09,1999,6.584,7682,163651,2,0,2311,2011-05-19
15723,The Big Kahuna,The Big Kahuna,en,9.537,1999-11-17,1999,6.755,352,189584,0,0,2318,2011-05-20
334,Magnolia,Magnolia,en,22.3,1999-12-17,1999,7.7,3557,175880,3,0,2346,2011-05-25
12524,Titus,Titus,en,11.281,1999-12-25,1999,6.5,260,120866,3,1,2354,2011-05-28
796,Cruel Intentions,Cruel Intentions,en,64.813,1999-03-05,1999,6.803,3265,139134,3,0,2617,2011-08-15
33253,6ixtynin9,เรื่องตลก 69,th,2.672,1999-10-20,1999,6.85,50,235154,3,0,2725,2011-10-01
38809,Black and White,Black and White,en,5.817,1999-09-04,1999,4.685,65,165643,3,0,2731,2011-10-02
35612,New Waterford Girl,New Waterford Girl,en,2.188,1999-09-12,1999,6.8,20,213121,3,0,2793,2011-10-24
10908,Inferno,Inferno,en,35.107,1999-09-25,1999,6.1,314,139151,2,0,2828,2011-11-05
13787,Holy Smoke,Holy Smoke,en,10.096,1999-09-04,1999,5.6,204,144715,3,0,2850,2011-11-19
564,The Mummy,The Mummy,en,73.07,1999-04-16,1999,6.937,9092,120616,1,1,2897,2011-12-03
20067,Things You Can Tell Just by Looking at Her,Things You Can Tell Just by Looking at Her,en,5.778,2000-05-27,2000,5.8,94,210358,3,0,2934,2011-12-16
9423,Virus,Virus,en,14.768,1999-01-14,1999,5.4,607,120458,3,1,2970,2012-01-02
2667,The Blair Witch Project,The Blair Witch Project,en,35.895,1999-07-14,1999,6.345,4866,185937,3,0,2982,2012-01-11
1911,The 13th Warrior,The 13th Warrior,en,25.269,1999-08-13,1999,6.677,1840,120657,1,0,3030,2012-02-04
9535,Analyze This,Analyze This,en,13.495,1999-03-05,1999,6.497,1867,122933,1,0,3102,2012-03-09
11355,Never Been Kissed,Never Been Kissed,en,19.523,1999-04-09,1999,6.158,1482,151738,3,1,3269,2012-05-18
509,Notting Hill,Notting Hill,en,51.254,1999-05-21,1999,7.262,6093,125439,3,0,3495,2012-08-24
2112,Payback,Payback,en,18.408,1999-02-05,1999,6.84,1795,120784,1,0,3570,2012-10-02
7341,The Rage: Carrie 2,The Rage: Carrie 2,en,16.354,1999-03-12,1999,5.6,406,144814,3,0,3640,2012-10-30
497,The Green Mile,The Green Mile,en,82.717,1999-12-10,1999,8.5,17595,120689,1,0,3714,2012-12-06
121105,Double Platinum,Double Platinum,en,1.495,1999-05-16,1999,7.8,14,177721,3,0,3728,2012-12-07
1715,The Cider House Rules,The Cider House Rules,en,14.325,1999-12-17,1999,7.1,1162,124315,3,0,3751,2012-12-16
35122,Splendor,Splendor,en,5.41,1999-09-17,1999,5.9,68,127296,3,0,3765,2012-12-21
10390,For Love of the Game,For Love of the Game,en,11.197,1999-09-17,1999,6.5,414,126916,2,0,3922,2013-02-21
170200,Redball,Redball,en,1.242,1999-04-29,1999,3.7,3,163178,3,0,4107,2013-04-27
19738,Revolutionary Girl Utena: The Movie,少女革命ウテナ アドゥレセンス黙示録,ja,9.45,1999-08-14,1999,7.6,71,243558,3,0,4116,2013-04-29
1213,The Talented Mr. Ripley,The Talented Mr. Ripley,en,26.889,1999-12-25,1999,7.2,3754,134119,3,1,4221,2013-06-08
9824,Mystery Men,Mystery Men,en,15.507,1999-08-06,1999,5.82,823,132347,1,0,4230,2013-06-11
46435,Topsy-Turvy,Topsy-Turvy,en,6.441,1999-12-15,1999,6.6,144,151568,3,0,4267,2013-06-24
9669,Ring 2,リング 2,ja,17.728,1999-01-23,1999,5.7,414,218553,3,0,4679,2013-10-08
49745,The 4th Floor,The 4th Floor,en,5.437,1999-07-31,1999,5.675,120,167752,3,0,4799,2013-11-08
10212,Ravenous,Ravenous,en,14.41,1999-03-16,1999,6.816,607,129332,1,1,4804,2013-11-11
10350,Wing Commander,Wing Commander,en,8.096,1999-03-11,1999,4.8,251,131646,2,0,4824,2013-11-14
10208,Muppets from Space,Muppets from Space,en,11.462,1999-07-14,1999,6.0,324,158811,3,0,4865,2013-11-23
11618,The Haunting,The Haunting,en,20.603,1999-07-23,1999,5.5,1362,171363,3,0,4926,2013-12-07
10342,Teaching Mrs. Tingle,Teaching Mrs. Tingle,en,12.681,1999-08-11,1999,5.5,327,133046,3,0,4971,2013-12-21
1661,Gigantic,Absolute Giganten,de,4.943,1999-09-30,1999,7.563,87,177507,1,0,5163,2014-02-13
16406,Dick,Dick,en,11.545,1999-08-04,1999,5.9,262,144168,3,0,5195,2014-02-23
1946,eXistenZ,eXistenZ,en,11.14,1999-04-14,1999,6.801,1922,120907,1,0,5246,2014-03-07
26177,Annie,Annie,en,8.282,1999-11-07,1999,6.4,176,207972,3,0,5304,2014-03-19
1850,Man on the Moon,Man on the Moon,en,11.212,1999-12-22,1999,7.247,1777,125664,1,0,5305,2014-03-20
11622,Blast from the Past,Blast from the Past,en,22.15,1999-02-12,1999,6.772,1094,124298,3,0,5342,2014-03-31
10314,She's All That,She's All That,en,23.025,1999-01-29,1999,6.321,2087,160862,3,0,5382,2014-04-10
404,The Straight Story,The Straight Story,en,12.278,1999-10-15,1999,7.719,1536,166896,3,1,5472,2014-05-15
17707,Brokedown Palace,Brokedown Palace,en,16.261,1999-08-13,1999,6.4,383,120620,3,0,5528,2014-06-03
11374,EDtv,EDtv,en,11.368,1999-03-26,1999,6.0,623,131369,1,0,5545,2014-06-07
1443,The Virgin Suicides,The Virgin Suicides,en,26.859,2000-04-21,2000,7.1,3264,159097,3,0,5716,2014-08-26
10399,Mansfield Park,Mansfield Park,en,11.433,1999-11-12,1999,6.674,301,178737,3,0,5775,2014-09-25
28029,A Walk on the Moon,A Walk on the Moon,en,6.779,1999-01-29,1999,6.0,99,120613,3,0,5799,2014-10-02
1812,Trick,Trick,en,5.683,1999-07-23,1999,7.0,96,162710,3,0,5873,2014-10-25
14626,Beau Travail,Beau Travail,fr,11.566,2000-05-03,2000,7.0,298,209933,3,1,5880,2014-10-28
37726,Tomie,富江,ja,8.352,1998-10-06,1998,5.4,64,240119,3,0,6099,2015-02-05
52404,Tomie: Another Face,富江 アナザフェイス,ja,3.034,1999-12-26,1999,5.146,24,284565,2,0,6104,2015-02-08
11353,Bowfinger,Bowfinger,en,14.558,1999-08-12,1999,6.2,849,131325,3,0,6116,2015-02-17
10368,Tea with Mussolini,Tea with Mussolini,en,7.302,1999-03-25,1999,6.4,142,120857,3,0,6162,2015-03-26
55257,Juha,Juha,fi,3.744,1999-02-26,1999,6.8,62,158692,0,0,6238,2015-05-10
11129,Human Traffic,Human Traffic,en,10.882,1999-06-04,1999,6.78,337,188674,3,0,6360,2015-07-17
11075,Audition,オーディション,ja,20.036,2000-03-03,2000,7.134,1545,235198,1,0,6522,2015-10-30
10400,The Hurricane,The Hurricane,en,13.565,1999-09-17,1999,7.4,1383,174856,2,0,6540,2015-11-12
14005,Terror Firmer,Terror Firmer,en,6.226,1999-10-29,1999,6.2,97,169299,3,1,6561,2015-11-26
54982,Introducing Dorothy Dandridge,Introducing Dorothy Dandridge,en,5.059,1999-08-21,1999,6.736,36,172348,3,0,6629,2015-12-25
622,The Ninth Gate,The Ninth Gate,en,18.138,1999-08-25,1999,6.469,3009,142688,1,0,6650,2016-01-03
15256,200 Cigarettes,200 Cigarettes,en,11.71,1999-02-26,1999,5.9,162,137338,3,0,6798,2016-03-26
2211,Aimée & Jaguar,Aimée & Jaguar,de,8.322,1999-02-11,1999,6.8,104,130444,3,0,6806,2016-03-26
9684,Sweet and Lowdown,Sweet and Lowdown,en,10.158,1999-12-03,1999,6.8,503,158371,1,0,6888,2016-05-17
37576,The Ring Virus,링,ko,5.399,1999-06-12,1999,4.8,36,289424,3,0,6930,2016-06-13
571818,Aristocrats,Aristocrats,en,0.968,1999-06-20,1999,6.0,1,204082,3,0,6933,2016-06-16
9564,Asterix & Obelix Take on Caesar,Astérix & Obélix contre César,fr,16.931,1999-02-03,1999,5.993,1883,133385,1,0,6936,2016-06-17
36643,The World Is Not Enough,The World Is Not Enough,en,29.96,1999-11-17,1999,6.273,2918,143145,2,0,7130,2016-09-21
49948,Fantasia 2000,Fantasia 2000,en,17.683,2000-01-01,2000,6.967,1270,120910,1,0,7380,2017-01-06
9439,The Nameless,Los sin nombre,es,7.011,1999-10-08,1999,5.6,161,222368,3,0,7407,2017-01-18
2277,Bicentennial Man,Bicentennial Man,en,25.522,1999-12-17,1999,7.259,3615,182789,3,1,7620,2017-05-21
10207,Message in a Bottle,Message in a Bottle,en,15.61,1999-02-22,1999,6.3,763,139462,1,0,7647,2017-05-21
16076,Screwed in Tallinn: A Small Film About Loneliness,Torsk på Tallinn - En liten film om ensamhet,sv,3.303,1999-04-22,1999,6.9,51,311926,3,0,7674,2017-06-04
10402,Deuce Bigalow: Male Gigolo,Deuce Bigalow: Male Gigolo,en,37.649,1999-12-10,1999,6.0,1398,205000,3,0,7740,2017-07-14
913,The Thomas Crown Affair,The Thomas Crown Affair,en,19.061,1999-08-06,1999,6.743,1172,155267,1,0,7990,2018-01-07
10557,East Is East,East Is East,en,8.933,1999-05-14,1999,6.5,209,166175,3,1,8114,2018-03-16
30943,The Deep End of the Ocean,The Deep End of the Ocean,en,16.919,1999-03-12,1999,6.488,467,120646,2,1,8787,2019-07-18
61416,Beautiful People,Beautiful People,en,2.116,1999-09-16,1999,5.9,20,159272,1,0,8898,2019-11-15
10307,Stigmata,Stigmata,en,19.12,1999-09-02,1999,6.26,1097,145531,3,0,8826,2019-08-21
9825,Lake Placid,Lake Placid,en,22.784,1999-07-15,1999,5.912,1119,139414,3,0,8981,2020-01-25
35215,Smart House,Smart House,en,6.519,1999-06-26,1999,5.9,151,192618,3,0,9001,2020-02-04
83965,The Thirteenth Year,The Thirteenth Year,en,11.5,1999-05-15,1999,6.6,223,200208,2,0,9223,2020-08-04
10398,Double Jeopardy,Double Jeopardy,en,20.088,1999-09-24,1999,6.595,1325,150377,3,0,9239,2020-08-14
26149,Music of the Heart,Music of the Heart,en,8.098,1999-10-29,1999,6.69,210,166943,3,0,9243,2020-08-16
110650,Outer Space,Outer Space,de,3.914,1999-01-01,1999,6.4,119,219964,0,0,9262,2020-09-03
105462,Vendetta,Vendetta,en,2.58,1999-09-12,1999,6.3,15,162735,1,1,9292,2020-10-04
116213,Operation Delta Force 4: Deep Fault,Operation Delta Force 4: Deep Fault,en,2.875,1999-12-09,1999,3.917,18,194800,0,0,9534,2021-03-14
8914,Deep Blue Sea,Deep Blue Sea,en,22.748,1999-07-28,1999,5.977,2418,149261,1,0,9541,2021-03-14
36293,Bridge of Dragons,Bridge of Dragons,en,7.015,1999-06-30,1999,5.4,75,194722,1,0,9773,2021-05-01
13466,October Sky,October Sky,en,16.379,1999-02-19,1999,7.7,1243,132477,1,0,10022,2021-08-26
4806,Runaway Bride,Runaway Bride,en,20.581,1999-07-30,1999,6.112,1996,163187,1,0,10142,2021-11-25
8870,Red Planet,Red Planet,en,19.395,2000-11-10,2000,5.703,1028,199753,0,0,15,2008-07-19
77,Memento,Memento,en,39.535,2000-10-11,2000,8.2,14921,209144,1,0,52,2008-07-20
1359,American Psycho,American Psycho,en,43.86,2000-04-13,2000,7.4,11069,144084,3,0,64,2008-07-22
9383,Hollow Man,Hollow Man,en,24.554,2000-08-04,2000,5.944,2522,164052,3,,78,2008-07-28
2067,Mission to Mars,Mission to Mars,en,17.183,2000-03-10,2000,6.0,1423,183523,1,,90,2008-07-28
36657,X-Men,X-Men,en,2.251,2000-07-13,2000,7.004,11355,120903,1,,101,2008-07-30
11678,Vertical Limit,Vertical Limit,en,23.502,2000-12-08,2000,6.011,1026,190865,1,,112,2008-07-31
8584,Shanghai Noon,Shanghai Noon,en,17.294,2000-05-26,2000,6.419,2520,184894,1,,122,2008-08-01
8859,"Dude, Where's My Car?","Dude, Where's My Car?",en,20.546,2000-12-15,2000,5.548,1867,242423,2,,130,2008-08-02
2069,The Whole Nine Yards,The Whole Nine Yards,en,19.856,2000-02-18,2000,6.5,1879,190138,3,,131,2008-08-02
11688,The Emperor's New Groove,The Emperor's New Groove,en,82.098,2000-12-15,2000,7.6,6750,120917,3,,152,2008-08-09
12490,Ordinary Decent Criminal,Ordinary Decent Criminal,en,10.163,2000-01-07,2000,6.1,228,160611,1,,153,2008-08-10
77434,What's Cooking?,What's Cooking?,en,3.779,2000-01-20,2000,5.7,23,197096,3,,249,2009-01-02
2787,Pitch Black,Pitch Black,en,12.577,2000-02-18,2000,6.845,4402,134847,3,,319,2009-05-04
37691,Bread and Roses,Bread and Roses,en,6.53,2000-09-14,2000,6.3,122,212826,3,,348,2009-06-20
23941,Dancing at the Blue Iguana,Dancing at the Blue Iguana,en,4.66,2001-10-10,2001,5.5,50,217355,3,0,430,2009-08-09
462,Erin Brockovich,Erin Brockovich,en,28.82,2000-03-17,2000,7.4,3201,195685,3,0,452,2009-08-13
9871,Ginger Snaps,Ginger Snaps,en,16.894,2000-12-11,2000,6.882,867,210070,3,0,538,2009-11-02
20861,Tully,Tully,en,2.056,2002-11-01,2002,6.3,22,212604,0,0,605,2009-12-28
14181,Boiler Room,Boiler Room,en,17.356,2000-02-18,2000,6.72,656,181984,1,0,625,2009-12-28
1493,Miss Congeniality,Miss Congeniality,en,22.357,2000-12-22,2000,6.531,3903,212346,3,0,655,2010-01-20
7443,Chicken Run,Chicken Run,en,39.556,2000-06-23,2000,6.822,5041,120630,3,0,687,2010-02-22
1588,Bring It On,Bring It On,en,15.139,2000-08-25,2000,6.242,1694,204946,3,0,765,2010-04-26
392,Chocolat,Chocolat,en,19.502,2000-12-22,2000,6.97,3282,241303,3,0,854,2010-05-27
146,"Crouching Tiger, Hidden Dragon",卧虎藏龍,zh,27.887,2000-07-06,2000,7.43,3214,190332,3,0,855,2010-05-27
44756,Daria in 'Is It Fall Yet?',Daria in 'Is It Fall Yet?',en,5.574,2000-08-27,2000,7.3,69,250440,3,0,875,2010-05-29
786,Almost Famous,Almost Famous,en,19.226,2000-09-15,2000,7.505,2746,181875,3,0,877,2010-05-29
10564,Where the Heart Is,Where the Heart Is,en,13.807,2000-04-27,2000,7.109,689,198021,3,0,882,2010-05-31
13785,Best in Show,Best in Show,en,14.102,2000-09-29,2000,6.878,574,218839,3,0,928,2010-06-09
10468,28 Days,28 Days,en,14.46,2000-04-06,2000,6.133,987,191754,3,0,954,2010-06-17
243,High Fidelity,High Fidelity,en,14.681,2000-03-17,2000,7.124,1976,146882,2,0,1006,2010-06-29
7450,Titan A.E.,Titan A.E.,en,19.564,2000-06-16,2000,6.564,1086,120913,3,0,1029,2010-07-03
10501,The Road to El Dorado,The Road to El Dorado,en,37.312,2000-03-31,2000,7.3,3743,138749,0,0,1064,2010-07-04
2655,What Lies Beneath,What Lies Beneath,en,18.746,2000-07-21,2000,6.417,1819,161081,3,0,1071,2010-07-04
2621,Return to Me,Return to Me,en,13.67,2000-04-07,2000,6.632,437,122459,3,1,1190,2010-07-18
10637,Remember the Titans,Remember the Titans,en,22.919,2000-09-29,2000,7.636,2672,210945,3,0,1598,2010-09-23
2440,Joint Security Area,공동경비구역 JSA,ko,23.519,2000-09-09,2000,7.9,706,260991,2,0,1556,2010-09-08
107,Snatch,Snatch,en,35.661,2000-09-01,2000,7.81,9062,208092,0,0,1414,2010-08-01
15653,An Extremely Goofy Movie,An Extremely Goofy Movie,en,15.452,2000-02-29,2000,6.4,636,208185,1,0,1593,2010-09-22
19348,Girlfight,Girlfight,en,6.196,2000-05-01,2000,6.3,170,210075,3,0,1575,2010-09-18
11826,Sexy Beast,Sexy Beast,en,11.565,2001-01-12,2001,7.0,774,203119,2,1,1521,2010-09-01
10560,Center Stage,Center Stage,en,11.74,2000-05-12,2000,6.927,334,210616,3,0,1192,2010-07-18
10473,DragonHeart: A New Beginning,DragonHeart: A New Beginning,en,10.778,2000-08-08,2000,5.3,284,214641,0,0,1206,2010-07-20
3176,Battle Royale,バトル・ロワイアル,ja,38.376,2000-12-16,2000,7.29,3398,266308,3,0,1277,2010-07-23
9741,Unbreakable,Unbreakable,en,30.352,2000-11-22,2000,7.143,9285,217869,0,0,1114,2010-07-08
4327,Charlie's Angels,Charlie's Angels,en,34.481,2000-11-02,2000,5.836,4152,160127,3,0,1155,2010-07-11
98,Gladiator,Gladiator,en,287.656,2000-05-04,2000,8.217,19053,172495,0,0,1163,2010-07-11
6282,Coyote Ugly,Coyote Ugly,en,28.638,2000-07-30,2000,6.3,2083,200550,3,0,1093,2010-07-04
3981,What Women Want,What Women Want,en,31.31,2000-12-15,2000,6.45,3946,207201,1,0,1083,2010-07-04
28031,If These Walls Could Talk 2,If These Walls Could Talk 2,en,10.105,2000-03-05,2000,6.6,100,206036,3,0,1664,2010-10-15
16,Dancer in the Dark,Dancer in the Dark,en,19.16,2000-09-01,2000,7.9,1793,168629,3,0,1843,2010-12-12
62677,Songcatcher,Songcatcher,en,1.559,2001-03-01,2001,6.1,35,210299,3,0,1897,2011-01-12
33379,Greenfingers,Greenfingers,en,4.803,2001-07-27,2001,6.3,68,203540,3,0,1901,2011-01-12
73138,Face,顔,ja,4.63,2000-08-12,2000,6.441,17,256127,3,0,1921,2011-01-17
641,Requiem for a Dream,Requiem for a Dream,en,19.669,2000-10-06,2000,8.017,9994,180093,3,0,2050,2011-02-15
15940,Beautiful Creatures,Beautiful Creatures,en,4.765,2000-08-23,2000,5.7,71,221889,3,0,2137,2011-03-25
13898,The Circle,دایره,fa,3.744,2000-09-08,2000,6.9,79,255094,3,0,2234,2011-04-23
10597,Kevin & Perry Go Large,Kevin & Perry Go Large,en,9.862,2000-04-20,2000,5.0,148,205177,3,1,2295,2011-05-14
37716,Mr. Accident,Mr. Accident,en,1.923,2000-03-24,2000,4.2,11,156807,3,0,2299,2011-05-17
77332,Urbania,Urbania,en,2.814,2000-01-24,2000,5.6,36,182508,1,0,2393,2011-06-12
29572,The Man Who Cried,The Man Who Cried,en,10.922,2000-08-29,2000,6.078,238,206917,3,0,2414,2011-06-20
1597,Meet the Parents,Meet the Parents,en,51.155,2000-10-06,2000,6.675,5917,212338,2,0,2562,2011-07-21
16366,Joseph: King of Dreams,Joseph: King of Dreams,en,32.861,2000-11-07,2000,6.841,1005,264734,3,1,2563,2011-07-22
14736,Love & Basketball,Love & Basketball,en,12.964,2000-04-21,2000,7.376,427,199725,3,0,2646,2011-08-31
742,Together,Tillsammans,sv,8.859,2000-08-25,2000,7.027,242,203166,3,0,2723,2011-09-29
9679,Gone in Sixty Seconds,Gone in Sixty Seconds,en,26.219,2000-06-09,2000,6.434,4439,187078,1,0,2917,2011-12-10
2024,The Patriot,The Patriot,en,35.344,2000-06-28,2000,7.183,3927,187393,3,1,2923,2011-12-13
71,Billy Elliot,Billy Elliot,en,19.493,2000-09-28,2000,7.596,3827,249462,3,0,2939,2011-12-18
8653,The Isle,섬,ko,15.508,2000-04-22,2000,7.0,326,255589,1,0,3064,2012-02-20
16234,Batman Beyond: Return of the Joker,Batman Beyond: Return of the Joker,en,16.04,2000-12-12,2000,7.317,1112,233298,3,0,3387,2012-06-28
2360,Saving Grace,Saving Grace,en,9.004,2000-01-24,2000,6.531,413,195234,3,0,3183,2012-04-14
843,In the Mood for Love,花樣年華,cn,34.186,2000-09-29,2000,8.1,2747,118694,3,0,3233,2012-05-08
11477,Common Wealth,La comunidad,es,7.995,2000-09-29,2000,6.9,310,255067,3,0,3285,2012-05-26
134,"O Brother, Where Art Thou?","O Brother, Where Art Thou?",en,25.096,2000-08-30,2000,7.325,4150,190590,0,1,3455,2012-07-29
9678,Little Nicky,Little Nicky,en,22.094,2000-11-10,2000,5.9,1813,185431,1,0,3471,2012-08-13
11973,Thirteen Days,Thirteen Days,en,12.692,2000-12-25,2000,7.032,745,146309,1,0,3551,2012-09-26
8358,Cast Away,Cast Away,en,48.135,2000-12-22,2000,7.663,11404,162222,2,0,3795,2013-01-02
2046,The Gift,The Gift,en,20.363,2000-03-16,2000,6.4,1219,219699,3,1,3920,2013-02-21
1907,The Beach,The Beach,en,15.548,2000-02-03,2000,6.484,4351,163978,1,0,3950,2013-03-04
19094,Sordid Lives,Sordid Lives,en,3.59,2000-05-25,2000,6.5,44,204640,3,0,3963,2013-03-09
144524,A Good Baby,A Good Baby,en,0.529,2000-12-01,2000,6.0,1,155723,3,0,4022,2013-04-03
24664,Bamboozled,Bamboozled,en,5.653,2000-10-06,2000,6.2,129,215545,1,0,4082,2013-04-24
36968,Life-Size,Life-Size,en,8.549,2000-03-05,2000,6.377,412,200809,3,0,4122,2013-05-07
14195,Cecil B. Demented,Cecil B. Demented,en,12.055,2000-08-02,2000,6.3,256,173716,3,0,4148,2013-05-21
10898,The Little Mermaid II: Return to the Sea,The Little Mermaid II: Return to the Sea,en,5.266,2000-01-23,2000,6.4,1700,240684,3,0,4275,2013-06-27
2085,Romeo Must Die,Romeo Must Die,en,23.149,2000-03-22,2000,6.3,1182,165929,0,0,4377,2013-07-21
8843,The Cell,The Cell,en,13.344,2000-08-17,2000,6.3,1529,209958,2,1,4445,2013-08-06
3134,Baise-moi,Baise-moi,fr,20.536,2000-06-28,2000,4.818,440,249380,3,0,4506,2013-08-25
9532,Final Destination,Final Destination,en,45.346,2000-03-17,2000,6.601,5633,195714,1,0,4557,2013-09-12
5257,The Dish,The Dish,en,8.235,2000-10-19,2000,6.7,191,205873,3,0,4560,2013-09-12
44379,The Gleaners and I,Les Glaneurs et la Glaneuse,fr,8.491,2000-07-07,2000,7.7,182,247380,3,0,4600,2013-09-18
4234,Scream 3,Scream 3,en,28.898,2000-02-04,2000,5.984,3612,134084,3,0,4644,2013-09-29
1619,The Way of the Gun,The Way of the Gun,en,11.815,2000-09-08,2000,6.329,431,202677,2,0,4703,2013-10-17
16340,Rugrats in Paris: The Movie,Rugrats in Paris: The Movie,en,9.964,2000-11-17,2000,6.6,454,213203,3,0,4720,2013-10-20
10180,Flickering Lights,Blinkende lygter,da,12.244,2000-11-03,2000,7.18,200,236027,1,1,4734,2013-10-25
12619,Cherry Falls,Cherry Falls,en,10.152,2000-08-25,2000,5.3,283,175526,3,0,4821,2013-11-13
22914,Gundam Wing: The Endless Waltz,新機動戦記ガンダムＷ Endless Waltz 特別篇,ja,8.183,1998-08-01,1998,7.2,44,260191,3,0,4835,2013-11-15
9674,Ring 0,リング０　バースデイ,ja,10.247,2000-01-22,2000,6.121,252,235712,3,0,4863,2013-11-22
112,Italian for Beginners,Italiensk for begyndere,da,8.873,2000-12-07,2000,6.3,127,243862,3,0,4964,2013-12-19
28311,Picture Claire,Picture Claire,en,3.488,2001-09-10,2001,5.5,32,263215,3,0,5073,2014-01-14
48246,Alvin and the Chipmunks Meet the Wolfman,Alvin and the Chipmunks Meet the Wolfman,en,9.807,2000-08-29,2000,6.8,182,252227,3,0,5094,2014-01-22
12597,Hellraiser: Inferno,Hellraiser: Inferno,en,15.507,2000-10-31,2000,5.434,467,229440,1,0,5274,2014-03-12
10867,Malena,Malèna,it,46.752,2000-03-16,2000,7.423,2248,213847,3,0,5299,2014-03-18
8452,The 6th Day,The 6th Day,en,17.073,2000-11-17,2000,5.983,2020,216216,3,1,5365,2014-04-05
44069,The Day I Became a Woman,روزی که زن شدم,fa,1.503,2000-09-01,2000,6.1,30,260332,3,0,5386,2014-04-11
15655,The Tigger Movie,The Tigger Movie,en,19.207,2000-02-11,2000,6.5,564,220099,0,0,5504,2014-05-27
4247,Scary Movie,Scary Movie,en,62.908,2000-07-07,2000,6.365,6986,175142,3,0,5544,2014-06-07
955,Mission: Impossible II,Mission: Impossible II,en,33.766,2000-05-24,2000,6.1,6742,120755,0,0,5605,2014-06-30
14273,Dark Days,Dark Days,en,6.324,2000-08-30,2000,7.3,110,235327,0,0,5711,2014-08-22
11366,Uzumaki,うずまき,ja,12.725,2000-02-11,2000,5.9,227,244870,3,0,5743,2014-09-14
55,Amores Perros,Amores perros,es,19.02,2000-06-16,2000,7.626,2611,245712,1,0,5792,2014-09-30
218660,Spacked Out,無人駕駛,cn,1.14,2000-05-04,2000,4.667,6,282753,1,0,5851,2014-10-19
10862,Bounce,Bounce,en,14.277,2000-11-15,2000,5.8,386,186894,2,0,5866,2014-10-23
10481,102 Dalmatians,102 Dalmatians,en,20.361,2000-10-07,2000,5.5,1357,211181,3,0,6002,2014-12-31
43079,Mad About Mambo,Mad About Mambo,en,1.976,2000-04-04,2000,5.1,27,156757,1,0,6039,2015-01-11
52409,Tomie: Replay,富江 replay,ja,5.45,2000-02-11,2000,5.283,30,279474,3,0,6114,2015-02-16
39141,Tadpole,Tadpole,en,8.327,2002-07-19,2002,5.7,86,271219,2,0,6131,2015-03-03
18011,Leprechaun in the Hood,Leprechaun in the Hood,en,13.523,2000-03-28,2000,4.868,231,209095,1,0,6136,2015-03-08
25242,Blue's Big Musical Movie,Blue's Big Musical Movie,en,1.218,2000-10-03,2000,8.0,9,193019,3,0,6380,2015-07-31
32250,Ju-on: The Curse,呪怨,ja,9.805,2000-02-11,2000,6.81,253,330500,3,0,6442,2015-09-12
44203,Ju-On: The Curse 2,呪怨2 ビデオ版,ja,7.323,2000-03-25,2000,6.197,147,330501,2,0,6444,2015-09-12
409705,Ene bene,Ene bene,cs,1.603,2000-02-10,2000,6.2,8,230183,3,0,6455,2015-09-15
10385,Hanging Up,Hanging Up,en,7.676,2000-02-16,2000,5.2,170,162983,3,0,6512,2015-10-26
10384,Supernova,Supernova,en,17.0,2000-01-14,2000,4.9,384,134983,3,1,6547,2015-11-18
49979,Fidelity,La Fidélité,fr,7.76,2000-04-05,2000,5.9,46,204761,3,0,6598,2015-12-12
42332,Santa Who?,Santa Who?,en,5.487,2000-12-03,2000,5.4,75,251382,1,0,6604,2015-12-13
39880,Sakuya: The Slayer of Demons,さくや 妖怪伝,ja,7.136,2000-12-08,2000,6.1,10,282936,3,0,6618,2015-12-20
83581,Some Voices,Some Voices,en,3.7,2000-08-25,2000,6.167,30,218616,2,1,6809,2016-03-29
22617,Dinner Rush,Dinner Rush,en,5.831,2000-09-01,2000,7.172,67,229340,3,1,6874,2016-05-06
5551,Space Cowboys,Space Cowboys,en,14.672,2000-08-04,2000,6.391,1359,186566,2,0,6858,2016-04-28
71235,Titanic: The Legend Goes On...,Titanic: La leggenda continua,it,4.475,2000-09-15,2000,2.7,70,330994,3,0,6904,2016-05-28
10647,Pay It Forward,Pay It Forward,en,19.089,2000-10-20,2000,7.3,1811,223897,3,1,7081,2016-08-30
4369,Just a Question of Love,Juste une question d'amour,fr,6.546,2000-01-26,2000,7.4,107,231844,2,0,7134,2016-09-23
10567,Dinosaur,Dinosaur,en,31.504,2000-05-19,2000,6.547,2531,130623,3,0,7188,2016-10-12
711,Finding Forrester,Finding Forrester,en,13.012,2000-12-21,2000,7.112,1088,181536,2,1,7542,2017-03-30
10641,Autumn in New York,Autumn in New York,en,16.36,2000-08-11,2000,6.1,709,174480,1,0,7616,2017-05-21
10391,Bless the Child,Bless the Child,en,9.443,2000-08-11,2000,5.333,278,163983,2,0,7621,2017-05-21
10471,Next Friday,Next Friday,en,15.321,2000-01-12,2000,6.446,569,195945,2,0,7792,2017-08-31
8871,How the Grinch Stole Christmas,How the Grinch Stole Christmas,en,275.646,2000-11-17,2000,6.777,7602,170016,3,0,7928,2017-11-28
1900,Traffic,Traffic,en,23.341,2000-12-27,2000,7.068,2157,181865,3,0,7929,2017-11-28
420634,Terrifier,Terrifier,en,132.469,2018-01-25,2018,6.365,2549,4281724,3,0,8493,2018-11-25
88494,Old School,Old School,fr,1.289,2000-07-05,2000,4.3,10,248254,1,0,8769,2019-06-21
11004,Wonder Boys,Wonder Boys,en,12.144,2000-02-22,2000,6.8,594,185014,1,0,8782,2019-07-11
11978,Men of Honor,Men of Honor,en,23.74,2000-09-13,2000,7.5,2288,203019,1,0,8873,2019-10-22
5994,The Family Man,The Family Man,en,30.456,2000-12-12,2000,6.796,1976,218967,3,1,8909,2019-11-25
72753,Alley Cats Strike,Alley Cats Strike,en,4.511,2000-03-18,2000,5.9,55,217990,3,0,9050,2020-03-24
34299,Beautiful,Beautiful,en,6.175,2000-09-10,2000,5.72,42,210567,3,0,9174,2020-06-17
2133,The Perfect Storm,The Perfect Storm,en,20.79,2000-06-29,2000,6.5,2312,177971,2,0,9301,2020-10-08
2123,"Me, Myself & Irene","Me, Myself & Irene",en,43.536,2000-06-22,2000,6.6,3857,183505,1,0,9330,2020-11-15
95251,Operation Delta Force V: Random Fire,Operation Delta Force 5: Random Fire,en,2.492,2000-01-19,2000,4.0,14,227200,0,0,9535,2021-03-14
10393,The Replacements,The Replacements,en,37.246,2000-08-11,2000,6.651,958,191397,3,0,9910,2021-06-20
25538,Yi Yi,一一,zh,20.886,2000-09-20,2000,7.9,536,244316,3,0,9974,2021-07-21
4965,Impostor,Impostor,en,12.006,2001-12-03,2001,6.1,413,160399,0,0,49,2008-07-20
161,Ocean's Eleven,Ocean's Eleven,en,61.517,2001-12-07,2001,7.446,11617,240772,1,0,51,2008-07-20
644,A.I. Artificial Intelligence,A.I. Artificial Intelligence,en,36.64,2001-06-29,2001,7.0,6146,212720,1,0,62,2008-07-21
1613,The 51st State,The 51st State,en,13.019,2001-12-07,2001,6.11,598,227984,0,0,63,2008-07-21
12103,Don't Say a Word,Don't Say a Word,en,16.328,2001-09-28,2001,6.2,907,260866,3,,79,2008-07-28
11086,The Majestic,The Majestic,en,12.962,2001-12-21,2001,6.755,738,268995,1,,85,2008-07-28
11470,Jason X,Jason X,en,24.643,2001-11-09,2001,4.849,1369,211443,3,,93,2008-07-29
2043,Along Came a Spider,Along Came a Spider,en,18.867,2001-04-06,2001,6.3,1847,164334,3,,94,2008-07-29
585,"Monsters, Inc.","Monsters, Inc.",en,98.491,2001-11-01,2001,7.844,18511,198781,1,,148,2008-08-07
9989,Antitrust,Antitrust,en,16.234,2001-01-11,2001,6.029,516,218817,2,,154,2008-08-10
2294,Jay and Silent Bob Strike Back,Jay and Silent Bob Strike Back,en,12.277,2001-08-22,2001,6.4,1546,261392,3,,155,2008-08-10
10034,High Heels and Low Lifes,High Heels and Low Lifes,en,5.226,2001-07-16,2001,6.042,61,253126,3,,158,2008-08-11
808,Shrek,Shrek,en,134.399,2001-05-18,2001,7.744,17218,126029,1,,161,2008-08-11
9397,Evolution,Evolution,en,21.318,2001-06-08,2001,6.1,2229,251075,3,,164,2008-08-11
50035,Lovely & Amazing,Lovely & Amazing,en,6.122,2002-08-02,2002,6.1,79,258273,3,,175,2008-09-04
453,A Beautiful Mind,A Beautiful Mind,en,39.533,2001-12-14,2001,7.858,10220,268978,1,,178,2008-09-09
57961,Slashers,Slashers,en,3.033,2001-07-10,2001,5.5,61,286975,3,,225,2008-12-05
1548,Ghost World,Ghost World,en,8.135,2001-07-20,2001,7.078,1411,162346,3,,226,2008-12-06
19666,Lagaan: Once Upon a Time in India,लगान,hi,9.989,2001-06-15,2001,7.2,572,169102,3,1,232,2008-12-10
19366,Josie and the Pussycats,Josie and the Pussycats,en,11.189,2001-04-06,2001,5.6,310,236348,3,,235,2008-12-10
120,The Lord of the Rings: The Fellowship of the Ring,The Lord of the Rings: The Fellowship of the Ring,en,191.546,2001-12-18,2001,8.4,25359,120737,1,,246,2009-01-02
17612,Lost and Delirious,Lost and Delirious,en,13.779,2001-01-21,2001,6.8,491,245238,3,,288,2009-02-22
10016,Ghosts of Mars,Ghosts of Mars,en,15.201,2001-08-24,2001,5.122,1086,228333,3,,333,2009-06-02
9880,The Princess Diaries,The Princess Diaries,en,58.926,2001-08-03,2001,7.0,4933,247638,3,,359,2009-07-06
9428,The Royal Tenenbaums,The Royal Tenenbaums,en,19.812,2001-10-05,2001,7.5,4538,265666,3,,362,2009-07-13
9476,A Knight's Tale,A Knight's Tale,en,31.052,2001-05-11,2001,6.859,3037,183790,2,,382,2009-07-28
1995,Lara Croft: Tomb Raider,Lara Croft: Tomb Raider,en,36.03,2001-06-11,2001,5.897,6066,146316,0,0,412,2009-08-03
480,Monsoon Wedding,Monsoon Wedding,hi,11.225,2001-08-30,2001,6.8,198,265343,3,0,553,2009-12-05
1018,Mulholland Drive,Mulholland Drive,en,30.488,2001-06-06,2001,7.8,6227,166924,3,0,568,2009-12-18
15647,Kissing Jessica Stein,Kissing Jessica Stein,en,7.127,2002-03-13,2002,6.0,217,264761,3,0,639,2010-01-14
855,Black Hawk Down,Black Hawk Down,en,47.831,2001-12-28,2001,7.4,5746,265086,0,0,698,2010-03-06
8835,Legally Blonde,Legally Blonde,en,59.457,2001-07-13,2001,6.784,4023,250494,3,0,733,2010-04-13
1391,Y Tu Mamá También,Y tu mamá también,es,28.022,2001-06-08,2001,7.4,1513,245574,0,1,836,2010-05-27
26976,Wit,Wit,en,8.73,2001-02-09,2001,7.37,108,243664,3,0,838,2010-05-27
1933,The Others,The Others,en,38.661,2001-08-02,2001,7.611,6533,230600,3,0,856,2010-05-27
129,Spirited Away,千と千尋の神隠し,ja,103.603,2001-07-20,2001,8.537,16635,245429,3,0,864,2010-05-28
141,Donnie Darko,Donnie Darko,en,39.456,2001-01-19,2001,7.8,12475,246578,3,1,887,2010-06-01
9081,Waking Life,Waking Life,en,18.424,2001-10-19,2001,7.478,869,243017,3,0,1009,2010-06-30
194,Amélie,Le Fabuleux Destin d'Amélie Poulain,fr,42.555,2001-04-25,2001,7.9,11540,211915,3,0,1038,2010-07-03
21997,In the Time of the Butterflies,In the Time of the Butterflies,en,5.868,2001-10-21,2001,6.45,38,263467,3,0,1188,2010-07-18
1791,The Piano Teacher,La Pianiste,fr,25.04,2001-09-05,2001,7.267,1109,254686,3,0,1322,2010-07-25
2018,The Wedding Planner,The Wedding Planner,en,19.332,2001-01-26,2001,5.923,1686,209475,3,0,1204,2010-07-20
5279,Gosford Park,Gosford Park,en,18.338,2001-11-07,2001,6.844,1089,280707,3,0,1106,2010-07-07
13496,American Outlaws,American Outlaws,en,9.73,2001-08-17,2001,6.029,244,244000,1,0,1112,2010-07-08
3640,Mostly Martha,Bella Martha,de,8.342,2001-09-09,2001,6.732,98,246772,3,0,1141,2010-07-10
441,Human Nature,Human Nature,en,11.981,2001-09-12,2001,6.0,261,219822,3,0,1459,2010-08-11
10865,Atlantis: The Lost Empire,Atlantis: The Lost Empire,en,23.822,2001-06-02,2001,7.014,4752,230011,1,0,1085,2010-07-04
69850,The Mystic Masseur,The Mystic Masseur,en,1.177,2001-10-05,2001,5.1,8,282771,2,0,1704,2010-10-28
11232,Kate & Leopold,Kate & Leopold,en,10.724,2001-12-25,2001,6.324,1349,35423,2,0,1739,2010-11-06
9398,Zoolander,Zoolander,en,28.226,2001-09-28,2001,6.2,4462,196229,3,0,1752,2010-11-14
39939,Super Troopers,Super Troopers,en,13.719,2001-02-15,2001,6.6,1100,247745,1,0,1754,2010-11-14
824,Moulin Rouge!,Moulin Rouge!,en,28.906,2001-05-18,2001,7.6,4516,203009,3,0,1769,2010-11-19
39497,Escanaba in da Moonlight,Escanaba in da Moonlight,en,2.754,2001-01-26,2001,6.0,11,180679,0,0,1776,2010-11-24
671,Harry Potter and the Philosopher's Stone,Harry Potter and the Philosopher's Stone,en,239.401,2001-11-16,2001,7.907,27622,241527,3,0,1781,2010-11-26
37288,Take Care of My Cat,고양이를 부탁해,ko,4.896,2001-10-13,2001,7.054,46,296658,3,0,1876,2010-12-25
10054,Spy Kids,Spy Kids,en,30.386,2001-03-18,2001,5.798,3437,227538,3,0,1904,2011-01-13
33320,Millennium Actress,千年女優,ja,14.7,2002-09-14,2002,7.8,857,291350,2,0,1950,2011-01-31
15098,Manic,Manic,en,7.487,2001-01-27,2001,6.8,101,252684,3,0,2081,2011-02-28
27329,The Legend of Suriyothai,สุริโยไท,th,4.785,2001-08-17,2001,5.7,22,290879,3,0,2090,2011-03-05
13403,Hedwig and the Angry Inch,Hedwig and the Angry Inch,en,12.103,2001-07-20,2001,7.411,381,248845,3,0,2148,2011-03-28
49680,Late Marriage,חתונה מאוחרת,he,3.114,2001-10-24,2001,6.2,32,287471,2,0,2322,2011-05-21
5521,Finder's Fee,Finder's Fee,en,3.34,2001-06-19,2001,6.1,56,192023,1,0,2335,2011-05-24
20004,Epoch,Epoch,en,4.01,2001-11-24,2001,4.636,59,233657,1,0,2374,2011-06-05
66609,The Hidden Half,نيمه پنهان,fa,0.518,2001-02-06,2001,5.0,8,277925,3,0,2517,2011-07-11
12658,Someone Like You...,Someone Like You...,en,15.549,2001-03-30,2001,6.0,381,244970,3,0,2627,2011-08-20
676,Pearl Harbor,Pearl Harbor,en,50.487,2001-05-21,2001,6.941,6496,213149,2,0,2675,2011-09-12
50957,Daughter of Keltoum,La Fille de Keltoum,fr,1.495,2001-09-13,2001,7.3,11,312687,3,0,2745,2011-10-07
2171,Wet Hot American Summer,Wet Hot American Summer,en,12.207,2001-07-27,2001,6.268,798,243655,3,0,3052,2012-02-18
51215,The Breed,The Breed,en,5.216,2001-07-19,2001,5.315,62,265104,0,0,4323,2013-07-09
13777,He Died with a Felafel in His Hand,He Died with a Felafel in His Hand,en,6.368,2001-08-30,2001,7.0,145,172543,3,0,3095,2012-03-07
570,Fat Girl,À ma soeur!,fr,12.768,2001-03-07,2001,6.157,226,243255,3,0,3161,2012-04-04
43774,Baran,باران,fa,4.813,2001-01-31,2001,7.507,76,233841,0,0,3264,2012-05-17
26290,Me Without You,Me Without You,en,3.267,2001-11-01,2001,6.4,55,263725,3,0,3313,2012-06-03
6312,Brotherhood of the Wolf,Le Pacte des loups,fr,25.115,2001-01-31,2001,6.72,1534,237534,2,0,3317,2012-06-04
8922,Jeepers Creepers,Jeepers Creepers,en,36.58,2001-07-01,2001,6.466,3007,263488,3,0,3451,2012-07-27
2034,Training Day,Training Day,en,38.369,2001-10-05,2001,7.505,5921,139654,1,0,3503,2012-08-29
11770,Shaolin Soccer,少林足球,cn,49.638,2001-07-05,2001,7.128,2256,286112,0,0,3555,2012-09-27
37959,GO,GO,ja,7.496,2001-10-20,2001,7.394,80,299937,2,1,3586,2012-10-13
10808,Dr. Dolittle 2,Dr. Dolittle 2,en,20.036,2001-06-22,2001,5.308,1668,240462,3,0,3599,2012-10-15
12720,Suicide Club,自殺サークル,ja,15.732,2001-10-29,2001,6.5,488,312843,3,0,3613,2012-10-19
23685,Monkeybone,Monkeybone,en,13.542,2001-02-23,2001,5.1,320,166276,3,1,3616,2012-10-20
1591,Nowhere in Africa,Nirgendwo in Afrika,de,7.962,2001-12-11,2001,7.1,164,161860,3,0,3766,2012-12-21
41839,The War Bride,The War Bride,en,2.018,2001-03-21,2001,5.9,14,244297,3,0,3938,2013-02-27
9889,Shallow Hal,Shallow Hal,en,22.98,2001-11-01,2001,6.2,2891,256380,3,0,4058,2013-04-15
40373,Waiting for Godot,Waiting for Godot,en,1.129,2001-02-04,2001,7.1,22,276613,0,0,4084,2013-04-24
56753,Amazons and Gladiators,Amazons and Gladiators,en,3.896,2001-09-01,2001,2.8,13,275913,3,0,4131,2013-05-12
18734,L.I.E.,L.I.E.,en,11.4,2001-09-07,2001,6.7,116,242587,1,0,4179,2013-05-29
9740,Hannibal,Hannibal,en,6.554,2001-02-08,2001,6.773,4744,212985,3,0,4210,2013-06-05
24068,Lucky Girl,Lucky Girl,en,3.848,2001-04-08,2001,5.7,27,279204,3,0,4214,2013-06-06
6173,Read My Lips,Sur mes lèvres,fr,11.211,2001-10-17,2001,7.1,325,274117,3,1,4224,2013-06-09
9025,Dog Days,Hundstage,de,6.687,2001-09-03,2001,6.6,90,290661,3,1,4248,2013-06-18
10796,The One,The One,en,15.876,2001-11-02,2001,6.121,1570,267804,0,0,4246,2013-06-15
25797,Miss Minoes,Minoes,nl,5.358,2001-12-06,2001,6.667,87,279231,3,0,4341,2013-07-12
21597,Elvira's Haunted Hills,Elvira's Haunted Hills,en,10.219,2002-10-31,2002,5.4,123,265171,3,0,4403,2013-07-26
11299,Cowboy Bebop: The Movie,カウボーイビバップ 天国の扉,ja,20.082,2001-09-01,2001,7.704,904,275277,3,0,4434,2013-08-03
2140,Kiss of the Dragon,Kiss of the Dragon,en,27.575,2001-07-06,2001,6.9,1189,271027,1,1,4444,2013-08-06
33343,Gypsy 83,Gypsy 83,en,1.823,2001-10-18,2001,6.4,24,251110,3,0,4446,2013-08-06
53482,One Man Up,L'uomo in più,it,4.126,2001-08-31,2001,7.225,238,295671,1,0,4613,2013-09-22
10984,Valentine,Valentine,en,15.32,2001-02-02,2001,5.531,537,242998,2,1,4639,2013-09-27
1903,Vanilla Sky,Vanilla Sky,en,27.875,2001-12-14,2001,6.8,4147,259711,1,0,4693,2013-10-13
59297,Princess Arete,アリーテ姫,ja,5.639,2001-08-01,2001,7.1,38,306474,3,0,4712,2013-10-19
8341,Samsara,འཁོར་བ།,bo,9.324,2002-10-10,2002,7.4,115,196069,0,0,4735,2013-10-25
768,From Hell,From Hell,en,11.585,2001-02-08,2001,6.694,2796,120681,3,1,4792,2013-11-07
9816,Save the Last Dance,Save the Last Dance,en,15.957,2001-01-12,2001,6.525,1266,206275,3,0,4796,2013-11-07
172422,Hitched,Hitched,en,0.794,2001-09-18,2001,4.0,3,272127,3,1,4826,2013-11-15
23550,His Secret Life,Le fate ignoranti,it,4.704,2001-03-16,2001,7.317,554,274497,3,0,4876,2013-11-25
634,Bridget Jones's Diary,Bridget Jones's Diary,en,47.489,2001-04-13,2001,6.746,5037,243155,3,0,4915,2013-12-05
4133,Blow,Blow,en,27.566,2001-04-04,2001,7.365,4282,221027,1,0,4934,2013-12-10
9378,Thir13en Ghosts,Thir13en Ghosts,en,24.73,2001-10-26,2001,6.2,2114,245674,1,0,4957,2013-12-16
2176,The Glass House,The Glass House,en,12.055,2001-09-14,2001,5.9,971,221218,3,0,4958,2013-12-16
12610,Osmosis Jones,Osmosis Jones,en,17.273,2001-08-10,2001,6.503,1015,181739,3,1,5006,2013-12-29
2029,Tanguy,Tanguy,fr,6.852,2001-11-21,2001,5.964,464,274155,1,0,5082,2014-01-16
57278,The Hexer,Wiedźmin,pl,3.892,2001-11-09,2001,5.1,73,300657,3,1,5181,2014-02-17
9799,The Fast and the Furious,The Fast and the Furious,en,7.021,2001-06-22,2001,7.0,10016,232500,1,0,5200,2014-02-24
10950,I Am Sam,I Am Sam,en,21.569,2001-12-28,2001,7.566,2294,277027,3,0,5235,2014-03-05
11091,Riding in Cars with Boys,Riding in Cars with Boys,en,14.217,2001-10-19,2001,6.8,444,200027,3,0,5323,2014-03-25
10833,Heartbreakers,Heartbreakers,en,14.151,2001-03-23,2001,6.1,895,125022,3,0,5381,2014-04-10
35831,"Belphegor, Phantom of the Louvre","Belphégor, le fantôme du Louvre",fr,8.462,2001-04-03,2001,4.6,223,214529,3,0,5394,2014-04-13
11088,Heist,Heist,en,12.456,2001-11-09,2001,6.309,541,252503,3,0,5417,2014-04-23
9896,Rat Race,Rat Race,en,23.88,2001-08-17,2001,6.262,1781,250687,3,0,5426,2014-05-01
9778,Serendipity,Serendipity,en,28.189,2001-10-05,2001,6.9,1920,240890,3,0,5452,2014-05-06
170431,The Atlantis Conspiracy,The Atlantis Conspiracy,en,1.014,2001-01-01,2001,2.0,3,253595,3,0,5522,2014-06-01
2770,American Pie 2,American Pie 2,en,35.231,2001-08-10,2001,6.2,4908,252866,3,0,5560,2014-06-11
173670,Sister Mary Explains It All,Sister Mary Explains It All,en,1.109,2001-05-27,2001,4.8,4,250739,3,0,5631,2014-07-12
1365,Monster's Ball,Monster's Ball,en,15.328,2001-06-07,2001,6.8,978,285742,2,1,5651,2014-07-24
44164,Chaos,Chaos,fr,4.199,2001-10-03,2001,6.6,44,265116,3,0,5762,2014-09-19
23834,Volcano High,화산고,ko,10.196,2001-12-08,2001,5.994,83,301429,3,0,5921,2014-11-14
10757,Kabhi Khushi Kabhie Gham,कभी ख़ुशी कभी ग़म,hi,19.362,2001-12-14,2001,7.7,539,248126,3,0,5933,2014-11-21
12660,Charlotte Gray,Charlotte Gray,en,8.775,2001-12-28,2001,6.1,163,245046,3,0,6129,2015-03-03
869,Planet of the Apes,Planet of the Apes,en,37.733,2001-07-25,2001,5.8,4068,133152,3,0,6218,2015-04-23
331,Jurassic Park III,Jurassic Park III,en,1.783,2001-07-18,2001,6.1,7134,163025,2,0,6333,2015-06-25
4248,Scary Movie 2,Scary Movie 2,en,44.927,2001-07-04,2001,5.8,4655,257106,3,0,6429,2015-08-30
9705,Swordfish,Swordfish,en,16.972,2001-06-08,2001,6.241,2670,244244,1,0,6576,2015-12-04
167,K-PAX,K-PAX,en,17.198,2001-10-26,2001,7.2,2410,272152,1,0,6687,2016-01-28
2191,Stranded,Stranded,en,4.545,2001-09-24,2001,5.4,41,283015,3,1,6689,2016-01-28
10696,Glitter,Glitter,en,10.37,2001-09-21,2001,4.3,144,118589,3,0,6785,2016-03-22
107548,Chori Chori Chupke Chupke,चोरी चोरी चुपके चुपके,hi,6.557,2001-03-09,2001,6.087,69,256692,1,0,6789,2016-03-26
52408,Tomie: Rebirth,富江 re-birth,ja,9.332,2001-03-24,2001,7.247,95,348225,3,0,6843,2016-04-21
1734,The Mummy Returns,The Mummy Returns,en,61.984,2001-05-04,2001,6.4,7042,209163,3,0,6918,2016-06-05
8386,How High,How High,en,23.717,2001-12-21,2001,6.3,942,278488,1,0,6924,2016-06-09
11397,Not Another Teen Movie,Not Another Teen Movie,en,39.998,2001-12-07,2001,5.79,2073,277371,3,0,7009,2016-07-30
64362,"Yes, But...","Oui, mais...",fr,2.747,2001-04-18,2001,6.462,26,246278,3,0,7012,2016-07-31
1433,The Devil's Backbone,El espinazo del diablo,es,15.952,2001-04-20,2001,7.286,1220,256009,1,0,7094,2016-09-05
27324,Pulse,回路,ja,18.203,2001-02-03,2001,6.6,526,286751,3,0,7181,2016-10-10
19405,Recess: School's Out,Recess: School's Out,en,13.895,2001-02-16,2001,6.6,343,265632,3,0,7187,2016-10-12
2779,The Curse of the Jade Scorpion,The Curse of the Jade Scorpion,en,11.015,2001-08-05,2001,6.579,767,256524,3,0,7302,2016-11-28
35824,The Navigators,The Navigators,en,7.586,2001-09-14,2001,6.8,77,279977,1,0,7316,2016-12-05
12587,Arachnid,Arachnid,en,6.672,2001-06-29,2001,4.1,72,271972,3,1,7331,2016-12-16
10836,Dagon,Dagon,en,13.001,2001-10-12,2001,6.1,410,264508,3,1,7340,2016-12-19
25985,Jump Tomorrow,Jump Tomorrow,en,1.798,2001-11-09,2001,6.8,18,273300,3,1,7468,2017-02-21
8007,Behind Enemy Lines,Behind Enemy Lines,en,21.484,2001-11-30,2001,6.396,1493,159273,0,0,7483,2017-03-03
5175,Rush Hour 2,Rush Hour 2,en,52.752,2001-08-03,2001,6.745,4116,266915,3,1,7493,2017-03-10
27204,God Is Great and I'm Not,"Dieu est grand, je suis toute petite",fr,2.475,2001-09-26,2001,4.4,26,287986,1,0,7634,2017-05-21
2057,Original Sin,Original Sin,en,32.946,2001-05-08,2001,6.1,814,218922,1,0,7654,2017-05-21
10829,Tremors 3: Back to Perfection,Tremors 3: Back to Perfection,en,21.424,2001-10-02,2001,5.778,625,259685,3,0,7680,2017-06-07
1999,In the Bedroom,In the Bedroom,en,15.124,2001-11-23,2001,6.9,349,247425,3,0,7960,2017-12-21
11371,The Score,The Score,en,14.734,2001-07-13,2001,6.69,1637,227445,0,0,8288,2018-06-14
6073,The Mexican,The Mexican,en,13.164,2001-03-01,2001,5.9,1455,236493,1,0,8293,2018-06-15
1921,Sweet November,Sweet November,en,14.84,2001-02-16,2001,6.863,1309,230838,1,0,8533,2018-12-14
59884,What Makes a Family,What Makes a Family,en,5.551,2001-01-22,2001,6.5,21,251474,3,0,8540,2018-12-14
41093,Moscow Square,Moszkva tér,hu,1.883,2001-09-20,2001,7.3,20,273840,2,0,8548,2018-12-14
16723,Sugar & Spice,Sugar & Spice,en,8.822,2001-01-24,2001,6.3,254,186589,3,0,8624,2019-01-31
58429,La Ciénaga,La Ciénaga,es,7.279,2001-04-12,2001,6.9,118,240419,3,0,8632,2019-02-04
12589,Jimmy Neutron: Boy Genius,Jimmy Neutron: Boy Genius,en,18.025,2001-12-14,2001,6.008,912,268397,3,0,8737,2019-05-08
13166,Freddy Got Fingered,Freddy Got Fingered,en,10.052,2001-04-20,2001,4.7,427,240515,0,0,8783,2019-07-13
15167,Barbie in the Nutcracker,Barbie in the Nutcracker,en,36.889,2001-09-30,2001,6.858,1049,288441,3,0,8880,2019-11-02
1535,Spy Game,Spy Game,en,18.239,2001-11-18,2001,6.91,2090,266987,1,0,9028,2020-03-03
9696,Ichi the Killer,殺し屋1,ja,17.856,2001-12-22,2001,7.0,975,296042,1,0,9253,2020-08-31
2114,Final Fantasy: The Spirits Within,Final Fantasy: The Spirits Within,en,17.677,2001-07-02,2001,6.193,1461,173840,1,0,9282,2020-09-25
25587,The Land Before Time VIII: The Big Freeze,The Land Before Time VIII: The Big Freeze,en,8.947,2001-12-04,2001,6.055,229,301526,3,0,9329,2020-11-15
16209,Jesus Christ Vampire Hunter,Jesus Christ Vampire Hunter,en,7.24,2001-06-10,2001,4.8,107,311361,1,0,9333,2020-11-17
37632,The Order,The Order,en,17.647,2001-05-05,2001,5.1,252,193364,0,0,9514,2021-03-13
15449,La Tour Montparnasse Infernale,La Tour Montparnasse Infernale,fr,5.341,2001-03-28,2001,6.3,858,259060,3,0,9587,2021-03-26
29742,Zenon: The Zequel,Zenon: The Zequel,en,6.9,2001-01-12,2001,5.6,104,271271,3,0,9600,2021-03-30
8366,Manitou's Shoe,Der Schuh des Manitu,de,12.964,2001-07-11,2001,6.785,489,248408,0,0,9706,2021-04-27
12149,Frailty,Frailty,en,14.23,2002-04-12,2002,7.0,1159,264616,0,0,10081,2021-10-12
818,Austin Powers in Goldmember,Austin Powers in Goldmember,en,20.634,2002-07-26,2002,5.994,3119,295178,1,0,4,2008-07-19
4108,The Transporter,The Transporter,en,50.287,2002-10-02,2002,6.711,5333,293662,0,0,53,2008-07-20
425,Ice Age,Ice Age,en,99.601,2002-03-10,2002,7.361,13313,268380,0,,72,2008-07-27
608,Men in Black II,Men in Black II,en,39.222,2002-07-03,2002,6.372,9916,120912,1,,84,2008-07-28
11560,High Crimes,High Crimes,en,12.751,2002-04-05,2002,6.4,786,257756,3,,96,2008-07-29
180,Minority Report,Minority Report,en,32.027,2002-06-20,2002,7.35,8712,181689,1,,115,2008-07-31
2022,Mr. Deeds,Mr. Deeds,en,18.043,2002-06-28,2002,5.893,2280,280590,2,,116,2008-07-31
8427,I Spy,I Spy,en,14.283,2002-10-31,2002,5.39,938,297181,1,,119,2008-08-01
320,Insomnia,Insomnia,en,21.474,2002-05-24,2002,6.944,4744,278504,1,,121,2008-08-01
1817,Phone Booth,Phone Booth,en,21.206,2003-04-04,2003,6.852,3741,183649,1,,125,2008-08-01
2501,The Bourne Identity,The Bourne Identity,en,45.378,2002-06-14,2002,7.467,9276,258463,1,,128,2008-08-02
11692,The Adventures of Pluto Nash,The Adventures of Pluto Nash,en,14.843,2002-08-16,2002,4.375,484,180052,2,,135,2008-08-02
201,Star Trek: Nemesis,Star Trek: Nemesis,en,14.804,2002-12-13,2002,6.3,1425,253754,1,,138,2008-08-03
9296,S1m0ne,S1m0ne,en,10.275,2002-08-23,2002,6.0,903,258153,3,,143,2008-08-03
7299,Equilibrium,Equilibrium,en,28.083,2002-12-06,2002,7.0,4523,238380,1,,160,2008-08-11
590,The Hours,The Hours,en,13.356,2002-12-27,2002,7.276,1725,274558,3,,172,2008-08-22
1574,Chicago,Chicago,en,19.899,2002-12-10,2002,7.1,2616,299658,3,,179,2008-09-09
455,Bend It Like Beckham,Bend It Like Beckham,en,17.888,2002-04-11,2002,6.316,1892,286499,3,,200,2008-10-17
9555,Rabbit-Proof Fence,Rabbit-Proof Fence,en,10.167,2002-02-04,2002,7.0,346,252444,3,,243,2008-12-17
121,The Lord of the Rings: The Two Towers,The Lord of the Rings: The Two Towers,en,130.235,2002-12-18,2002,8.4,22012,167261,3,,247,2009-01-02
1576,Resident Evil,Resident Evil,en,23.483,2002-03-15,2002,6.6,6360,120804,3,,280,2009-02-16
1958,8 Women,8 femmes,fr,13.595,2002-02-06,2002,6.9,980,283832,3,,363,2009-07-13
8198,The Quiet American,The Quiet American,en,19.324,2002-11-22,2002,6.5,298,258068,2,0,491,2009-09-01
9266,Blue Crush,Blue Crush,en,12.656,2002-08-08,2002,5.965,527,300532,3,0,552,2009-12-05
1088,Whale Rider,Whale Rider,en,8.83,2003-01-30,2003,7.056,401,298228,3,0,598,2009-12-27
20718,I'm with Lucy,I'm with Lucy,en,5.291,2002-09-04,2002,5.3,33,282593,0,0,606,2009-12-28
640,Catch Me If You Can,Catch Me If You Can,en,49.54,2002-12-16,2002,8.0,15711,264464,2,0,617,2009-12-28
170,28 Days Later,28 Days Later,en,118.819,2002-10-31,2002,7.225,6782,289043,3,0,646,2010-01-19
1894,Star Wars: Episode II - Attack of the Clones,Star Wars: Episode II - Attack of the Clones,en,39.902,2002-05-15,2002,6.6,13271,121765,3,1,673,2010-01-26
11544,Lilo & Stitch,Lilo & Stitch,en,64.165,2002-06-21,2002,7.5,6240,275847,3,0,707,2010-03-26
79,Hero,英雄,zh,26.25,2002-07-22,2002,7.5,2263,299977,3,1,732,2010-04-13
99648,Suddenly,Tan de repente,es,1.122,2002-04-26,2002,5.8,20,324158,3,0,769,2010-04-26
565,The Ring,The Ring,en,41.17,2002-10-18,2002,6.674,6170,298130,3,0,806,2010-05-14
24232,Daria in 'Is It College Yet?',Daria in 'Is It College Yet?',en,4.419,2002-01-21,2002,7.312,69,285627,3,0,876,2010-05-29
8346,My Big Fat Greek Wedding,My Big Fat Greek Wedding,en,12.884,2002-04-19,2002,6.494,2119,259446,3,0,907,2010-06-05
10955,Ripley's Game,Ripley's Game,en,10.004,2002-09-02,2002,6.4,262,265651,1,0,1007,2010-06-29
9583,Divine Secrets of the Ya-Ya Sisterhood,Divine Secrets of the Ya-Ya Sisterhood,en,10.923,2002-06-07,2002,6.1,237,279778,3,0,1028,2010-07-03
9021,The Santa Clause 2,The Santa Clause 2,en,30.031,2002-09-29,2002,5.954,1318,304669,1,0,1052,2010-07-04
9026,The Importance of Being Earnest,The Importance of Being Earnest,en,11.423,2002-05-17,2002,6.845,473,278500,3,0,1562,2010-09-10
13768,Tuck Everlasting,Tuck Everlasting,en,14.832,2002-10-11,2002,6.6,467,283084,3,0,1529,2010-09-05
59387,The Powerpuff Girls Movie,The Powerpuff Girls Movie,en,14.817,2002-07-03,2002,6.7,300,289408,3,0,1445,2010-08-07
51378,Intimate Stories,Historias mínimas,es,2.926,2002-10-24,2002,7.1,53,291988,3,0,1224,2010-07-22
10894,May,May,en,11.81,2003-04-11,2003,6.532,616,303361,3,0,1110,2010-07-08
6278,Reign of Fire,Reign of Fire,en,16.603,2002-07-09,2002,6.186,2235,253556,1,0,1145,2010-07-10
11013,Secretary,Secretary,en,49.829,2002-09-20,2002,6.767,1627,274812,3,0,1515,2010-08-29
1809,The Rules of Attraction,The Rules of Attraction,en,12.977,2002-10-11,2002,6.148,546,292644,3,1,1431,2010-08-02
15370,The Cat Returns,猫の恩返し,ja,31.151,2002-07-19,2002,7.117,2202,347618,3,0,1551,2010-09-08
14633,Ten,ده,fa,6.398,2002-05-20,2002,7.3,123,301978,3,0,1456,2010-08-10
11888,Snow Dogs,Snow Dogs,en,17.584,2002-01-18,2002,5.617,727,281373,1,0,1537,2010-09-06
1360,Frida,Frida,en,14.172,2002-08-29,2002,7.4,2011,120679,2,0,1659,2010-10-13
557,Spider-Man,Spider-Man,en,113.581,2002-05-01,2002,7.303,19163,145487,1,0,1730,2010-11-04
192084,Cold as Summer,Froid comme l'été,en,1.178,2002-10-02,2002,4.5,9,305589,3,0,1745,2010-11-07
10994,White Oleander,White Oleander,en,11.832,2002-10-11,2002,7.057,377,283139,3,0,1787,2010-11-30
17614,Yossi & Jagger,יוסי וג'אגר,he,8.066,2002-08-28,2002,6.7,95,334754,2,0,1809,2010-12-01
9488,Spy Kids 2: The Island of Lost Dreams,Spy Kids 2: The Island of Lost Dreams,en,23.385,2002-08-07,2002,5.627,2183,287717,3,0,1905,2011-01-13
10771,The Tuxedo,The Tuxedo,en,28.78,2002-09-27,2002,5.719,1957,290095,0,1,1908,2011-01-13
2757,Adaptation.,Adaptation.,en,14.175,2002-12-06,2002,7.361,2490,268126,3,1,1919,2011-01-16
9023,Spirit: Stallion of the Cimarron,Spirit: Stallion of the Cimarron,en,60.121,2002-05-24,2002,7.691,4577,166813,1,0,1943,2011-01-29
9016,Treasure Planet,Treasure Planet,en,45.251,2002-11-26,2002,7.6,4217,133240,3,0,1944,2011-01-29
598,City of God,Cidade de Deus,pt,38.764,2002-08-30,2002,8.425,7432,317248,1,0,2038,2011-02-15
30309,Real Women Have Curves,Real Women Have Curves,en,8.771,2002-10-18,2002,6.1,85,296166,3,0,2108,2011-03-10
36586,Blade II,Blade II,en,42.188,2002-03-22,2002,6.554,4715,187738,1,0,2151,2011-03-28
15015,Barbie as Rapunzel,Barbie as Rapunzel,en,22.178,2002-10-01,2002,7.006,1222,313255,0,0,2171,2011-04-08
9962,The Good Girl,The Good Girl,en,13.275,2002-01-12,2002,6.2,623,279113,3,0,2222,2011-04-23
2642,Two Weeks Notice,Two Weeks Notice,en,18.992,2002-12-19,2002,6.361,2038,313737,3,0,2263,2011-05-02
7451,xXx,xXx,en,149.978,2002-08-09,2002,5.941,4286,295701,1,0,2268,2011-05-03
10712,Far from Heaven,Far from Heaven,en,9.445,2002-11-08,2002,7.0,607,297884,3,0,2319,2011-05-20
672,Harry Potter and the Chamber of Secrets,Harry Potter and the Chamber of Secrets,en,203.493,2002-11-13,2002,7.716,22082,295297,3,0,2332,2011-05-24
8094,The Magdalene Sisters,The Magdalene Sisters,en,12.779,2002-08-30,2002,7.4,404,318411,3,0,2403,2011-06-17
12496,The Twilight Samurai,たそがれ清兵衛,ja,12.486,2002-11-02,2002,7.8,314,351817,3,0,2418,2011-06-20
2750,24 Hour Party People,24 Hour Party People,en,10.874,2002-02-13,2002,6.9,448,274309,1,0,2450,2011-06-27
18941,Marion Bridge,Marion Bridge,en,4.711,2003-04-18,2003,6.6,14,329355,3,0,2477,2011-07-02
4147,Road to Perdition,Road to Perdition,en,24.657,2002-07-12,2002,7.4,3628,257044,0,0,2486,2011-07-05
11547,Cabin Fever,Cabin Fever,en,11.078,2003-08-15,2003,5.687,1293,303816,3,0,2495,2011-07-06
4547,Panic Room,Panic Room,en,21.684,2002-03-29,2002,6.784,4943,258000,3,0,2508,2011-07-07
65,8 Mile,8 Mile,en,35.301,2002-11-08,2002,7.138,7271,298203,1,0,2545,2011-07-17
3131,Gangs of New York,Gangs of New York,en,28.036,2002-12-14,2002,7.323,6632,217505,1,0,2551,2011-07-19
156,Wilbur Wants to Kill Himself,Wilbur begår selvmord,da,4.711,2002-11-08,2002,6.6,95,329767,3,0,2605,2011-08-12
13497,Drumline,Drumline,en,14.758,2002-12-13,2002,6.9,510,303933,1,0,2888,2011-11-30
55015,Home Room,Home Room,en,2.967,2002-04-12,2002,6.7,39,264689,3,0,2907,2011-12-07
9533,Red Dragon,Red Dragon,en,5.083,2002-10-02,2002,7.029,4274,289765,1,0,4325,2013-07-10
9275,Death to Smoochy,Death to Smoochy,en,10.058,2002-03-29,2002,5.9,389,266452,2,0,3049,2012-02-18
2755,About Schmidt,About Schmidt,en,8.802,2002-12-12,2002,6.838,1229,257360,1,0,3060,2012-02-20
1416,The Coast Guard,해안선,ko,9.114,2002-11-22,2002,6.337,86,341384,1,0,3163,2012-04-04
12079,Spun,Spun,en,13.983,2003-02-07,2003,6.5,457,283003,3,0,4319,2013-07-08
22707,Amandla! A Revolution in Four-Part Harmony,Amandla! A Revolution in Four-Part Harmony,en,1.604,2002-09-21,2002,6.4,7,303297,3,0,3309,2012-06-02
9034,The Banger Sisters,The Banger Sisters,en,6.659,2002-09-20,2002,5.62,246,280460,3,0,3310,2012-06-03
12454,All or Nothing,All or Nothing,en,6.778,2002-05-17,2002,7.0,146,286261,3,0,3312,2012-06-03
245896,Low-Flying Aircraft,Aparelho Voador a Baixa Altitude,pt,1.119,2002-05-09,2002,5.4,5,190975,3,0,3323,2012-06-05
41209,WiseGirls,WiseGirls,en,2.735,2002-12-06,2002,5.1,31,284655,3,0,3374,2012-06-23
9637,Scooby-Doo,Scooby-Doo,en,38.386,2002-06-14,2002,6.087,4437,267913,3,0,3449,2012-07-27
21118,Waking Up in Reno,Waking Up in Reno,en,5.529,2002-12-13,2002,5.0,92,219400,3,0,3463,2012-08-11
4689,Sympathy for Mr. Vengeance,복수는 나의 것,ko,18.069,2002-03-29,2002,7.5,1459,310775,3,1,3564,2012-09-30
7342,Carrie,Carrie,en,12.054,2002-11-04,2002,6.034,488,319970,3,0,3621,2012-10-22
11812,The Sweetest Thing,The Sweetest Thing,en,14.569,2002-04-12,2002,5.562,1084,253867,3,0,3682,2012-11-20
36669,Die Another Day,Die Another Day,en,29.488,2002-11-17,2002,5.985,3518,246460,2,0,3683,2012-11-21
979,Irreversible,Irréversible,fr,33.812,2002-05-22,2002,7.227,2900,290673,1,0,3832,2013-01-15
33693,Funny Ha Ha,Funny Ha Ha,en,2.954,2002-09-20,2002,6.2,43,327753,3,0,4032,2013-04-06
7303,Maid in Manhattan,Maid in Manhattan,en,19.685,2002-12-13,2002,6.106,1898,252076,3,0,4262,2013-06-23
437,Cube 2: Hypercube,Cube 2: Hypercube,en,12.817,2002-04-15,2002,5.5,1451,285492,3,0,4277,2013-06-28
16857,The Dangerous Lives of Altar Boys,The Dangerous Lives of Altar Boys,en,7.513,2002-06-14,2002,6.6,155,238924,1,0,4351,2013-07-15
65856,Maggie and Annie,Maggie and Annie,en,0.473,2002-04-30,2002,3.3,5,426089,3,0,4399,2013-07-25
21769,Armitage: Dual Matrix,アミテージ・ザ・サード DUAL-MATRIX,ja,4.155,2002-03-22,2002,6.3,50,303678,1,1,4429,2013-08-01
11979,Queen of the Damned,Queen of the Damned,en,16.787,2002-02-10,2002,6.094,1059,238546,3,0,4441,2013-08-04
12448,The Hunchback of Notre Dame II,The Hunchback of Notre Dame II,en,16.179,2002-02-06,2002,5.4,796,257778,1,0,4447,2013-08-06
12093,Lilya 4-ever,Lilja 4-Ever,sv,25.355,2002-08-23,2002,7.6,559,300140,3,0,4526,2013-08-30
17130,Crossroads,Crossroads,en,10.543,2002-02-15,2002,5.2,627,275022,3,0,4592,2013-09-15
9685,Igby Goes Down,Igby Goes Down,en,7.872,2002-09-13,2002,6.6,309,280760,2,0,4662,2013-10-05
12205,Dark Water,仄暗い水の底から,ja,18.05,2002-01-19,2002,6.8,612,308379,3,0,4674,2013-10-07
21925,Naqoyqatsi,Naqoyqatsi,en,6.256,2002-09-02,2002,6.131,137,145937,0,0,4680,2013-10-09
16876,Bang Bang You're Dead,Bang Bang You're Dead,en,8.389,2003-06-11,2003,7.033,150,288439,1,0,4695,2013-10-13
1956,Gerry,Gerry,en,9.603,2002-09-20,2002,6.0,302,302674,0,0,4738,2013-10-25
2103,Solaris,Solaris,en,12.626,2002-11-27,2002,5.913,1304,307479,1,0,4784,2013-11-05
10133,Cypher,Cypher,en,9.897,2002-10-01,2002,6.641,561,284978,1,0,4785,2013-11-05
10590,We Were Soldiers,We Were Soldiers,en,20.964,2002-03-01,2002,7.143,2047,277434,3,0,4806,2013-11-11
24488,Demonlover,Demonlover,fr,8.393,2002-11-06,2002,5.6,96,284034,3,0,4832,2013-11-15
13435,Antwone Fisher,Antwone Fisher,en,9.394,2002-12-19,2002,6.94,496,168786,1,0,4895,2013-12-01
1429,25th Hour,25th Hour,en,12.09,2002-12-19,2002,7.324,2351,307901,2,1,5080,2014-01-16
11852,The Hot Chick,The Hot Chick,en,33.497,2002-12-13,2002,6.352,2005,302640,3,0,5151,2014-02-08
2675,Signs,Signs,en,33.085,2002-08-02,2002,6.7,5644,286106,1,0,5170,2014-02-15
8051,Punch-Drunk Love,Punch-Drunk Love,en,22.739,2002-10-11,2002,7.1,2332,272338,1,0,5227,2014-03-03
10229,A Walk to Remember,A Walk to Remember,en,53.193,2002-01-25,2002,7.756,4037,281358,3,0,5254,2014-03-08
12277,Undercover Brother,Undercover Brother,en,13.923,2002-05-31,2002,5.835,375,279493,3,0,5276,2014-03-12
16028,They,They,en,7.017,2002-11-01,2002,5.053,264,283632,3,0,5293,2014-03-17
81540,Teknolust,Teknolust,en,2.701,2002-01-10,2002,4.3,36,270688,3,0,5300,2014-03-18
12590,Below,Below,en,17.185,2002-08-11,2002,6.0,439,276816,0,0,5339,2014-03-30
31005,Moonlight Mile,Moonlight Mile,en,7.34,2002-09-09,2002,6.3,221,179098,3,0,5454,2014-05-08
423,The Pianist,The Pianist,en,46.222,2002-09-17,2002,8.379,9225,253474,1,0,5539,2014-06-06
11838,Ju-on: The Grudge,呪怨,ja,22.811,2002-10-18,2002,6.713,803,364385,3,0,5571,2014-06-17
13908,The Master of Disguise,The Master of Disguise,en,8.49,2002-08-02,2002,3.992,300,295427,1,0,5621,2014-07-08
3472,Dirty Pretty Things,Dirty Pretty Things,en,8.742,2002-09-05,2002,6.9,443,301199,3,1,5757,2014-09-18
4912,Confessions of a Dangerous Mind,Confessions of a Dangerous Mind,en,10.618,2002-12-31,2002,6.701,1132,270288,2,0,5793,2014-10-01
2637,The Mothman Prophecies,The Mothman Prophecies,en,12.86,2002-01-25,2002,6.19,1116,265349,2,0,5954,2014-12-01
15917,Devdas,देवदास,hi,14.794,2002-07-11,2002,7.5,333,238936,3,0,6027,2015-01-07
16643,Life or Something Like It,Life or Something Like It,en,15.421,2002-04-24,2002,5.7,493,282687,3,0,6060,2015-01-22
116094,Charlotte Sometimes,Charlotte Sometimes,en,1.186,2002-03-11,2002,4.5,10,284478,2,0,6088,2015-01-31
9357,One Hour Photo,One Hour Photo,en,12.453,2002-08-21,2002,6.648,1717,265459,1,0,6239,2015-05-10
55616,Dracula: Pages from a Virgin's Diary,Dracula: Pages from a Virgin's Diary,en,3.098,2002-02-28,2002,6.617,47,293113,1,0,6273,2015-05-26
14317,The Wild Thornberrys Movie,The Wild Thornberrys Movie,en,12.199,2002-12-20,2002,6.38,254,282120,3,0,6382,2015-07-31
28594,The Rats,The Rats,en,6.396,2002-09-17,2002,5.5,71,282418,3,0,6579,2015-12-05
2899,Asterix & Obelix: Mission Cleopatra,Astérix & Obélix Mission Cléopâtre,fr,37.516,2002-01-30,2002,7.386,3513,250223,3,0,6590,2015-12-10
14008,Cadet Kelly,Cadet Kelly,en,16.032,2002-03-07,2002,6.226,581,294425,3,0,6602,2015-12-13
83505,El bonaerense,El bonaerense,es,4.431,2002-09-19,2002,6.5,30,315850,1,0,6751,2016-02-28
45767,Time Changer,Time Changer,en,4.668,2003-10-25,2003,5.5,47,295725,0,0,6766,2016-03-10
10775,Infernal Affairs,無間道,cn,24.213,2002-12-12,2002,7.8,1640,338564,1,0,6802,2016-03-26
10636,Big Girls Don't Cry,Große Mädchen weinen nicht,de,3.182,2002-10-24,2002,5.9,30,291213,3,0,6810,2016-03-30
52407,Tomie: Forbidden Fruit,富江 最終章～禁断の果実～,ja,3.553,2002-06-29,2002,5.688,24,348226,3,0,6867,2016-05-01
8434,Summer Things,Embrassez qui vous voudrez,fr,6.774,2002-03-04,2002,5.9,93,290916,3,0,6890,2016-05-17
9334,The Scorpion King,The Scorpion King,en,24.516,2002-04-18,2002,5.582,3128,277296,0,0,6919,2016-06-05
2251,Unfaithful,Unfaithful,en,46.341,2002-05-10,2002,6.668,1540,250797,3,0,6971,2016-07-11
8665,K-19: The Widowmaker,K-19: The Widowmaker,en,13.51,2002-07-19,2002,6.54,1029,267626,0,0,7118,2016-09-15
54580,Mondays in the Sun,Los lunes al sol,es,6.999,2002-09-27,2002,7.2,214,319769,1,0,7214,2016-10-18
9613,Spider,Spider,en,8.535,2002-11-06,2002,6.643,857,278731,2,0,7267,2016-11-16
36945,The Vagina Monologues,The Vagina Monologues,en,1.995,2002-02-14,2002,6.0,16,244283,0,0,7306,2016-11-30
1376,Sweet Sixteen,Sweet Sixteen,en,8.132,2002-09-07,2002,6.991,221,313670,0,0,7517,2017-03-16
11529,Sweet Home Alabama,Sweet Home Alabama,en,23.253,2002-09-26,2002,6.402,1524,256415,3,0,7548,2017-03-31
245,About a Boy,About a Boy,en,14.783,2002-04-26,2002,6.674,2197,276751,2,0,7613,2017-05-21
9045,Amen.,Amen.,fr,9.208,2002-02-27,2002,6.973,338,280653,1,0,7615,2017-05-21
40360,A Kind of America,Valami Amerika,hu,2.508,2002-01-31,2002,6.1,31,303184,1,0,7618,2017-05-21
10052,Dragonfly,Dragonfly,en,15.274,2002-02-22,2002,6.5,857,259288,1,0,7629,2017-05-21
12112,He Loves Me… He Loves Me Not,À la folie... pas du tout,fr,9.638,2002-03-27,2002,6.7,227,291579,3,0,7638,2017-05-21
97754,My Mother Likes Women,A mi madre le gustan las mujeres,es,3.164,2002-01-11,2002,5.7,35,306432,3,0,7649,2017-05-21
65830,No Night Is Too Long,No Night Is Too Long,en,2.751,2002-12-27,2002,6.4,34,313410,1,0,7652,2017-05-21
11880,Dog Soldiers,Dog Soldiers,en,21.967,2002-05-10,2002,6.7,866,280609,0,0,7756,2017-07-29
12100,Windtalkers,Windtalkers,en,15.328,2002-06-14,2002,6.3,1267,245562,0,0,7757,2017-07-29
64,Talk to Her,Hable con ella,es,13.018,2002-03-15,2002,7.6,1298,287467,3,0,7774,2017-08-11
10426,Friday After Next,Friday After Next,en,17.738,2002-11-22,2002,6.291,411,293815,2,0,7789,2017-08-31
9280,Femme Fatale,Femme Fatale,en,13.276,2002-04-30,2002,6.2,593,280665,3,0,7997,2018-01-09
226916,The Bridgeman,A hídember,hu,0.347,2002-04-10,2002,3.7,3,310567,1,0,8547,2018-12-14
18602,Morvern Callar,Morvern Callar,en,7.7,2002-11-01,2002,6.633,153,300214,3,0,8704,2019-04-16
16875,Cheats,Cheats,en,4.829,2002-10-31,2002,5.4,70,250292,3,1,8773,2019-06-27
21803,Loonies,Loenatik de Moevie,nl,0.821,2002-10-10,2002,7.1,12,285300,3,0,8795,2019-07-23
23967,Slap Her... She's French,Slap Her... She's French,en,5.839,2002-02-07,2002,4.7,83,187512,3,0,8856,2019-09-22
9645,Ghost Ship,Ghost Ship,en,18.771,2002-10-25,2002,5.966,2408,288477,3,0,8963,2020-01-13
126934,A Ring of Endless Light,A Ring of Endless Light,en,5.037,2002-07-04,2002,6.5,35,282123,3,0,9016,2020-02-19
26189,Get a Clue,Get a Clue,en,8.214,2002-06-28,2002,5.3,220,282521,3,0,9042,2020-03-19
71886,Tru Confessions,Tru Confessions,en,5.26,2002-04-05,2002,6.7,51,296251,3,0,9043,2020-03-19
40640,Bungalow,Bungalow,de,2.103,2002-05-24,2002,5.7,16,309404,1,0,9365,2020-12-10
31130,Ben & Arthur,Ben & Arthur,en,2.626,2002-09-09,2002,2.3,41,364986,1,0,9343,2020-11-28
2135,The Time Machine,The Time Machine,en,21.761,2002-03-04,2002,6.257,2263,268695,1,0,9620,2021-04-04
29092,Planet of the Erotic Ape,Planet of the Erotic Ape,en,1.634,2002-01-01,2002,4.2,5,376078,3,0,9754,2021-04-30
1957,Enough,Enough,en,16.473,2002-05-21,2002,6.7,1141,278435,2,1,9826,2021-05-14
4614,The Sum of All Fears,The Sum of All Fears,en,23.649,2002-05-31,2002,6.349,1724,164184,1,0,10041,2021-09-08
37964,Brown Sugar,Brown Sugar,en,9.639,2002-10-05,2002,6.7,115,297037,2,0,9903,2021-06-19
17906,Dummy,Dummy,en,5.319,2002-09-12,2002,5.9,89,246592,3,0,9919,2021-06-29
11870,Big Fat Liar,Big Fat Liar,en,18.827,2002-02-08,2002,5.8,805,265298,3,0,9990,2021-08-03
45069,Hysterical Blindness,Hysterical Blindness,en,5.351,2002-01-16,2002,6.043,30,290664,3,0,10141,2021-11-25
9257,S.W.A.T.,S.W.A.T.,en,26.394,2003-08-08,2003,6.157,2488,257076,3,0,41,2008-07-20
11329,Runaway Jury,Runaway Jury,en,20.966,2003-01-16,2003,6.926,1271,313542,1,0,45,2008-07-20
9654,The Italian Job,The Italian Job,en,33.471,2003-05-30,2003,6.774,5518,317740,1,0,48,2008-07-20
277,Underworld,Underworld,en,37.742,2003-09-19,2003,6.831,6116,320691,3,1,44,2008-07-20
1647,The Recruit,The Recruit,en,14.859,2003-01-31,2003,6.366,1719,292506,1,0,55,2008-07-20
604,The Matrix Reloaded,The Matrix Reloaded,en,55.131,2003-05-15,2003,7.053,11003,234215,2,0,58,2008-07-21
605,The Matrix Revolutions,The Matrix Revolutions,en,51.149,2003-11-05,2003,6.731,9923,242653,3,0,59,2008-07-21
36658,X2,X2,en,1.6,2003-04-27,2003,7.035,10134,290334,3,,102,2008-07-30
6038,Shanghai Knights,Shanghai Knights,en,18.192,2003-02-06,2003,6.134,2249,300471,1,,123,2008-08-01
2832,Identity,Identity,en,25.871,2003-04-25,2003,7.185,3872,309698,1,,126,2008-08-01
310,Bruce Almighty,Bruce Almighty,en,47.979,2003-05-23,2003,6.717,10712,315327,3,,142,2008-08-03
122,The Lord of the Rings: The Return of the King,The Lord of the Rings: The Return of the King,en,153.581,2003-12-17,2003,8.483,24393,167260,1,,248,2009-01-02
504,Monster,Monster,en,19.577,2003-12-24,2003,7.215,2312,340855,3,,271,2009-02-05
8696,Calendar Girls,Calendar Girls,en,12.187,2003-09-02,2003,6.545,380,337909,3,,292,2009-03-03
13398,Tokyo Godfathers,東京ゴッドファーザーズ,ja,27.247,2003-12-05,2003,7.91,1287,388473,3,,299,2009-03-18
9341,The Core,The Core,en,22.689,2003-03-28,2003,5.8,1883,298814,3,,320,2009-05-04
4256,Scary Movie 3,Scary Movie 3,en,34.54,2003-10-24,2003,6.0,4079,306047,3,,325,2009-05-17
1996,Lara Croft: Tomb Raider - The Cradle of Life,Lara Croft: Tomb Raider - The Cradle of Life,en,21.859,2003-07-21,2003,5.745,4200,325703,3,0,411,2009-08-03
24,Kill Bill: Vol. 1,Kill Bill: Vol. 1,en,53.379,2003-10-10,2003,8.0,17464,266697,3,0,508,2009-09-17
22,Pirates of the Caribbean: The Curse of the Black Pearl,Pirates of the Caribbean: The Curse of the Black Pearl,en,132.026,2003-07-09,2003,7.807,20712,325980,3,0,510,2009-09-20
14926,Uptown Girls,Uptown Girls,en,36.73,2003-08-15,2003,6.8,891,263757,3,0,624,2009-12-28
12,Finding Nemo,Finding Nemo,en,87.116,2003-05-30,2003,7.819,19317,266543,1,0,778,2010-05-03
508,Love Actually,Love Actually,en,71.153,2003-09-07,2003,7.111,6786,314331,3,0,779,2010-05-03
17473,The Room,The Room,en,13.698,2003-06-27,2003,4.022,1390,368226,3,0,837,2010-05-27
8619,Master and Commander: The Far Side of the World,Master and Commander: The Far Side of the World,en,21.878,2003-11-14,2003,7.158,3160,311113,0,0,841,2010-05-27
10934,Under the Tuscan Sun,Under the Tuscan Sun,en,17.698,2003-09-20,2003,6.9,871,328589,3,0,895,2010-06-04
9662,The Triplets of Belleville,Les Triplettes de Belleville,fr,14.094,2003-06-11,2003,7.4,935,286244,3,0,941,2010-06-12
14411,Sinbad: Legend of the Seven Seas,Sinbad: Legend of the Seven Seas,en,38.305,2003-07-02,2003,7.0,2046,165982,2,0,958,2010-06-17
302,Swimming Pool,Swimming Pool,en,13.903,2003-05-21,2003,6.497,700,324133,3,0,983,2010-06-26
153,Lost in Translation,Lost in Translation,en,39.316,2003-09-18,2003,7.4,7351,335266,3,1,1041,2010-07-03
14873,The Jungle Book 2,The Jungle Book 2,en,20.703,2003-02-07,2003,5.9,1131,283426,0,0,1061,2010-07-04
11375,Hollywood Homicide,Hollywood Homicide,en,16.815,2003-06-09,2003,5.213,630,329717,1,0,1073,2010-07-04
12456,The Five Obstructions,De fem benspænd,da,5.886,2003-11-07,2003,6.905,153,354575,0,0,1225,2010-07-22
8326,Holes,Holes,en,19.373,2003-04-18,2003,6.861,1381,311289,2,0,1136,2010-07-09
9919,How to Lose a Guy in 10 Days,How to Lose a Guy in 10 Days,en,46.32,2003-02-07,2003,6.8,3966,251127,3,0,1153,2010-07-10
21059,Girls Will Be Girls,Girls Will Be Girls,en,3.313,2003-07-05,2003,5.9,24,339071,3,0,1514,2010-08-28
11523,View from the Top,View from the Top,en,10.61,2003-03-21,2003,5.5,550,264150,3,0,1432,2010-08-03
10330,Freaky Friday,Freaky Friday,en,25.211,2003-08-05,2003,6.5,3795,322330,3,0,1095,2010-07-04
17920,I Capture the Castle,I Capture the Castle,en,7.764,2003-05-09,2003,6.8,88,300015,3,0,1450,2010-08-08
2289,Cold Mountain,Cold Mountain,en,18.363,2003-12-24,2003,6.9,1771,159365,3,0,1458,2010-08-10
11820,Mona Lisa Smile,Mona Lisa Smile,en,17.543,2003-12-19,2003,6.9,1731,304415,3,0,1460,2010-08-11
246,Zatoichi,座頭市,ja,16.285,2003-09-06,2003,7.247,857,363226,2,0,1527,2010-09-04
10981,Nothing,Nothing,en,6.787,2003-09-09,2003,5.8,105,298482,0,0,1541,2010-09-06
29556,Rats,Rats,en,3.327,2003-01-15,2003,4.152,33,277986,3,0,1473,2010-08-17
10720,Down with Love,Down with Love,en,14.011,2003-05-08,2003,6.1,712,309530,3,0,1400,2010-07-28
616,The Last Samurai,The Last Samurai,en,46.84,2003-12-05,2003,7.6,6872,325710,0,0,1404,2010-07-28
12146,The Missing,The Missing,en,17.89,2003-11-26,2003,6.319,618,338188,3,0,1467,2010-08-13
35021,The Old Fairy Tale: When the Sun Was God,Stara baśń. Kiedy Słońce było bogiem,pl,2.83,2003-09-19,2003,4.9,33,380726,2,0,1610,2010-09-27
11659,The Best of Youth,La meglio gioventù,it,10.444,2003-06-22,2003,8.098,537,346336,3,0,1767,2010-11-19
10327,"Legally Blonde 2: Red, White & Blonde","Legally Blonde 2: Red, White & Blonde",en,30.563,2003-07-02,2003,5.7,1577,333780,3,0,1858,2010-12-19
12279,Spy Kids 3-D: Game Over,Spy Kids 3-D: Game Over,en,22.101,2003-07-25,2003,5.122,2208,338459,3,0,1906,2011-01-13
9499,Le Divorce,Le Divorce,en,8.751,2003-08-08,2003,4.946,149,306734,3,0,1997,2011-02-06
338,"Good Bye, Lenin!","Good Bye, Lenin!",de,22.085,2003-02-13,2003,7.6,2407,301357,3,0,2044,2011-02-15
8698,The League of Extraordinary Gentlemen,The League of Extraordinary Gentlemen,en,19.414,2003-07-11,2003,5.971,4035,311429,0,0,2097,2011-03-08
446,Distant Lights,Lichter,de,4.237,2003-02-11,2003,7.417,30,351238,3,1,2107,2011-03-10
9480,Daredevil,Daredevil,en,23.332,2003-02-14,2003,5.268,5074,287978,0,0,2193,2011-04-17
10944,In the Cut,In the Cut,en,13.954,2003-10-22,2003,5.1,418,199626,3,0,2262,2011-05-01
4552,A Tale of Two Sisters,"장화, 홍련",ko,23.905,2003-06-13,2003,7.087,1181,365376,3,0,2320,2011-05-20
11023,Thirteen,Thirteen,en,18.519,2003-08-20,2003,6.63,1612,328538,3,0,2380,2011-06-10
8991,Undead,Undead,en,4.99,2003-09-04,2003,5.4,223,339840,3,0,2381,2011-06-10
587,Big Fish,Big Fish,en,31.12,2003-12-25,2003,7.761,7204,319061,1,0,2402,2011-06-16
11042,The Barbarian Invasions,Les Invasions barbares,fr,10.752,2003-09-24,2003,7.058,369,338135,3,0,2499,2011-07-07
6964,Something's Gotta Give,Something's Gotta Give,en,15.423,2003-12-12,2003,6.6,1578,337741,3,1,2500,2011-07-07
28026,Prey for Rock & Roll,Prey for Rock & Roll,en,2.663,2003-09-26,2003,4.9,26,307351,3,1,2510,2011-07-07
553,Dogville,Dogville,en,12.843,2003-05-21,2003,7.8,2419,276919,3,0,2515,2011-07-11
13537,Shattered Glass,Shattered Glass,en,11.586,2003-11-14,2003,7.0,423,323944,2,0,2521,2011-07-12
252549,Sunset Story,Sunset Story,en,0.485,2003-10-09,2003,0.0,0,368310,3,0,2564,2011-07-22
11093,House of Sand and Fog,House of Sand and Fog,en,12.193,2003-12-19,2003,7.158,764,315983,3,0,2611,2011-08-14
24092,2LDK,2LDK,ja,6.493,2003-04-11,2003,6.9,88,362387,3,0,2741,2011-10-06
9358,Final Destination 2,Final Destination 2,en,32.242,2003-01-31,2003,6.241,4072,309593,3,0,2821,2011-11-02
38244,Casa de los Babys,Casa de los Babys,en,5.097,2003-09-19,2003,5.5,28,303830,3,0,2844,2011-11-16
13156,Secondhand Lions,Secondhand Lions,en,19.33,2003-09-19,2003,7.169,759,327137,1,0,2890,2011-12-02
1278,The Dreamers,The Dreamers,en,45.733,2003-09-01,2003,7.2,2858,309987,2,1,2891,2011-12-02
54772,Tough Luck,Tough Luck,en,2.197,2004-11-03,2004,6.1,12,376263,0,0,2901,2011-12-04
3635,Girl with a Pearl Earring,Girl with a Pearl Earring,en,15.047,2003-12-12,2003,6.602,1368,335119,3,0,2957,2011-12-26
10601,Peter Pan,Peter Pan,en,31.832,2003-12-18,2003,7.155,2614,316396,3,0,2979,2012-01-10
638750,It's Better to Be Wanted for Murder Than Not to Be Wanted at All,It's Better to Be Wanted for Murder Than Not to Be Wanted at All,en,0.599,2003-04-01,2003,0.0,0,339882,1,1,3137,2012-03-22
48567,Scary Godmother: Halloween Spooktakular,Scary Godmother: Halloween Spooktakular,en,5.235,2003-10-22,2003,7.4,41,330859,3,0,3201,2012-04-23
1927,Hulk,Hulk,en,40.099,2003-06-19,2003,5.556,5788,286716,1,0,3227,2012-05-05
9471,Charlie's Angels: Full Throttle,Charlie's Angels: Full Throttle,en,38.62,2003-06-25,2003,5.472,3036,305357,3,0,3263,2012-05-16
1584,School of Rock,School of Rock,en,30.329,2003-10-03,2003,7.084,5642,332379,3,1,3421,2012-07-12
11351,Jeepers Creepers 2,Jeepers Creepers 2,en,38.14,2003-08-08,2003,6.156,1649,301470,3,0,3542,2012-09-23
296,Terminator 3: Rise of the Machines,Terminator 3: Rise of the Machines,en,45.423,2003-07-02,2003,6.2,6649,181852,3,0,3630,2012-10-27
9902,Wrong Turn,Wrong Turn,en,47.728,2003-05-30,2003,6.362,2702,295700,3,0,3645,2012-11-02
10708,Daddy Day Care,Daddy Day Care,en,17.446,2003-05-09,2003,5.9,2105,317303,3,0,3700,2012-12-01
37910,Voices of a Distant Star,ほしのこえ,ja,16.675,2002-02-02,2002,6.528,299,370754,0,0,3773,2012-12-26
322,Mystic River,Mystic River,en,26.389,2003-10-07,2003,7.7,6676,327056,3,0,3848,2013-01-22
16932,After You,Après vous...,fr,4.78,2003-12-17,2003,5.995,91,344604,3,1,3902,2013-02-18
14652,Bon Voyage,Bon voyage,fr,6.145,2003-04-16,2003,6.3,86,310778,3,0,4035,2013-04-08
336568,Moi et mon blanc,Moi et mon blanc,fr,0.445,2003-05-19,2003,5.7,3,377094,1,0,4109,2013-04-27
6171,Dreamcatcher,Dreamcatcher,en,18.849,2003-03-21,2003,5.6,1731,285531,0,0,4161,2013-05-24
670,Oldboy,올드보이,ko,58.34,2003-11-21,2003,8.257,8717,364569,1,0,4183,2013-05-30
11049,Interstella 5555: The 5tory of the 5ecret 5tar 5ystem,Interstella 5555: The 5tory of the 5ecret 5tar 5ystem,en,15.352,2003-05-28,2003,7.8,446,368667,0,0,4184,2013-05-30
883,Coffee and Cigarettes,Coffee and Cigarettes,en,8.923,2004-03-12,2004,6.925,936,379217,3,0,4302,2013-07-03
59210,The Mother,The Mother,en,15.178,2003-11-14,2003,6.1,56,323298,3,0,4349,2013-07-15
10623,Cradle 2 the Grave,Cradle 2 the Grave,en,22.067,2003-02-28,2003,6.104,912,306685,1,0,4378,2013-07-21
9316,Ong-Bak,องค์บาก,th,39.15,2003-01-21,2003,7.13,1682,368909,0,0,5141,2014-02-06
33339,Camp,Camp,en,5.232,2003-09-05,2003,5.5,82,342167,3,0,4511,2013-08-27
9562,Timeline,Timeline,en,13.694,2003-11-26,2003,5.7,1063,300556,1,0,4502,2013-08-24
18087,Pride and Prejudice,Pride and Prejudice,en,4.119,2003-12-05,2003,4.7,34,366920,3,0,4562,2013-09-12
4972,The Green Butchers,De grønne slagtere,da,12.304,2003-03-08,2003,7.1,280,342492,1,0,4723,2013-10-20
200806,Malibu Spring Break,Malibu Spring Break,en,1.11,2003-01-01,2003,1.8,4,379363,3,0,4745,2013-10-28
584,2 Fast 2 Furious,2 Fast 2 Furious,en,6.608,2003-06-05,2003,6.505,7468,322259,1,0,4820,2013-11-13
6443,The Forest for the Trees,Der Wald vor lauter Bäumen,de,3.32,2004-09-16,2004,6.6,43,386862,3,0,4829,2013-11-15
470,21 Grams,21 Grams,en,12.4,2003-09-06,2003,7.3,3112,315733,3,1,4845,2013-11-17
10727,Darkness Falls,Darkness Falls,en,19.767,2003-01-24,2003,5.592,592,282209,1,0,4868,2013-11-24
113,"Spring, Summer, Fall, Winter... and Spring",봄 여름 가을 겨울 그리고 봄,ko,25.271,2003-09-19,2003,7.8,1071,374546,1,0,4938,2013-12-11
11059,House of the Dead,House of the Dead,en,14.145,2003-04-11,2003,3.1,389,317676,2,0,5056,2014-01-08
1807,Elephant,Elephant,en,12.024,2003-09-20,2003,7.059,1889,363589,3,0,5107,2014-01-25
41198,"Turn Left, Turn Right",向左走．向右走,cn,3.916,2003-08-11,2003,7.2,31,367174,3,1,5278,2014-03-12
40823,The Man Who Copied,O Homem Que Copiava,pt,5.959,2003-06-13,2003,7.504,343,367859,2,0,5289,2014-03-16
4970,Gothika,Gothika,en,13.975,2003-11-21,2003,6.104,2280,348836,3,0,5360,2014-04-04
27079,High Roller: The Stu Ungar Story,Stuey,en,2.16,2003-05-01,2003,6.4,17,338467,3,1,5419,2014-04-25
31076,Fear and Trembling,Stupeur et tremblements,fr,6.909,2003-03-12,2003,6.4,120,318725,3,0,5422,2014-04-27
416386,Dies irae,Dies irae,fr,1.692,2003-10-01,2003,7.75,24,406709,0,0,5430,2014-05-02
2830,My Boss's Daughter,My Boss's Daughter,en,14.934,2003-08-21,2003,5.028,683,270980,3,0,5503,2014-05-27
10782,Basic,Basic,en,16.206,2003-04-18,2003,6.502,1027,264395,3,1,5567,2014-06-15
11775,Intolerable Cruelty,Intolerable Cruelty,en,9.782,2003-09-02,2003,5.9,1490,138524,3,0,5806,2014-10-05
10226,High Tension,Haute tension,fr,20.218,2003-06-18,2003,6.7,1299,338095,3,0,5819,2014-10-08
125233,An Unexpected Love,An Unexpected Love,en,4.301,2003-03-24,2003,5.0,18,329679,3,0,5825,2014-10-09
18736,The Lizzie McGuire Movie,The Lizzie McGuire Movie,en,20.454,2003-05-02,2003,6.3,1257,306841,3,0,6161,2015-03-23
37696,Fear X,Fear X,en,6.588,2003-01-13,2003,5.8,182,289944,1,0,6234,2015-05-07
2056,The Station Agent,The Station Agent,en,12.961,2003-12-05,2003,7.3,672,340377,3,0,6301,2015-06-08
20694,Rugrats Go Wild,Rugrats Go Wild,en,10.366,2003-06-13,2003,6.2,297,337711,3,0,6379,2015-07-31
9666,Ju-on: The Grudge 2,呪怨2,ja,12.347,2003-08-15,2003,6.412,329,367913,3,0,6446,2015-09-13
1428,Once Upon a Time in Mexico,Once Upon a Time in Mexico,en,19.969,2003-09-11,2003,6.292,2158,285823,1,0,6626,2015-12-24
9486,Johnny English,Johnny English,en,32.334,2003-03-14,2003,6.277,3455,274166,1,0,6662,2016-01-13
20032,Robot Stories,Robot Stories,en,1.433,2003-01-01,2003,4.8,21,301777,3,1,6698,2016-01-29
24190,Time of the Wolf,Le temps du loup,fr,5.888,2003-08-28,2003,6.062,178,324197,2,0,6745,2016-02-25
56616,"Goodbye, Dragon Inn",不散,zh,7.773,2003-12-12,2003,6.733,150,377556,0,0,6801,2016-03-26
11635,Old School,Old School,en,44.781,2003-02-21,2003,6.606,1848,302886,2,0,6986,2016-07-21
37609,The Cheetah Girls 2,The Cheetah Girls 2,en,11.836,2006-07-31,2006,6.271,400,800318,3,0,6995,2016-07-25
32526,Soldier's Girl,Soldier's Girl,en,6.917,2003-05-10,2003,7.0,89,324013,3,0,6997,2016-07-26
10009,Brother Bear,Brother Bear,en,51.758,2003-10-23,2003,7.3,5411,328880,0,0,7027,2016-08-06
11423,Memories of Murder,살인의 추억,ko,48.001,2003-05-02,2003,8.1,3840,353969,3,1,7093,2016-09-05
11197,Evil,Ondskan,sv,16.698,2003-09-16,2003,7.267,341,338309,1,0,7392,2017-01-13
2662,House of 1000 Corpses,House of 1000 Corpses,en,19.932,2003-04-11,2003,6.2,1599,251736,3,0,7512,2017-03-13
10735,What a Girl Wants,What a Girl Wants,en,30.37,2003-03-27,2003,6.266,1615,286788,1,0,7600,2017-05-02
8424,Love Me If You Dare,Jeux d'enfants,fr,11.149,2003-09-17,2003,7.232,1784,364517,1,0,7554,2017-04-03
20,My Life Without Me,My Life Without Me,en,12.777,2003-03-07,2003,6.0,466,314412,3,0,7666,2017-05-27
47159,Hot Wheels: World Race,Hot Wheels: World Race,en,3.396,2003-07-01,2003,7.4,25,377191,1,0,7726,2017-07-08
10147,Bad Santa,Bad Santa,en,28.414,2003-11-26,2003,6.5,2138,307987,0,0,7967,2017-12-25
10719,Elf,Elf,en,50.131,2003-11-07,2003,6.654,4096,319343,1,0,8002,2018-01-10
25300,I'm Not Scared,Io non ho paura,it,6.822,2003-02-08,2003,7.116,932,326977,3,0,8198,2018-05-11
6466,Freddy vs. Jason,Freddy vs. Jason,en,29.039,2003-08-15,2003,6.1,2588,329101,3,0,8242,2018-05-22
83,Open Water,Open Water,en,14.447,2003-10-26,2003,5.5,1054,374102,1,0,8315,2018-07-01
24078,Off the Map,Off the Map,en,1.486,2003-09-05,2003,6.5,31,332285,3,0,8292,2018-06-15
9506,Anger Management,Anger Management,en,18.407,2003-04-11,2003,6.14,3141,305224,1,0,8436,2018-10-13
5204,Kontroll,Kontroll,hu,9.596,2003-11-20,2003,7.164,253,373981,0,0,8530,2018-12-14
38376,Nathalie...,Nathalie...,fr,6.089,2003-09-11,2003,5.811,83,348853,3,0,8695,2019-04-04
10628,Kangaroo Jack,Kangaroo Jack,en,20.478,2003-01-17,2003,5.302,921,257568,1,0,8731,2019-05-01
25608,April's Shower,April's Shower,en,1.343,2003-10-15,2003,4.8,14,325007,3,0,8794,2019-07-23
77606,Right on Track,Right on Track,en,4.617,2003-03-21,2003,6.6,43,323810,3,0,8897,2019-11-15
11007,Cheaper by the Dozen,Cheaper by the Dozen,en,27.565,2003-12-24,2003,6.3,2773,349205,1,0,8865,2019-10-08
15016,Barbie of Swan Lake,Barbie of Swan Lake,en,25.376,2003-09-27,2003,7.004,1083,383206,3,0,8879,2019-11-02
15394,Owning Mahowny,Owning Mahowny,en,5.728,2003-05-02,2003,6.772,160,285861,1,0,8925,2019-12-08
28200,Sylvia,Sylvia,en,7.735,2003-10-17,2003,5.8,112,325055,3,1,9084,2020-04-17
12765,In This Very Moment,Milchwald,de,1.532,2003-02-10,2003,6.8,11,331698,3,0,9366,2020-12-10
5889,Azumi,あずみ,ja,11.693,2003-05-10,2003,6.865,329,384819,0,0,9549,2021-03-14
9567,Tears of the Sun,Tears of the Sun,en,30.411,2003-03-07,2003,6.9,2318,314353,3,0,9576,2021-03-20
20106,Mais qui a tué Pamela Rose ?,Mais qui a tué Pamela Rose ?,fr,5.762,2003-06-04,2003,6.08,324,338828,1,0,9586,2021-03-25
9620,Paycheck,Paycheck,en,11.699,2003-12-25,2003,6.208,1807,338337,2,0,9605,2021-04-03
62326,Boudica,Boudica,en,6.021,2003-10-12,2003,4.8,24,338806,3,0,9610,2021-04-03
19277,In Hell,In Hell,en,17.813,2003-11-24,2003,6.525,530,339135,0,0,9743,2021-04-29
8046,Gigli,Gigli,en,12.919,2003-08-01,2003,4.062,461,299930,0,0,9784,2021-05-02
12703,The Brown Bunny,The Brown Bunny,en,13.349,2004-04-07,2004,5.4,221,330099,3,0,9808,2021-05-12
36218,Pokémon: Jirachi - Wish Maker,劇場版ポケットモンスター アドバンスジェネレーション 七夜の願い星 ジラーチ,ja,15.251,2003-07-19,2003,6.5,260,420076,3,1,9981,2021-07-25
10588,The Cat in the Hat,The Cat in the Hat,en,32.049,2003-11-21,2003,5.267,1650,312528,3,0,9985,2021-07-26
8961,Bad Boys II,Bad Boys II,en,49.641,2003-07-18,2003,6.646,5481,172156,1,1,10055,2021-09-17
19187,The Hebrew Hammer,The Hebrew Hammer,en,6.664,2003-12-05,2003,5.4,62,317640,2,0,10153,2021-12-06
2048,"I, Robot","I, Robot",en,42.713,2004-07-15,2004,6.953,11792,343818,1,0,37,2008-07-20
9806,The Incredibles,The Incredibles,en,70.576,2004-10-27,2004,7.71,17697,317705,3,0,50,2008-07-20
435,The Day After Tomorrow,The Day After Tomorrow,en,37.545,2004-05-26,2004,6.5,8125,319262,3,,75,2008-07-28
1954,The Butterfly Effect,The Butterfly Effect,en,36.616,2004-01-17,2004,7.577,7538,289879,2,,104,2008-07-30
2502,The Bourne Supremacy,The Bourne Supremacy,en,34.155,2004-07-23,2004,7.324,7498,372183,2,,108,2008-07-30
2122,The Whole Ten Yards,The Whole Ten Yards,en,11.913,2004-04-07,2004,5.746,950,327247,1,,132,2008-08-02
38,Eternal Sunshine of the Spotless Mind,Eternal Sunshine of the Spotless Mind,en,74.546,2004-03-19,2004,8.1,15036,338013,2,,133,2008-08-02
11184,Kinsey,Kinsey,en,13.965,2004-09-04,2004,6.6,464,362269,3,,156,2008-08-10
809,Shrek 2,Shrek 2,en,116.43,2004-05-19,2004,7.282,12355,298148,3,,162,2008-08-11
10625,Mean Girls,Mean Girls,en,83.281,2004-04-30,2004,7.2,8813,377092,3,,199,2008-10-17
11282,Harold & Kumar Go to White Castle,Harold & Kumar Go to White Castle,en,20.143,2004-07-02,2004,6.5,2053,366551,3,,213,2008-11-02
4935,Howl's Moving Castle,ハウルの動く城,ja,74.784,2004-09-09,2004,8.403,9981,347149,3,,258,2009-01-17
1577,Resident Evil: Apocalypse,Resident Evil: Apocalypse,en,23.024,2004-09-10,2004,6.361,4329,318627,3,,281,2009-02-16
11823,Wimbledon,Wimbledon,en,12.14,2004-09-13,2004,6.22,993,360201,3,,342,2009-06-14
1404,Ae Fond Kiss...,Ae Fond Kiss...,en,5.828,2004-02-13,2004,6.5,120,380366,2,,349,2009-06-21
8699,Anchorman: The Legend of Ron Burgundy,Anchorman: The Legend of Ron Burgundy,en,22.68,2004-06-28,2004,6.706,4177,357413,3,,352,2009-06-22
11866,Flight of the Phoenix,Flight of the Phoenix,en,15.59,2004-12-17,2004,5.99,864,377062,0,0,472,2009-08-22
163,Ocean's Twelve,Ocean's Twelve,en,32.891,2004-12-09,2004,6.567,7266,349903,2,0,475,2009-08-22
393,Kill Bill: Vol. 2,Kill Bill: Vol. 2,en,46.527,2004-04-16,2004,7.9,13913,378194,3,0,509,2009-09-17
540,D.E.B.S.,D.E.B.S.,en,22.54,2005-03-25,2005,6.414,555,367631,3,0,551,2009-12-05
49007,Iron Jawed Angels,Iron Jawed Angels,en,7.671,2004-01-16,2004,7.0,77,338139,3,0,565,2009-12-17
13193,Saved!,Saved!,en,11.39,2004-06-11,2004,6.464,461,332375,3,0,638,2010-01-14
5137,Sky Captain and the World of Tomorrow,Sky Captain and the World of Tomorrow,en,13.847,2004-09-17,2004,5.9,1248,346156,3,0,682,2010-02-15
2539,Spanglish,Spanglish,en,13.818,2004-12-17,2004,6.01,1278,371246,3,0,746,2010-04-23
13702,A Dirty Shame,A Dirty Shame,en,16.555,2004-09-24,2004,5.3,276,365125,3,0,750,2010-04-24
12242,Mulan II,Mulan II,en,38.347,2004-11-03,2004,6.5,2360,279967,3,0,759,2010-04-26
12540,Bring It On Again,Bring It On Again,en,0.455,2004-01-13,2004,6.0,425,334965,3,0,763,2010-04-26
11036,The Notebook,The Notebook,en,102.656,2004-06-25,2004,7.889,11564,332280,3,1,781,2010-05-03
26275,Kamikaze Girls,下妻物語,ja,16.662,2004-05-29,2004,7.0,191,416220,3,0,785,2010-05-08
176,Saw,Saw,en,54.381,2004-10-01,2004,7.4,9248,387564,2,0,807,2010-05-14
14442,Ella Enchanted,Ella Enchanted,en,28.228,2004-04-09,2004,6.5,1840,327679,3,0,853,2010-05-27
10045,District B13,Banlieue 13,fr,17.991,2004-11-09,2004,6.813,1821,414852,0,0,868,2010-05-28
1599,I ♥ Huckabees,I ♥ Huckabees,en,10.64,2004-09-10,2004,6.264,642,356721,3,0,916,2010-06-07
42971,Mrs. Ashboro's Cat,Mrs. Ashboro's Cat,en,2.964,2003-10-26,2003,5.4,16,371835,3,0,4328,2013-07-10
1392,Born Into Brothels: Calcutta's Red Light Kids,Born Into Brothels: Calcutta's Red Light Kids,en,5.332,2004-12-08,2004,6.86,225,388789,3,0,933,2010-06-11
438,Cube Zero,Cube Zero,en,10.347,2004-10-10,2004,5.7,1038,377713,3,0,953,2010-06-16
652,Troy,Troy,en,85.189,2004-05-13,2004,7.2,10188,332452,1,0,956,2010-06-17
7131,Van Helsing,Van Helsing,en,60.034,2004-05-03,2004,6.4,6010,338526,3,0,957,2010-06-17
9528,Ladies in Lavender,Ladies in Lavender,en,7.784,2004-11-12,2004,6.4,129,377084,3,0,966,2010-06-20
747,Shaun of the Dead,Shaun of the Dead,en,40.095,2004-04-09,2004,7.5,8490,365748,3,0,1001,2010-06-28
11130,The Princess Diaries 2: Royal Engagement,The Princess Diaries 2: Royal Engagement,en,28.913,2004-08-06,2004,6.687,3217,368933,3,0,1021,2010-07-02
314,Catwoman,Catwoman,en,20.61,2004-07-22,2004,4.611,3325,327554,3,0,1027,2010-07-03
21385,"Mickey, Donald, Goofy: The Three Musketeers","Mickey, Donald, Goofy: The Three Musketeers",en,23.093,2004-08-04,2004,6.7,932,371823,2,0,1060,2010-07-04
19416,Double Dare,Double Dare,en,3.343,2004-03-13,2004,6.7,29,365135,3,0,1348,2010-07-26
14337,Primer,Primer,en,13.137,2004-10-08,2004,6.771,2152,390384,1,0,1420,2010-08-01
1824,50 First Dates,50 First Dates,en,38.281,2004-02-13,2004,6.865,7189,343660,2,0,1205,2010-07-20
15058,Speak,Speak,en,17.57,2004-01-20,2004,7.0,460,378793,3,0,1220,2010-07-22
9890,The Stepford Wives,The Stepford Wives,en,15.968,2004-06-10,2004,5.687,1311,327162,3,0,1131,2010-07-09
70,Million Dollar Baby,Million Dollar Baby,en,29.518,2004-12-15,2004,7.957,9577,405159,3,0,1148,2010-07-10
10204,Around the World in 80 Days,Around the World in 80 Days,en,21.163,2004-06-16,2004,5.933,2507,327437,1,0,1592,2010-09-22
1901,In Good Company,In Good Company,en,13.811,2004-12-29,2004,6.0,613,385267,1,0,1096,2010-07-04
33623,Innocence,Innocence,fr,5.993,2005-01-12,2005,6.504,116,375233,3,0,1461,2010-08-11
2789,The Chronicles of Riddick,The Chronicles of Riddick,en,14.457,2004-06-11,2004,6.529,4062,296572,2,0,1539,2010-09-06
11534,Tropical Malady,สัตว์ประหลาด,th,9.189,2004-06-24,2004,6.724,127,381668,0,0,1498,2010-08-23
14292,Miracle,Miracle,en,12.753,2004-02-06,2004,7.068,594,349825,1,0,1597,2010-09-23
28769,A Christmas Carol,A Christmas Carol,en,7.209,2004-11-28,2004,6.4,45,406649,1,0,1084,2010-07-04
2841,A Very Long Engagement,Un long dimanche de fiançailles,fr,16.434,2004-10-27,2004,7.337,1201,344510,3,0,1670,2010-10-18
558,Spider-Man 2,Spider-Man 2,en,34.18,2004-06-25,2004,7.287,15171,316654,1,0,1731,2010-11-04
11247,A Cinderella Story,A Cinderella Story,en,32.821,2004-07-16,2004,6.566,3209,356470,3,0,1740,2010-11-06
613,Downfall,Der Untergang,de,17.487,2004-09-16,2004,7.859,3855,363163,3,1,1748,2010-11-10
11633,Appleseed,アップルシード,ja,12.524,2004-04-17,2004,6.7,348,401233,3,0,1763,2010-11-18
1918,Or (My Treasure),אור,he,3.52,2004-09-09,2004,6.9,19,388311,3,0,1798,2010-11-30
866,Finding Neverland,Finding Neverland,en,17.328,2004-10-17,2004,7.322,3540,308644,3,0,1871,2010-12-25
10797,Terkel in Trouble,Terkel i knibe,da,10.552,2004-04-02,2004,6.458,120,386820,1,0,1890,2011-01-04
2288,Closer,Closer,en,22.728,2004-12-03,2004,6.83,3424,376541,3,0,2032,2011-02-15
594,The Terminal,The Terminal,en,29.125,2004-06-17,2004,7.344,7908,362227,1,0,2035,2011-02-15
9709,My Summer of Love,My Summer of Love,en,12.646,2005-05-05,2005,6.1,281,382189,3,0,2041,2011-02-15
11774,Lemony Snicket's A Series of Unfortunate Events,Lemony Snicket's A Series of Unfortunate Events,en,30.416,2004-12-16,2004,6.8,4993,339291,3,0,2047,2011-02-15
5552,Immortal,Immortel (ad vitam),fr,10.947,2004-03-13,2004,5.7,404,314063,3,0,2080,2011-02-28
395,AVP: Alien vs. Predator,AVP: Alien vs. Predator,en,31.859,2004-08-12,2004,5.9,4449,370263,3,1,2240,2011-04-24
9675,Sideways,Sideways,en,12.579,2004-10-22,2004,7.091,1666,375063,3,0,2249,2011-04-28
401,Garden State,Garden State,en,11.295,2004-07-28,2004,7.082,1834,333766,3,0,2266,2011-05-03
8193,Napoleon Dynamite,Napoleon Dynamite,en,16.81,2004-06-11,2004,6.773,1881,374900,1,0,2323,2011-05-21
673,Harry Potter and the Prisoner of Azkaban,Harry Potter and the Prisoner of Azkaban,en,167.828,2004-05-31,2004,8.016,21669,304141,3,0,2333,2011-05-24
3989,Team America: World Police,Team America: World Police,en,15.843,2004-10-10,2004,6.715,1850,372588,2,0,2386,2011-06-10
15184,A Good Woman,A Good Woman,en,10.888,2004-09-15,2004,6.3,164,379306,3,0,2441,2011-06-25
9833,The Phantom of the Opera,The Phantom of the Opera,en,29.112,2004-12-08,2004,7.249,1628,293508,2,1,2448,2011-06-27
27799,Hana and Alice,花とアリス,ja,11.296,2004-03-13,2004,7.0,110,407851,3,0,2452,2011-06-28
18923,A Home at the End of the World,A Home at the End of the World,en,4.933,2004-07-23,2004,6.5,158,359423,3,1,2501,2011-07-07
13073,Palindromes,Palindromes,en,6.092,2005-03-09,2005,6.2,153,362004,1,0,2503,2011-07-07
34207,Duck Season,Temporada de patos,es,5.212,2004-10-22,2004,7.0,67,407246,1,0,2514,2011-07-10
1538,Collateral,Collateral,en,31.471,2004-08-04,2004,7.2,5610,369339,1,0,2544,2011-07-16
19316,Saving Face,Saving Face,en,9.572,2004-09-12,2004,7.3,218,384504,3,0,2608,2011-08-13
11109,Vera Drake,Vera Drake,en,10.071,2004-10-22,2004,7.179,358,383694,3,0,2612,2011-08-14
33908,Three... Extremes,"쓰리, 몬스터",ko,8.205,2004-08-20,2004,6.8,365,420251,3,0,2768,2011-10-15
11171,Mysterious Skin,Mysterious Skin,en,39.087,2005-03-30,2005,7.639,1070,370986,1,0,2817,2011-11-01
363,Head-On,Gegen die Wand,de,11.193,2004-03-11,2004,7.454,558,347048,3,0,2871,2011-11-26
9759,Cellular,Cellular,en,20.198,2004-09-06,2004,6.384,1904,337921,3,0,2921,2011-12-13
11099,The Final Cut,The Final Cut,en,13.983,2004-10-15,2004,6.0,695,364343,2,0,2946,2011-12-21
11328,Pusher II,Pusher II,da,20.212,2004-12-25,2004,7.2,444,396184,3,0,2995,2012-01-17
26347,Notre Musique,Notre musique,fr,3.765,2004-11-24,2004,6.7,37,360845,1,0,3040,2012-02-11
1677,Ray,Ray,en,20.203,2004-10-29,2004,7.445,1986,350258,3,1,3130,2012-03-19
924,Dawn of the Dead,Dawn of the Dead,en,40.364,2004-03-19,2004,7.055,4020,363547,3,0,3153,2012-03-31
11025,New York Minute,New York Minute,en,16.425,2004-05-07,2004,6.18,885,363282,3,0,3198,2012-04-22
844,2046,2046,zh,17.327,2004-10-29,2004,7.2,903,212712,3,0,3234,2012-05-08
2567,The Aviator,The Aviator,en,22.762,2004-12-17,2004,7.225,5338,338751,1,0,3261,2012-05-16
436,Maria Full of Grace,"María, llena eres de gracia",es,13.742,2004-01-18,2004,7.2,387,390221,3,0,3311,2012-06-03
9953,A Love Song for Bobby Long,A Love Song for Bobby Long,en,9.231,2004-09-02,2004,6.7,370,369672,3,0,3314,2012-06-03
28633,The Third Society,The Third Society,en,0.287,2002-10-05,2002,0.0,0,221637,1,0,3423,2012-07-15
11024,Scooby-Doo 2: Monsters Unleashed,Scooby-Doo 2: Monsters Unleashed,en,20.819,2004-03-24,2004,6.1,2725,331632,3,0,3450,2012-07-27
4599,Raising Helen,Raising Helen,en,17.408,2004-05-27,2004,6.138,654,350028,3,0,3454,2012-07-29
9470,Kung Fu Hustle,功夫,cn,37.399,2004-02-10,2004,7.5,2803,373074,0,0,3554,2012-09-27
1280,3-Iron,빈집,ko,18.926,2004-10-15,2004,7.8,1143,423866,1,0,3557,2012-09-27
49214,Once Upon a Time in High School,말죽거리 잔혹사,ko,11.942,2004-01-15,2004,7.3,81,390205,1,0,3565,2012-09-30
1640,Crash,Crash,en,19.501,2005-05-06,2005,7.223,3467,375679,3,0,3609,2012-10-17
1970,The Grudge,The Grudge,en,18.853,2004-10-22,2004,5.91,2941,391198,3,0,3642,2012-11-01
10096,13 Going on 30,13 Going on 30,en,34.433,2004-04-13,2004,6.749,5124,337563,3,0,3656,2012-11-04
65513,The Returned,Les Revenants,fr,5.341,2004-10-27,2004,5.511,93,378661,3,0,3705,2012-12-03
12924,The Place Promised in Our Early Days,雲のむこう、約束の場所,ja,15.37,2004-11-20,2004,6.6,508,381348,1,0,3772,2012-12-26
41568,Tales from the Crapper,Tales from the Crapper,en,2.575,2004-01-29,2004,4.4,17,338479,3,1,3833,2013-01-15
5255,The Polar Express,The Polar Express,en,115.406,2004-11-10,2004,6.723,6373,338348,1,0,3971,2013-03-11
4836,Layer Cake,Layer Cake,en,19.867,2004-09-30,2004,6.9,2097,375912,1,0,4011,2013-03-24
15673,Connie and Carla,Connie and Carla,en,5.523,2004-04-16,2004,5.9,91,345074,3,0,4059,2013-04-15
20125,Gladiatress,Gladiatress,en,2.332,2004-08-19,2004,3.6,22,339072,3,0,4083,2013-04-24
3040,Night Watch,Ночной дозор,ru,14.839,2004-07-08,2004,6.241,727,403358,1,0,4249,2013-06-18
10361,Ginger Snaps 2: Unleashed,Ginger Snaps 2: Unleashed,en,11.26,2004-01-30,2004,6.413,315,353489,3,0,4292,2013-06-29
12153,White Chicks,White Chicks,en,89.813,2004-06-23,2004,6.9,4034,381707,3,0,4298,2013-07-02
1487,Hellboy,Hellboy,en,36.77,2004-04-02,2004,6.675,6870,167190,1,0,4338,2013-07-12
45404,He Was Cool,그 놈은 멋있었다,ko,3.465,2004-07-22,2004,6.6,28,415819,3,0,4368,2013-07-18
36290,Crimes of Fashion,Crimes of Fashion,en,2.584,2004-07-25,2004,4.481,37,414923,3,0,4389,2013-07-24
421,The Life Aquatic with Steve Zissou,The Life Aquatic with Steve Zissou,en,17.627,2004-12-10,2004,7.1,2871,362270,2,0,4408,2013-07-28
13700,Home on the Range,Home on the Range,en,31.163,2004-04-02,2004,6.1,2034,299172,3,0,4438,2013-08-04
60382,Bratz the Video: Starrin' & Stylin',Bratz the Video: Starrin' & Stylin',en,2.552,2004-08-03,2004,6.4,23,1469259,3,0,4453,2013-08-08
11045,Taxi,Taxi,en,36.313,2004-10-06,2004,5.589,1057,316732,3,0,4486,2013-08-17
16358,Eulogy,Eulogy,en,6.203,2004-10-15,2004,6.5,128,349416,3,0,4524,2013-08-30
1586,Secret Window,Secret Window,en,16.623,2004-03-12,2004,6.572,3610,363988,1,0,4525,2013-08-30
14024,Raise Your Voice,Raise Your Voice,en,12.753,2004-08-10,2004,6.542,830,361696,3,0,6150,2015-03-16
195833,Caribe,Caribe,es,1.023,2004-01-01,2004,6.0,10,439491,3,1,4565,2013-09-13
57825,Bride & Prejudice,Bride & Prejudice,en,14.265,2004-02-11,2004,6.5,371,361411,3,0,4571,2013-09-13
142689,Nemmeno il destino,Nemmeno il destino,en,1.329,2004-11-05,2004,6.0,2,435224,1,0,4587,2013-09-15
33636,Nina,Nina,pt,2.574,2004-01-28,2004,5.8,24,399412,3,0,4630,2013-09-27
21198,House of Voices,Saint Ange,fr,7.491,2004-06-23,2004,5.849,172,367000,3,0,4726,2013-10-21
8555,Creep,Creep,en,15.44,2004-08-10,2004,5.928,741,381966,3,0,4696,2013-10-14
44413,The Holy Girl,La niña santa,es,4.885,2004-05-06,2004,6.6,88,300270,3,0,4828,2013-11-15
6947,The Village,The Village,en,21.276,2004-07-30,2004,6.475,4189,368447,3,0,4842,2013-11-16
9801,Bridget Jones: The Edge of Reason,Bridget Jones: The Edge of Reason,en,19.272,2004-11-10,2004,6.236,2785,317198,3,0,4928,2013-12-08
10555,Shark Tale,Shark Tale,en,45.769,2004-09-20,2004,6.026,6335,307453,1,0,4979,2013-12-24
33137,In Search of Santa,In Search of Santa,en,2.967,2004-11-23,2004,4.5,9,439623,3,0,5038,2014-01-04
29404,Corpses,Corpses,en,1.456,2004-08-24,2004,4.0,7,409842,3,0,5047,2014-01-05
80,Before Sunset,Before Sunset,en,23.266,2004-06-16,2004,7.814,3387,381681,0,0,5117,2014-01-29
9472,DodgeBall: A True Underdog Story,DodgeBall: A True Underdog Story,en,21.565,2004-06-18,2004,6.357,3484,364725,3,0,5201,2014-02-24
693,Meet the Fockers,Meet the Fockers,en,33.279,2004-12-22,2004,6.247,4763,290002,3,0,5210,2014-02-27
2059,National Treasure,National Treasure,en,30.672,2004-11-19,2004,6.638,6327,368891,2,0,5336,2014-03-28
35949,Jennifer's Shadow,Jennifer's Shadow,en,0.828,2004-10-01,2004,4.2,10,382761,3,0,5392,2014-04-12
14207,The Librarian: Quest for the Spear,The Librarian: Quest for the Spear,en,20.35,2004-07-12,2004,6.3,632,412915,3,1,5401,2014-04-15
10589,After the Sunset,After the Sunset,en,16.42,2004-11-12,2004,6.163,755,367479,3,0,5550,2014-06-08
11081,Taking Lives,Taking Lives,en,14.931,2004-03-19,2004,6.381,1606,364045,2,0,6149,2015-03-15
8981,Dear Frankie,Dear Frankie,en,7.638,2004-05-18,2004,7.051,195,377752,3,0,5573,2014-06-18
9541,Jersey Girl,Jersey Girl,en,11.516,2004-03-25,2004,6.183,1033,300051,2,0,5609,2014-07-01
21379,Bionicle 2: Legends of Metru Nui,BIONICLE 2: Legends of Metru Nui,en,5.658,2004-10-21,2004,5.9,90,387658,0,0,5629,2014-07-12
4553,The Machinist,The Machinist,en,25.679,2004-07-02,2004,7.526,5571,361862,1,0,5659,2014-07-30
13505,The Perfect Score,The Perfect Score,en,12.178,2004-01-30,2004,5.8,461,314498,3,1,5673,2014-08-01
20912,She Hate Me,She Hate Me,en,8.636,2004-07-30,2004,5.1,107,384533,2,0,5824,2014-10-09
18701,Being Julia,Being Julia,en,8.274,2004-09-03,2004,6.449,108,340012,3,0,5877,2014-10-27
1966,Alexander,Alexander,en,25.911,2004-11-21,2004,5.9,3259,346491,1,0,5920,2014-11-13
17111,Shutter,ชัตเตอร์ กดติดวิญญาณ,th,32.287,2004-09-09,2004,7.294,1224,440803,1,0,5952,2014-12-01
13673,Christmas with the Kranks,Christmas with the Kranks,en,44.139,2004-11-24,2004,6.146,1190,388419,3,0,5968,2014-12-08
4251,Veer-Zaara,वीर-ज़ारा,hi,17.188,2004-11-12,2004,7.4,268,420332,3,0,5976,2014-12-10
15774,Swades,स्वदेस,hi,8.599,2004-12-17,2004,7.274,323,367110,3,0,5988,2014-12-17
10762,Without a Paddle,Without a Paddle,en,13.278,2004-08-20,2004,5.6,641,364751,3,1,6008,2015-01-01
26962,Puppet Master vs Demonic Toys,Puppet Master vs Demonic Toys,en,7.755,2004-12-18,2004,4.7,80,431340,3,0,6070,2015-01-27
11430,The Lion King 1½,The Lion King 1½,en,62.87,2004-02-06,2004,6.6,2972,318403,1,0,6077,2015-01-27
49643,Mango Kiss,Mango Kiss,en,1.809,2004-04-24,2004,3.8,6,304377,3,0,6257,2015-05-20
15165,Barbie as The Princess & the Pauper,Barbie as The Princess & the Pauper,en,33.089,2004-09-28,2004,7.46,1470,426955,3,0,6312,2015-06-14
11137,The Prince & Me,The Prince & Me,en,15.759,2004-03-28,2004,6.198,990,337697,1,0,6700,2016-01-30
139240,All the Ships at Sea,All the Ships at Sea,en,0.455,2004-02-07,2004,5.4,5,459175,3,0,6739,2016-02-21
27,9 Songs,9 Songs,en,37.204,2004-07-16,2004,5.603,517,411705,0,0,6748,2016-02-26
1944,The Door in the Floor,The Door in the Floor,en,10.2,2004-07-18,2004,6.1,209,348593,1,0,6842,2016-04-20
16907,Naruto the Movie: Ninja Clash in the Land of Snow,劇場版 NARUTO 大活劇! 雪姫忍法帖だってばよ!!,ja,26.167,2004-08-21,2004,7.203,548,476680,3,0,6907,2016-05-28
1913,The Sea Inside,Mar adentro,es,8.717,2004-09-03,2004,7.571,912,369702,3,0,6923,2016-06-08
12877,Dead Man's Shoes,Dead Man's Shoes,en,9.789,2004-09-29,2004,7.1,537,419677,1,0,7119,2016-09-15
842,The Assassination of Richard Nixon,The Assassination of Richard Nixon,en,8.791,2004-05-17,2004,6.482,278,364961,1,1,7145,2016-09-26
20695,Blessed,Blessed,en,4.241,2004-05-16,2004,4.8,47,390450,3,0,7234,2016-11-02
11052,Yu-Gi-Oh! The Movie,Yu-Gi-Oh! The Movie,en,20.369,2004-08-13,2004,6.1,341,403703,0,0,7206,2016-10-17
12653,Romasanta: The Werewolf Hunt,Romasanta,en,4.918,2004-05-13,2004,5.066,98,374180,2,0,7342,2016-12-20
26108,Stage Beauty,Stage Beauty,en,5.411,2004-09-03,2004,6.7,132,368658,2,0,7471,2017-02-22
11836,The SpongeBob SquarePants Movie,The SpongeBob SquarePants Movie,en,55.183,2004-11-19,2004,7.0,2891,345950,3,0,7478,2017-03-03
9893,Sleepover,Sleepover,en,18.026,2004-07-09,2004,6.0,480,368975,3,1,7602,2017-05-04
75160,A Separate Peace,A Separate Peace,en,2.663,2004-09-12,2004,4.8,8,328400,0,0,7612,2017-05-21
9393,Before the Fall,Napola - Elite für den Führer,de,15.179,2004-07-04,2004,7.005,316,384369,1,0,7617,2017-05-21
24363,House of D,House of D,en,8.466,2005-04-29,2005,6.2,140,372334,1,0,7639,2017-05-21
16617,Mindhunters,Mindhunters,en,13.738,2004-05-07,2004,6.476,1173,297284,1,0,7648,2017-05-21
17110,One Point O,One Point O,en,7.423,2004-03-16,2004,5.646,127,317042,1,0,7653,2017-05-21
10677,Dirty Dancing: Havana Nights,Dirty Dancing: Havana Nights,en,13.909,2004-02-27,2004,6.4,652,338096,3,0,7668,2017-05-29
7220,The Punisher,The Punisher,en,29.136,2004-04-15,2004,6.3,2821,330793,1,0,7790,2017-08-31
36648,Blade: Trinity,Blade: Trinity,en,33.65,2004-12-08,2004,5.9,3896,359013,3,0,7926,2017-11-26
276,The Edukators,Die fetten Jahre sind vorbei,de,8.428,2004-10-25,2004,7.144,336,408777,3,1,7944,2017-12-13
615,The Passion of the Christ,The Passion of the Christ,en,56.84,2004-02-25,2004,7.501,4604,335345,3,0,8132,2018-03-22
66926,Hungarian Vagabond,Magyar vándor,hu,1.343,2004-02-05,2004,5.7,15,370919,0,0,8545,2018-12-14
143961,Stop Mom Theresa!,Állítsátok meg Terézanyut!,en,0.728,2004-12-16,2004,4.333,3,379071,2,0,8546,2018-12-14
16635,In My Country,In My Country,en,4.335,2004-05-04,2004,6.198,43,349260,3,0,8680,2019-03-21
52251,Hotel,Hotel,de,4.976,2004-07-25,2004,5.8,43,415855,3,0,8610,2019-01-21
37859,MXP: Most Xtreme Primate,MXP: Most Xtreme Primate,en,4.202,2004-01-20,2004,4.9,29,330588,1,0,8888,2019-11-10
115626,Stuck in the Suburbs,Stuck in the Suburbs,en,9.531,2004-07-16,2004,6.0,208,410696,3,0,8959,2020-01-12
12657,Soul Plane,Soul Plane,en,16.653,2004-05-28,2004,5.386,429,367085,3,0,9120,2020-05-06
34065,Pokémon: Destiny Deoxys,劇場版ポケットモンスター アドバンスジェネレーション 裂空の訪問者 デオキシス,ja,14.708,2004-07-22,2004,6.6,256,435286,1,0,9191,2020-07-05
11358,Walking Tall,Walking Tall,en,21.575,2004-04-02,2004,6.3,1497,351977,1,0,9323,2020-11-06
153770,Marseille,Marseille,de,2.969,2004-09-23,2004,6.6,16,360779,3,0,9363,2020-12-10
27275,G.O.R.A.,G.O.R.A.,tr,9.515,2004-11-12,2004,7.34,322,384116,2,0,9425,2021-01-15
11132,Confessions of a Teenage Drama Queen,Confessions of a Teenage Drama Queen,en,16.923,2004-02-17,2004,5.7,892,361467,3,0,9480,2021-02-16
56527,Skeleton Man,Skeleton Man,en,2.35,2004-03-01,2004,3.242,31,372832,3,0,9509,2021-03-07
9352,EuroTrip,EuroTrip,en,32.274,2004-02-20,2004,6.597,2574,356150,1,0,9527,2021-03-14
9596,"Daniel, the Wizard","Daniel, der Zauberer",de,2.602,2004-08-12,2004,1.4,51,421051,1,0,9685,2021-04-27
63816,M. Kumaran S/O Mahalakshmi,M. குமரன் Son of Mahalakshmi,ta,3.139,2004-09-03,2004,6.7,25,459449,2,0,9960,2021-07-11
31097,The Pleasure Drivers,The Pleasure Drivers,en,5.535,2006-06-28,2006,5.0,12,425357,3,0,21,2008-07-19
17124,Wild Things: Diamonds in the Rough,Wild Things: Diamonds in the Rough,en,13.265,2005-02-19,2005,4.9,144,448179,3,0,23,2008-07-19
272,Batman Begins,Batman Begins,en,59.717,2005-06-10,2005,7.711,21059,372784,1,0,40,2008-07-20
187,Sin City,Sin City,en,26.852,2005-04-01,2005,7.5,8134,401792,3,0,67,2008-07-24
7453,The Hitchhiker's Guide to the Galaxy,The Hitchhiker's Guide to the Galaxy,en,25.695,2005-04-28,2005,6.664,3864,371724,1,,76,2008-07-28
752,V for Vendetta,V for Vendetta,en,32.891,2006-02-23,2006,7.897,14500,434409,3,,89,2008-07-28
9928,Robots,Robots,en,34.735,2005-03-10,2005,6.5,4555,358082,1,,99,2008-07-30
69,Walk the Line,Walk the Line,en,17.662,2005-09-13,2005,7.5,2874,358273,3,,168,2008-08-14
16320,Serenity,Serenity,en,23.623,2005-09-25,2005,7.372,3515,379786,3,,204,2008-10-23
8978,Assault on Precinct 13,Assault on Precinct 13,en,13.487,2005-01-19,2005,6.169,1080,398712,3,,218,2008-11-23
5236,Kiss Kiss Bang Bang,Kiss Kiss Bang Bang,en,18.573,2005-09-14,2005,7.2,2671,373469,1,,229,2008-12-09
25,Jarhead,Jarhead,en,24.582,2005-11-04,2005,6.665,2877,418763,0,,250,2009-01-04
546,Transamerica,Transamerica,en,12.024,2005-02-14,2005,7.0,466,407265,3,,262,2009-01-22
11451,Herbie Fully Loaded,Herbie Fully Loaded,en,28.193,2005-06-22,2005,5.785,2281,400497,3,,328,2009-05-24
11661,Joyeux Noel,Joyeux Noël,fr,21.315,2005-11-09,2005,7.408,865,424205,0,,330,2009-05-27
1444,Junebug,Junebug,en,9.062,2005-08-03,2005,6.5,221,418773,3,,364,2009-07-13
13498,Man of the House,Man of the House,en,16.387,2005-02-25,2005,5.749,464,331933,3,,378,2009-07-27
9392,The Descent,The Descent,en,37.523,2005-07-08,2005,6.965,3892,435625,3,,379,2009-07-27
9388,Thank You for Smoking,Thank You for Smoking,en,23.652,2005-09-09,2005,7.191,2174,427944,1,0,414,2009-08-03
2652,Hard Candy,Hard Candy,en,16.72,2005-01-14,2005,6.82,2556,424136,3,0,415,2009-08-03
3291,"Good Night, and Good Luck.","Good Night, and Good Luck.",en,13.191,2005-09-16,2005,7.078,980,433383,1,0,420,2009-08-07
11096,Hide and Seek,Hide and Seek,en,16.135,2005-01-27,2005,6.327,1570,382077,3,0,461,2009-08-16
1635,The Island,The Island,en,31.633,2005-07-21,2005,6.675,5372,399201,3,0,517,2009-09-27
9270,Brick,Brick,en,8.44,2006-03-31,2006,6.808,1237,393109,1,0,561,2009-12-12
15624,Conversations with Other Women,Conversations with Other Women,en,10.557,2006-06-07,2006,6.3,153,435623,0,0,604,2009-12-28
1895,Star Wars: Episode III - Revenge of the Sith,Star Wars: Episode III - Revenge of the Sith,en,39.942,2005-05-17,2005,7.437,13761,121766,1,1,674,2010-01-26
7509,Water,Water,hi,6.931,2005-09-08,2005,6.829,117,240200,3,0,685,2010-02-18
254,King Kong,King Kong,en,48.582,2005-12-12,2005,6.888,7875,360717,0,0,706,2010-03-25
1544,Imagine Me & You,Imagine Me & You,en,23.047,2006-01-27,2006,7.6,1017,421994,3,0,719,2010-04-04
4550,Lady Vengeance,친절한 금자씨,ko,18.484,2005-07-29,2005,7.5,1671,451094,3,,735,2010-04-12
9701,North Country,North Country,en,11.557,2005-02-12,2005,7.2,648,395972,3,0,756,2010-04-25
257,Oliver Twist,Oliver Twist,en,15.818,2005-09-23,2005,6.749,1173,380599,1,0,788,2010-05-11
6957,The 40 Year Old Virgin,The 40 Year Old Virgin,en,34.765,2005-08-11,2005,6.404,6689,405422,3,0,816,2010-05-18
9913,The Skeleton Key,The Skeleton Key,en,14.011,2005-07-29,2005,6.624,2069,397101,3,0,825,2010-05-21
308,Broken Flowers,Broken Flowers,en,9.089,2005-07-31,2005,6.9,1333,412019,3,0,865,2010-05-28
9681,Casanova,Casanova,en,9.634,2005-12-25,2005,6.443,884,402894,3,0,914,2010-06-07
11225,Into Great Silence,Die große Stille,de,3.483,2005-09-04,2005,7.0,36,478160,0,0,1018,2010-07-01
2117,Sophie Scholl: The Final Days,Sophie Scholl – Die letzten Tage,de,10.689,2005-02-13,2005,7.1,419,426578,3,0,1044,2010-07-03
1656,The Legend of Zorro,The Legend of Zorro,en,31.125,2005-10-24,2005,6.127,2872,386140,1,0,1059,2010-07-04
74,War of the Worlds,War of the Worlds,en,53.215,2005-06-13,2005,6.513,8391,407304,3,0,1072,2010-07-04
10040,Miss Congeniality 2: Armed and Fabulous,Miss Congeniality 2: Armed and Fabulous,en,18.348,2005-03-11,2005,5.738,1832,385307,3,0,1074,2010-07-04
411,"The Chronicles of Narnia: The Lion, the Witch and the Wardrobe","The Chronicles of Narnia: The Lion, the Witch and the Wardrobe",en,201.145,2005-12-07,2005,7.134,10664,363771,3,0,1470,2010-08-15
10475,Factotum,Factotum,en,7.17,2005-04-25,2005,6.2,194,417658,1,0,1422,2010-08-01
215,Saw II,Saw II,en,31.764,2005-10-28,2005,6.599,5393,432348,3,1,1425,2010-08-02
11227,Angel-A,Angel-A,fr,9.753,2005-12-21,2005,7.0,718,473753,0,0,1275,2010-07-23
8814,Doom,Doom,en,18.13,2005-10-20,2005,5.1,2232,419706,1,0,1149,2010-07-10
1495,Kingdom of Heaven,Kingdom of Heaven,en,68.489,2005-05-03,2005,7.0,4299,320661,0,0,1150,2010-07-10
20910,The Muppets' Wizard of Oz,The Muppets' Wizard of Oz,en,12.409,2005-05-20,2005,5.3,121,422778,3,0,1587,2010-09-22
11400,The New World,The New World,en,23.251,2005-12-25,2005,6.504,1152,402399,3,1,1532,2010-09-05
33358,The Mostly Unfabulous Social Life of Ethan Green,The Mostly Unfabulous Social Life of Ethan Green,en,4.401,2005-04-29,2005,5.3,35,424287,3,1,1496,2010-08-23
3933,Corpse Bride,Corpse Bride,en,89.167,2005-09-12,2005,7.583,9363,121164,3,1,1390,2010-07-27
9007,Just Like Heaven,Just Like Heaven,en,19.138,2005-09-16,2005,6.95,2328,425123,3,0,1396,2010-07-28
8202,Æon Flux,Æon Flux,en,16.89,2005-11-30,2005,5.616,2223,402022,3,0,1627,2010-10-03
1985,The Constant Gardener,The Constant Gardener,en,15.763,2005-08-31,2005,6.996,1500,387131,3,0,1642,2010-10-05
98246,The Sun,Солнце,ru,7.075,2005-02-17,2005,6.7,58,439817,0,0,1644,2010-10-05
11931,In Her Shoes,In Her Shoes,en,14.854,2005-10-07,2005,6.2,1189,388125,3,0,1656,2010-10-09
10707,The Squid and the Whale,The Squid and the Whale,en,15.184,2005-10-05,2005,6.9,962,367089,2,0,1729,2010-11-02
7553,Waiting...,Waiting...,en,16.435,2005-10-07,2005,6.3,852,348333,3,0,1753,2010-11-14
11344,A Bittersweet Life,달콤한 인생,ko,18.892,2005-04-01,2005,7.5,869,456912,2,1,1761,2010-11-18
11459,Sky High,Sky High,en,23.964,2005-07-29,2005,6.2,2299,405325,3,0,1819,2010-12-03
9667,The Jacket,The Jacket,en,13.316,2005-03-04,2005,6.887,1501,366627,2,0,1872,2010-12-25
14199,The Adventures of Sharkboy and Lavagirl,The Adventures of Sharkboy and Lavagirl,en,34.384,2005-06-10,2005,5.181,1500,424774,1,0,1907,2011-01-13
10027,Unleashed,Unleashed,en,19.231,2005-02-02,2005,6.9,1980,342258,1,0,1913,2011-01-15
9779,The Sisterhood of the Traveling Pants,The Sisterhood of the Traveling Pants,en,17.61,2005-06-01,2005,6.5,1286,403508,3,0,1922,2011-01-18
47880,Mrs Palfrey at The Claremont,Mrs Palfrey at The Claremont,en,4.368,2005-11-25,2005,6.7,36,421229,3,0,1951,2011-02-02
20981,The Call of Cthulhu,The Call of Cthulhu,en,6.388,2005-10-07,2005,7.1,158,478988,0,0,2024,2011-02-14
142,Brokeback Mountain,Brokeback Mountain,en,40.631,2005-10-22,2005,7.794,6989,388795,2,0,2037,2011-02-15
1830,Lord of War,Lord of War,en,36.022,2005-09-16,2005,7.3,4790,399295,2,0,2072,2011-02-26
1382,Me and You and Everyone We Know,Me and You and Everyone We Know,en,8.579,2005-06-17,2005,6.952,323,415978,3,0,2233,2011-04-23
13020,Enron: The Smartest Guys in the Room,Enron: The Smartest Guys in the Room,en,9.186,2005-04-22,2005,7.2,259,1016268,1,0,2254,2011-04-30
9522,Wedding Crashers,Wedding Crashers,en,27.743,2005-07-13,2005,6.5,4344,396269,3,0,2270,2011-05-04
11460,Red Eye,Red Eye,en,17.405,2005-08-19,2005,6.383,2194,421239,3,0,2290,2011-05-14
2610,Shopgirl,Shopgirl,en,8.604,2005-10-21,2005,5.8,255,338427,2,0,2291,2011-05-14
9923,Domino,Domino,en,13.469,2005-10-14,2005,5.9,1195,421054,3,0,2292,2011-05-14
16367,Kinky Boots,Kinky Boots,en,11.794,2005-08-30,2005,6.723,337,434124,3,1,2293,2011-05-14
674,Harry Potter and the Goblet of Fire,Harry Potter and the Goblet of Fire,en,144.533,2005-11-16,2005,7.807,20777,330373,1,0,2334,2011-05-24
921,Cinderella Man,Cinderella Man,en,16.4,2005-06-02,2005,7.552,2193,352248,2,0,2351,2011-05-26
29657,Nana,NANA,ja,14.023,2005-09-03,2005,6.718,94,471834,3,0,2369,2011-06-01
14922,Happy Endings,Happy Endings,en,7.931,2005-01-20,2005,5.7,107,361693,3,0,2398,2011-06-13
1833,Rent,Rent,en,11.151,2005-11-17,2005,6.8,555,294870,3,0,2412,2011-06-18
118,Charlie and the Chocolate Factory,Charlie and the Chocolate Factory,en,109.89,2005-07-13,2005,7.0,15217,367594,3,0,2417,2011-06-20
87943,Sisters in Law,Sisters in Law,en,0.403,2005-09-03,2005,6.6,7,474361,3,0,2458,2011-06-29
9315,Flightplan,Flightplan,en,27.015,2005-09-22,2005,6.5,2615,408790,3,0,2509,2011-07-07
13141,Strangers with Candy,Strangers with Candy,en,5.621,2006-06-28,2006,5.6,86,369994,3,0,2511,2011-07-08
7552,Fun with Dick and Jane,Fun with Dick and Jane,en,18.639,2005-12-21,2005,6.211,2435,369441,3,0,2518,2011-07-12
9009,Dark Water,Dark Water,en,9.9,2005-07-08,2005,5.674,1006,382628,3,0,2522,2011-07-12
9738,Fantastic Four,Fantastic Four,en,40.846,2005-06-29,2005,5.785,9309,120667,1,0,2541,2011-07-15
8435,A Cock and Bull Story,A Cock and Bull Story,en,7.383,2005-07-17,2005,6.165,133,423409,2,0,2559,2011-07-20
17113,The Ballad of Jack and Rose,The Ballad of Jack and Rose,en,8.947,2005-02-25,2005,6.141,154,357110,3,0,2568,2011-07-23
7214,Coach Carter,Coach Carter,en,30.525,2005-01-14,2005,7.586,2958,393162,3,0,2575,2011-07-27
11559,Tideland,Tideland,en,10.68,2005-09-09,2005,6.505,550,410764,3,0,2630,2011-08-21
10913,Dear Wendy,Dear Wendy,en,6.917,2005-02-04,2005,5.8,123,342272,1,0,2687,2011-09-16
10982,Hoodwinked!,Hoodwinked!,en,31.063,2005-12-16,2005,6.2,1746,443536,3,0,2739,2011-10-05
16022,Nine Lives,Nine Lives,en,7.786,2005-09-02,2005,6.0,78,420015,3,0,2933,2011-12-16
10799,Empire of the Wolves,L'Empire des loups,fr,9.734,2005-04-20,2005,5.7,299,402158,3,0,3046,2012-02-14
647,Final Fantasy VII: Advent Children,Final Fantasy VII: Advent Children,ja,22.4,2005-07-14,2005,7.146,1147,385700,3,0,3053,2012-02-18
953,Madagascar,Madagascar,en,68.747,2005-05-25,2005,6.909,10879,351283,0,0,3149,2012-03-28
25967,Isolation,Isolation,en,5.678,2005-09-10,2005,5.473,185,446719,1,0,3184,2012-04-15
1904,Memoirs of a Geisha,Memoirs of a Geisha,en,24.177,2005-12-06,2005,7.665,3074,397535,3,0,3237,2012-05-08
10476,Hustle & Flow,Hustle & Flow,en,10.06,2005-07-22,2005,7.108,383,410097,3,1,3246,2012-05-11
14517,MirrorMask,MirrorMask,en,11.19,2005-01-25,2005,6.4,331,366780,3,0,3266,2012-05-17
9777,Proof,Proof,en,8.843,2005-09-05,2005,6.3,668,377107,3,0,3430,2012-07-17
787,Mr. & Mrs. Smith,Mr. & Mrs. Smith,en,50.026,2005-06-07,2005,6.688,10396,356910,2,0,3619,2012-10-21
1696,The Devil's Rejects,The Devil's Rejects,en,18.559,2005-07-22,2005,6.7,1416,395584,3,0,3628,2012-10-26
29293,House of the Dead 2,House of the Dead 2,en,11.272,2006-02-11,2006,4.6,121,435665,3,1,3631,2012-10-27
10320,The Ring Two,The Ring Two,en,22.253,2005-03-10,2005,5.739,2267,377109,3,0,3660,2012-11-05
13374,Ice Princess,Ice Princess,en,17.018,2005-03-17,2005,6.4,890,396652,3,0,3677,2012-11-19
561,Constantine,Constantine,en,55.93,2005-02-08,2005,7.097,7215,360486,1,0,3697,2012-11-28
1690,Hostel,Hostel,en,31.087,2005-09-17,2005,5.953,3609,450278,1,0,3698,2012-11-29
13499,"Yours, Mine & Ours","Yours, Mine & Ours",en,14.347,2005-11-23,2005,6.2,822,443295,3,0,3727,2012-12-07
6961,The Wedding Date,The Wedding Date,en,15.165,2005-02-04,2005,6.8,1183,372532,3,0,3767,2012-12-21
31541,Legion of the Dead,Legion of the Dead,en,3.286,2005-08-09,2005,4.045,23,441041,3,0,3843,2013-01-20
398,Capote,Capote,en,9.745,2005-09-30,2005,6.982,1456,379725,3,1,3991,2013-03-17
14177,Beauty Shop,Beauty Shop,en,15.894,2005-04-22,2005,6.314,509,388500,3,0,3995,2013-03-19
13284,Barbie: Fairytopia,Barbie: Fairytopia,en,15.592,2005-03-08,2005,6.8,717,450982,3,0,4039,2013-04-09
116,Match Point,Match Point,en,20.724,2005-10-26,2005,7.359,4064,416320,3,0,4077,2013-04-22
8488,Hitch,Hitch,en,25.531,2005-02-11,2005,6.565,5775,386588,2,0,4113,2013-04-28
21246,Kids in America,Kids in America,en,4.701,2005-10-21,2005,5.6,44,408961,3,0,4118,2013-05-02
11648,Must Love Dogs,Must Love Dogs,en,13.092,2005-07-21,2005,5.881,461,417001,2,0,4150,2013-05-21
35683,Single White Female 2: The Psycho,Single White Female 2: The Psycho,en,7.03,2005-10-25,2005,4.7,52,448120,3,0,4171,2013-05-27
18164,12 and Holding,12 and Holding,en,5.858,2006-03-31,2006,6.9,79,417385,3,0,4178,2013-05-29
168705,BloodRayne,BloodRayne,en,12.391,2005-10-22,2005,4.1,556,383222,3,1,4218,2013-06-07
2800,Rumor Has It...,Rumor Has It...,en,16.818,2005-12-22,2005,5.659,1153,398375,3,0,4229,2013-06-11
10048,Stealth,Stealth,en,21.52,2005-07-27,2005,5.4,1047,382992,1,0,4233,2013-06-12
96235,Vampire Bats,Vampire Bats,en,2.77,2005-10-30,2005,4.6,29,473105,3,0,4234,2013-06-12
4348,Pride & Prejudice,Pride & Prejudice,en,88.114,2005-09-16,2005,8.1,8062,414387,3,0,4254,2013-06-21
32671,Hate Crime,Hate Crime,en,3.158,2005-01-14,2005,5.94,25,415833,2,0,4339,2013-07-12
16608,The Proposition,The Proposition,en,12.755,2005-10-06,2005,7.024,630,421238,1,0,5455,2014-05-08
791,The Fog,The Fog,en,19.342,2005-10-14,2005,4.521,745,432291,3,0,4386,2013-07-23
17021,Adam & Steve,Adam & Steve,en,3.039,2005-04-24,2005,5.5,40,372122,3,1,4454,2013-08-08
612,Munich,Munich,en,16.733,2005-12-23,2005,7.15,2652,408306,1,0,4518,2013-08-29
8643,The Exorcism of Emily Rose,The Exorcism of Emily Rose,en,33.283,2005-09-09,2005,6.594,2776,404032,3,0,4528,2013-08-31
9722,Bewitched,Bewitched,en,15.772,2005-06-21,2005,5.062,1542,374536,3,0,4593,2013-09-16
8053,The Three Burials of Melquiades Estrada,The Three Burials of Melquiades Estrada,en,26.591,2005-11-17,2005,7.0,581,419294,3,0,4629,2013-09-26
40938,20 Centimeters,20 Centímetros,es,1.779,2005-06-10,2005,5.1,28,421528,3,0,4648,2013-09-30
10012,Cursed,Cursed,en,20.942,2005-02-25,2005,5.4,696,257516,3,0,4676,2013-10-07
67,Paradise Now,Paradise Now,en,10.929,2005-09-07,2005,6.9,258,445620,1,0,4724,2013-10-20
10065,The Amityville Horror,The Amityville Horror,en,19.381,2005-04-14,2005,6.2,2176,384806,3,0,4688,2013-10-12
10214,Son of the Mask,Son of the Mask,en,37.884,2005-02-11,2005,4.219,1834,362165,1,0,4711,2013-10-18
13274,Final Fantasy VII: Last Order,ラストオーダー -ファイナルファンタジーVII-,ja,9.762,2005-09-14,2005,6.2,65,489134,0,0,4718,2013-10-20
55831,Boynton Beach Club,Boynton Beach Club,en,2.274,2005-08-05,2005,5.3,11,439478,3,0,4747,2013-10-28
34186,The Ax,Le Couperet,fr,7.348,2005-03-02,2005,6.92,182,422015,3,0,4761,2013-11-01
11804,White Noise,White Noise,en,10.997,2005-01-07,2005,5.6,805,375210,1,0,4769,2013-11-02
38583,Separate Lies,Separate Lies,en,6.339,2005-09-16,2005,5.7,65,369053,1,0,4783,2013-11-05
9687,Keeping Mum,Keeping Mum,en,12.981,2005-12-02,2005,6.7,562,444653,3,0,4798,2013-11-08
9335,Transporter 2,Transporter 2,en,44.381,2005-08-03,2005,6.313,3602,388482,1,0,4795,2013-11-07
1115,Ghosts,Gespenster,de,4.99,2005-09-15,2005,6.133,30,419773,3,0,4834,2013-11-15
1023,Adam's Apples,Adams æbler,da,9.498,2005-04-15,2005,7.5,684,418455,0,0,4961,2013-12-17
8968,Boogeyman,Boogeyman,en,10.423,2005-02-04,2005,4.957,752,357507,2,0,4968,2013-12-20
91908,Rings,Rings,en,6.749,2005-03-08,2005,5.8,105,449092,1,0,4992,2013-12-26
31048,Sweet Land,Sweet Land,en,5.236,2005-10-21,2005,6.3,41,428038,3,0,5012,2013-12-30
49717,God Save the King,Tjenare Kungen,sv,2.75,2005-09-16,2005,5.8,31,423382,3,0,5030,2014-01-02
27134,Boy Eats Girl,Boy Eats Girl,en,3.881,2005-08-02,2005,4.902,51,415679,2,0,5046,2014-01-05
25422,Die You Zombie Bastards!,Die You Zombie Bastards!,en,1.931,2005-02-01,2005,3.6,14,349349,1,0,5051,2014-01-06
14228,Mortuary,Mortuary,en,6.066,2005-08-08,2005,4.477,111,415167,3,0,5059,2014-01-10
9787,Lords of Dogtown,Lords of Dogtown,en,15.655,2005-06-03,2005,7.104,746,355702,2,1,5103,2014-01-24
6795,Zathura: A Space Adventure,Zathura: A Space Adventure,en,27.046,2005-11-06,2005,6.4,3287,406375,0,0,5112,2014-01-28
15906,Barbie and the Magic of Pegasus,Barbie and the Magic of Pegasus,en,31.799,2005-10-04,2005,7.186,716,480345,3,0,5166,2014-02-14
13653,The Aura,El aura,es,7.165,2005-09-15,2005,7.0,197,420509,1,0,5178,2014-02-16
14175,Valiant,Valiant,en,15.582,2005-03-25,2005,5.53,898,361089,1,0,5302,2014-03-19
36175,Turtles Are Surprisingly Fast Swimmers,亀は意外と速く泳ぐ,ja,4.315,2005-07-02,2005,6.3,30,455577,3,0,5372,2014-04-08
38567,xxxHOLiC The Movie: A Midsummer Night's Dream,劇場版 ×××HOLiC 真夏ノ夜ノ夢,ja,19.878,2005-08-19,2005,6.7,29,466405,3,0,5395,2014-04-14
10292,Urban Legends: Bloody Mary,Urban Legends: Bloody Mary,en,9.993,2005-07-19,2005,4.9,272,451957,3,0,5463,2014-05-12
230358,Swimmers,Swimmers,en,1.237,2005-01-22,2005,7.3,11,384573,3,0,5498,2014-05-24
13994,Romance & Cigarettes,Romance & Cigarettes,en,9.43,2005-09-13,2005,6.0,138,368222,3,0,5524,2014-06-03
46113,Bad Reputation,Bad Reputation,en,4.105,2005-10-05,2005,3.8,18,478976,3,0,5547,2014-06-07
11421,C.R.A.Z.Y.,C.R.A.Z.Y.,fr,10.431,2005-05-27,2005,7.5,458,401085,3,1,5697,2014-08-13
11348,Fragile,Fragile,en,14.405,2005-10-14,2005,6.547,584,422272,3,0,5747,2014-09-14
59,A History of Violence,A History of Violence,en,25.862,2005-09-23,2005,7.2,3255,399146,3,0,5800,2014-10-03
68259,The Violin,El violín,es,2.308,2005-03-11,2005,7.0,35,451966,1,0,5886,2014-10-30
1420,Breakfast on Pluto,Breakfast on Pluto,en,7.062,2005-11-16,2005,7.201,386,411195,2,1,6014,2015-01-04
14217,Reincarnation,輪廻,ja,9.199,2006-01-07,2006,6.029,137,456630,3,0,6121,2015-02-23
1393,The Cave of the Yellow Dog,Шар нохойн там,mn,4.314,2005-07-27,2005,7.5,73,432325,3,0,6170,2015-03-28
27176,"The Prize Winner of Defiance, Ohio","The Prize Winner of Defiance, Ohio",en,6.695,2005-09-28,2005,6.7,80,406158,3,0,6212,2015-04-19
9291,The Longest Yard,The Longest Yard,en,31.74,2005-05-27,2005,6.656,3369,398165,1,0,6403,2015-08-13
21136,Funky Forest: The First Contact,ナイスの森〜The First Contact〜,ja,4.977,2005-10-25,2005,6.3,56,451829,3,0,6414,2015-08-20
16553,Little Manhattan,Little Manhattan,en,13.037,2005-09-26,2005,7.2,713,412922,3,0,6485,2015-10-11
10022,The Pacifier,The Pacifier,en,40.767,2005-03-04,2005,6.061,3039,395699,3,0,6503,2015-10-20
10066,House of Wax,House of Wax,en,43.937,2005-05-05,2005,6.0,3019,397065,2,0,6568,2015-12-02
4379,Monster-in-Law,Monster-in-Law,en,20.837,2005-05-13,2005,6.2,1658,369735,0,0,6575,2015-12-04
9947,Elektra,Elektra,en,26.096,2005-01-13,2005,5.0,2431,357277,3,0,6640,2015-12-28
7483,Free Zone,Free Zone,en,4.319,2005-04-18,2005,5.5,51,441761,3,0,7075,2016-08-27
40592,Loft,ロフト,ja,3.649,2005-10-07,2005,5.4,36,443231,3,0,7184,2016-10-11
9982,Chicken Little,Chicken Little,en,31.009,2005-11-04,2005,5.9,3898,371606,1,0,7193,2016-10-12
9885,Wolf Creek,Wolf Creek,en,17.81,2005-09-16,2005,6.23,1160,416315,3,0,7198,2016-10-14
27337,Linda Linda Linda,リンダ リンダ リンダ,ja,14.052,2005-07-23,2005,7.4,108,468795,3,0,7248,2016-11-07
324268,Little Einsteins: Team Up for Adventure,Little Einsteins: Team Up for Adventure,en,0.069,2006-04-25,2006,10.0,1,756522,1,0,7266,2016-11-16
6077,13 Thirteen,13 Tzameti,fr,8.309,2005-09-01,2005,7.015,227,475169,1,0,7390,2017-01-12
31073,West Bank Story,West Bank Story,en,0.941,2005-01-20,2005,6.324,17,438575,1,0,7396,2017-01-14
15648,The Perfect Man,The Perfect Man,en,13.698,2005-06-17,2005,6.111,777,380623,3,0,7529,2017-03-24
8292,Four Brothers,Four Brothers,en,33.495,2005-08-11,2005,6.8,2135,430105,1,0,7539,2017-03-30
10092,Cry_Wolf,Cry_Wolf,en,12.388,2005-09-16,2005,5.8,539,384286,3,1,7625,2017-05-21
13417,Kronk's New Groove,Kronk's New Groove,en,22.555,2005-12-05,2005,6.4,1264,401398,3,0,8139,2018-04-02
9899,The Producers,The Producers,en,16.011,2005-12-25,2005,6.186,467,395251,0,0,8390,2018-08-30
21481,Twitches,Twitches,en,11.246,2005-10-14,2005,6.758,509,467421,1,0,8415,2018-09-17
9993,Little Fish,Little Fish,en,4.729,2005-07-19,2005,5.8,114,382810,3,0,8453,2018-10-22
9729,Where the Truth Lies,Where the Truth Lies,en,9.986,2005-10-07,2005,6.185,292,373450,3,0,8476,2018-11-06
24553,All the Invisible Children,Les enfants invisibles,fr,5.615,2005-09-01,2005,7.1,66,411098,3,0,8519,2018-12-12
8066,Stay,Stay,en,13.082,2005-09-24,2005,6.6,1323,371257,1,0,8532,2018-12-14
9813,The Quiet,The Quiet,en,13.868,2005-09-12,2005,6.2,250,414951,3,0,8537,2018-12-14
25902,Just Sex and Nothing Else,Csak szex és más semmi,hu,0.1,2005-12-08,2005,5.5,16,402115,2,0,8544,2018-12-14
123879,Say Uncle,Say Uncle,en,1.875,2006-06-23,2006,5.5,17,401385,2,0,8550,2018-12-14
57251,Tickets,Tickets,it,3.662,2005-03-25,2005,6.4,43,418239,0,1,8664,2019-03-04
9621,Elizabethtown,Elizabethtown,en,12.493,2005-10-14,2005,6.188,1101,368709,3,1,8908,2019-11-24
533,Wallace & Gromit: The Curse of the Were-Rabbit,Wallace & Gromit: The Curse of the Were-Rabbit,en,52.018,2005-09-15,2005,7.1,2754,312004,1,0,9092,2020-04-25
16998,The Moustache,La Moustache,fr,5.435,2005-06-09,2005,6.1,105,428856,2,0,9139,2020-05-19
5890,Azumi 2: Death or Love,あずみ2 Death or Love,ja,9.663,2005-03-12,2005,6.6,185,431641,3,0,9550,2021-03-14
9753,Three,Three,en,23.417,2006-05-05,2006,5.5,239,377309,2,0,9745,2021-04-30
53122,Chandramukhi,சந்திரமுகி,ta,5.585,2005-04-14,2005,6.906,64,449869,2,0,9959,2021-07-11
7512,Idiocracy,Idiocracy,en,33.961,2006-09-01,2006,6.3,3004,387808,1,0,10,2008-07-19
350,The Devil Wears Prada,The Devil Wears Prada,en,82.235,2006-06-29,2006,7.394,12067,458352,3,,144,2008-08-04
58,Pirates of the Caribbean: Dead Man's Chest,Pirates of the Caribbean: Dead Man's Chest,en,101.253,2006-07-06,2006,7.4,16002,383574,2,,167,2008-08-14
7985,Penelope,Penelope,en,15.896,2006-03-01,2006,6.7,1381,472160,3,,171,2008-08-22
1402,The Pursuit of Happyness,The Pursuit of Happyness,en,73.843,2006-12-14,2006,7.898,9884,454921,0,,198,2008-10-06
1581,The Holiday,The Holiday,en,65.222,2006-12-05,2006,7.092,5152,457939,3,,215,2008-11-02
36557,Casino Royale,Casino Royale,en,50.537,2006-11-14,2006,7.557,10724,381061,1,,221,2008-11-24
12555,I Served the King of England,Obsluhoval jsem anglického krále,cs,5.236,2007-01-11,2007,6.9,103,284363,1,,224,2008-12-02
27359,Brand Upon the Brain!,Brand Upon the Brain!,en,2.826,2007-05-09,2007,6.8,57,443455,3,,284,2009-02-18
1948,Crank,Crank,en,24.358,2006-08-31,2006,6.649,3776,479884,0,,289,2009-02-25
1887,Marie Antoinette,Marie Antoinette,en,22.794,2006-05-24,2006,6.7,2724,422720,3,,290,2009-02-26
36668,X-Men: The Last Stand,X-Men: The Last Stand,en,1.674,2006-05-24,2006,6.4,9663,376994,3,,317,2009-05-01
9693,Children of Men,Children of Men,en,39.968,2006-09-22,2006,7.6,7119,206634,3,,332,2009-05-30
219,Volver,Volver,es,13.859,2006-03-17,2006,7.5,1725,441909,3,,366,2009-07-13
1969,Bandidas,Bandidas,en,13.03,2006-01-18,2006,6.026,1086,416496,3,,370,2009-07-13
14055,Starter for 10,Starter for 10,en,13.134,2006-09-13,2006,6.389,398,477095,2,,372,2009-07-14
1593,Night at the Museum,Night at the Museum,en,43.226,2006-12-20,2006,6.6,10221,477347,3,0,416,2009-08-05
1417,Pan's Labyrinth,El laberinto del fauno,es,55.891,2006-10-10,2006,7.8,10552,457430,3,0,421,2009-08-07
1440,Little Children,Little Children,en,25.003,2006-10-06,2006,7.082,1011,404203,3,0,521,2009-10-05
5723,Once,Once,en,10.867,2007-03-23,2007,7.388,1304,907657,2,0,530,2009-10-24
1262,Stranger Than Fiction,Stranger Than Fiction,en,9.758,2006-09-09,2006,7.278,2276,420223,3,0,559,2009-12-11
20405,Puccini for Beginners,Puccini for Beginners,en,3.283,2006-09-02,2006,5.4,34,492481,3,0,603,2009-12-28
13751,Akeelah and the Bee,Akeelah and the Bee,en,16.195,2006-04-28,2006,7.071,324,437800,3,0,615,2009-12-28
9655,She's the Man,She's the Man,en,64.027,2006-03-17,2006,6.811,3012,454945,3,0,627,2009-12-29
773,Little Miss Sunshine,Little Miss Sunshine,en,17.471,2006-07-26,2006,7.691,7116,449059,3,0,648,2010-01-20
18654,Caffeine,Caffeine,en,5.939,2007-03-16,2007,5.7,57,460732,3,0,650,2010-01-20
13209,Offside,آفساید,fa,5.309,2006-05-26,2006,6.9,115,499537,3,0,653,2010-01-20
1116,The Wind That Shakes the Barley,The Wind That Shakes the Barley,en,21.335,2006-06-23,2006,7.4,806,460989,1,0,725,2010-04-06
15163,Amazing Grace,Amazing Grace,en,10.683,2006-09-16,2006,6.9,293,454776,1,0,736,2010-04-15
11211,Bring It On: All or Nothing,Bring It On: All or Nothing,en,1.371,2006-07-18,2006,6.7,805,490822,3,0,762,2010-04-26
582,The Lives of Others,Das Leben der Anderen,de,22.595,2006-03-23,2006,8.028,3683,405094,0,0,791,2010-05-12
588,Silent Hill,Silent Hill,en,38.666,2006-04-21,2006,6.6,4304,384537,3,0,793,2010-05-12
9075,Black Book,Zwartboek,nl,17.068,2006-09-14,2006,7.459,1145,389557,3,0,830,2010-05-25
1491,The Illusionist,The Illusionist,en,23.835,2006-08-18,2006,7.294,4894,443543,0,0,893,2010-06-03
9895,Man of the Year,Man of the Year,en,10.056,2006-10-09,2006,5.902,448,483726,1,0,920,2010-06-08
1730,Inland Empire,Inland Empire,en,17.99,2006-12-06,2006,7.008,1076,460829,3,0,921,2010-06-08
3603,Black Sheep,Black Sheep,en,12.657,2007-03-29,2007,5.781,749,779982,1,0,923,2010-06-08
2346,Still Life,三峡好人,zh,6.869,2006-11-16,2006,7.2,146,859765,2,0,934,2010-06-12
17379,Last Holiday,Last Holiday,en,51.257,2006-01-13,2006,7.171,757,408985,3,0,938,2010-06-12
12808,Nina's Heavenly Delights,Nina's Heavenly Delights,en,3.841,2006-09-28,2006,6.9,43,435706,3,0,976,2010-06-24
255667,For the Love of a Child,For the Love of a Child,en,1.248,2006-01-09,2006,6.9,7,479917,3,0,1022,2010-07-02
13551,The Dead Girl,The Dead Girl,en,8.676,2006-11-07,2006,6.032,222,783238,3,0,1189,2010-07-18
6948,The Woods,The Woods,en,12.071,2006-04-24,2006,5.666,271,380066,3,0,1347,2010-07-26
1819,"You, Me and Dupree","You, Me and Dupree",en,11.2,2006-07-13,2006,5.6,1333,463034,1,0,1558,2010-09-09
13185,Kidulthood,Kidulthood,en,9.386,2006-03-03,2006,6.255,184,435680,3,0,1481,2010-08-18
12094,Jackass Number Two,Jackass Number Two,en,12.126,2006-09-22,2006,6.6,1135,493430,1,0,1302,2010-07-25
1422,The Departed,The Departed,en,63.804,2006-10-04,2006,8.162,14951,407887,1,0,1415,2010-08-01
148340,On the Trail of Igor Rizzi,Sur la trace d'Igor Rizzi,fr,0.573,2006-09-12,2006,9.5,2,832958,0,0,1605,2010-09-23
268975,Exit No. 6,六號出口,zh,1.679,2006-11-20,2006,0.0,0,934427,3,0,1505,2010-08-26
1271,300,300,en,50.662,2007-03-07,2007,7.188,13732,416449,0,0,1271,2010-07-23
8998,Friends with Money,Friends with Money,en,12.725,2006-04-07,2006,5.091,576,436331,3,0,1102,2010-07-05
186,Lucky Number Slevin,Lucky Number Slevin,en,26.873,2006-02-24,2006,7.48,4064,425210,1,0,1138,2010-07-10
2486,Eragon,Eragon,en,20.97,2006-12-14,2006,5.108,3250,449010,1,0,1147,2010-07-10
9786,Art School Confidential,Art School Confidential,en,7.201,2006-05-05,2006,6.1,213,364955,3,1,1152,2010-07-10
14845,Gray Matters,Gray Matters,en,8.551,2006-10-21,2006,5.8,123,375785,3,0,1523,2010-09-02
1378,Shortbus,Shortbus,en,22.967,2006-10-04,2006,6.282,512,367027,3,0,1442,2010-08-05
13205,Bambi II,Bambi II,en,24.123,2006-01-26,2006,6.5,991,447854,1,0,1596,2010-09-23
8324,Fast Food Nation,Fast Food Nation,en,8.499,2006-11-17,2006,6.0,358,460792,3,0,1449,2010-08-08
950,Ice Age: The Meltdown,Ice Age: The Meltdown,en,54.791,2006-03-29,2006,6.709,9728,438097,1,0,1581,2010-09-19
38848,A Few Days in September,Quelques jours en septembre,fr,2.839,2006-09-06,2006,4.938,24,446442,3,0,1542,2010-09-07
23817,The Big Bad Swim,The Big Bad Swim,en,1.599,2006-04-26,2006,5.763,19,460721,3,0,1489,2010-08-21
1165,The Queen,The Queen,en,11.31,2006-09-15,2006,6.9,1299,436697,3,1,1412,2010-07-31
14799,For Your Consideration,For Your Consideration,en,7.721,2006-11-17,2006,5.8,163,470765,3,0,1615,2010-09-29
10115,Stick It,Stick It,en,12.566,2006-04-21,2006,6.8,561,430634,3,0,1665,2010-10-16
9035,Slither,Slither,en,18.281,2006-03-31,2006,6.5,1550,439815,3,0,1702,2010-10-27
17245,Mulberry Street,Mulberry Street,en,4.544,2006-05-23,2006,5.315,124,473514,1,0,1719,2010-11-01
7516,Smokin' Aces,Smokin' Aces,en,16.046,2006-12-09,2006,6.487,1645,475394,3,1,1811,2010-12-01
14113,Zoom,Zoom,en,15.602,2006-08-11,2006,5.3,602,383060,3,0,1853,2010-12-15
4977,Paprika,パプリカ,ja,30.416,2006-10-21,2006,7.817,2449,851578,3,1,1864,2010-12-20
9656,Black Christmas,Black Christmas,en,23.821,2006-12-15,2006,5.162,554,454082,3,0,1873,2010-12-25
14069,The Girl Who Leapt Through Time,時をかける少女,ja,19.714,2006-07-15,2006,7.8,2020,808506,3,0,1878,2010-12-25
1427,Perfume: The Story of a Murderer,Perfume: The Story of a Murderer,en,33.178,2006-09-13,2006,7.4,4537,396171,3,0,1888,2011-01-02
326,Snakes on a Plane,Snakes on a Plane,en,19.913,2006-08-17,2006,5.444,1768,417148,3,0,1894,2011-01-04
13967,Miss Potter,Miss Potter,en,14.942,2006-12-03,2006,6.619,490,482546,3,0,1898,2011-01-12
7510,Running with Scissors,Running with Scissors,en,9.086,2006-10-27,2006,5.8,238,439289,3,0,1910,2011-01-14
4723,Southland Tales,Southland Tales,en,14.284,2007-11-14,2007,5.2,540,405336,3,0,1927,2011-01-23
1381,The Fountain,The Fountain,en,14.598,2006-11-22,2006,6.9,2776,414993,3,1,1937,2011-01-28
920,Cars,Cars,en,57.385,2006-06-08,2006,7.0,13987,317219,1,1,1946,2011-01-29
13754,Tekkonkinkreet,鉄コン筋クリート,ja,13.926,2006-10-21,2006,7.434,364,831888,0,0,2002,2011-02-07
9353,Nacho Libre,Nacho Libre,en,43.778,2006-06-16,2006,6.5,1638,457510,0,0,2026,2011-02-14
1124,The Prestige,The Prestige,en,61.932,2006-10-17,2006,8.204,16113,482571,1,0,2036,2011-02-15
5850,Times and Winds,Beş Vakit,tr,3.028,2006-09-29,2006,7.3,49,855729,3,0,2057,2011-02-18
388,Inside Man,Inside Man,en,38.418,2006-03-17,2006,7.4,5779,454848,3,1,2089,2011-03-05
18590,The Architect,The Architect,en,3.882,2006-12-01,2006,5.9,33,466665,3,0,2117,2011-03-13
38305,Hula Girls,フラガール,ja,7.24,2006-09-09,2006,6.7,51,768116,3,0,2199,2011-04-19
41044,I'm Reed Fish,I'm Reed Fish,en,4.469,2007-06-01,2007,5.6,72,464061,2,0,2260,2011-04-30
16700,Bonneville,Bonneville,en,4.443,2006-09-11,2006,5.638,58,487195,3,0,2277,2011-05-05
8199,Dreamland,Dreamland,en,3.177,2006-01-23,2006,6.094,32,417614,3,0,2297,2011-05-16
8194,A Guide to Recognizing Your Saints,A Guide to Recognizing Your Saints,en,10.728,2006-09-29,2006,6.5,307,473488,1,0,2339,2011-05-25
1247,The Good Shepherd,The Good Shepherd,en,21.417,2006-12-11,2006,6.3,1149,343737,0,0,2340,2011-05-25
7859,Half Nelson,Half Nelson,en,7.286,2006-08-11,2006,6.642,865,468489,3,0,2359,2011-05-29
3509,A Scanner Darkly,A Scanner Darkly,en,13.64,2006-07-07,2006,6.798,1749,405296,1,0,2360,2011-05-29
8436,The Page Turner,La Tourneuse de pages,fr,7.851,2006-08-09,2006,6.5,133,487503,3,0,2405,2011-06-17
1259,Notes on a Scandal,Notes on a Scandal,en,13.42,2006-12-25,2006,7.093,894,465551,3,0,2498,2011-07-07
9526,A Prairie Home Companion,A Prairie Home Companion,en,8.747,2006-06-01,2006,6.3,294,420087,3,0,2525,2011-07-13
14784,The Fall,The Fall,en,41.082,2008-01-03,2008,7.6,1312,460791,3,1,2527,2011-07-13
9920,Ultraviolet,Ultraviolet,en,13.707,2006-03-03,2006,5.203,1581,370032,1,0,2532,2011-07-13
4643,The Guardian,The Guardian,en,23.32,2006-09-28,2006,7.1,1518,406816,1,0,2538,2011-07-14
70234,The Gigolos,The Gigolos,en,0.441,2006-04-26,2006,4.3,3,462309,1,0,2566,2011-07-23
43639,Five Across the Eyes,Five Across the Eyes,en,2.542,2006-10-01,2006,3.48,25,888019,3,0,2570,2011-07-25
15049,Bon Cop Bad Cop,Bon Cop Bad Cop,fr,10.223,2006-07-06,2006,6.4,204,479647,1,0,2572,2011-07-27
11170,We Are Marshall,We Are Marshall,en,14.99,2006-12-12,2006,6.856,706,758794,1,0,2579,2011-07-28
1251,Letters from Iwo Jima,Letters from Iwo Jima,en,29.497,2006-12-09,2006,7.5,2052,498380,1,0,2580,2011-07-28
64499,Quinceañera,Quinceañera,es,2.394,2006-06-05,2006,6.386,35,451176,3,0,2598,2011-08-10
3549,After the Wedding,Efter brylluppet,da,10.646,2006-02-24,2006,7.1,428,457655,2,0,2610,2011-08-14
523,Requiem,Requiem,de,7.384,2006-03-02,2006,6.6,104,454931,3,0,2615,2011-08-14
13198,Wristcutters: A Love Story,Wristcutters: A Love Story,en,9.092,2007-10-19,2007,6.9,547,477139,1,0,2616,2011-08-15
34204,Return to Halloweentown,Return to Halloweentown,en,10.371,2006-10-20,2006,6.7,598,816520,3,0,2713,2011-09-26
31289,The Caiman,Il caimano,it,4.831,2006-03-24,2006,6.702,258,429727,3,0,2800,2011-10-26
5488,"I'm a Cyborg, but That's OK",싸이보그지만 괜찮아,ko,10.995,2006-12-07,2006,7.041,516,497137,3,0,2802,2011-10-27
300,The Science of Sleep,La Science des rêves,fr,7.638,2006-06-25,2006,6.991,764,354899,3,0,2898,2011-12-04
341,A Crime,A Crime,en,3.419,2006-09-11,2006,5.7,35,489010,1,0,2900,2011-12-04
31421,The Gymnast,The Gymnast,en,3.684,2006-04-11,2006,6.139,36,473074,3,0,2932,2011-12-16
2295,Clerks II,Clerks II,en,10.944,2006-07-21,2006,6.9,1338,424345,3,1,2941,2011-12-19
142795,Apart from That,Apart from That,en,0.498,2006-03-12,2006,5.0,2,772154,3,0,2980,2012-01-10
8618,The History Boys,The History Boys,en,12.061,2006-10-02,2006,6.6,197,464049,1,0,3005,2012-01-27
45349,Rainbow Song,虹の女神,ja,5.653,2006-10-28,2006,7.5,24,804513,3,0,3014,2012-01-28
45444,Arch Angels,笑う大天使（ミカエル),ja,1.746,2006-07-15,2006,4.778,9,461612,3,0,3018,2012-01-28
1494,Curse of the Golden Flower,滿城盡帶黃金甲,zh,18.4,2006-12-14,2006,6.847,728,473444,2,1,3051,2012-02-18
2266,Paris Je T'aime,"Paris, je t'aime",fr,11.67,2006-06-21,2006,6.76,753,401711,3,1,3054,2012-02-18
19955,I Do,Prête-moi ta main,fr,5.206,2006-11-01,2006,6.404,319,478724,3,0,3080,2012-02-29
25035,The Zombie Diaries,The Zombie Diaries,en,4.628,2006-10-29,2006,4.314,78,876294,3,0,3127,2012-03-18
16070,This Film Is Not Yet Rated,This Film Is Not Yet Rated,en,10.431,2006-01-26,2006,7.128,343,493459,3,0,3168,2012-04-06
165603,Love & Suicide,Love & Suicide,en,0.621,2006-07-16,2006,4.4,9,818940,3,0,3193,2012-04-19
10118,Material Girls,Material Girls,en,13.717,2006-08-18,2006,5.328,454,433412,3,0,3199,2012-04-22
13816,Idlewild,Idlewild,en,6.376,2006-08-25,2006,5.6,57,417225,3,0,3326,2012-06-07
14191,Aquamarine,Aquamarine,en,21.596,2006-03-03,2006,6.441,1494,429591,3,0,3335,2012-06-09
12763,Take the Lead,Take the Lead,en,13.188,2006-03-17,2006,6.904,695,446046,3,0,3460,2012-08-08
14654,In Paris,Dans Paris,fr,6.227,2006-10-04,2006,6.075,93,769508,1,0,3465,2012-08-11
9293,John Tucker Must Die,John Tucker Must Die,en,17.21,2006-07-27,2006,6.128,1374,455967,3,0,3571,2012-10-04
1975,The Grudge 2,The Grudge 2,en,17.561,2006-10-12,2006,5.5,1021,433386,3,0,3643,2012-11-01
9297,Monster House,Monster House,en,40.496,2006-06-30,2006,6.689,3974,385880,3,0,3661,2012-11-06
11705,Red Road,Red Road,en,8.016,2006-10-27,2006,6.5,192,471030,3,0,3760,2012-12-20
7913,Rang De Basanti,रंग दे बसंती,hi,9.51,2006-01-26,2006,7.098,443,405508,3,0,3769,2012-12-24
9906,The Ant Bully,The Ant Bully,en,27.227,2006-07-28,2006,5.734,1367,429589,2,0,3784,2012-12-29
11910,Hogfather,Hogfather,en,9.276,2007-10-12,2007,6.841,167,765458,3,1,3785,2012-12-29
7484,Open Season,Open Season,en,31.269,2006-09-27,2006,6.2,2739,400717,1,0,3786,2012-12-29
11619,Flushed Away,Flushed Away,en,38.397,2006-10-22,2006,6.3,3793,424095,0,0,3812,2013-01-08
1180572,The University Of Illinois Vs. A Mummy,The University Of Illinois Vs. A Mummy,en,0.01,,2006,0.0,0,1273816,3,0,3830,2013-01-15
13943,Suburban Mayhem,Suburban Mayhem,en,1.434,2006-10-26,2006,5.6,20,450506,3,0,3834,2013-01-15
1255,The Host,괴물,ko,24.794,2006-07-27,2006,7.0,2778,468492,3,0,3849,2013-01-22
25585,Falkenberg Farewell,Farväl Falkenberg,sv,2.295,2006-09-22,2006,6.3,30,855805,0,0,3957,2013-03-07
44827,Dor,Dor,hi,1.854,2006-09-22,2006,7.3,25,824316,3,0,3959,2013-03-08
9676,The Black Dahlia,The Black Dahlia,en,11.285,2006-09-15,2006,5.624,1101,387877,1,0,4130,2013-05-12
10051,Avenue Montaigne,Fauteuils d'orchestre,fr,6.424,2006-02-15,2006,6.2,108,444112,3,0,3988,2013-03-17
9053,DOA: Dead or Alive,DOA: Dead or Alive,en,18.029,2006-09-07,2006,5.219,828,398913,3,0,4202,2013-06-02
9697,Lady in the Water,Lady in the Water,en,11.378,2006-07-20,2006,5.6,1384,452637,2,0,4227,2013-06-10
10010,Brother Bear 2,Brother Bear 2,en,30.303,2006-08-17,2006,6.7,1474,465925,3,0,4236,2013-06-13
1452,Superman Returns,Superman Returns,en,33.009,2006-06-28,2006,5.8,4199,348150,1,1,4288,2013-06-29
10288,Fido,Fido,en,10.926,2006-09-07,2006,6.4,444,457572,2,0,4293,2013-06-29
313,Snow Cake,Snow Cake,en,9.608,2006-09-08,2006,7.2,173,448124,3,0,4312,2013-07-05
12225,Cashback,Cashback,en,19.797,2007-01-17,2007,6.95,1244,460740,3,0,4401,2013-07-26
19344,Loving Annabelle,Loving Annabelle,en,15.656,2007-05-24,2007,6.6,277,323120,3,0,4398,2013-07-25
9756,Half Light,Half Light,en,7.376,2006-01-17,2006,6.016,281,412798,3,0,4424,2013-07-30
9286,Final Destination 3,Final Destination 3,en,28.769,2006-02-09,2006,6.102,3874,414982,3,0,4595,2013-09-16
14202,The Painted Veil,The Painted Veil,en,16.031,2006-12-09,2006,7.246,1163,446755,3,1,4625,2013-09-24
1372,Blood Diamond,Blood Diamond,en,36.062,2006-12-08,2006,7.543,7609,450259,1,0,4626,2013-09-24
10053,When a Stranger Calls,When a Stranger Calls,en,13.974,2006-02-03,2006,5.745,1039,455857,3,0,4665,2013-10-06
24200,Fay Grim,Fay Grim,en,5.992,2007-05-18,2007,5.559,76,444628,3,0,4690,2013-10-13
61717,Wendy Wu: Homecoming Warrior,Wendy Wu: Homecoming Warrior,en,7.028,2006-06-16,2006,6.163,418,790781,3,0,4694,2013-10-13
9992,Arthur and the Invisibles,Arthur et les Minimoys,fr,27.827,2006-12-13,2006,6.4,2874,344854,0,0,4729,2013-10-22
17566,Brave Story,ブレイブ ストーリー,ja,11.027,2006-05-22,2006,6.3,66,778631,1,0,4802,2013-11-09
14823,London to Brighton,London to Brighton,en,6.289,2006-12-01,2006,6.3,107,490166,3,0,4819,2013-11-13
120624,Mukhsin,Mukhsin,ms,1.646,2007-03-08,2007,6.8,11,863091,3,0,4830,2013-11-15
261444,To Have and to Hold,To Have and to Hold,en,1.292,2006-11-06,2006,1.0,1,876154,3,0,4848,2013-11-17
2044,The Lake House,The Lake House,en,20.702,2006-06-16,2006,7.0,2739,410297,3,1,4856,2013-11-19
9767,The Break-Up,The Break-Up,en,18.786,2006-06-01,2006,5.889,2660,452594,1,0,4892,2013-11-30
13075,Sherrybaby,Sherrybaby,en,5.141,2006-09-08,2006,6.1,131,423169,3,1,4899,2013-12-01
503,Poseidon,Poseidon,en,32.314,2006-05-03,2006,5.85,2132,409182,2,0,4918,2013-12-06
4351,Bordertown,Bordertown,en,11.067,2007-02-22,2007,6.339,323,445935,3,0,4939,2013-12-11
14458,Altered,Altered,en,7.448,2006-12-19,2006,5.411,220,457275,0,0,5016,2013-12-31
43085,Dead and Deader,Dead and Deader,en,1.795,2006-12-16,2006,5.1,29,770739,1,0,5049,2014-01-06
12526,Bug,Bug,en,13.754,2007-02-21,2007,6.1,540,470705,3,0,5088,2014-01-19
496,Borat: Cultural Learnings of America for Make Benefit Glorious Nation of Kazakhstan,Borat: Cultural Learnings of America for Make Benefit Glorious Nation of Kazakhstan,en,22.257,2006-11-01,2006,6.8,5396,443453,1,0,5158,2014-02-10
591,The Da Vinci Code,The Da Vinci Code,en,40.115,2006-05-17,2006,6.727,9308,382625,1,0,5191,2014-02-22
12197,Reprise,Reprise,no,7.803,2006-09-08,2006,7.108,200,827517,1,0,5213,2014-02-28
4441,Candy,Candy,en,9.751,2006-05-25,2006,7.1,603,424880,3,1,5233,2014-03-05
9761,Elephants Dream,Elephants Dream,en,3.258,2006-03-24,2006,5.7,66,807840,0,0,5248,2014-03-07
10947,High School Musical,High School Musical,en,27.613,2006-01-20,2006,6.6,4569,475293,3,0,5249,2014-03-07
17287,Poultrygeist: Night of the Chicken Dead,Poultrygeist: Night of the Chicken Dead,en,7.491,2006-12-26,2006,5.921,158,462485,1,0,5262,2014-03-09
24159,12:08 East of Bucharest,A fost sau n-a fost?,ro,5.482,2006-09-29,2006,6.912,113,809407,1,0,5287,2014-03-16
139200,"Hello Sister, Goodbye Life","Hello Sister, Goodbye Life",en,5.538,2006-01-01,2006,6.1,42,476013,3,0,5288,2014-03-16
1579,Apocalypto,Apocalypto,en,58.966,2006-12-07,2006,7.6,5569,472043,3,0,5306,2014-03-21
9339,Click,Click,en,40.564,2006-06-23,2006,6.3,7028,389860,3,0,5358,2014-04-04
14208,The Librarian: Return to King Solomon's Mines,The Librarian: Return to King Solomon's Mines,en,14.957,2006-09-09,2006,6.25,572,455596,1,0,5424,2014-04-29
1249,Hollywoodland,Hollywoodland,en,11.869,2006-08-31,2006,6.1,398,427969,2,0,5511,2014-05-29
24801,Cow Belles,Cow Belles,en,7.227,2006-03-24,2006,5.5,247,489007,3,1,5519,2014-05-31
13002,Barbie in the 12 Dancing Princesses,Barbie in the 12 Dancing Princesses,en,30.779,2006-09-19,2006,7.6,1175,859594,3,0,5549,2014-06-08
12096,The Pink Panther,The Pink Panther,en,29.355,2006-02-10,2006,5.832,1923,383216,1,0,5552,2014-06-09
1252,Lonely Hearts,Lonely Hearts,en,10.505,2006-04-30,2006,6.0,339,441774,3,0,5585,2014-06-23
956,Mission: Impossible III,Mission: Impossible III,en,40.829,2006-04-25,2006,6.739,6810,317919,1,0,5606,2014-06-30
182,The Good German,The Good German,en,11.603,2006-12-15,2006,5.743,309,452624,1,0,5675,2014-08-03
25657,Kamome Diner,かもめ食堂,ja,4.39,2006-06-11,2006,7.3,55,483022,3,0,5704,2014-08-18
1125,Dreamgirls,Dreamgirls,en,16.553,2006-12-25,2006,6.725,997,443489,3,0,5815,2014-10-07
13979,Day Night Day Night,Day Night Day Night,en,1.337,2006-05-25,2006,5.8,26,499455,3,1,5834,2014-10-12
9900,Grandma's Boy,Grandma's Boy,en,18.45,2006-01-06,2006,6.5,661,456554,3,0,5840,2014-10-15
21705,The Barbie Diaries,The Barbie Diaries,en,11.034,2006-05-17,2006,6.4,372,795338,3,0,5868,2014-10-24
1164,Babel,Babel,en,15.604,2006-10-26,2006,7.2,3739,449467,3,1,5925,2014-11-17
317,Grbavica: The Land of My Dreams,Grbavica,bs,4.885,2006-03-01,2006,6.941,76,464029,3,0,6038,2015-01-11
10251,5ive Girls,5ive Girls,en,8.983,2007-02-07,2007,5.321,95,494199,3,0,6137,2015-03-08
11798,This Is England,This Is England,en,4.507,2007-04-27,2007,7.5,1255,480025,3,0,6151,2015-03-16
10886,The Unknown Woman,La sconosciuta,it,10.348,2006-10-09,2006,7.2,346,494271,3,0,6168,2015-03-28
9788,Accepted,Accepted,en,13.95,2006-08-18,2006,6.4,1571,384793,1,0,6194,2015-04-09
9954,The Covenant,The Covenant,en,22.117,2006-09-07,2006,5.608,1008,475944,3,1,6352,2015-07-14
9988,Beerfest,Beerfest,en,13.376,2006-08-25,2006,5.867,541,486551,3,0,6401,2015-08-12
376788,Tales from The Grudge,Tales from The Grudge,en,0.52,2006-09-19,2006,6.2,5,877368,3,1,6445,2015-09-13
214,Saw III,Saw III,en,28.133,2006-10-26,2006,6.409,4540,489270,3,0,6450,2015-09-13
39405,U,U,fr,4.495,2006-10-11,2006,6.734,79,486731,3,0,6456,2015-09-16
12795,Another Gay Movie,Another Gay Movie,en,9.927,2006-04-28,2006,6.0,202,443431,3,0,6526,2015-11-01
16781,Madea's Family Reunion,Madea's Family Reunion,en,14.45,2006-02-24,2006,6.3,197,455612,0,0,6574,2015-12-04
1717,All the King's Men,All the King's Men,en,12.131,2006-09-10,2006,5.759,303,405676,1,0,6762,2016-03-06
46820,Madeinusa,Madeinusa,es,1.271,2006-01-26,2006,6.0,20,476298,3,0,6869,2016-05-02
15575,Bleach the Movie: Memories of Nobody,劇場版 BLEACH MEMORIES OF NOBODY,ja,12.414,2006-12-16,2006,6.913,195,1105263,3,0,6903,2016-05-28
993517,Pick Me Up,Pick Me Up,en,0.922,2006-01-20,2006,6.4,5,643110,2,0,7038,2016-08-11
305655,Haeckel's Tale,Haeckel's Tale,en,3.015,2006-01-27,2006,5.8,35,643106,0,0,7039,2016-08-12
319314,Imprint,インプリント〜ぼっけえ、きょうてえ〜,ja,9.625,2006-05-27,2006,6.8,167,757061,0,0,7044,2016-08-14
319309,Family,Family,en,2.794,2006-11-03,2006,7.0,33,782399,2,1,7070,2016-08-26
233738,The V Word,The V Word,en,3.66,2006-11-10,2006,5.0,49,817401,0,1,7085,2016-08-31
9792,The Hills Have Eyes,The Hills Have Eyes,en,46.276,2006-03-10,2006,6.427,3006,454841,3,0,7088,2016-09-01
288743,Pelts,Pelts,en,3.98,2006-12-01,2006,5.582,55,779496,1,1,7090,2016-09-01
68418,The Screwfly Solution,The Screwfly Solution,en,3.234,2006-12-08,2006,5.7,55,833098,3,0,7096,2016-09-06
289021,Sounds Like,Sounds Like,en,2.143,2006-11-17,2006,6.0,32,817400,0,0,7103,2016-09-07
298723,Pro-Life,Pro-Life,en,6.176,2006-11-24,2006,5.5,79,785532,3,0,7114,2016-09-13
288588,Valerie on the Stairs,Valerie on the Stairs,en,1.835,2006-12-29,2006,5.403,31,805420,3,0,7117,2016-09-15
71919,A Real Friend,Adivina quién soy,es,2.648,2006-10-25,2006,4.588,34,461826,3,0,7315,2016-12-05
15021,The Baby's Room,La habitación del niño,es,7.176,2006-11-04,2006,6.728,169,430164,3,0,7293,2016-11-24
17214,To Let,Para entrar a vivir,es,5.368,2006-03-21,2006,5.9,85,477311,3,1,7299,2016-11-27
34993,Blame,La culpa,es,4.034,2006-08-21,2006,4.5,27,449144,3,0,7303,2016-11-28
46879,Spectre,Regreso a Moira,es,3.55,2006-09-27,2006,5.205,44,460897,1,1,7309,2016-12-01
9907,Barnyard,Barnyard,en,24.993,2006-08-04,2006,5.9,1085,414853,3,0,7366,2016-12-30
15590,The Prince & Me 2: The Royal Wedding,The Prince & Me 2: The Royal Wedding,en,18.467,2006-02-21,2006,5.8,239,477072,3,0,7550,2017-04-01
222664,Mon Mon the Water Spider,水グモもんもん,ja,4.36,2006-01-03,2006,7.059,17,768132,0,0,7567,2017-04-12
9762,Step Up,Step Up,en,22.958,2006-08-11,2006,6.9,3695,462590,3,0,7596,2017-04-30
24590,Conversations with God,Conversations with God,en,4.87,2006-01-25,2006,6.8,59,489682,1,0,7624,2017-05-21
9836,Happy Feet,Happy Feet,en,36.527,2006-11-16,2006,6.198,5096,366548,3,0,7637,2017-05-21
4257,Scary Movie 4,Scary Movie 4,en,29.748,2006-04-12,2006,5.5,3257,362120,3,0,7679,2017-06-07
9530,RV,RV,en,27.58,2006-04-28,2006,5.9,1670,449089,3,0,7793,2017-09-01
2179,Tenacious D in The Pick of Destiny,Tenacious D in The Pick of Destiny,en,16.49,2006-11-22,2006,6.772,1601,365830,0,0,7812,2017-09-22
9918,Glory Road,Glory Road,en,10.401,2006-01-13,2006,7.419,724,385726,3,0,7977,2018-01-03
68499,La vie secrète des gens heureux,La vie secrète des gens heureux,fr,1.039,2006-09-08,2006,7.0,2,807965,1,0,8033,2018-02-05
118895,How Much Further,Qué tan lejos,es,1.956,2006-09-09,2006,7.0,22,951297,3,0,8060,2018-02-16
58946,The Night of the Sunflowers,La noche de los girasoles,es,3.288,2006-08-25,2006,6.3,50,456111,2,1,8412,2018-09-13
48141,Men in the Nude,Férfiakt,hu,1.974,2006-01-01,2006,5.2,8,830896,1,0,8529,2018-12-14
20085,Wedding Wars,Wedding Wars,en,2.782,2006-12-11,2006,5.6,28,823158,2,0,8549,2018-12-14
37933,Tales from Earthsea,ゲド戦記,ja,23.134,2006-07-29,2006,6.528,1316,495596,1,0,8644,2019-02-21
51202,Sideline Secrets,Sideline Secrets,en,0.695,2006-09-08,2006,4.0,10,413268,3,1,8723,2019-04-28
82,Miami Vice,Miami Vice,en,17.16,2006-07-27,2006,6.0,1775,430357,1,0,8871,2019-10-19
10961,Behind the Mask: The Rise of Leslie Vernon,Behind the Mask: The Rise of Leslie Vernon,en,11.664,2006-08-29,2006,6.442,447,437857,1,0,9091,2020-04-24
9615,The Fast and the Furious: Tokyo Drift,The Fast and the Furious: Tokyo Drift,en,12.185,2006-06-03,2006,6.51,6918,463985,1,0,9119,2020-05-06
2180,Heartbreak Hotel,Heartbreak Hotel,sv,2.751,2006-03-24,2006,4.933,15,785002,1,0,9188,2020-06-30
9708,The Wicker Man,The Wicker Man,en,14.595,2006-08-31,2006,4.309,1299,450345,1,0,9190,2020-07-05
1919,Away from Her,Away from Her,en,9.951,2007-05-04,2007,7.0,221,491747,3,0,9203,2020-07-14
10067,The Shaggy Dog,The Shaggy Dog,en,16.139,2006-03-09,2006,4.9,557,393735,2,0,9237,2020-08-14
9718,Talladega Nights: The Ballad of Ricky Bobby,Talladega Nights: The Ballad of Ricky Bobby,en,13.05,2006-08-04,2006,6.364,1679,415306,2,0,9272,2020-09-14
6877,Failure to Launch,Failure to Launch,en,20.875,2006-03-10,2006,5.833,1649,427229,1,0,9277,2020-09-18
1852,World Trade Center,World Trade Center,en,13.801,2006-08-09,2006,6.146,1653,469641,2,0,9296,2020-10-08
57965,Red Like the Sky,Rosso come il cielo,it,4.541,2006-10-17,2006,7.625,72,450121,1,0,9471,2021-02-07
7518,Over the Hedge,Over the Hedge,en,36.81,2006-05-17,2006,6.6,4460,327084,3,1,9472,2021-02-07
1246,Rocky Balboa,Rocky Balboa,en,33.947,2006-12-20,2006,6.871,3471,479143,1,0,9724,2021-04-29
9924,The Hard Corps,The Hard Corps,en,7.182,2005-07-29,2005,6.1,243,462329,3,0,9742,2021-04-29
19167,Second in Command,Second in Command,en,7.296,2006-05-02,2006,5.5,167,458471,0,0,9744,2021-04-29
19213,Pledge This!,Pledge This!,en,9.106,2006-12-01,2006,2.827,113,417056,3,0,9783,2021-05-02
7551,Déjà Vu,Déjà Vu,en,18.518,2006-11-22,2006,6.865,4801,453467,1,0,10035,2021-09-05
35199,Wordplay,Wordplay,en,2.419,2006-06-26,2006,7.0,43,492506,3,0,10011,2021-08-14
7861,Outsourced,Outsourced,en,5.59,2007-09-28,2007,6.4,156,425326,1,0,10122,2021-11-09
1991,Death Proof,Death Proof,en,26.73,2007-05-22,2007,6.8,5153,1028528,3,0,7,2008-07-19
7249,Futurama: Bender's Big Score,Futurama: Bender's Big Score,en,11.372,2007-11-27,2007,7.404,684,471711,2,0,8,2008-07-19
7326,Juno,Juno,en,22.148,2007-12-05,2007,7.053,7167,467406,3,0,9,2008-07-19
1738,Next,Next,en,18.915,2007-04-25,2007,6.095,2956,435705,2,0,11,2008-07-19
9911,Outlaw,Outlaw,en,6.808,2007-03-09,2007,5.347,144,758771,1,0,12,2008-07-19
2062,Ratatouille,Ratatouille,en,106.629,2007-06-21,2007,7.825,17124,382932,1,0,14,2008-07-19
5174,Rush Hour 3,Rush Hour 3,en,53.495,2007-08-08,2007,6.484,3304,293564,1,0,16,2008-07-19
7737,Resident Evil: Extinction,Resident Evil: Extinction,en,9.349,2007-09-20,2007,6.31,4162,432021,3,0,17,2008-07-19
4413,The Brave One,The Brave One,en,14.95,2007-09-12,2007,6.6,963,476964,3,0,20,2008-07-19
13363,The Man from Earth,The Man from Earth,en,19.345,2007-06-10,2007,7.639,2508,756683,1,0,25,2008-07-19
810,Shrek the Third,Shrek the Third,en,66.007,2007-05-17,2007,6.297,9038,413267,3,0,26,2008-07-19
9963,Premonition,Premonition,en,14.045,2007-02-08,2007,6.3,1560,477071,3,0,27,2008-07-19
1992,Planet Terror,Planet Terror,en,22.915,2007-04-06,2007,6.674,3499,1077258,3,0,29,2008-07-19
3489,88 Minutes,88 Minutes,en,11.593,2007-02-14,2007,5.8,1072,411061,1,0,30,2008-07-19
7350,The Bucket List,The Bucket List,en,22.743,2007-12-25,2007,7.187,3769,825232,1,,103,2008-07-30
45205,Wool 100%,ウール100％,ja,2.137,2006-10-28,2006,5.9,7,884819,3,,166,2008-08-14
285,Pirates of the Caribbean: At World's End,Pirates of the Caribbean: At World's End,en,82.515,2007-05-19,2007,7.258,14378,449088,3,,169,2008-08-15
7345,There Will Be Blood,There Will Be Blood,en,33.289,2007-12-26,2007,8.076,6640,469494,0,,177,2008-09-05
4964,Knocked Up,Knocked Up,en,18.587,2007-06-01,2007,6.285,3954,478311,3,,180,2008-09-10
2976,Hairspray,Hairspray,en,21.164,2007-07-19,2007,6.665,2481,427327,3,,188,2008-09-20
13258,Son of Rambow,Son of Rambow,en,11.487,2007-01-22,2007,6.73,444,845046,1,,240,2008-12-14
2011,Persepolis,Persepolis,fr,11.152,2007-06-27,2007,7.901,1951,808417,3,,295,2009-03-05
7347,Elite Squad,Tropa de Elite,pt,25.826,2007-10-12,2007,8.0,2417,861739,3,,312,2009-04-18
5915,Into the Wild,Into the Wild,en,33.477,2007-09-21,2007,7.8,9525,758758,1,,313,2009-04-19
3638,No Reservations,No Reservations,en,17.691,2007-06-15,2007,6.661,1347,481141,3,,327,2009-05-23
2270,Stardust,Stardust,en,29.071,2007-08-10,2007,7.3,4063,486655,3,,335,2009-06-06
4638,Hot Fuzz,Hot Fuzz,en,34.327,2007-02-14,2007,7.6,7577,425112,1,,351,2009-06-22
675,Harry Potter and the Order of the Phoenix,Harry Potter and the Order of the Phoenix,en,141.378,2007-07-08,2007,7.677,19531,373889,3,,373,2009-07-14
10190,Towelhead,Towelhead,en,7.666,2008-09-12,2008,6.2,145,787523,3,,381,2009-07-27
5375,Fred Claus,Fred Claus,en,23.508,2007-11-09,2007,5.831,852,486583,1,0,410,2009-08-03
35,The Simpsons Movie,The Simpsons Movie,en,57.432,2007-07-25,2007,7.0,8003,462538,3,0,417,2009-08-06
10074,Hot Rod,Hot Rod,en,15.533,2007-08-03,2007,6.394,972,787475,1,0,419,2009-08-07
1858,Transformers,Transformers,en,22.065,2007-06-27,2007,6.81,11311,418279,3,0,422,2009-08-07
13196,Then She Found Me,Then She Found Me,en,9.027,2007-09-07,2007,5.589,169,455805,3,0,462,2009-08-16
298,Ocean's Thirteen,Ocean's Thirteen,en,27.774,2007-06-05,2007,6.725,6336,496806,1,0,476,2009-08-22
8271,Disturbia,Disturbia,en,15.61,2007-03-27,2007,6.69,3699,486822,3,0,479,2009-08-24
2268,The Golden Compass,The Golden Compass,en,45.773,2007-12-04,2007,6.07,4532,385752,3,0,487,2009-08-29
8272,The Savages,The Savages,en,8.332,2007-11-28,2007,6.841,384,775529,3,0,490,2009-08-31
4998,Import/Export,Import/Export,de,6.638,2007-10-18,2007,7.0,106,459102,3,0,526,2009-10-20
10294,Vacancy,Vacancy,en,19.459,2007-04-20,2007,6.3,1449,452702,0,0,546,2009-11-22
6479,I Am Legend,I Am Legend,en,67.337,2007-12-12,2007,7.208,15746,480249,3,0,549,2009-11-27
1272,Sunshine,Sunshine,en,19.578,2007-04-05,2007,6.961,3795,448134,1,0,585,2009-12-27
4538,The Darjeeling Limited,The Darjeeling Limited,en,17.078,2007-09-07,2007,7.2,3561,838221,1,0,600,2009-12-27
13885,Sweeney Todd: The Demon Barber of Fleet Street,Sweeney Todd: The Demon Barber of Fleet Street,en,24.3,2007-12-20,2007,7.184,5883,408236,1,0,630,2010-01-03
23827,Paranormal Activity,Paranormal Activity,en,34.706,2007-09-14,2007,6.009,5026,1179904,3,1,667,2010-01-24
8363,Superbad,Superbad,en,58.779,2007-03-20,2007,7.254,7329,829482,3,0,651,2010-01-20
7979,The Kite Runner,The Kite Runner,en,15.498,2007-12-14,2007,7.33,1147,419887,0,1,652,2010-01-20
6977,No Country for Old Men,No Country for Old Men,en,56.852,2007-06-13,2007,7.942,12056,477348,3,1,686,2010-02-18
2977,Becoming Jane,Becoming Jane,en,19.003,2007-03-02,2007,7.308,1168,416508,3,0,738,2010-04-16
10758,Waitress,Waitress,en,12.442,2007-05-25,2007,6.7,519,473308,3,0,755,2010-04-24
15261,Bring It On: In It to Win It,Bring It On: In It to Win It,en,0.654,2007-10-29,2007,6.5,510,972785,3,0,761,2010-04-26
6023,P.S. I Love You,P.S. I Love You,en,26.47,2007-11-15,2007,7.2,3293,431308,3,0,766,2010-04-26
4523,Enchanted,Enchanted,en,41.7,2007-11-20,2007,6.8,5405,461770,3,0,777,2010-05-03
1571,Live Free or Die Hard,Live Free or Die Hard,en,34.063,2007-06-20,2007,6.629,5824,337978,1,0,842,2010-05-27
5176,3:10 to Yuma,3:10 to Yuma,en,24.1,2007-09-06,2007,7.2,3594,381849,0,0,843,2010-05-27
11199,Wild Hogs,Wild Hogs,en,20.4,2007-03-02,2007,6.0,2273,486946,1,0,918,2010-06-08
6022,Evening,Evening,en,7.484,2007-06-09,2007,5.9,173,765447,3,0,948,2010-06-16
4347,Atonement,Atonement,en,37.345,2007-02-27,2007,7.6,4207,783233,3,0,949,2010-06-16
13025,Diary of the Dead,Diary of the Dead,en,12.627,2007-05-26,2007,5.6,788,848557,3,0,964,2010-06-20
18865,Crashing,Crashing,en,4.321,2007-01-23,2007,4.5,12,475243,2,0,995,2010-06-28
8669,Charlie Bartlett,Charlie Bartlett,en,10.005,2008-02-22,2008,6.672,629,423977,2,1,1008,2010-06-30
7006,White Noise 2: The Light,White Noise 2: The Light,en,14.894,2007-01-05,2007,5.517,262,496436,1,0,1045,2010-07-04
31031,The World Unseen,The World Unseen,en,10.935,2007-09-09,2007,7.1,95,1048174,3,0,1339,2010-07-26
44443,Lynch (one),Lynch (one),en,1.854,2007-10-26,2007,5.7,18,1032207,1,0,1438,2010-08-03
17097,After Sex,After Sex,en,16.077,2007-09-26,2007,5.6,233,465375,3,0,1344,2010-07-26
13072,Brooklyn Rules,Brooklyn Rules,en,4.997,2007-04-30,2007,5.8,67,283503,3,0,1578,2010-09-19
7485,Shooter,Shooter,en,50.601,2007-03-22,2007,7.118,4926,822854,1,0,1184,2010-07-16
13121,Teeth,Teeth,en,16.193,2008-01-18,2008,5.36,733,780622,3,1,1196,2010-07-19
1620,Hitman,Hitman,en,50.305,2007-11-21,2007,6.137,3327,465494,0,0,1283,2010-07-23
6537,The Orphanage,El orfanato,es,21.481,2007-05-20,2007,7.234,2869,464141,3,0,1285,2010-07-23
10520,Itty Bitty Titty Committee,Itty Bitty Titty Committee,en,3.203,2007-09-28,2007,5.602,49,496328,3,0,1115,2010-07-09
41330,Cocalero,Cocalero,es,1.093,2007-01-22,2007,5.0,7,925230,3,0,1439,2010-08-03
5951,The Jane Austen Book Club,The Jane Austen Book Club,en,11.376,2007-09-09,2007,6.5,372,866437,3,0,1151,2010-07-10
8270,The Lookout,The Lookout,en,11.339,2007-03-09,2007,6.7,630,427470,3,0,1167,2010-07-12
1912,Reclaim Your Brain,Free Rainer - Dein Fernseher lügt,de,5.632,2007-09-11,2007,6.7,86,810868,2,0,1524,2010-09-02
2196,Death at a Funeral,Death at a Funeral,en,18.482,2007-08-17,2007,6.895,1732,795368,3,0,1522,2010-09-02
11148,XXY,XXY,es,12.291,2007-06-14,2007,6.865,296,995829,3,0,1552,2010-09-08
13391,Vexille,ベクシル 2077日本鎖国,ja,8.621,2007-08-18,2007,6.7,154,970472,3,0,1466,2010-08-13
50364,The Bad Mother's Handbook,The Bad Mother's Handbook,en,2.839,2007-02-19,2007,7.0,17,909010,3,0,1671,2010-10-19
20223,Charm School,Niñas Mal,es,8.46,2007-03-09,2007,6.8,134,806940,3,0,1706,2010-10-28
21784,Exte: Hair Extensions,エクステ,ja,9.602,2007-02-17,2007,5.948,106,904049,3,0,1713,2010-11-01
23202,Trick 'r Treat,Trick 'r Treat,en,16.86,2007-12-09,2007,7.002,1873,862856,3,0,1715,2010-11-01
14448,Love Songs,Les Chansons d'amour,fr,9.124,2007-05-23,2007,7.0,243,996605,3,0,1741,2010-11-06
13981,Appleseed: Ex Machina,エクスマキナ,ja,10.474,2007-10-19,2007,6.5,208,1043842,3,0,1764,2010-11-18
5259,The Band's Visit,ביקור התזמורת,he,5.187,2007-09-13,2007,7.126,155,1032856,1,0,1799,2010-11-30
69214,Tricks,Sztuczki,pl,2.57,2007-10-26,2007,6.906,32,1094278,3,1,1802,2010-12-01
2009,"4 Months, 3 Weeks and 2 Days","4 luni, 3 săptămîni și 2 zile",ro,10.305,2007-08-24,2007,7.5,727,1032846,3,0,1806,2010-12-01
15048,Beaufort,בופור,he,3.757,2007-02-02,2007,6.43,43,758732,0,0,1808,2010-12-01
10748,St. Trinian's,St. Trinian's,en,14.143,2007-12-21,2007,5.915,462,964587,3,0,1840,2010-12-11
2013,The Diving Bell and the Butterfly,Le Scaphandre et le Papillon,fr,11.232,2007-05-23,2007,7.6,1165,401383,2,1,1868,2010-12-21
4566,Michael Clayton,Michael Clayton,en,12.38,2007-09-28,2007,6.777,1731,465538,2,0,1889,2011-01-02
28871,How About You...,How About You...,en,3.096,2007-11-16,2007,6.258,33,887745,3,0,1899,2011-01-12
2284,Mr. Magorium's Wonder Emporium,Mr. Magorium's Wonder Emporium,en,14.397,2007-11-14,2007,6.234,1242,457419,0,1,1903,2011-01-13
2014,The Edge of Heaven,Auf der anderen Seite,de,14.833,2007-09-27,2007,7.201,311,880502,3,0,1925,2011-01-20
38142,5 Centimeters per Second,秒速5センチメートル,ja,22.188,2007-03-03,2007,7.302,1951,983213,1,0,1939,2011-01-29
1267,Meet the Robinsons,Meet the Robinsons,en,41.541,2007-03-23,2007,6.9,2864,396555,1,0,1945,2011-01-29
22100,Watching the Detectives,Watching the Detectives,en,7.611,2007-05-01,2007,6.3,135,472205,1,0,2111,2011-03-12
4513,30 Days of Night,30 Days of Night,en,35.628,2007-10-17,2007,6.4,2771,389722,2,0,2130,2011-03-20
1562,28 Weeks Later,28 Weeks Later,en,68.787,2007-04-26,2007,6.6,4324,463854,3,0,2131,2011-03-21
12473,The Visitor,The Visitor,en,11.674,2008-02-21,2008,7.13,454,857191,3,1,2147,2011-03-28
11172,Music and Lyrics,Music and Lyrics,en,12.193,2007-02-09,2007,6.4,1668,758766,3,0,2170,2011-04-08
18290,Arranged,Arranged,en,3.136,2007-03-10,2007,6.1,30,848542,3,0,2248,2011-04-28
13574,Year of the Dog,Year of the Dog,en,5.498,2007-04-13,2007,5.425,67,756729,3,0,2207,2011-04-23
5718,King of California,King of California,en,10.012,2007-01-24,2007,6.4,345,388182,1,0,2341,2011-05-25
13059,The Signal,The Signal,en,8.476,2007-07-13,2007,5.9,292,780607,2,0,2364,2011-05-30
4771,Gone Baby Gone,Gone Baby Gone,en,12.926,2007-09-18,2007,7.304,3766,452623,3,0,2371,2011-06-04
13998,Margot at the Wedding,Margot at the Wedding,en,9.549,2007-11-16,2007,5.8,293,757361,3,0,2409,2011-06-17
14123,Bratz,Bratz,en,12.819,2007-08-03,2007,5.731,437,804452,3,0,2472,2011-06-30
1691,Hostel: Part II,Hostel: Part II,en,21.131,2007-06-07,2007,5.835,2020,498353,3,0,2473,2011-07-01
8748,Eagle vs Shark,Eagle vs Shark,en,10.793,2007-07-15,2007,6.5,290,494222,3,0,2478,2011-07-03
6145,Fracture,Fracture,en,24.599,2007-04-19,2007,7.3,3904,488120,1,0,2519,2011-07-12
13019,Young People Fucking,Young People Fucking,en,8.482,2007-09-05,2007,5.8,210,913445,1,0,2529,2011-07-13
6538,Charlie Wilson's War,Charlie Wilson's War,en,15.011,2007-12-19,2007,6.537,1474,472062,3,0,2574,2011-07-27
4169,Breach,Breach,en,12.471,2007-02-12,2007,6.632,577,401997,1,0,2581,2011-07-28
14636,The Condemned,The Condemned,en,17.673,2007-04-27,2007,6.104,783,443473,1,0,2597,2011-08-09
13980,Sword of the Stranger,ストレンヂア -無皇刃譚-,ja,20.559,2007-09-29,2007,7.6,408,1121794,3,1,2601,2011-08-11
18093,Northanger Abbey,Northanger Abbey,en,14.448,2007-10-24,2007,6.8,296,844794,3,0,2604,2011-08-12
17483,Shelter,Shelter,en,14.242,2007-06-16,2007,7.8,476,942384,1,0,2621,2011-08-16
1989,My Blueberry Nights,藍莓之夜,cn,13.782,2007-11-28,2007,6.402,755,765120,3,0,2655,2011-09-04
4633,Cutlass,Cutlass,en,3.123,2007-10-09,2007,7.1,25,1107809,3,0,2676,2011-09-12
31262,The Man from London,A Londoni férfi,hu,5.444,2007-05-23,2007,7.2,90,415127,3,0,2743,2011-10-06
6615,Lars and the Real Girl,Lars and the Real Girl,en,23.555,2007-10-12,2007,7.193,1825,805564,3,0,2795,2011-10-25
196235,Steam,Steam,en,1.812,2007-11-15,2007,3.1,5,892100,3,0,2856,2011-11-20
44306,In the Arms of My Enemy,Voleurs de chevaux,fr,1.933,2007-01-01,2007,5.5,13,814795,0,0,2976,2012-01-07
2882,Hunting & Gathering,"Ensemble, c'est tout",fr,12.155,2007-03-21,2007,6.562,403,792965,3,0,2992,2012-01-15
15019,I Could Never Be Your Woman,I Could Never Be Your Woman,en,15.292,2007-05-11,2007,5.9,417,466839,3,0,3012,2012-01-28
13910,Death Defying Acts,Death Defying Acts,en,8.194,2007-09-13,2007,6.0,259,472071,3,0,3013,2012-01-28
39011,Welcome to the Quiet Room,クワイエットルームにようこそ,ja,6.719,2007-10-20,2007,6.7,24,997174,3,0,3015,2012-01-28
2252,Eastern Promises,Eastern Promises,en,16.925,2007-09-14,2007,7.359,3344,765443,3,0,3069,2012-02-21
2310,Beowulf,Beowulf,en,26.955,2007-11-05,2007,5.899,2824,442933,3,0,3086,2012-03-02
1407,La Vie en Rose,La Môme,fr,10.969,2007-02-14,2007,7.407,1605,450188,3,0,3129,2012-03-19
10760,Sydney White,Sydney White,en,14.544,2007-09-21,2007,6.464,1030,815244,3,0,3151,2012-03-28
3021,1408,1408,en,22.42,2007-06-22,2007,6.689,4423,450385,3,0,3206,2012-04-26
4517,Elizabeth: The Golden Age,Elizabeth: The Golden Age,en,18.935,2007-09-09,2007,6.7,1218,414055,3,0,3230,2012-05-07
12435,The Nanny Diaries,The Nanny Diaries,en,14.704,2007-08-24,2007,6.4,1140,489237,3,0,3308,2012-06-02
5876,The Mist,The Mist,en,37.88,2007-11-21,2007,6.931,5228,884328,3,0,3324,2012-06-05
1265,Bridge to Terabithia,Bridge to Terabithia,en,57.13,2007-02-15,2007,7.313,4800,398808,3,0,3333,2012-06-08
14139,Timecrimes,Los cronocrímenes,es,16.92,2007-11-01,2007,6.998,1260,480669,0,0,3343,2012-06-11
14432,The Secret,Si j'étais toi,fr,6.981,2007-10-10,2007,5.9,67,446463,3,0,3344,2012-06-11
28563,Salvation,Salvation,en,0.812,2007-08-19,2007,0.0,0,860528,1,0,3424,2012-07-15
5595,Fermat's Room,La Habitación de Fermat,es,11.512,2007-10-07,2007,6.6,399,1016301,0,0,3438,2012-07-21
1922,Irina Palm,Irina Palm,en,6.91,2007-02-13,2007,6.9,156,762110,3,1,3474,2012-08-16
10094,Gone,Gone,en,8.145,2006-10-26,2006,5.1,96,482374,3,1,3494,2012-08-24
14138,Black Water,Black Water,en,11.219,2007-06-01,2007,5.853,337,816436,3,0,3545,2012-09-24
70438,Princess of the Sun,La Reine Soleil,fr,3.523,2007-04-04,2007,6.529,34,459959,3,0,3547,2012-09-25
36172,Negative Happy Chain Saw Edge,ネガティブハッピー・チェーンソーエッヂ,ja,1.055,2008-01-19,2008,6.3,10,1024856,0,0,3577,2012-10-07
48420,If I Had Known I Was a Genius,If I Had Known I Was a Genius,en,1.348,2007-01-23,2007,4.2,14,758753,2,1,3604,2012-10-16
7211,Dan in Real Life,Dan in Real Life,en,15.879,2007-10-26,2007,6.549,1215,480242,3,0,3615,2012-10-19
20497,Ballet Shoes,Ballet Shoes,en,5.542,2008-08-26,2008,6.4,259,1083845,3,0,3617,2012-10-20
13312,Inside,À l'intérieur,fr,14.558,2007-06-13,2007,6.7,820,856288,3,0,3629,2012-10-26
8329,[REC],[REC],es,38.791,2007-11-23,2007,7.211,4410,1038988,3,0,3646,2012-11-02
2082,Halloween,Halloween,en,26.642,2007-08-31,2007,6.216,2357,373883,3,0,3655,2012-11-04
14843,Ten Inch Hero,Ten Inch Hero,en,8.998,2007-04-25,2007,7.1,169,829297,3,0,3663,2012-11-06
7973,Caramel,سكر بنات,ar,6.115,2007-08-09,2007,6.9,226,825236,2,0,3707,2012-12-03
15137,Evangelion: 1.0 You Are (Not) Alone,ヱヴァンゲリヲン新劇場版：序,ja,28.451,2007-09-01,2007,7.6,958,923811,3,0,3731,2012-12-08
17778,We Are the Strange,We Are the Strange,en,1.087,2007-01-19,2007,4.8,13,923985,0,0,3774,2012-12-26
9955,Blades of Glory,Blades of Glory,en,15.377,2007-03-30,2007,6.109,1755,445934,3,0,3777,2012-12-27
1273,TMNT,TMNT,en,19.972,2007-03-23,2007,6.128,1100,453556,1,1,3811,2013-01-08
8827,99 Francs,99 Francs,fr,10.931,2007-09-26,2007,6.61,730,875113,1,1,3899,2013-02-17
85330,Out at the Wedding,Out at the Wedding,en,3.534,2007-01-01,2007,5.2,19,488023,3,0,3935,2013-02-25
10818,Water Lilies,Naissance des pieuvres,fr,16.202,2007-05-17,2007,6.5,416,869977,3,0,3989,2013-03-17
7972,Before the Devil Knows You're Dead,Before the Devil Knows You're Dead,en,13.745,2007-09-26,2007,7.1,1490,292963,2,0,4001,2013-03-20
5857,I Know Who Killed Me,I Know Who Killed Me,en,10.466,2007-07-27,2007,4.522,368,897361,3,0,4007,2013-03-23
4688,Across the Universe,Across the Universe,en,13.709,2007-09-14,2007,7.1,1335,445922,3,0,4028,2013-04-05
3594,The Number 23,The Number 23,en,14.387,2007-02-23,2007,6.413,3208,481369,1,0,4029,2013-04-05
13283,Barbie as the Island Princess,Barbie as the Island Princess,en,17.986,2007-09-17,2007,7.2,724,1092053,3,0,4040,2013-04-09
17106,Numb,Numb,en,8.264,2007-04-30,2007,5.8,103,795439,1,0,4044,2013-04-11
26645,Se upp för dårarna,Se upp för dårarna,sv,2.442,2007-02-16,2007,5.1,18,959342,3,0,4060,2013-04-15
19025,Bhool Bhulaiyaa,भूल भुलैया,hi,12.244,2007-10-12,2007,6.6,175,995031,1,1,4121,2013-05-06
39562,To Be Fat Like Me,To Be Fat Like Me,en,3.793,2007-01-08,2007,5.0,21,889600,3,0,4158,2013-05-23
44487,She's a Boy I Knew,She's a Boy I Knew,en,0.188,2007-10-04,2007,1.0,1,1095496,3,0,4152,2013-05-22
13958,The King of Kong: A Fistful of Quarters,The King of Kong: A Fistful of Quarters,en,9.413,2007-03-25,2007,7.757,443,923752,1,0,4153,2013-05-22
2001,We Own the Night,We Own the Night,en,17.074,2007-10-12,2007,6.695,1367,498399,0,0,4162,2013-05-24
1248,Hannibal Rising,Hannibal Rising,en,6.38,2007-02-06,2007,6.2,2218,367959,1,0,4209,2013-06-05
58700,"Yobi, The Five-Tailed Fox",천년여우 여우비,ko,4.844,2007-01-25,2007,6.4,55,1077274,3,1,4264,2013-06-23
60129,Bratz: Fashion Pixiez,Bratz: Fashion Pixiez,en,2.685,2007-02-27,2007,7.4,26,2330312,3,0,4313,2013-07-07
1257,Because I Said So,Because I Said So,en,15.876,2007-02-02,2007,5.9,634,490084,3,0,4439,2013-08-04
45718,Imprint,Imprint,en,1.826,2007-07-01,2007,5.0,13,816530,3,0,4728,2013-10-22
34916,La torre de Suso,La torre de Suso,es,1.438,2007-11-09,2007,5.9,24,896986,1,0,4757,2013-10-31
14397,Whisper,Whisper,en,11.692,2007-11-27,2007,6.4,266,435528,2,0,4762,2013-11-01
16240,Breakfast with Scot,Breakfast with Scot,en,6.469,2007-11-16,2007,6.3,48,910847,1,0,4800,2013-11-08
12823,Days and Clouds,Giorni e nuvole,it,3.944,2007-10-26,2007,6.8,67,887732,3,0,4833,2013-11-15
8471,Far North,Far North,en,3.837,2008-10-09,2008,6.1,50,860866,3,0,4886,2013-11-28
24874,Dark Mirror,Dark Mirror,en,3.77,2007-01-01,2007,5.1,37,486651,3,0,4963,2013-12-18
13474,P2,P2,en,22.455,2007-11-09,2007,6.217,832,804516,3,0,4984,2013-12-25
16126,Flight of the Living Dead,Flight of the Living Dead,en,10.217,2007-04-06,2007,5.019,135,780583,3,0,5055,2014-01-08
1646,Freedom Writers,Freedom Writers,en,26.118,2007-01-05,2007,7.917,2190,463998,1,0,5496,2014-05-21
13079,The Life Before Her Eyes,The Life Before Her Eyes,en,8.823,2007-09-08,2007,6.079,277,815178,3,0,5028,2014-01-02
9966,The Messengers,The Messengers,en,13.602,2007-02-02,2007,5.7,804,425430,3,0,5042,2014-01-05
18116,American Zombie,American Zombie,en,2.169,2007-01-18,2007,4.7,28,765430,3,0,5045,2014-01-05
16725,The Tracey Fragments,The Tracey Fragments,en,4.877,2007-09-12,2007,6.0,115,801526,3,0,5071,2014-01-14
1979,Fantastic Four: Rise of the Silver Surfer,Fantastic Four: Rise of the Silver Surfer,en,31.819,2007-06-13,2007,5.608,7833,486576,3,1,5075,2014-01-15
14163,Chak De! India,चकदे! इंडिया,hi,9.309,2007-08-09,2007,7.195,326,871510,3,0,5146,2014-02-07
14456,Shrooms,Shrooms,en,10.654,2007-08-16,2007,4.866,373,492486,3,0,5204,2014-02-25
13168,Smiley Face,Smiley Face,en,11.985,2007-11-16,2007,6.0,277,780608,3,0,5245,2014-03-07
1845,2 Days in Paris,2 Days in Paris,en,11.308,2007-02-09,2007,6.23,379,841044,3,0,5291,2014-03-17
25055,Transmorphers,Transmorphers,en,3.82,2007-06-26,2007,2.9,71,960835,3,0,5328,2014-03-26
4141,Shoot 'Em Up,Shoot 'Em Up,en,25.292,2007-07-26,2007,6.5,1859,465602,1,0,5451,2014-05-06
15568,Gracie,Gracie,en,5.842,2007-06-01,2007,6.3,85,441007,3,0,5461,2014-05-10
559,Spider-Man 3,Spider-Man 3,en,92.276,2007-05-01,2007,6.433,14156,413300,2,0,5483,2014-05-18
4588,"Lust, Caution",色‧戒,zh,38.981,2007-09-24,2007,7.2,697,808357,3,0,5501,2014-05-26
34985,Mataharis,Mataharis,es,1.964,2007-09-28,2007,4.6,14,780565,3,0,5509,2014-05-28
2503,The Bourne Ultimatum,The Bourne Ultimatum,en,34.029,2007-08-03,2007,7.428,7673,440963,2,0,5530,2014-06-04
55076,"So, You've Downloaded a Demon","So, You've Downloaded a Demon",en,0.354,2007-01-01,2007,0.0,0,348062,3,0,5583,2014-06-22
14001,Dead Silence,Dead Silence,en,42.594,2007-03-16,2007,6.4,2254,455760,1,0,5628,2014-07-11
9757,Norbit,Norbit,en,47.013,2007-02-08,2007,5.7,2382,477051,2,0,5662,2014-07-31
14019,Ex Drummer,Ex Drummer,nl,7.754,2007-01-31,2007,6.801,211,812243,1,0,5769,2014-09-20
14928,The Secrets,הסודות,he,3.336,2007-06-14,2007,6.5,33,782867,3,0,5930,2014-11-20
70043,Racing Daylight,Racing Daylight,en,0.498,2007-07-31,2007,3.3,3,840363,3,0,5995,2014-12-21
13649,High School Musical 2,High School Musical 2,en,19.837,2007-08-17,2007,6.514,3714,810900,3,0,6057,2015-01-20
4519,Conversations with My Gardener,Dialogue avec mon jardinier,fr,7.037,2007-06-06,2007,6.5,118,825244,1,0,6286,2015-06-01
663,Saw IV,Saw IV,en,26.204,2007-10-25,2007,6.166,3787,890870,3,0,6454,2015-09-15
9760,Epic Movie,Epic Movie,en,20.252,2007-01-25,2007,3.855,1533,799949,3,0,6577,2015-12-04
10071,The Brothers Solomon,The Brothers Solomon,en,8.163,2007-09-07,2007,5.1,132,784972,2,0,6578,2015-12-05
14043,Nancy Drew,Nancy Drew,en,12.508,2007-06-15,2007,6.1,510,479500,3,0,6603,2015-12-13
7942,Run Fatboy Run,Run Fatboy Run,en,9.373,2007-09-06,2007,6.2,681,425413,1,0,6616,2015-12-19
72140,A Grandpa for Christmas,A Grandpa for Christmas,en,2.35,2007-11-24,2007,6.63,23,950740,3,0,6617,2015-12-19
337550,Flatland,Flatland,en,2.74,2007-01-14,2007,5.6,17,814106,2,0,6631,2015-12-25
13078,The Babysitters,The Babysitters,en,22.667,2008-05-09,2008,5.992,491,796302,3,0,6735,2016-02-19
14791,Two Worlds,Les Deux Mondes,fr,7.897,2007-11-21,2007,5.1,115,808230,2,0,6759,2016-03-02
3902,I'm Not There,I'm Not There,en,15.023,2007-10-01,2007,6.521,699,368794,1,0,6795,2016-03-26
12247,Shotgun Stories,Shotgun Stories,en,5.514,2007-10-01,2007,6.9,187,952682,3,0,6828,2016-04-13
17101,Bleach the Movie: The DiamondDust Rebellion,劇場版 BLEACH The DiamondDust Rebellion もう一つの氷輪丸,ja,12.893,2007-12-22,2007,6.8,165,1148261,2,0,6905,2016-05-28
5708,Control,Control,en,12.183,2007-09-12,2007,7.5,843,421082,2,0,6987,2016-07-21
13483,Awake,Awake,en,14.73,2007-11-28,2007,6.5,1362,211933,3,0,7001,2016-07-27
4515,Lions for Lambs,Lions for Lambs,en,13.973,2007-10-22,2007,6.031,753,891527,0,0,7078,2016-08-29
27605,The 13 Roses,Las 13 rosas,es,5.405,2007-10-19,2007,6.6,88,809533,3,0,7079,2016-08-29
319302,Right to Die,Right to Die,en,2.449,2007-01-05,2007,5.9,29,871197,1,0,7121,2016-09-17
233885,We All Scream for Ice Cream,We All Scream for Ice Cream,en,4.758,2007-01-12,2007,4.9,48,817402,3,0,7125,2016-09-19
319297,The Black Cat,The Black Cat,en,2.553,2007-01-19,2007,6.2,30,785533,0,0,7128,2016-09-20
319206,The Washingtonians,The Washingtonians,en,1.973,2007-01-26,2007,5.4,24,854548,3,0,7129,2016-09-21
319203,Dream Cruise,Dream Cruise,en,2.366,2007-05-12,2007,4.8,28,868394,1,0,7131,2016-09-22
51201,Lucky Blue,Lucky Blue,sv,2.012,2007-02-02,2007,5.8,31,971205,0,0,7140,2016-09-24
86531,"You, Me and Him",Café com Leite,pt,1.766,2008-02-11,2008,6.2,39,1166805,0,0,7142,2016-09-25
60850,Fashion Victims,Reine Geschmacksache,de,1.189,2007-08-08,2007,6.1,26,838192,3,0,7153,2016-09-27
1949,Zodiac,Zodiac,en,46.363,2007-03-02,2007,7.524,10539,443706,1,0,7251,2016-11-08
6391,Jellyfish,מדוזות,he,2.579,2007-05-05,2007,6.9,41,807721,3,0,7349,2016-12-23
4982,American Gangster,American Gangster,en,41.616,2007-11-02,2007,7.588,5457,765429,1,0,7395,2017-01-13
5559,Bee Movie,Bee Movie,en,36.261,2007-10-28,2007,6.022,4857,389790,1,0,7519,2017-03-16
2267,The Last Mimzy,The Last Mimzy,en,14.101,2007-02-09,2007,6.3,453,768212,3,0,7556,2017-04-04
24870,Viva,Viva,en,3.575,2008-03-07,2008,5.0,31,393956,3,0,7584,2017-04-20
7992,It's a Free World...,It's a Free World...,en,7.34,2007-09-28,2007,6.5,111,807054,3,0,7711,2017-06-29
16962,Barbie Fairytopia: Magic of the Rainbow,Barbie Fairytopia: Magic of the Rainbow,en,12.032,2007-03-13,2007,6.853,439,1007920,3,0,7714,2017-07-02
13252,Cleaner,Cleaner,en,14.932,2007-09-11,2007,6.1,822,896798,1,0,7773,2017-08-11
69335,Estômago: A Gastronomic Story,Estômago,pt,6.555,2007-09-26,2007,7.9,274,1039960,0,0,7796,2017-09-03
1683,The Reaping,The Reaping,en,17.68,2007-04-05,2007,5.8,817,444682,3,0,7973,2017-12-30
25961,Pokémon: The Rise of Darkrai,劇場版ポケットモンスター ダイヤモンド&パール ディアルガVSパルキアVSダークライ,ja,18.984,2007-07-14,2007,6.9,276,1226251,3,0,8513,2018-12-08
54318,The Water Horse,The Water Horse,en,21.237,2007-12-25,2007,6.5,1055,760329,0,0,8525,2018-12-14
4512,The Assassination of Jesse James by the Coward Robert Ford,The Assassination of Jesse James by the Coward Robert Ford,en,22.554,2007-09-20,2007,7.0,2487,443680,1,0,8535,2018-12-14
440,Aliens vs Predator: Requiem,Aliens vs Predator: Requiem,en,53.059,2007-12-25,2007,5.2,2939,758730,3,0,8576,2018-12-27
34183,Rosa - The Movie,Rosa - The Movie,sv,0.953,2007-01-19,2007,2.8,6,997260,3,0,8732,2019-05-02
8277,American Pie Presents: Beta House,American Pie Presents: Beta House,en,40.166,2007-12-26,2007,5.659,1891,974959,2,0,9002,2020-02-06
6589,Underdog,Underdog,en,15.364,2007-08-03,2007,5.529,712,467110,1,1,9240,2020-08-15
9038,The Heartbreak Kid,The Heartbreak Kid,en,21.08,2007-10-05,2007,5.7,1599,408839,2,0,9247,2020-08-19
461648,Hungry Bitches,Hungry Bitches,en,0.0,2007-01-05,2007,0.0,0,1765847,3,0,9352,2020-12-04
1268,Mr. Bean's Holiday,Mr. Bean's Holiday,en,28.148,2007-03-22,2007,6.353,2848,453451,0,0,9424,2021-01-03
1250,Ghost Rider,Ghost Rider,en,47.474,2007-01-15,2007,5.581,5935,259324,0,0,9451,2021-01-22
7183,Perfect Stranger,Perfect Stranger,en,16.603,2007-04-11,2007,5.794,925,457433,3,0,9476,2021-02-13
49084,Steak,Steak,fr,5.799,2007-06-20,2007,5.477,260,889665,0,0,9627,2021-04-06
13641,The Air I Breathe,The Air I Breathe,en,11.883,2007-02-07,2007,6.301,356,485851,3,0,9803,2021-05-10
13525,Suburban Girl,Suburban Girl,en,7.832,2007-04-27,2007,5.6,147,428579,2,0,9805,2021-05-11
52116,Hands off Mississippi,Hände weg von Mississippi,de,3.088,2007-03-22,2007,6.7,18,943232,3,0,10078,2021-10-10
5123,August Rush,August Rush,en,26.552,2007-11-21,2007,7.4,2674,426931,3,0,10107,2021-10-25
32579,Under the Same Moon,La misma luna,es,11.14,2007-07-27,2007,7.8,257,796307,3,0,10126,2021-11-12
6637,National Treasure: Book of Secrets,National Treasure: Book of Secrets,en,29.134,2007-12-13,2007,6.358,5133,465234,3,1,10130,2021-11-19
11127,Starship Troopers 3: Marauder,Starship Troopers 3: Marauder,en,18.489,2008-07-19,2008,4.836,527,844760,3,0,1,2008-07-19
10681,WALL·E,WALL·E,en,73.456,2008-06-22,2008,8.1,18841,910970,1,0,3,2008-07-19
8848,The Bank Job,The Bank Job,en,28.609,2008-02-28,2008,6.827,2317,200465,3,0,19,2008-07-19
8247,Jumper,Jumper,en,21.813,2008-02-13,2008,6.2,5772,489099,1,0,28,2008-07-19
8321,In Bruges,In Bruges,en,25.63,2008-02-08,2008,7.5,5153,780536,1,0,34,2008-07-20
8065,21,21,en,27.835,2008-03-27,2008,6.7,4647,478087,3,0,47,2008-07-20
155,The Dark Knight,The Dark Knight,en,138.712,2008-07-16,2008,8.5,33128,468569,3,1,66,2008-07-23
12177,The Love Guru,The Love Guru,en,18.512,2008-06-20,2008,4.115,707,811138,1,0,60,2008-07-21
8960,Hancock,Hancock,en,30.516,2008-07-01,2008,6.348,9585,448157,0,0,61,2008-07-21
13256,Mutant Chronicles,Mutant Chronicles,en,10.617,2008-08-07,2008,5.278,452,490181,1,0,65,2008-07-22
10488,Nim's Island,Nim's Island,en,14.763,2008-04-03,2008,5.9,1124,410377,3,,73,2008-07-27
11665,Get Smart,Get Smart,en,20.962,2008-06-19,2008,6.198,3566,425061,1,,74,2008-07-27
8909,Wanted,Wanted,en,38.338,2008-06-19,2008,6.5,7046,493464,1,,80,2008-07-28
12889,Futurama: The Beast with a Billion Backs,Futurama: The Beast with a Billion Backs,en,12.936,2008-06-30,2008,7.0,551,1054485,2,,81,2008-07-28
8780,Baby Mama,Baby Mama,en,10.599,2008-04-25,2008,5.9,650,871426,3,,140,2008-08-03
14422,Birds of America,Birds of America,en,5.651,2008-10-09,2008,5.5,65,1029134,3,,141,2008-08-03
4953,Be Kind Rewind,Be Kind Rewind,en,10.203,2008-01-20,2008,6.3,1343,799934,1,,145,2008-08-04
7461,Vantage Point,Vantage Point,en,13.899,2008-02-01,2008,6.4,2006,443274,3,,176,2008-09-04
1726,Iron Man,Iron Man,en,85.156,2008-04-30,2008,7.647,26476,371746,2,,190,2008-09-26
9029,What Happens in Vegas,What Happens in Vegas,en,26.538,2008-05-07,2008,6.1,3046,1033643,3,,191,2008-09-27
4944,Burn After Reading,Burn After Reading,en,19.75,2008-09-05,2008,6.654,4720,887883,1,,189,2008-09-21
7459,Speed Racer,Speed Racer,en,24.063,2008-05-07,2008,6.3,1555,811080,3,,192,2008-09-27
11260,Meet Dave,Meet Dave,en,17.562,2008-07-08,2008,5.3,1421,765476,1,,193,2008-10-05
88751,Journey to the Center of the Earth,Journey to the Center of the Earth,en,28.654,2008-07-10,2008,6.082,4801,373051,1,,194,2008-10-05
1724,The Incredible Hulk,The Incredible Hulk,en,55.307,2008-06-12,2008,6.215,11789,800080,1,,195,2008-10-05
12690,Appaloosa,Appaloosa,en,13.035,2008-09-19,2008,6.578,991,800308,1,,196,2008-10-05
12182,Nick and Norah's Infinite Playlist,Nick and Norah's Infinite Playlist,en,11.237,2008-10-03,2008,6.452,1179,981227,3,,197,2008-10-06
6557,27 Dresses,27 Dresses,en,22.005,2008-01-10,2008,6.422,3126,988595,3,,212,2008-11-02
11253,Hellboy II: The Golden Army,Hellboy II: The Golden Army,en,33.908,2008-07-11,2008,6.765,5187,411477,1,,214,2008-11-02
15373,Role Models,Role Models,en,16.718,2008-11-07,2008,6.483,1891,430922,1,,217,2008-11-18
13053,Bolt,Bolt,en,38.36,2008-11-21,2008,6.52,6048,397892,3,,220,2008-11-23
10483,Death Race,Death Race,en,33.019,2008-08-22,2008,6.272,3766,452608,1,,222,2008-11-30
8882,Gomorrah,Gomorra,it,12.506,2008-05-16,2008,6.879,1211,929425,1,,233,2008-12-10
13387,Transporter 3,Transporter 3,en,40.074,2008-11-26,2008,6.15,3362,1129442,0,,241,2008-12-14
10139,Milk,Milk,en,12.191,2008-11-05,2008,7.239,2192,1013753,1,,242,2008-12-15
5038,Vicky Cristina Barcelona,Vicky Cristina Barcelona,en,17.512,2008-08-15,2008,6.801,3721,497465,3,,245,2008-12-20
12405,Slumdog Millionaire,Slumdog Millionaire,en,32.681,2008-11-12,2008,7.733,10573,1010048,1,,251,2009-01-06
10183,Frozen River,Frozen River,en,11.893,2008-03-26,2008,6.659,317,978759,3,,252,2009-01-07
14359,Doubt,Doubt,en,12.993,2008-12-12,2008,7.205,1689,918927,3,,254,2009-01-08
12133,Step Brothers,Step Brothers,en,25.08,2008-07-25,2008,6.559,3103,838283,1,,260,2009-01-20
7446,Tropic Thunder,Tropic Thunder,en,49.21,2008-08-09,2008,6.7,6195,942385,0,,263,2009-01-25
16005,The Lucky Ones,The Lucky Ones,en,7.715,2008-09-26,2008,6.4,165,981072,3,,265,2009-01-30
8055,The Reader,The Reader,en,34.468,2008-12-10,2008,7.47,3100,976051,1,,273,2009-02-07
4148,Revolutionary Road,Revolutionary Road,en,27.577,2008-12-19,2008,6.988,3802,959337,3,,275,2009-02-07
13648,Resident Evil: Degeneration,バイオハザード：ディジェネレーション,ja,22.396,2008-02-13,2008,6.8,1064,1174954,3,,279,2009-02-15
12163,The Wrestler,The Wrestler,en,12.277,2008-09-07,2008,7.5,3634,1125849,1,,285,2009-02-19
3580,Changeling,Changeling,en,16.203,2008-10-24,2008,7.596,4153,824747,3,,286,2009-02-20
10200,The Day the Earth Stood Still,The Day the Earth Stood Still,en,36.525,2008-12-10,2008,5.6,3401,970416,3,,298,2009-03-15
10201,Yes Man,Yes Man,en,33.153,2008-12-09,2008,6.676,6814,1068680,1,,305,2009-03-28
2309,Inkheart,Inkheart,en,17.417,2008-12-11,2008,6.3,2102,494238,3,,306,2009-03-28
13051,Max Payne,Max Payne,en,17.57,2008-10-15,2008,5.4,2056,467197,3,,309,2009-03-31
10202,Bedtime Stories,Bedtime Stories,en,23.92,2008-12-24,2008,6.151,2813,960731,3,,310,2009-04-13
11631,Mamma Mia!,Mamma Mia!,en,37.164,2008-07-03,2008,7.0,6530,795421,3,,316,2009-04-28
13253,Futurama: Bender's Game,Futurama: Bender's Game,en,11.336,2008-11-03,2008,6.9,539,1054486,1,,338,2009-06-11
13090,Sunshine Cleaning,Sunshine Cleaning,en,9.941,2008-01-18,2008,6.6,755,862846,3,,346,2009-06-20
12178,Miss Pettigrew Lives for a Day,Miss Pettigrew Lives for a Day,en,10.77,2008-03-07,2008,6.8,392,970468,3,,350,2009-06-22
13972,The Women,The Women,en,18.056,2008-09-12,2008,5.079,336,430770,3,,355,2009-06-25
8338,Blindness,Blindness,en,13.468,2008-05-14,2008,6.516,1261,861689,3,,380,2009-07-27
10189,Pineapple Express,Pineapple Express,en,28.267,2008-08-06,2008,6.6,3816,910936,2,,384,2009-07-28
8681,Taken,Taken,en,99.611,2008-02-18,2008,7.395,11245,936501,3,0,428,2009-08-09
9030,The Eye,The Eye,en,32.136,2008-02-01,2008,5.837,1031,406759,3,0,429,2009-08-09
13688,CJ7,長江七號,cn,19.229,2008-01-30,2008,7.337,708,940709,1,0,447,2009-08-12
13027,Eagle Eye,Eagle Eye,en,19.474,2008-09-25,2008,6.5,2839,1059786,1,1,463,2009-08-16
11887,High School Musical 3: Senior Year,High School Musical 3: Senior Year,en,19.134,2008-10-11,2008,6.554,3458,962726,3,0,464,2009-08-16
10764,Quantum of Solace,Quantum of Solace,en,31.999,2008-10-29,2008,6.3,7854,830515,1,0,465,2009-08-17
12429,Ponyo,崖の上のポニョ,ja,55.251,2008-07-19,2008,7.741,4313,876563,3,0,469,2009-08-20
14914,Flash of Genius,Flash of Genius,en,9.343,2008-09-07,2008,6.498,220,1054588,1,0,470,2009-08-20
13179,Tinker Bell,Tinker Bell,en,35.791,2008-09-11,2008,6.873,1421,823671,3,0,473,2009-08-22
19624,Fashion,Fashion,hi,6.733,2008-10-29,2008,6.4,87,964516,3,0,492,2009-09-06
12162,The Hurt Locker,The Hurt Locker,en,21.435,2008-10-10,2008,7.258,5617,887912,1,0,495,2009-09-11
14976,Rachel Getting Married,Rachel Getting Married,en,10.944,2008-09-03,2008,6.3,565,1084950,3,0,499,2009-09-11
16899,Easy Virtue,Easy Virtue,en,7.516,2008-11-07,2008,6.433,407,808244,3,0,500,2009-09-11
8966,Twilight,Twilight,en,100.472,2008-11-20,2008,6.294,13556,1099212,3,0,501,2009-09-11
13223,Gran Torino,Gran Torino,en,24.623,2008-12-12,2008,7.991,10706,1205489,2,0,502,2009-09-11
8881,Che: Part One,Che: Part One,en,14.32,2008-09-05,2008,6.806,739,892255,1,0,503,2009-09-11
4922,The Curious Case of Benjamin Button,The Curious Case of Benjamin Button,en,45.716,2008-12-25,2008,7.6,12810,421715,3,1,504,2009-09-11
12797,Ghost Town,Ghost Town,en,14.857,2008-09-19,2008,6.5,961,995039,1,0,513,2009-09-22
38879,The Beaches of Agnès,Les Plages d'Agnès,fr,5.757,2008-12-17,2008,7.7,122,1129435,3,0,523,2009-10-09
13942,The Alphabet Killer,The Alphabet Killer,en,8.862,2008-11-07,2008,5.122,189,818165,3,0,540,2009-11-02
13812,Quarantine,Quarantine,en,10.556,2008-10-10,2008,5.749,1237,1082868,3,0,541,2009-11-02
14353,Repo! The Genetic Opera,Repo! The Genetic Opera,en,11.667,2008-11-07,2008,6.259,332,963194,3,0,542,2009-11-13
8390,"Definitely, Maybe","Definitely, Maybe",en,21.043,2008-02-08,2008,6.941,2411,832266,3,0,545,2009-11-22
8884,Franklyn,Franklyn,en,7.204,2008-10-16,2008,6.0,355,893402,2,0,584,2009-12-25
13310,Let the Right One In,Låt den rätte komma in,sv,18.651,2008-10-24,2008,7.537,2941,1139797,1,0,668,2010-01-25
9502,Kung Fu Panda,Kung Fu Panda,en,76.503,2008-06-04,2008,7.3,11646,441773,3,0,728,2010-04-09
58391,Three Wise Men,Kolme viisasta miestä,fi,0.883,2008-11-14,2008,5.6,9,1270769,1,0,730,2010-04-11
13964,The Machine Girl,片腕マシンガール,ja,10.28,2008-01-02,2008,5.987,199,1050160,3,0,740,2010-04-17
4564,Sex and the City,Sex and the City,en,34.829,2008-05-12,2008,6.573,2117,1000774,3,0,747,2010-04-23
13532,Fanboys,Fanboys,en,10.127,2009-02-06,2009,6.149,820,489049,0,0,768,2010-04-26
28422,Love Exposure,愛のむきだし,ja,16.344,2009-01-31,2009,8.0,443,1128075,3,0,770,2010-04-26
16804,Departures,おくりびと,ja,15.85,2008-09-13,2008,7.8,828,1069238,3,1,819,2010-05-19
40016,Birdemic: Shock and Terror,Birdemic: Shock and Terror,en,10.953,2010-02-27,2010,2.174,339,1316037,3,0,829,2010-05-25
7191,Cloverfield,Cloverfield,en,34.702,2008-01-15,2008,6.692,7081,1060277,3,0,889,2010-06-03
19603,Ciao,Ciao,en,2.302,2008-12-05,2008,5.6,44,870089,0,0,883,2010-05-31
10188,The Sisterhood of the Traveling Pants 2,The Sisterhood of the Traveling Pants 2,en,16.085,2008-08-06,2008,6.3,768,1018785,3,0,902,2010-06-05
12193,Four Christmases,Four Christmases,en,24.891,2008-11-26,2008,5.791,1142,369436,3,0,903,2010-06-05
12837,The Secret Life of Bees,The Secret Life of Bees,en,13.255,2008-09-17,2008,7.5,508,416212,3,0,927,2010-06-09
23963,Pontypool,Pontypool,en,11.456,2009-03-06,2009,6.466,619,1226681,0,0,952,2010-06-16
8276,I've Loved You So Long,Il y a longtemps que je t'aime,fr,11.333,2008-03-19,2008,7.3,216,1068649,3,0,985,2010-06-26
11499,Frost/Nixon,Frost/Nixon,en,8.763,2008-10-15,2008,7.276,1174,870111,1,0,990,2010-06-28
13600,City of Ember,City of Ember,en,18.566,2008-10-07,2008,6.3,1731,970411,3,0,1013,2010-06-30
12620,The House Bunny,The House Bunny,en,22.224,2008-08-22,2008,5.662,1883,852713,3,0,1014,2010-06-30
217,Indiana Jones and the Kingdom of the Crystal Skull,Indiana Jones and the Kingdom of the Crystal Skull,en,50.694,2008-05-21,2008,6.0,8309,367882,1,0,1050,2010-07-04
34883,My Prison Yard,El patio de mi cárcel,es,2.083,2008-12-26,2008,6.0,15,1103193,3,0,1583,2010-09-20
2454,The Chronicles of Narnia: Prince Caspian,The Chronicles of Narnia: Prince Caspian,en,63.976,2008-05-15,2008,6.621,6369,499448,3,0,1590,2010-09-22
20846,Dim Sum Funeral,Dim Sum Funeral,en,2.624,2008-11-01,2008,4.6,12,1216477,3,0,1548,2010-09-07
12914,Stargate: Continuum,Stargate: Continuum,en,17.658,2008-07-29,2008,7.112,514,929629,1,0,1586,2010-09-22
10503,Happy-Go-Lucky,Happy-Go-Lucky,en,11.274,2008-04-18,2008,6.602,450,1045670,3,0,1290,2010-07-23
139299,God's Forgotten Town,Intrusos en Manasés,es,0.699,2010-07-08,2010,5.5,2,1077084,3,0,1178,2010-07-14
8328,Step Up 2: The Streets,Step Up 2: The Streets,en,25.492,2008-02-14,2008,6.694,2291,1023481,3,0,1104,2010-07-05
73029,The Gift,El regalo,es,0.427,2008-10-02,2008,6.4,5,1305138,2,0,1107,2010-07-07
12222,Horton Hears a Who!,Horton Hears a Who!,en,34.662,2008-03-03,2008,6.5,3265,451079,1,0,1142,2010-07-10
1729,The Forbidden Kingdom,The Forbidden Kingdom,zh,25.245,2008-04-17,2008,6.6,1700,865556,1,0,1143,2010-07-10
14306,Marley & Me,Marley & Me,en,16.919,2008-12-25,2008,7.195,4568,822832,2,0,1144,2010-07-10
14248,Igor,Igor,en,17.696,2008-09-19,2008,5.926,558,465502,2,0,1161,2010-07-11
13944,Passengers,Passengers,en,19.57,2008-09-26,2008,6.1,908,449487,3,0,1164,2010-07-11
26235,The Gamers: Dorkness Rising,The Gamers: Dorkness Rising,en,1.958,2008-08-14,2008,6.8,34,447166,3,1,1516,2010-08-30
13635,Mesrine: Killer Instinct,L'Instinct de mort,fr,11.416,2008-10-22,2008,7.3,923,1259014,1,0,1443,2010-08-05
12412,Miracle at St. Anna,Miracle at St. Anna,en,14.116,2008-09-15,2008,6.1,371,1046997,2,0,1451,2010-08-08
33429,Helen,Helen,en,1.811,2008-06-19,2008,5.5,15,1288589,3,0,1492,2010-08-22
13809,RocknRolla,RocknRolla,en,19.577,2008-09-04,2008,6.959,2961,1032755,1,0,1495,2010-08-22
8899,Lorna's Silence,Le Silence de Lorna,fr,5.862,2008-08-27,2008,6.849,149,1186369,3,0,1504,2010-08-26
13001,Stargate: The Ark of Truth,Stargate: The Ark of Truth,en,15.901,2008-03-11,2008,7.116,495,942903,3,0,1585,2010-09-22
13971,Wild Child,Wild Child,en,27.226,2008-08-15,2008,6.7,1828,1024255,3,0,1394,2010-07-28
9539,Martyrs,Martyrs,fr,28.477,2008-06-12,2008,7.307,2706,1029234,3,0,1398,2010-07-28
4960,"Synecdoche, New York","Synecdoche, New York",en,18.126,2008-10-24,2008,7.546,1416,383028,3,1,1616,2010-09-30
16166,Sauna,Sauna,fi,4.441,2008-10-17,2008,6.23,115,1124394,1,0,1628,2010-10-03
12184,The Other Boleyn Girl,The Other Boleyn Girl,en,19.224,2008-02-28,2008,6.7,2050,467200,3,0,1641,2010-10-04
10199,The Tale of Despereaux,The Tale of Despereaux,en,16.917,2008-12-18,2008,6.095,918,420238,3,0,1674,2010-10-21
14438,Fireproof,Fireproof,en,31.19,2008-09-26,2008,7.655,756,1129423,2,0,1709,2010-10-29
13094,Dance of the Dead,Dance of the Dead,en,5.274,2008-10-14,2008,5.781,203,926063,1,0,1718,2010-11-01
39369,French Film,French Film,en,0.889,2008-12-05,2008,6.167,15,986230,3,1,1744,2010-11-07
8937,Tokyo Sonata,トウキョウソナタ,ja,8.763,2008-09-27,2008,7.38,233,938341,1,0,1746,2010-11-08
8942,Wendy and Lucy,Wendy and Lucy,en,9.527,2008-12-10,2008,6.8,325,1152850,3,0,1749,2010-11-11
8885,Waltz with Bashir,Vals Im Bashir,he,12.61,2008-06-12,2008,7.69,962,1185616,0,0,1751,2010-11-13
12289,Red Cliff,赤壁,zh,20.168,2008-07-10,2008,7.145,809,425637,1,0,1757,2010-11-15
37573,My Only Sunshine,Hayat Var,tr,1.474,2009-03-05,2009,6.8,28,1370212,3,0,1801,2010-12-01
15877,The Sky Crawlers,スカイ・クロラ,ja,9.202,2008-08-02,2008,6.702,156,1056437,3,0,1829,2010-12-06
9870,Forgetting Sarah Marshall,Forgetting Sarah Marshall,en,19.438,2008-04-17,2008,6.5,3364,800039,3,0,1891,2011-01-04
6972,Australia,Australia,en,13.511,2008-11-18,2008,6.6,2274,455824,2,0,1892,2011-01-04
40751,Ashes of Time,東邪西毒,cn,17.011,1994-09-17,1994,7.084,333,109688,1,0,1912,2011-01-15
16164,Killshot,Killshot,en,8.17,2008-11-13,2008,5.766,280,443559,1,0,1915,2011-01-16
12085,Mad Money,Mad Money,en,19.877,2008-01-17,2008,6.467,665,951216,3,0,2022,2011-02-12
12471,Milk,Süt,tr,4.122,2008-09-01,2008,6.1,50,1284591,1,0,2056,2011-02-18
293878,¡Maldito bastardo!,¡Maldito bastardo!,es,0.453,2008-05-20,2008,5.3,3,1056444,0,0,2078,2011-02-27
21179,American Violet,American Violet,en,2.411,2008-08-28,2008,6.7,36,1152397,3,0,2082,2011-02-28
14415,Séraphine,Séraphine,fr,5.64,2008-10-01,2008,6.766,124,1048171,3,0,2094,2011-03-07
11321,Seven Pounds,Seven Pounds,en,23.804,2008-12-18,2008,7.609,6773,814314,3,0,2116,2011-03-13
24475,Coco Chanel,Coco Chanel,en,8.038,2008-09-13,2008,6.6,104,1094661,3,0,2118,2011-03-14
21371,Goodbye Solo,Goodbye Solo,en,4.099,2009-03-27,2009,6.9,77,1095442,1,0,2203,2011-04-22
90175,Bi the Way,Bi the Way,en,0.614,2008-06-17,2008,5.2,9,951257,3,0,2257,2011-04-30
19079,Phoebe in Wonderland,Phoebe in Wonderland,en,7.515,2008-02-07,2008,7.2,152,1034325,3,0,2259,2011-04-30
13009,Zombie Strippers!,Zombie Strippers!,en,16.663,2008-04-18,2008,4.7,366,960890,3,0,2269,2011-05-04
12621,Hamlet 2,Hamlet 2,en,6.489,2008-01-21,2008,5.9,179,1104733,3,0,2274,2011-05-04
13018,Deception,Deception,en,16.81,2008-04-24,2008,5.943,654,800240,1,0,2331,2011-05-23
15801,What Doesn't Kill You,What Doesn't Kill You,en,10.848,2008-12-12,2008,6.0,190,1133991,1,0,2342,2011-05-25
28424,The Loss of a Teardrop Diamond,The Loss of a Teardrop Diamond,en,6.761,2008-09-12,2008,5.2,47,896031,3,0,2357,2011-05-29
21755,The Brothers Bloom,The Brothers Bloom,en,11.063,2008-09-09,2008,6.598,622,844286,3,1,2424,2011-06-21
70279,Rough Aunties,Rough Aunties,en,0.283,2008-01-01,2008,5.7,3,1179080,3,0,2460,2011-06-29
39366,Rain,Rain,en,1.006,2008-09-06,2008,6.8,9,965440,3,0,2461,2011-06-29
26191,35 Shots of Rum,35 Rhums,fr,5.661,2009-02-18,2009,6.75,74,1100048,3,0,2516,2011-07-11
17077,Everlasting Moments,Maria Larssons eviga ögonblick,sv,5.338,2008-09-24,2008,7.313,72,961066,3,0,2614,2011-08-14
24566,Examined Life,Examined Life,en,2.801,2008-09-05,2008,6.4,27,1279083,3,0,2694,2011-09-18
13058,Adulthood,Adulthood,en,6.748,2008-06-16,2008,6.1,135,1126596,2,0,2832,2011-11-07
2253,Valkyrie,Valkyrie,en,29.259,2008-12-25,2008,6.9,3694,985699,1,0,2841,2011-11-15
67892,Bonnie & Clyde vs. Dracula,Bonnie & Clyde vs. Dracula,en,2.309,2008-06-01,2008,3.3,15,1117379,3,0,2843,2011-11-15
9017,Outpost,Outpost,en,10.414,2008-03-11,2008,5.874,238,892899,0,0,2858,2011-11-21
5871,The World Is Big and Salvation Lurks Around the Corner,Светът е голям и спасение дебне отвсякъде,bg,5.645,2008-03-14,2008,7.0,44,1178197,1,0,2860,2011-11-21
6687,TransSiberian,TransSiberian,en,14.165,2008-01-18,2008,6.4,721,800241,3,0,2968,2012-01-01
69454,One Million Yen Girl,百万円と苦虫女,ja,7.619,2008-07-19,2008,7.1,47,1077094,3,0,3016,2012-01-28
15749,While She Was Out,While She Was Out,en,9.892,2008-10-27,2008,5.3,160,887971,3,0,3020,2012-01-29
20529,Sita Sings the Blues,Sita Sings the Blues,en,3.876,2008-02-11,2008,7.0,74,1172203,1,0,3029,2012-02-03
13613,Day of the Dead,Day of the Dead,en,15.482,2008-04-08,2008,5.2,379,489018,3,0,3128,2012-03-19
12689,"Angus, Thongs and Perfect Snogging","Angus, Thongs and Perfect Snogging",en,12.514,2008-07-25,2008,6.496,799,963743,3,0,3182,2012-04-13
37583,Herb & Dorothy,Herb & Dorothy,en,1.416,2009-06-05,2009,6.9,22,1227929,3,0,3281,2012-05-22
13004,Barbie and the Diamond Castle,Barbie and the Diamond Castle,en,28.795,2008-09-03,2008,7.4,831,1294138,3,0,3288,2012-05-27
14538,Three Kingdoms: Resurrection of the Dragon,三国之见龙卸甲,cn,12.287,2008-04-03,2008,6.2,120,882978,1,0,3304,2012-06-02
8900,Lion's Den,Leonera,es,3.509,2008-05-29,2008,6.1,59,1022606,3,0,3381,2012-06-26
19173,Diary of a Nymphomaniac,Diario de una ninfómana,es,55.42,2008-10-17,2008,5.581,313,1111890,3,0,3444,2012-07-23
21910,I Sell the Dead,I Sell the Dead,en,6.99,2008-08-07,2008,6.0,181,902290,1,0,3457,2012-08-04
12783,The Duchess,The Duchess,en,14.849,2008-09-05,2008,7.0,1678,864761,3,0,3461,2012-08-09
15457,Paris 36,Faubourg 36,fr,6.889,2008-09-24,2008,6.1,128,948535,1,0,3466,2012-08-11
14061,The Edge of Love,The Edge of Love,en,10.619,2008-06-20,2008,6.2,367,819714,3,0,3467,2012-08-11
38846,The Beautiful Person,La Belle Personne,fr,9.194,2008-09-17,2008,6.5,217,1263778,3,0,3510,2012-09-02
19375,Were the World Mine,Were the World Mine,en,5.499,2008-06-24,2008,6.3,90,476991,3,0,3512,2012-09-02
10665,The Strangers,The Strangers,en,21.908,2008-05-29,2008,6.109,2419,482606,3,1,3612,2012-10-19
14092,Ghost in the Shell 2.0,GHOST IN THE SHELL／攻殻機動隊2.0,ja,13.545,2008-07-12,2008,7.396,408,1260502,3,0,3693,2012-11-26
13813,Defiance,Defiance,en,15.746,2008-12-31,2008,6.841,1726,1034303,3,0,3711,2012-12-05
13460,Doomsday,Doomsday,en,16.781,2008-03-14,2008,5.968,1283,483607,3,0,3758,2012-12-20
21583,Management,Management,en,9.832,2009-02-08,2009,5.363,326,1082853,2,0,3965,2013-03-09
13956,Fly Me to the Moon,Fly Me to the Moon,en,11.133,2008-08-15,2008,4.843,182,486321,0,0,3998,2013-03-19
14312,Pirates II: Stagnetti's Revenge,Pirates II: Stagnetti's Revenge,en,0.0,2008-09-27,2008,7.6,76,1266097,3,0,4026,2013-04-04
6968,The Baader Meinhof Complex,Der Baader Meinhof Komplex,de,14.783,2008-09-25,2008,6.954,579,765432,3,0,4030,2013-04-05
13490,Welcome Home Roscoe Jenkins,Welcome Home Roscoe Jenkins,en,15.571,2008-02-08,2008,6.0,282,494652,3,1,4046,2013-04-11
15125,Dante 01,Dante 01,fr,6.824,2008-01-02,2008,5.0,126,487928,3,0,4483,2013-08-17
49429,Older Than America,Older Than America,en,4.76,2008-03-08,2008,4.6,24,932669,3,0,4730,2013-10-22
24330,Seventh Moon,Seventh Moon,en,3.896,2008-09-20,2008,4.4,71,1052040,0,0,4767,2013-11-01
8285,The Spirit,The Spirit,en,13.225,2008-12-25,2008,4.7,971,831887,2,0,4805,2013-11-11
18505,Grizzly Park,Grizzly Park,en,5.334,2008-02-07,2008,4.6,65,915460,3,0,4812,2013-11-11
17631,Mid-August Lunch,Pranzo di ferragosto,it,7.007,2008-04-30,2008,6.854,120,1277728,3,0,4935,2013-12-10
35452,Miao Miao,渺渺,zh,6.486,2008-11-14,2008,5.6,25,984130,3,0,4959,2013-12-17
10761,Made of Honor,Made of Honor,en,16.418,2008-04-30,2008,6.455,1661,866439,2,0,5007,2013-12-29
33788,Possession,Possession,en,7.475,2009-07-16,2009,5.5,141,368563,3,0,5048,2014-01-06
23966,Deadgirl,Deadgirl,en,10.222,2008-09-06,2008,5.304,344,896534,0,0,5050,2014-01-06
8617,Prom Night,Prom Night,en,12.641,2008-04-10,2008,5.032,725,926129,3,0,5077,2014-01-15
232435,Overcome,Overcome,en,2.843,2008-06-01,2008,5.5,8,2132415,2,0,5148,2014-02-08
41362,Princess,Princess,en,4.864,2009-05-09,2009,6.2,55,1052352,3,0,5174,2014-02-16
13515,Mirrors,Mirrors,en,24.368,2008-08-15,2008,6.3,1840,790686,1,0,5205,2014-02-26
13160,Over Her Dead Body,Over Her Dead Body,en,14.763,2008-02-01,2008,5.5,454,785007,3,0,5244,2014-03-06
11918,Superhero Movie,Superhero Movie,en,27.839,2008-03-28,2008,5.258,1821,426592,3,1,5412,2014-04-22
674119,Kenna,Kenna,en,0.073,2008-01-01,2008,5.0,2,1340664,3,0,5469,2014-05-14
18533,Bronson,Bronson,en,11.105,2009-03-13,2009,7.0,2458,1172570,1,0,5474,2014-05-15
11152,The Ruins,The Ruins,en,14.211,2008-04-02,2008,5.941,1266,963794,3,0,5475,2014-05-16
34478,Dead at 17,Dead at 17,en,3.033,2008-05-13,2008,4.0,10,1153103,3,0,5481,2014-05-16
31216,I Can't Think Straight,I Can't Think Straight,en,17.366,2008-06-01,2008,7.542,306,830570,3,0,5584,2014-06-22
1735,The Mummy: Tomb of the Dragon Emperor,The Mummy: Tomb of the Dragon Emperor,en,35.057,2008-07-01,2008,5.489,4440,859163,3,0,5656,2014-07-27
21194,Casi divas,Casi divas,es,4.92,2008-08-21,2008,6.6,74,1049948,3,0,5658,2014-07-29
25695,Treeless Mountain,나무없는 산,ko,3.464,2009-08-27,2009,7.027,37,1143155,3,0,5691,2014-08-12
15450,Tyler Perry's The Family That Preys,Tyler Perry's The Family That Preys,en,10.49,2008-09-12,2008,6.8,83,1142798,3,0,5703,2014-08-17
15451,Revanche,Revanche,de,7.216,2008-05-16,2008,7.1,215,1173745,1,0,5748,2014-09-14
13855,The Chaser,추격자,ko,18.107,2008-02-14,2008,7.755,1330,1190539,0,0,5858,2014-10-21
18032,The Secret of Moonacre,The Secret of Moonacre,en,13.237,2009-02-06,2009,6.533,444,396707,3,0,5864,2014-10-23
14637,Nothing But the Truth,Nothing But the Truth,en,13.311,2008-12-19,2008,6.9,480,1073241,3,0,5904,2014-11-06
14859,Keith,Keith,en,6.965,2008-09-13,2008,7.087,442,435679,3,0,6059,2015-01-21
16409,Last Chance Harvey,Last Chance Harvey,en,11.563,2008-12-25,2008,6.3,277,1046947,3,0,6097,2015-02-04
12165,The Burning Plain,The Burning Plain,en,12.789,2008-11-07,2008,6.6,430,1068641,3,0,6262,2015-05-21
8265,Welcome to the Sticks,Bienvenue chez les Ch'tis,fr,15.074,2008-02-20,2008,6.681,2422,1064932,2,0,6287,2015-06-01
13655,Camp Rock,Camp Rock,en,14.376,2008-06-20,2008,6.399,2080,1055366,3,0,6347,2015-07-09
29989,Skin,Skin,en,2.827,2008-09-07,2008,6.4,46,964586,3,0,6543,2015-11-16
8836,The X Files: I Want to Believe,The X Files: I Want to Believe,en,15.153,2008-07-24,2008,5.8,1495,443701,3,0,6621,2015-12-20
63597,Clash of the Santas,Clash of the Santas,en,1.485,2008-12-21,2008,2.5,2,1286742,3,0,6620,2015-12-20
13646,"Moscow, Belgium",Aanrijding in Moscou,nl,3.584,2008-01-30,2008,6.718,55,948530,3,0,6681,2016-01-26
20764,Sleep Dealer,Sleep Dealer,en,6.686,2008-12-10,2008,5.9,122,804529,0,0,6688,2016-01-28
24450,Pretty Ugly People,Pretty Ugly People,en,2.665,2008-11-14,2008,4.3,38,874425,3,0,6817,2016-04-01
7840,"10,000 BC","10,000 BC",en,23.021,2008-03-04,2008,5.5,2945,443649,1,0,6825,2016-04-09
39277,All About Women,女人不坏,zh,3.691,2008-08-08,2008,5.2,12,1037146,3,0,6861,2016-04-29
7346,Sparrow,文雀,cn,6.433,2008-06-19,2008,6.5,74,491044,0,0,6863,2016-04-29
96918,Blind Loves,Slepé lásky,sk,1.219,2008-03-27,2008,6.9,8,1226291,2,0,6893,2016-05-19
17893,Camino,Camino,es,8.411,2008-10-16,2008,7.4,199,1206285,3,0,6946,2016-06-22
8898,The Headless Woman,La mujer sin cabeza,es,6.605,2008-08-21,2008,6.3,108,1221141,3,0,7071,2016-08-26
7860,Lemon Tree,עץ לימון,he,7.321,2008-02-08,2008,6.914,105,1172963,3,0,7074,2016-08-27
7555,Rambo,Rambo,en,55.932,2008-01-24,2008,6.685,3902,462499,0,0,7127,2016-09-19
14574,The Boy in the Striped Pyjamas,The Boy in the Striped Pyjamas,en,49.945,2008-05-07,2008,7.835,7170,914798,3,1,7190,2016-10-12
17165,Bleach the Movie: Fade to Black,劇場版 BLEACH Fade to Black 君の名を呼ぶ,ja,16.453,2008-12-13,2008,7.1,170,1339302,3,0,7210,2016-10-17
32695,Walking Vengeance,Sólo quiero caminar,es,2.911,2008-10-31,2008,5.3,33,1078600,3,0,7381,2017-01-06
7735,The Wave,Die Welle,de,17.523,2008-03-13,2008,7.49,3326,1063669,3,0,7437,2017-02-10
19703,A Wednesday!,A Wednesday!,hi,8.778,2008-09-05,2008,7.0,317,1280558,1,0,7536,2017-03-28
12568,Brideshead Revisited,Brideshead Revisited,en,12.047,2008-07-25,2008,6.355,152,412536,1,0,7622,2017-05-21
10360,Hunger,Hunger,en,12.594,2008-05-15,2008,7.3,1109,986233,0,0,7641,2017-05-21
15179,"Patrik, Age 1.5","Patrik 1,5",sv,7.401,2008-09-12,2008,6.8,105,1067733,1,0,7657,2017-05-21
15671,Picture This,Picture This,en,6.929,2008-07-13,2008,5.6,302,1076252,2,0,7813,2017-09-22
1290563,Dr. Horrible's Sing-Along Blog,Dr. Horrible's Sing-Along Blog,en,2.053,2008-07-15,2008,8.333,6,1227926,0,0,8387,2018-08-27
13190,Dead Space: Downfall,Dead Space: Downfall,en,13.455,2008-10-27,2008,6.2,342,1267379,2,0,8503,2018-11-29
16439,The Country Teacher,Venkovský učitel,cs,1.546,2008-03-20,2008,5.682,22,1284526,1,0,8528,2018-12-14
7267,Nothing to Lose,TBS,nl,1.918,2008-01-31,2008,6.6,35,1092019,1,0,8534,2018-12-14
13617,The Man Who Loved Yngve,Mannen som elsket Yngve,no,5.085,2008-02-15,2008,6.6,57,1114723,1,0,8536,2018-12-14
17780,A Kind of America 2.,Valami Amerika 2.,hu,0.913,2008-12-18,2008,6.6,18,1235075,1,0,8563,2018-12-15
13996,Bottle Shock,Bottle Shock,en,11.831,2008-09-05,2008,6.363,200,914797,1,0,8698,2019-04-08
83059,Disfigured,Disfigured,en,1.152,2008-07-29,2008,4.9,7,830535,3,0,8706,2019-04-17
8204,The Spiderwick Chronicles,The Spiderwick Chronicles,en,34.513,2008-02-14,2008,6.6,2616,416236,0,0,8818,2019-08-15
27374,Lake Mungo,Lake Mungo,en,16.367,2009-07-30,2009,6.215,550,816556,1,0,8854,2019-09-16
62459,iCarly: iGo to Japan,iCarly: iGo to Japan,en,6.771,2008-11-08,2008,6.8,168,1286124,3,0,9196,2020-07-09
11917,Saw V,Saw V,en,23.763,2008-10-23,2008,6.2,3510,1132626,3,0,9291,2020-10-04
13279,Lakeview Terrace,Lakeview Terrace,en,18.659,2008-09-19,2008,6.0,1037,947802,3,0,9340,2020-11-26
14756,Ip Man,葉問,cn,18.717,2008-12-12,2008,7.8,3773,1220719,0,0,9552,2021-03-14
7278,Meet the Spartans,Meet the Spartans,en,34.014,2008-01-24,2008,4.053,1667,1073498,1,0,9684,2021-04-27
8456,Never Back Down,Never Back Down,en,31.105,2008-03-04,2008,6.761,2303,1023111,2,1,10057,2021-09-17
14220,Strange Wilderness,Strange Wilderness,en,9.412,2008-02-01,2008,4.889,225,489282,0,0,10060,2021-09-18
12180,Star Wars: The Clone Wars,Star Wars: The Clone Wars,en,17.819,2008-08-05,2008,6.121,2009,1185834,1,0,10150,2021-12-01
14298,Somers Town,Somers Town,en,4.929,2008-08-22,2008,6.8,90,1172206,1,0,10160,2021-12-14
15060,Futurama: Into the Wild Green Yonder,Futurama: Into the Wild Green Yonder,en,12.007,2009-02-23,2009,7.1,538,1054487,3,,276,2009-02-15
14849,Dead Like Me: Life After Death,Dead Like Me: Life After Death,en,11.402,2009-02-17,2009,6.3,259,1079444,3,,278,2009-02-15
14979,Thick as Thieves,Thick as Thieves,en,19.393,2009-01-09,2009,6.0,785,1112782,1,,307,2009-03-29
16614,Adventureland,Adventureland,en,12.978,2009-04-03,2009,6.4,2159,1091722,3,,311,2009-04-14
14836,Coraline,Coraline,en,126.109,2009-02-05,2009,7.889,8140,327597,3,,314,2009-04-21
16996,17 Again,17 Again,en,30.692,2009-03-11,2009,6.3,5112,974661,3,,315,2009-04-24
13475,Star Trek,Star Trek,en,40.717,2009-05-06,2009,7.429,9869,796366,3,,324,2009-05-15
13448,Angels & Demons,Angels & Demons,en,46.731,2009-04-23,2009,6.717,6796,808151,0,,331,2009-05-29
14160,Up,Up,en,79.222,2009-05-28,2009,7.958,20281,1049413,1,,334,2009-06-03
534,Terminator Salvation,Terminator Salvation,en,42.273,2009-05-20,2009,6.062,6477,438488,2,,344,2009-06-16
17332,The Soloist,The Soloist,en,10.627,2009-04-24,2009,6.7,769,821642,1,,347,2009-06-20
13455,Push,Push,en,18.126,2009-02-04,2009,6.144,2268,465580,3,,353,2009-06-22
13811,Knowing,Knowing,en,38.275,2009-03-19,2009,6.216,5319,448011,1,,354,2009-06-23
13183,Watchmen,Watchmen,en,49.292,2009-03-04,2009,7.339,9237,409459,3,,358,2009-07-05
18785,The Hangover,The Hangover,en,114.941,2009-06-02,2009,7.323,16902,1119646,1,,361,2009-07-13
11322,Public Enemies,Public Enemies,en,32.984,2009-07-01,2009,6.687,4438,1152836,1,,371,2009-07-13
767,Harry Potter and the Half-Blood Prince,Harry Potter and the Half-Blood Prince,en,132.608,2009-07-15,2009,7.7,19514,417741,3,,375,2009-07-17
19851,Grey Gardens,Grey Gardens,en,7.919,2009-06-21,2009,6.872,141,758751,3,,377,2009-07-22
19458,Princess Protection Program,Princess Protection Program,en,21.929,2009-06-08,2009,6.7,1691,1196339,3,,385,2009-07-30
20829,Funny People,Funny People,en,14.1,2009-07-30,2009,5.886,1292,1201167,1,0,408,2009-08-03
1450,Blood: The Last Vampire,Blood: The Last Vampire,en,9.178,2009-04-02,2009,5.858,377,806027,3,0,423,2009-08-07
24803,Julie & Julia,Julie & Julia,en,19.113,2009-08-06,2009,6.696,2074,1135503,3,0,427,2009-08-08
19913,(500) Days of Summer,(500) Days of Summer,en,46.969,2009-07-17,2009,7.29,10180,1022603,1,0,434,2009-08-10
14869,G.I. Joe: The Rise of Cobra,G.I. Joe: The Rise of Cobra,en,42.963,2009-08-03,2009,5.772,4603,1046173,1,0,453,2009-08-14
18487,The Taking of Pelham 1 2 3,The Taking of Pelham 1 2 3,en,18.372,2009-06-10,2009,6.4,3106,1111422,0,0,456,2009-08-14
8355,Ice Age: Dawn of the Dinosaurs,Ice Age: Dawn of the Dinosaurs,en,72.484,2009-06-26,2009,6.8,8308,1080016,1,0,458,2009-08-15
17654,District 9,District 9,en,28.412,2009-08-05,2009,7.447,9502,1136608,1,0,468,2009-08-17
21208,Orphan,Orphan,en,40.529,2009-07-24,2009,6.997,5250,1148204,3,0,471,2009-08-21
8373,Transformers: Revenge of the Fallen,Transformers: Revenge of the Fallen,en,22.376,2009-06-19,2009,6.2,8506,1055369,3,0,477,2009-08-23
18480,Brüno,Brüno,en,12.776,2009-07-08,2009,5.623,1710,889583,0,0,480,2009-08-26
15472,The Girl with the Dragon Tattoo,Män som hatar kvinnor,sv,26.316,2009-02-27,2009,7.5,2948,1132620,3,1,485,2009-08-27
12244,9,9,en,33.611,2009-08-19,2009,6.931,3544,472033,0,0,494,2009-09-10
19833,In the Loop,In the Loop,en,13.242,2009-01-22,2009,7.024,679,1226774,3,0,496,2009-09-11
19265,Whatever Works,Whatever Works,en,10.623,2009-06-19,2009,7.1,1732,1178663,3,1,497,2009-09-11
16558,Duplicity,Duplicity,en,13.582,2009-03-18,2009,5.9,784,1135487,2,0,498,2009-09-11
2080,X-Men Origins: Wolverine,X-Men Origins: Wolverine,en,4.419,2009-04-28,2009,6.274,10524,458525,3,1,507,2009-09-12
16325,Echelon Conspiracy,Echelon Conspiracy,en,13.678,2009-02-27,2009,6.269,450,1124039,0,0,518,2009-10-04
16538,"I Love You, Man","I Love You, Man",en,15.062,2009-03-20,2009,6.558,1710,1155056,2,0,519,2009-10-04
22798,Whip It,Whip It,en,12.185,2009-04-09,2009,6.734,1038,1172233,3,0,522,2009-10-05
19959,Surrogates,Surrogates,en,18.654,2009-09-24,2009,6.132,3155,986263,1,0,527,2009-10-21
19908,Zombieland,Zombieland,en,47.169,2009-10-02,2009,7.261,12277,1156398,3,0,528,2009-10-23
24271,The Maiden Heist,The Maiden Heist,en,14.085,2009-05-09,2009,5.627,335,1107860,0,0,531,2009-10-26
22794,Cloudy with a Chance of Meatballs,Cloudy with a Chance of Meatballs,en,44.942,2009-09-17,2009,6.632,5965,844471,1,0,534,2009-10-30
41545,Tsar,Царь,ru,5.499,2009-11-04,2009,6.4,44,1424431,1,0,536,2009-11-01
12437,Underworld: Rise of the Lycans,Underworld: Rise of the Lycans,en,37.845,2009-01-22,2009,6.527,3637,834001,1,0,539,2009-11-02
17431,Moon,Moon,en,26.927,2009-06-12,2009,7.6,5690,1182345,1,1,544,2009-11-16
10313,The Men Who Stare at Goats,The Men Who Stare at Goats,en,11.43,2009-10-17,2009,5.976,2205,1234548,0,0,548,2009-11-23
10315,Fantastic Mr. Fox,Fantastic Mr. Fox,en,29.846,2009-10-23,2009,7.8,5452,432283,1,0,550,2009-11-29
23082,The Invention of Lying,The Invention of Lying,en,14.708,2009-10-02,2009,6.21,2108,1058017,2,0,555,2009-12-06
16869,Inglourious Basterds,Inglourious Basterds,en,67.382,2009-08-02,2009,8.2,22333,361748,3,1,557,2009-12-07
10198,The Princess and the Frog,The Princess and the Frog,en,75.264,2009-12-08,2009,7.2,5625,780521,3,0,562,2009-12-12
22832,Ninja Assassin,Ninja Assassin,en,60.159,2009-09-29,2009,6.657,1560,1186367,1,0,563,2009-12-16
22947,Up in the Air,Up in the Air,en,16.44,2009-12-04,2009,6.87,3624,1193138,2,0,578,2009-12-22
19995,Avatar,Avatar,en,120.215,2009-12-15,2009,7.583,31661,499549,3,0,582,2009-12-22
10528,Sherlock Holmes,Sherlock Holmes,en,46.252,2009-12-23,2009,7.214,13934,988045,1,0,632,2010-01-05
25793,Precious,Precious,en,14.533,2009-11-06,2009,7.315,1622,929632,3,0,633,2010-01-05
26715,Bitch Slap,Bitch Slap,en,13.253,2009-05-16,2009,4.805,287,1212974,3,0,635,2010-01-08
25983,The House of the Devil,The House of the Devil,en,14.43,2009-10-30,2009,6.3,748,1172994,3,0,641,2010-01-18
12403,A Perfect Getaway,A Perfect Getaway,en,13.338,2009-06-08,2009,6.338,1257,971209,3,1,642,2010-01-18
19994,Jennifer's Body,Jennifer's Body,en,44.123,2009-09-18,2009,6.0,3823,1131734,3,0,643,2010-01-18
17609,Antichrist,Antichrist,en,27.745,2009-05-20,2009,6.649,2588,870984,0,0,644,2010-01-18
16871,Drag Me to Hell,Drag Me to Hell,en,27.621,2009-05-27,2009,6.433,3705,1127180,3,0,654,2010-01-20
53846,Ghosted,Ghosted,de,3.053,2009-02-09,2009,4.3,15,1252595,3,0,665,2010-01-23
53103,My Queen Karo,My Queen Karo,nl,2.62,2009-10-28,2009,4.975,20,1272041,3,0,677,2010-02-04
30018,Mother,마더,ko,21.309,2009-05-28,2009,7.726,1478,1216496,3,0,678,2010-02-04
18826,Spring Breakdown,Spring Breakdown,en,5.83,2009-05-22,2009,5.5,98,814331,3,0,680,2010-02-13
26428,Agora,Agora,en,10.913,2009-05-17,2009,7.0,1421,1186830,1,0,692,2010-02-28
8054,The Imaginarium of Doctor Parnassus,The Imaginarium of Doctor Parnassus,en,15.687,2009-10-01,2009,6.378,2698,1054606,1,0,696,2010-03-05
34653,A Single Man,A Single Man,en,17.455,2009-12-11,2009,7.281,1538,1315981,1,0,697,2010-03-05
26963,The Secret of Kells,The Secret of Kells,en,17.13,2009-02-09,2009,7.402,689,485601,0,0,703,2010-03-15
10197,Nine,Nine,en,9.825,2009-12-03,2009,5.5,590,875034,2,1,709,2010-03-27
38810,Dogtooth,Κυνόδοντας,el,21.356,2009-10-22,2009,7.07,2310,1379182,3,0,712,2010-04-01
20766,The Road,The Road,en,20.69,2009-11-25,2009,7.011,3834,898367,1,0,713,2010-04-02
1731,Helen,Helen,en,7.107,2009-11-26,2009,6.7,59,1012729,3,0,714,2010-04-04
7980,The Lovely Bones,The Lovely Bones,en,30.808,2009-12-26,2009,7.073,4602,380510,3,0,718,2010-04-04
39378,The Wind Journeys,Los viajes del viento,es,4.229,2009-04-30,2009,6.9,36,1426374,1,0,721,2010-04-04
291081,Red Riding: The Year of Our Lord 1974,Red Riding: The Year of Our Lord 1974,en,8.885,2009-02-28,2009,6.66,256,1259574,1,0,724,2010-04-06
22074,Capitalism: A Love Story,Capitalism: A Love Story,en,9.288,2009-09-06,2009,7.098,525,1232207,1,0,726,2010-04-06
8952,I Love You Phillip Morris,I Love You Phillip Morris,en,9.395,2010-02-04,2010,6.436,1632,1045772,1,0,757,2010-04-26
21474,Bring It On: Fight to the Finish,Bring It On: Fight to the Finish,en,0.934,2009-07-30,2009,6.743,536,1349482,3,0,758,2010-04-26
22897,It's Complicated,It's Complicated,en,18.009,2009-12-23,2009,6.504,1395,1230414,3,0,771,2010-04-29
4475,The Private Lives of Pippa Lee,The Private Lives of Pippa Lee,en,13.936,2009-07-07,2009,5.9,207,1134629,3,0,774,2010-05-02
18239,The Twilight Saga: New Moon,The Twilight Saga: New Moon,en,45.446,2009-11-18,2009,5.994,9198,1259571,3,0,780,2010-05-03
10024,My Sister's Keeper,My Sister's Keeper,en,28.438,2009-06-26,2009,7.375,2090,1078588,3,0,798,2010-05-13
19255,Away We Go,Away We Go,en,10.143,2009-06-05,2009,6.632,572,1176740,3,0,804,2010-05-14
31175,Soul Kitchen,Soul Kitchen,de,11.747,2009-09-09,2009,6.9,521,1244668,1,0,809,2010-05-16
142085,Lost Persons Area,Lost Persons Area,en,0.424,2009-05-16,2009,4.9,7,1405808,1,0,811,2010-05-16
18947,The Boat That Rocked,The Boat That Rocked,en,14.005,2009-04-01,2009,7.2,2095,1131729,3,0,812,2010-05-17
24469,Fish Tank,Fish Tank,en,11.448,2009-09-11,2009,7.0,838,1232776,3,0,888,2010-06-01
24684,An Education,An Education,en,10.164,2009-10-29,2009,6.9,1302,1174732,3,0,885,2010-05-31
29963,Bright Star,Bright Star,en,10.586,2009-09-18,2009,6.6,447,810784,3,0,886,2010-05-31
24424,Ajami,עג'מי,he,5.699,2009-08-29,2009,7.068,81,1077262,2,0,891,2010-06-03
22803,Law Abiding Citizen,Law Abiding Citizen,en,43.121,2009-10-15,2009,7.4,5147,1197624,3,0,892,2010-06-03
37707,Splice,Splice,en,21.89,2010-06-03,2010,5.878,2247,1017460,3,0,900,2010-06-05
16577,Astro Boy,Astro Boy,en,26.768,2009-10-15,2009,6.3,1522,375568,3,1,906,2010-06-05
19901,Daybreakers,Daybreakers,en,13.88,2010-01-06,2010,6.3,1948,433362,1,0,910,2010-06-06
20048,Confessions of a Shopaholic,Confessions of a Shopaholic,en,25.658,2009-02-05,2009,6.5,2605,1093908,3,0,915,2010-06-07
23720,Humpday,Humpday,en,4.268,2009-01-16,2009,5.411,93,1334537,1,0,922,2010-06-08
22494,Frequently Asked Questions About Time Travel,Frequently Asked Questions About Time Travel,en,13.341,2009-04-24,2009,6.892,595,910554,2,0,932,2010-06-11
36811,The Last Station,The Last Station,en,9.244,2009-09-04,2009,6.344,215,824758,3,0,946,2010-06-16
26390,Brooklyn's Finest,Brooklyn's Finest,en,14.183,2010-03-04,2010,6.291,897,1210042,1,0,951,2010-06-16
37169,The Human Centipede (First Sequence),The Human Centipede (First Sequence),lt,37.172,2009-10-31,2009,5.229,2187,1467304,3,0,978,2010-06-25
11323,The Informant!,The Informant!,en,13.068,2009-09-18,2009,6.11,879,1130080,1,0,987,2010-06-27
27989,Serious Moonlight,Serious Moonlight,en,7.503,2009-12-04,2009,5.0,158,1133993,2,0,992,2010-06-28
36703,Beeswax,Beeswax,en,2.484,2009-08-07,2009,5.9,17,1339268,3,0,996,2010-06-28
41248,The Girl on the Train,La fille du RER,fr,2.826,2009-03-18,2009,5.9,53,1183672,3,0,1011,2010-06-30
44527,Villa Amalia,Villa Amalia,fr,2.094,2009-04-08,2009,5.8,30,1348327,3,0,1036,2010-07-03
25053,Air Doll,空気人形,ja,10.316,2009-09-26,2009,7.002,248,1371630,1,0,1043,2010-07-03
22954,Invictus,Invictus,en,16.724,2009-12-11,2009,7.183,4100,1057500,1,0,1186,2010-07-18
28211,Chloe,Chloe,en,16.771,2010-02-25,2010,6.1,1708,1352824,3,0,1341,2010-07-26
46207,White Material,White Material,fr,5.976,2010-03-24,2010,6.8,153,1135952,3,0,1288,2010-07-23
50722,Vision – From the Life of Hildegard von Bingen,Vision - Aus dem Leben der Hildegard von Bingen,de,3.216,2009-09-24,2009,6.2,23,995850,3,0,1508,2010-08-27
73970,"She, a Chinese",中国姑娘,zh,1.212,2009-08-14,2009,5.9,14,1389374,2,0,1410,2010-07-31
36549,Yesterday Was a Lie,Yesterday Was a Lie,en,1.802,2009-12-11,2009,5.7,15,448182,3,0,1557,2010-09-09
58251,Daddy Longlegs,Daddy Longlegs,en,3.162,2010-04-28,2010,6.6,42,1426362,1,0,1482,2010-08-19
39800,Life During Wartime,Life During Wartime,en,7.524,2010-04-16,2010,6.0,129,808526,3,0,1484,2010-08-20
31011,Mr. Nobody,Mr. Nobody,en,21.883,2009-11-06,2009,7.816,5834,485947,1,0,1413,2010-08-01
16866,Planet 51,Planet 51,en,18.765,2009-11-19,2009,5.857,2026,762125,1,0,1421,2010-08-01
39334,Hannah Free,Hannah Free,en,2.81,2009-12-11,2009,4.2,6,1315214,3,0,1574,2010-09-18
52799,Undertow,Contracorriente,es,7.826,2009-09-23,2009,7.45,120,1368491,3,0,1577,2010-09-18
34069,Cargo,Cargo,de,10.912,2009-09-24,2009,5.9,384,381940,3,0,1446,2010-08-07
29182,44 Inch Chest,44 Inch Chest,en,5.034,2009-10-08,2009,5.5,103,914837,1,0,1520,2010-09-01
45806,Nothing Personal,Nothing Personal,en,7.167,2009-08-14,2009,6.398,88,1320352,3,0,1177,2010-07-14
22327,Youth in Revolt,Youth in Revolt,en,10.093,2009-09-11,2009,6.166,904,403702,1,1,1179,2010-07-14
23706,All About Steve,All About Steve,en,17.126,2009-08-06,2009,4.942,985,881891,3,0,1180,2010-07-16
39358,London River,London River,en,4.966,2009-02-09,2009,6.7,52,1227787,3,0,1214,2010-07-21
18240,The Proposal,The Proposal,en,64.146,2009-06-02,2009,7.152,6878,1041829,2,0,1282,2010-07-23
32909,Mulan: Rise of a Warrior,花木兰,zh,14.853,2009-11-26,2009,7.5,423,1308138,3,0,1286,2010-07-23
44096,"Scheherazade, Tell Me a Story",احكي يا شهرزاد,ar,4.416,2009-06-24,2009,6.625,28,1473149,3,0,1137,2010-07-09
25376,The Secret in Their Eyes,El secreto de sus ojos,es,36.009,2009-08-13,2009,8.0,2550,1305806,1,0,1140,2010-07-10
37080,Mother and Child,Mother and Child,en,7.965,2009-11-07,2009,6.6,149,1121977,3,0,1162,2010-07-11
31189,Cairo Time,Cairo Time,en,6.918,2009-10-09,2009,5.9,75,896529,3,0,1440,2010-08-04
46458,Map of the Sounds of Tokyo,Map of the Sounds of Tokyo,en,4.457,2009-12-02,2009,5.1,59,1185376,1,1,1549,2010-09-08
29917,Exam,Exam,en,13.822,2009-06-19,2009,6.707,2052,1258197,3,0,1454,2010-08-09
68987,Cooking With Stella,Cooking With Stella,en,3.711,2010-03-19,2010,3.8,10,1479676,3,0,1526,2010-09-04
51971,Hideaway (Le refuge),Le Refuge,fr,5.652,2009-12-11,2009,6.165,79,1504429,3,0,1485,2010-08-20
28874,Summer Wars,サマーウォーズ,ja,20.645,2009-08-01,2009,7.4,927,1474276,3,0,1486,2010-08-21
7445,Brothers,Brothers,en,35.674,2009-12-02,2009,7.316,3596,765010,3,0,1487,2010-08-21
34423,The Slammin' Salmon,The Slammin' Salmon,en,7.375,2009-12-11,2009,5.8,183,1135525,3,0,1488,2010-08-21
18320,The Young Victoria,The Young Victoria,en,12.429,2009-03-04,2009,7.2,1006,962736,3,0,1490,2010-08-21
41009,Perrier's Bounty,Perrier's Bounty,en,8.671,2009-09-11,2009,5.7,96,1003034,0,0,1493,2010-08-22
53445,The Unloved,The Unloved,en,3.11,2009-05-17,2009,6.8,30,1268989,3,0,1494,2010-08-22
17680,The Girlfriend Experience,The Girlfriend Experience,en,11.247,2009-05-22,2009,5.02,299,1103982,3,1,1479,2010-08-18
10521,Bride Wars,Bride Wars,en,18.413,2009-01-09,2009,6.238,3015,901476,3,0,1395,2010-07-28
14451,Dead Snow,Død snø,no,12.879,2009-01-09,2009,5.988,1111,1278340,2,0,1080,2010-07-04
37181,About Elly,درباره الی‎‎,fa,13.84,2009-06-06,2009,7.5,485,1360860,3,0,1609,2010-09-26
38984,Coco Chanel & Igor Stravinsky,Coco Chanel & Igor Stravinsky,fr,6.788,2009-09-24,2009,6.192,104,1023441,2,0,1634,2010-10-04
41537,Short of Love,矮仔多情,cn,2.947,2009-06-25,2009,4.3,3,1463188,2,0,1638,2010-10-04
14161,2012,2012,en,54.164,2009-10-10,2009,5.847,11945,1190080,1,0,1695,2010-10-24
37714,The Assassin Next Door,קירות,he,7.091,2009-12-03,2009,5.5,71,1198153,3,0,1705,2010-10-28
29426,Survival of the Dead,Survival of the Dead,en,13.005,2009-09-12,2009,4.9,468,1134854,1,0,1720,2010-11-01
13788,The Unborn,The Unborn,en,22.251,2009-01-09,2009,5.2,1351,1139668,3,0,1721,2010-11-01
20943,The Ugly Truth,The Ugly Truth,en,22.947,2009-07-24,2009,6.502,3521,1142988,2,0,1724,2010-11-02
22536,Thirst,박쥐,ko,20.384,2009-04-30,2009,7.11,944,762073,3,1,1738,2010-11-05
28355,Case 39,Case 39,en,14.93,2009-08-13,2009,6.317,2220,795351,3,0,1750,2010-11-12
21575,A Prophet,Un prophète,fr,11.461,2009-08-26,2009,7.596,1524,1235166,1,0,1756,2010-11-14
27936,Micmacs,Micmacs à tire-larigot,fr,4.708,2009-10-28,2009,6.6,592,1149361,3,1,1771,2010-11-20
8284,The Limits of Control,The Limits of Control,en,10.539,2009-05-01,2009,5.987,274,1135092,1,0,1779,2010-11-25
15105,Still Waiting...,Still Waiting...,en,6.668,2009-02-17,2009,4.7,92,1116186,3,0,1780,2010-11-26
32084,Lebanon,Lebanon - Tödliche Mission,he,6.108,2009-09-24,2009,6.5,210,1483831,0,0,1796,2010-11-30
74666,Jaffa,כלת הים,he,1.508,2009-06-10,2009,5.9,17,1406160,3,0,1797,2010-11-30
41123,Lourdes,Lourdes,fr,3.997,2009-09-11,2009,6.7,77,1405809,3,0,1803,2010-12-01
32511,"Police, Adjective","Polițist, adjectiv",ro,2.519,2010-01-14,2010,6.509,57,1337051,1,0,1804,2010-12-01
28644,The Milk of Sorrow,La teta asustada,es,7.545,2009-02-13,2009,6.3,95,1206488,3,0,1805,2010-12-01
38542,The Disappearance of Alice Creed,The Disappearance of Alice Creed,en,9.313,2009-09-12,2009,6.465,540,1379177,0,0,1813,2010-12-03
11156,Coco Before Chanel,Coco avant Chanel,fr,8.814,2009-04-22,2009,6.876,942,1035736,3,0,1821,2010-12-04
34769,Defendor,Defendor,en,12.705,2009-09-12,2009,6.403,549,1303828,1,0,1823,2010-12-04
12573,A Serious Man,A Serious Man,en,17.573,2009-10-02,2009,6.7,2089,1019452,2,0,1870,2010-12-25
18238,Lesbian Vampire Killers,Lesbian Vampire Killers,en,12.912,2009-03-16,2009,5.251,386,1020885,3,0,1885,2011-01-02
24420,The Time Traveler's Wife,The Time Traveler's Wife,en,17.329,2009-08-14,2009,6.9,2483,452694,3,1,1909,2011-01-13
26171,Everybody's Fine,Everybody's Fine,en,11.214,2009-12-04,2009,6.8,976,780511,2,0,1917,2011-01-16
70044,The Scouting Book for Boys,The Scouting Book for Boys,en,2.928,2010-03-19,2010,6.3,21,1022885,2,0,1936,2011-01-28
15577,Crossing Over,Crossing Over,en,12.111,2009-02-10,2009,6.1,364,924129,3,0,2042,2011-02-15
22881,The Blind Side,The Blind Side,en,50.862,2009-11-20,2009,7.7,6368,878804,2,0,2048,2011-02-15
35619,Storm,Storm,en,1.826,2009-09-10,2009,6.3,28,768239,3,0,2105,2011-03-10
39037,The Good Guy,The Good Guy,en,8.341,2009-04-25,2009,5.516,161,1247662,3,0,2109,2011-03-12
33613,The Girl Who Kicked the Hornet's Nest,Luftslottet som sprängdes,sv,15.985,2009-11-27,2009,7.1,1342,1343097,3,0,2125,2011-03-18
45576,Last Train Home,归途列车,zh,3.722,2009-06-06,2009,7.4,62,1512201,3,0,2126,2011-03-18
38448,Ondine,Ondine,en,11.726,2010-03-05,2010,6.293,309,1235796,3,0,2127,2011-03-18
44028,Suck,Suck,en,5.32,2009-09-11,2009,6.364,143,1323605,1,0,2134,2011-03-24
24253,The Girl Who Played with Fire,Flickan som lekte med elden,sv,15.519,2009-09-18,2009,6.999,1632,1216487,3,0,2149,2011-03-28
39545,TiMER,TiMER,en,10.789,2009-05-14,2009,6.3,226,1179794,2,0,2166,2011-04-08
24056,The Tournament,The Tournament,en,14.49,2009-05-01,2009,5.943,619,471041,0,0,2174,2011-04-08
26280,I Killed My Mother,J'ai tué ma mère,fr,10.035,2009-06-05,2009,7.5,1097,1424797,2,0,2196,2011-04-17
22825,The Box,The Box,en,14.404,2009-10-29,2009,5.6,1757,362478,3,0,2239,2011-04-24
43550,My Last Five Girlfriends,My Last Five Girlfriends,en,3.334,2010-03-19,2010,5.403,36,1050002,3,0,2258,2011-04-30
44718,Get Low,Get Low,en,9.476,2010-07-30,2010,6.698,291,1194263,1,0,2273,2011-05-04
29151,Brief Interviews with Hideous Men,Brief Interviews with Hideous Men,en,4.242,2009-09-25,2009,5.11,68,790627,0,0,2304,2011-05-18
16523,Where the Wild Things Are,Where the Wild Things Are,en,17.259,2009-10-16,2009,6.5,1835,386117,1,0,2336,2011-05-24
28520,Uncertainty,Uncertainty,en,5.806,2009-11-15,2009,5.51,104,1086216,3,0,2348,2011-05-26
19585,G-Force,G-Force,en,22.512,2009-07-24,2009,5.452,1866,436339,1,0,2378,2011-06-08
35052,Cracks,Cracks,en,16.313,2009-12-04,2009,6.7,398,1183665,3,0,2396,2011-06-12
13804,Fast & Furious,Fast & Furious,en,7.522,2009-04-02,2009,6.684,7241,1013752,1,0,2401,2011-06-16
25183,Paper Heart,Paper Heart,en,4.45,2009-08-07,2009,5.8,106,1331064,3,0,2435,2011-06-22
11699,Bad Lieutenant: Port of Call - New Orleans,Bad Lieutenant: Port of Call - New Orleans,en,17.557,2009-09-11,2009,6.2,1124,1095217,3,0,2438,2011-06-23
19597,The Hedgehog,Le Hérisson,fr,11.59,2009-07-01,2009,7.234,391,1442519,3,0,2439,2011-06-24
37810,Eyes Wide Open,עיניים פקוחות,he,5.96,2009-05-20,2009,6.5,73,1424327,1,0,2443,2011-06-25
37961,Kaiji: The Ultimate Gambler,カイジ 人生逆転ゲーム,ja,14.142,2009-10-10,2009,6.813,72,1309449,0,0,2464,2011-06-29
17911,Mega Shark vs. Giant Octopus,Mega Shark vs. Giant Octopus,en,8.645,2009-05-19,2009,3.722,245,1350498,0,0,2470,2011-06-29
14435,My Bloody Valentine,My Bloody Valentine,en,16.256,2009-01-16,2009,5.5,1176,1179891,2,1,2489,2011-07-05
18501,Gamer,Gamer,en,13.995,2009-09-03,2009,5.7,2375,1034032,1,0,2536,2011-07-14
42819,The City of Your Final Destination,The City of Your Final Destination,en,7.013,2009-03-21,2009,5.7,51,896923,3,0,2540,2011-07-15
40623,A Town Called Panic,Panique au village,fr,6.249,2009-06-17,2009,7.529,188,1433540,1,0,2558,2011-07-20
22821,The Boondock Saints II: All Saints Day,The Boondock Saints II: All Saints Day,en,16.122,2009-11-24,2009,6.0,741,1300851,0,0,2600,2011-08-10
17886,Mutants,Mutants,fr,6.342,2009-05-06,2009,5.3,93,1146320,3,1,2606,2011-08-13
33997,Desert Flower,Desert Flower,en,13.163,2009-09-24,2009,7.5,420,1054580,3,0,2650,2011-09-02
15512,Monsters vs Aliens,Monsters vs Aliens,en,38.311,2009-03-19,2009,6.2,4631,892782,3,1,2656,2011-09-04
24238,Mary and Max,Mary and Max,en,39.431,2009-04-09,2009,7.857,1988,978762,1,0,2669,2011-09-08
34647,Enter the Void,Enter the Void,en,16.147,2009-06-17,2009,7.333,1774,1191111,1,0,2671,2011-09-10
71394,Dear Lemon Lima,Dear Lemon Lima,en,1.742,2009-10-23,2009,5.6,28,1242423,3,0,2685,2011-09-16
28089,The Messenger,The Messenger,en,12.056,2009-11-13,2009,6.7,430,790712,1,0,2776,2011-10-20
24869,Ink,Ink,en,7.447,2009-01-23,2009,6.3,295,1071804,3,0,2777,2011-10-20
8088,Broken Embraces,Los abrazos rotos,es,12.847,2009-03-18,2009,7.1,656,913425,3,0,2830,2011-11-06
42571,The Double Hour,La doppia ora,it,4.656,2009-10-09,2009,6.138,87,1379222,3,0,2884,2011-11-29
31896,Finding Bliss,Finding Bliss,en,4.447,2009-01-18,2009,5.0,64,1185242,3,0,2936,2011-12-17
25968,Veronika Decides to Die,Veronika Decides to Die,en,8.709,2009-05-16,2009,5.9,248,1068678,3,0,2956,2011-12-26
61730,Year of the Carnivore,Year of the Carnivore,en,2.035,2009-05-01,2009,5.375,12,1372306,3,0,3041,2012-02-11
15588,OSS 117: Lost in Rio,OSS 117 : Rio ne répond plus,fr,10.238,2009-04-15,2009,7.12,1437,1167660,1,0,3061,2012-02-20
20453,3 Idiots,3 Idiots,hi,28.401,2009-12-23,2009,8.001,2385,1187043,1,0,3066,2012-02-20
41066,Professor Layton and the Eternal Diva,レイトン教授と永遠の歌姫,ja,9.512,2009-12-01,2009,7.5,135,1488591,3,0,3082,2012-03-01
44027,"My Son, My Son, What Have Ye Done","My Son, My Son, What Have Ye Done",en,7.182,2010-07-08,2010,6.015,204,1233219,2,0,3165,2012-04-05
37905,The Horde,La Horde,fr,12.328,2010-02-10,2010,5.9,451,1183276,0,0,3200,2012-04-23
177096,C Me Dance,C Me Dance,en,0.786,2009-04-09,2009,1.4,5,1314645,3,0,4322,2013-07-09
10184,He's Just Not That Into You,He's Just Not That Into You,en,42.056,2009-02-06,2009,6.582,3710,1001508,3,0,3299,2012-06-01
25941,Harry Brown,Harry Brown,en,8.991,2009-11-11,2009,6.812,1048,1289406,1,0,3345,2012-06-11
20458,Headhunter,Headhunter,da,3.604,2009-08-28,2009,6.0,55,1322315,1,0,3356,2012-06-14
35411,The Dancer and the Thief,El baile de la victoria,es,3.04,2009-11-27,2009,5.6,37,1243375,0,1,3377,2012-06-23
137868,The Call,Il richiamo,es,1.981,2009-01-01,2009,4.786,7,1463167,3,0,3378,2012-06-23
25205,The Concert,Le Concert,fr,10.483,2009-11-04,2009,7.2,497,1320082,2,0,3462,2012-08-11
39260,RoboGeisha,ロボゲイシャ,ja,6.421,2009-10-03,2009,5.3,71,1381512,3,0,3472,2012-08-14
109455,Little Girl,La pivellina,it,1.085,2010-02-17,2010,6.6,15,1426371,3,0,3516,2012-09-03
15359,Wonder Woman,Wonder Woman,en,11.715,2009-03-03,2009,7.2,551,1186373,3,0,3585,2012-10-12
26379,Paa,पा,hi,4.747,2009-12-04,2009,6.348,79,1532957,2,0,3730,2012-12-07
22843,Evangelion: 2.0 You Can (Not) Advance,ヱヴァンゲリヲン新劇場版：破,ja,26.801,2009-06-26,2009,7.804,869,860906,3,0,3732,2012-12-08
27567,The Maid,La nana,es,4.179,2009-08-13,2009,6.7,77,1187044,3,0,3752,2012-12-16
4597,Armored,Armored,en,15.183,2009-12-04,2009,5.7,637,913354,0,0,3779,2012-12-28
321597,Wild About Harry,Wild About Harry,en,1.596,2009-07-11,2009,5.4,5,435711,3,0,3813,2013-01-09
25693,Albino Farm,Albino Farm,en,2.266,2009-09-09,2009,4.7,30,1050001,3,0,3821,2013-01-13
2325,Leningrad,Leningrad,en,6.443,2009-01-01,2009,5.5,83,432314,3,0,3838,2013-01-17
77565,"Dance, Subaru!",昴 スバル,ja,1.751,2009-03-19,2009,6.7,8,1230424,3,0,3846,2013-01-21
33091,The Girl,Flickan,sv,2.791,2009-02-10,2009,6.306,36,1342378,3,0,3847,2013-01-22
25475,Tinker Bell and the Lost Treasure,Tinker Bell and the Lost Treasure,en,29.383,2009-09-03,2009,6.8,1023,1216516,3,0,3906,2013-02-18
38248,Technotise: Edit and I,Technotise - Edit i ja,sr,4.13,2009-04-08,2009,7.0,57,1372301,3,0,3936,2013-02-25
26035,According to Greta,According to Greta,en,5.94,2009-11-25,2009,6.088,205,1059925,3,0,3997,2013-03-19
24804,Black Dynamite,Black Dynamite,en,12.347,2009-10-16,2009,7.11,621,1190536,2,0,4000,2013-03-20
22476,Infestation,Infestation,en,7.442,2009-02-05,2009,5.9,208,1020543,3,0,4006,2013-03-22
60821,The Good Witch's Garden,The Good Witch's Garden,en,7.403,2009-02-07,2009,7.4,95,1312251,3,0,4014,2013-03-24
37861,Valhalla Rising,Valhalla Rising,en,16.187,2009-09-04,2009,6.092,1190,862467,0,0,4129,2013-05-12
19898,Pandorum,Pandorum,en,22.089,2009-09-08,2009,6.571,2371,1188729,1,0,4047,2013-04-11
25073,Deadline,Deadline,en,4.988,2009-10-05,2009,5.006,90,1242618,3,0,4049,2013-04-13
22824,The Fourth Kind,The Fourth Kind,en,25.837,2009-11-05,2009,6.3,1708,1220198,3,0,4062,2013-04-15
13975,In the Electric Mist,In the Electric Mist,en,12.88,2009-04-15,2009,6.1,414,910905,2,0,4075,2013-04-20
24116,The Skeptic,The Skeptic,en,4.676,2009-05-01,2009,5.353,95,493451,1,0,4076,2013-04-21
17927,Fired Up!,Fired Up!,en,17.156,2009-02-20,2009,6.13,646,1083456,1,0,4086,2013-04-24
36577,Vampire Girl vs. Frankenstein Girl,吸血少女対少女フランケン,ja,9.245,2009-08-15,2009,5.49,102,1425928,3,0,4088,2013-04-25
41310,One Hot Summer,One Hot Summer,en,0.9,2009-07-26,2009,4.5,7,1422201,2,0,4114,2013-04-28
22051,Adam,Adam,en,9.582,2009-07-07,2009,6.8,434,1185836,2,0,4119,2013-05-05
31166,I Come with the Rain,I Come with the Rain,en,6.12,2009-05-14,2009,5.7,58,1024744,0,0,4217,2013-06-07
22787,Whiteout,Whiteout,en,14.62,2009-09-09,2009,5.6,754,365929,3,0,4265,2013-06-23
65214,Dead Hooker in a Trunk,Dead Hooker in a Trunk,en,1.808,2009-04-20,2009,5.2,22,1508661,3,0,4332,2013-07-12
33282,Natale a Beverly Hills,Natale a Beverly Hills,it,7.534,2009-12-18,2009,4.801,291,1504362,1,0,4467,2013-08-12
44680,The Wild Hunt,The Wild Hunt,en,2.701,2009-09-09,2009,5.952,42,1493886,1,0,4466,2013-08-12
28891,Elsewhere,Elsewhere,en,6.836,2009-01-15,2009,5.8,85,874271,3,0,4533,2013-08-31
13207,Friday the 13th,Friday the 13th,en,23.577,2009-02-11,2009,5.7,2611,758746,2,0,4570,2013-09-13
19912,The Final Destination,The Final Destination,en,34.139,2009-08-26,2009,5.594,3267,1144884,3,0,4596,2013-09-16
25769,Carriers,Carriers,en,35.996,2009-09-04,2009,6.1,1379,806203,3,0,4763,2013-11-01
10664,[REC]²,[REC]²,es,10.348,2009-09-15,2009,6.6,1985,1245112,1,0,4764,2013-11-01
14254,The Uninvited,The Uninvited,en,15.476,2009-01-30,2009,6.454,1497,815245,3,0,4765,2013-11-01
64631,David's Birthday,Il compleanno,it,4.47,2009-09-08,2009,5.7,56,1273204,3,0,4780,2013-11-05
22302,Polytechnique,Polytechnique,fr,9.977,2009-02-06,2009,7.152,626,1194238,3,0,4827,2013-11-15
32857,Surviving Evil,Surviving Evil,en,1.837,2009-07-10,2009,4.475,20,804539,3,0,4846,2013-11-17
44125,From Beginning to End,Do Começo ao Fim,pt,7.901,2009-11-12,2009,6.6,174,1440741,2,0,4929,2013-12-09
49674,Not Since You,Not Since You,en,2.936,2009-10-25,2009,5.3,29,1072438,2,0,4931,2013-12-09
42556,12 Men of Christmas,12 Men of Christmas,en,6.636,2009-12-05,2009,5.2,59,1446201,3,0,5013,2013-12-30
16995,State of Play,State of Play,en,18.413,2009-04-17,2009,6.795,1943,473705,3,0,5019,2014-01-01
26864,The Fish Child,El niño pez,es,5.814,2009-04-09,2009,5.583,60,1235842,3,0,5034,2014-01-03
22573,Last of the Living,Last of the Living,en,2.013,2009-05-03,2009,4.25,40,1351177,0,0,5052,2014-01-06
26773,Backyard,El Traspatio,es,3.604,2009-02-20,2009,6.4,30,1257579,3,0,5116,2014-01-29
36142,The Dark House,Dom zły,pl,4.984,2009-11-27,2009,6.414,93,1485698,1,0,5120,2014-01-31
33511,Nowhere Boy,Nowhere Boy,en,13.232,2009-12-25,2009,7.178,809,1266029,3,1,5153,2014-02-09
172480,Reservoir Hill,Reservoir Hill,en,0.001,,2009,0.0,0,2177683,3,0,5173,2014-02-16
38150,Heartless,Heartless,en,5.438,2010-05-21,2010,5.9,156,1220214,1,0,5202,2014-02-24
23947,Nasty Old People,Nasty Old People,en,1.024,2009-10-10,2009,6.1,13,1527679,3,0,5251,2014-03-07
21988,Awaydays,Awaydays,en,3.261,2009-04-01,2009,5.2,44,1137436,2,0,5359,2014-04-04
18405,The Last House on the Left,The Last House on the Left,en,24.732,2009-03-13,2009,6.484,1759,844708,3,0,5363,2014-04-04
8915,Amelia,Amelia,en,9.825,2009-10-22,2009,5.654,235,1129445,3,0,5367,2014-04-06
60246,Fruit Fly,Fruit Fly,en,0.355,2009-09-28,2009,4.6,8,1326221,3,0,5402,2014-04-16
38645,And Then Came Lola,And Then Came Lola,en,5.726,2009-06-19,2009,5.145,38,1123894,3,0,5462,2014-05-12
35065,Drool,Drool,en,2.011,2009-01-16,2009,5.205,22,1268962,3,0,5506,2014-05-28
26032,Make the Yuletide Gay,Make the Yuletide Gay,en,6.703,2009-11-01,2009,6.1,77,1305714,3,0,5586,2014-06-23
30388,Reykjavik Whale Watching Massacre,Reykjavik Whale Watching Massacre,en,4.058,2009-09-04,2009,4.615,51,1075749,3,0,5784,2014-09-27
41479,The Joneses,The Joneses,en,11.628,2010-04-16,2010,6.182,585,1285309,3,0,5636,2014-07-14
20856,Aliens in the Attic,Aliens in the Attic,en,20.613,2009-07-30,2009,5.689,987,775552,3,0,5666,2014-07-31
616862,The Wrong House,The Wrong House,en,0.303,2010-04-26,2010,5.3,3,1648194,3,0,5695,2014-08-13
42973,Queen to Play,Joueuse,fr,4.261,2009-08-05,2009,6.647,68,1082009,3,0,5718,2014-08-27
848514,Big Font. Large Spacing,Big Font. Large Spacing,en,0.199,2009-01-01,2009,6.0,1,1479163,3,0,5857,2014-10-21
26466,Triangle,Triangle,en,32.333,2009-10-16,2009,6.9,2593,1187064,3,0,5889,2014-11-01
21636,Love Takes Wing,Love Takes Wing,en,3.477,2009-04-04,2009,6.8,40,1269560,3,0,5891,2014-11-02
25754,Children of the Corn,Children of the Corn,en,7.569,2009-09-26,2009,4.425,187,1290135,1,0,5907,2014-11-08
26693,Ju-On: White Ghost,呪怨 白い老女,ja,9.222,2009-06-27,2009,6.063,96,1422675,3,0,5923,2014-11-17
36917,Ju-On: Black Ghost,呪怨 黒い少女,ja,8.821,2009-06-27,2009,4.971,85,1422674,3,0,5951,2014-12-01
58450,Cosmonaut,Cosmonauta,it,1.295,2009-09-11,2009,6.0,35,1332054,3,0,5966,2014-12-07
25643,Love Happens,Love Happens,en,8.198,2009-09-18,2009,5.8,666,899106,3,0,6058,2015-01-21
38415,Bran Nue Dae,Bran Nue Dae,en,2.502,2009-08-09,2009,5.7,28,1148165,1,0,6067,2015-01-27
71883,Redline,レッドライン,ja,22.061,2010-05-27,2010,7.5,462,1483797,3,0,6122,2015-02-24
32985,Solomon Kane,Solomon Kane,en,15.033,2009-09-16,2009,6.018,1385,970452,3,0,6189,2015-04-04
26688,Sorority Row,Sorority Row,en,11.692,2009-09-09,2009,5.5,561,1232783,3,1,6224,2015-05-01
26320,Taking Woodstock,Taking Woodstock,en,11.731,2009-08-26,2009,6.2,433,1127896,1,0,6270,2015-05-24
36419,After.Life,After.Life,en,37.819,2009-11-07,2009,6.298,1121,838247,1,0,6311,2015-06-13
34480,The Descent: Part 2,The Descent: Part 2,en,23.384,2009-10-14,2009,5.907,1150,1073105,3,0,6533,2015-11-05
185377,Geharha: The Dark and Long-Haired Monster,長髪大怪獣ゲハラ,ja,2.606,2009-02-24,2009,7.3,8,3671900,0,0,6571,2015-12-04
15670,Madea Goes to Jail,Madea Goes to Jail,en,18.725,2009-02-16,2009,6.5,186,1142800,0,0,6573,2015-12-04
18530,The Cry of the Owl,The Cry of the Owl,en,6.567,2009-02-07,2009,5.725,91,1034302,0,0,6580,2015-12-06
285931,Tales from the Catholic Church of Elvis!,Tales from the Catholic Church of Elvis!,en,0.214,2009-01-01,2009,0.0,0,1082876,3,0,6829,2016-04-14
29483,Beautiful Kate,Beautiful Kate,en,5.845,2009-08-06,2009,5.887,62,1209377,3,0,6883,2016-05-11
26367,I Can Do Bad All By Myself,I Can Do Bad All By Myself,en,8.924,2009-09-11,2009,6.3,124,1385912,1,0,6937,2016-06-17
130858,Georgia O'Keeffe,Georgia O'Keeffe,en,3.706,2009-09-19,2009,5.3,11,1320286,3,0,7010,2016-07-30
255508,Butter bei die Fische,Butter bei die Fische,de,0.985,2009-09-14,2009,5.3,3,1362534,3,0,7176,2016-10-07
18162,Land of the Lost,Land of the Lost,en,21.848,2009-06-05,2009,5.419,1302,457400,0,0,7359,2016-12-27
45261,(Untitled),(Untitled),en,2.255,2009-10-25,2009,6.4,38,1132193,1,0,7382,2017-01-07
37721,Accidents Happen,Accidents Happen,en,5.751,2009-04-23,2009,5.88,79,1119123,3,0,7614,2017-05-21
40850,Cherrybomb,Cherrybomb,en,11.608,2009-02-08,2009,5.559,111,1248971,1,0,7623,2017-05-21
23488,Dorian Gray,Dorian Gray,en,11.389,2009-09-09,2009,6.045,2118,1235124,1,0,7628,2017-05-21
59462,Fatal Rescue,Fatal Rescue,en,1.195,2009-04-14,2009,3.1,6,1144825,1,0,7631,2017-05-21
18898,Looking for Eric,Looking for Eric,en,9.858,2009-05-27,2009,6.524,335,1242545,1,0,7723,2017-07-07
33273,Cell 211,Celda 211,es,13.056,2009-11-06,2009,7.4,1240,1242422,0,0,7917,2017-11-22
45650,The Hole,The Hole,en,13.198,2009-09-09,2009,5.8,718,1085779,3,0,8003,2018-01-10
38087,Mystery Team,Mystery Team,en,7.062,2009-08-28,2009,6.2,143,1237838,1,0,8146,2018-04-06
76981,Opie Gets Laid,Opie Gets Laid,en,0.28,2009-01-19,2009,4.4,5,446043,3,0,8456,2018-10-26
28178,Hachi: A Dog's Tale,Hachi: A Dog's Tale,en,45.757,2009-06-08,2009,8.0,6704,1028532,1,0,8555,2018-12-14
44990,Breaking Upwards,Breaking Upwards,en,2.623,2009-03-14,2009,5.3,24,1247644,3,0,8593,2019-01-14
24528,Killer Bean Forever,Killer Bean Forever,en,14.046,2008-09-05,2008,7.2,182,1340108,0,0,8776,2019-07-01
17610,Year One,Year One,en,17.547,2009-06-18,2009,5.0,1848,1045778,3,0,8848,2019-09-11
30250,Cold Souls,Cold Souls,en,6.332,2009-08-07,2009,6.0,154,1127877,1,0,9007,2020-02-07
24864,What's Your Raashee?,What's Your Raashee?,hi,3.127,2009-09-25,2009,5.2,25,1242530,2,0,9030,2020-03-06
9503,Pope Joan,Die Päpstin,en,8.822,2009-10-22,2009,6.785,342,458455,3,0,9368,2020-12-12
18360,Night at the Museum: Battle of the Smithsonian,Night at the Museum: Battle of the Smithsonian,en,30.835,2009-05-20,2009,6.142,6849,1078912,1,0,9589,2021-03-27
49568,1,1,hu,5.1,2009-11-05,2009,6.3,113,408060,3,1,9643,2021-04-11
32395,The Greatest,The Greatest,en,7.251,2009-02-07,2009,6.2,154,1226232,3,0,10030,2021-08-31
29427,The Crazies,The Crazies,en,17.144,2010-02-26,2010,6.3,2034,455407,3,0,694,2010-03-01
12155,Alice in Wonderland,Alice in Wonderland,en,57.762,2010-03-03,2010,6.6,13984,1014759,3,0,699,2010-03-11
34563,Our Family Wedding,Our Family Wedding,en,8.317,2010-03-12,2010,5.713,127,1305583,3,0,702,2010-03-15
22972,Green Zone,Green Zone,en,13.893,2010-03-11,2010,6.468,2161,947810,0,0,704,2010-03-16
33217,Diary of a Wimpy Kid,Diary of a Wimpy Kid,en,21.976,2010-03-19,2010,6.226,1586,1196141,3,0,705,2010-03-22
10191,How to Train Your Dragon,How to Train Your Dragon,en,112.154,2010-03-18,2010,7.8,13087,892769,3,0,711,2010-03-31
23048,Hot Tub Time Machine,Hot Tub Time Machine,en,18.789,2010-03-26,2010,6.042,2472,1231587,1,0,715,2010-04-04
11324,Shutter Island,Shutter Island,en,91.448,2010-02-14,2010,8.202,24058,1130884,1,0,716,2010-04-04
7978,The Wolfman,The Wolfman,en,32.235,2010-02-10,2010,5.9,1981,780653,1,0,717,2010-04-04
31867,Repo Men,Repo Men,en,12.512,2010-03-18,2010,6.324,1907,1053424,3,0,723,2010-04-06
23483,Kick-Ass,Kick-Ass,en,31.163,2010-03-26,2010,7.1,11638,1250777,1,0,737,2010-04-15
36801,Cemetery Junction,Cemetery Junction,en,8.997,2010-04-14,2010,6.5,284,1196204,2,0,773,2010-05-01
35056,Date Night,Date Night,en,15.707,2010-04-08,2010,6.098,2844,1279935,3,0,784,2010-05-06
10138,Iron Man 2,Iron Man 2,en,83.908,2010-04-28,2010,6.844,21044,1228705,3,0,797,2010-05-13
34806,The Back-Up Plan,The Back-Up Plan,en,16.412,2010-04-23,2010,6.143,1399,1212436,3,0,808,2010-05-16
20662,Robin Hood,Robin Hood,en,27.833,2010-05-12,2010,6.391,4606,955308,3,1,822,2010-05-20
37056,Letters to Juliet,Letters to Juliet,en,17.655,2010-05-13,2010,6.998,2871,892318,3,1,823,2010-05-21
37931,MacGruber,MacGruber,en,11.577,2010-05-21,2010,5.425,544,1470023,1,0,824,2010-05-21
11439,The Ghost Writer,The Ghost Writer,en,13.126,2010-02-12,2010,6.829,2216,1139328,2,0,828,2010-05-23
9543,Prince of Persia: The Sands of Time,Prince of Persia: The Sands of Time,en,38.797,2010-05-19,2010,6.285,6732,473075,0,0,831,2010-05-26
27586,The Runaways,The Runaways,en,10.891,2010-03-19,2010,6.5,787,1017451,3,0,832,2010-05-26
37786,Sex and the City 2,Sex and the City 2,en,25.531,2010-05-26,2010,6.085,1628,1261945,3,0,835,2010-05-27
20504,The Book of Eli,The Book of Eli,en,29.919,2010-01-14,2010,6.8,6110,1037705,3,0,848,2010-05-27
32823,Get Him to the Greek,Get Him to the Greek,en,11.833,2010-06-03,2010,5.979,1756,1226229,1,0,870,2010-05-29
27583,Greenberg,Greenberg,en,10.705,2010-03-26,2010,5.865,560,1234654,1,0,872,2010-05-29
10192,Shrek Forever After,Shrek Forever After,en,83.648,2010-05-16,2010,6.379,7369,892791,1,0,894,2010-06-04
38093,Just Wright,Just Wright,en,11.82,2010-05-14,2010,6.559,423,1407061,3,0,901,2010-06-05
40247,Please Give,Please Give,en,7.542,2010-04-30,2010,6.2,146,878835,3,0,908,2010-06-06
39013,Winter's Bone,Winter's Bone,en,10.153,2010-06-11,2010,6.813,1768,1399683,3,0,909,2010-06-06
38575,The Karate Kid,The Karate Kid,en,75.056,2010-06-10,2010,6.5,6002,1155076,3,1,943,2010-06-14
47607,Tiny Furniture,Tiny Furniture,en,4.468,2010-11-12,2010,5.65,157,1570989,3,0,944,2010-06-15
10193,Toy Story 3,Toy Story 3,en,97.82,2010-06-16,2010,7.799,14711,435761,3,1,961,2010-06-18
11761,Peacock,Peacock,en,9.48,2010-04-20,2010,6.2,233,1188113,1,0,962,2010-06-19
73423,R U There,R U There,en,2.068,2010-06-17,2010,4.9,6,1443518,0,0,968,2010-06-21
34544,The A-Team,The A-Team,en,37.377,2010-06-09,2010,6.397,4612,429493,0,0,969,2010-06-21
22894,Legion,Legion,en,33.605,2010-01-21,2010,5.9,2615,1038686,3,0,979,2010-06-26
38365,Grown Ups,Grown Ups,en,79.806,2010-06-24,2010,6.397,6123,1375670,3,0,980,2010-06-26
39452,Exit Through the Gift Shop,Exit Through the Gift Shop,en,7.953,2010-03-05,2010,7.536,870,1587707,0,0,988,2010-06-27
32856,Valentine's Day,Valentine's Day,en,15.176,2010-02-10,2010,5.918,3026,817230,3,0,989,2010-06-27
783341,Browncoats: Redemption,Browncoats: Redemption,en,0.074,2010-09-04,2010,3.5,2,1593655,3,0,1004,2010-06-29
41110,I Am Love,Io sono l'amore,it,10.767,2010-03-19,2010,6.8,355,1226236,3,0,1005,2010-06-29
43541,Brother and Sister,Dos hermanos,es,1.124,2010-04-01,2010,6.7,20,1576382,3,0,1012,2010-06-30
39356,Boy,Boy,en,9.358,2010-03-25,2010,7.387,410,1560139,1,0,1016,2010-07-01
10196,The Last Airbender,The Last Airbender,en,32.78,2010-06-30,2010,4.6,3976,938283,1,0,1019,2010-07-02
41210,The Switch,The Switch,en,16.949,2010-05-11,2010,6.228,1884,889573,2,0,1570,2010-09-15
38843,Ramona and Beezus,Ramona and Beezus,en,12.54,2010-07-23,2010,6.5,753,493949,3,0,1350,2010-07-26
23759,Centurion,Centurion,en,18.743,2010-02-15,2010,6.227,1401,1020558,1,0,1506,2010-08-26
130266,Jucy,Jucy,en,0.557,2010-09-11,2010,4.8,5,1336999,3,0,1507,2010-08-27
27578,The Expendables,The Expendables,en,48.015,2010-08-03,2010,6.248,7740,1320253,1,0,1509,2010-08-28
41505,6 Souls,6 Souls,en,11.684,2010-03-27,2010,6.046,700,1179069,3,0,1580,2010-09-19
27022,The Sorcerer's Apprentice,The Sorcerer's Apprentice,en,26.079,2010-07-13,2010,6.118,4932,963966,1,0,1301,2010-07-24
23169,Remember Me,Remember Me,en,15.641,2010-03-11,2010,7.116,3526,1403981,3,0,1303,2010-07-25
23168,The Town,The Town,en,44.237,2010-09-15,2010,7.2,5046,840361,1,0,1576,2010-09-18
38842,Middle Men,Middle Men,en,10.705,2009-05-17,2009,6.483,320,1251757,1,0,1447,2010-08-07
27581,The Other Guys,The Other Guys,en,32.216,2010-08-06,2010,6.3,4174,1386588,2,0,1448,2010-08-07
39413,My Afternoons with Margueritte,La Tête en friche,fr,9.223,2010-06-02,2010,6.951,234,1455151,1,0,1519,2010-09-01
38031,You Will Meet a Tall Dark Stranger,You Will Meet a Tall Dark Stranger,en,12.883,2010-09-22,2010,5.916,848,1182350,3,0,1518,2010-09-01
47909,Poetry,시,ko,9.264,2010-05-13,2010,7.569,305,1287878,3,0,1566,2010-09-11
35791,Resident Evil: Afterlife,Resident Evil: Afterlife,en,1.698,2010-09-09,2010,6.1,3852,1220634,3,0,1567,2010-09-13
27576,Salt,Salt,en,41.122,2010-07-21,2010,6.4,5462,944835,3,0,1299,2010-07-24
37834,Knight and Day,Knight and Day,en,24.846,2010-06-15,2010,6.215,4456,1013743,2,0,1174,2010-07-14
46909,Skeletons,Skeletons,en,1.704,2010-07-16,2010,5.8,36,1425933,3,0,1175,2010-07-14
148292,With or Without Love,Una hora más en Canarias,es,0.689,2010-07-15,2010,3.9,10,1161411,3,0,1183,2010-07-16
39781,The Kids Are All Right,The Kids Are All Right,en,7.241,2010-07-09,2010,6.6,1474,842926,3,0,1199,2010-07-20
167425,The God of Wood,El dios de madera,es,2.576,2010-07-16,2010,2.0,2,1511354,3,0,1215,2010-07-21
24021,The Twilight Saga: Eclipse,The Twilight Saga: Eclipse,en,60.493,2010-06-23,2010,6.207,8753,1325004,3,0,1234,2010-07-22
20352,Despicable Me,Despicable Me,en,78.152,2010-07-08,2010,7.245,15116,1323594,3,0,1139,2010-07-10
39053,Cyrus,Cyrus,en,11.005,2010-06-18,2010,5.9,410,1336617,1,0,1166,2010-07-12
34851,Predators,Predators,en,55.86,2010-07-03,2010,6.3,4135,1424381,0,0,1168,2010-07-12
27205,Inception,Inception,en,109.867,2010-07-15,2010,8.37,36759,1375666,3,1,1169,2010-07-13
37735,Easy A,Easy A,en,28.464,2010-09-16,2010,6.806,6908,1282140,3,0,1599,2010-09-23
27579,The American,The American,en,14.396,2010-08-31,2010,6.0,1348,1440728,1,0,1530,2010-09-05
23742,Cop Out,Cop Out,en,14.085,2010-02-26,2010,5.555,1493,1385867,1,0,1453,2010-08-09
34813,The Losers,The Losers,en,14.894,2010-04-23,2010,6.3,1808,480255,1,0,1531,2010-09-05
46789,Submarino,Submarino,da,6.097,2010-03-25,2010,7.1,150,1322385,1,0,1533,2010-09-05
40911,Monga,艋舺,zh,8.28,2010-02-05,2010,6.5,69,1604900,1,0,1471,2010-08-16
71559,Love Like Poison,Un poison violent,fr,3.559,2010-04-08,2010,5.8,21,1646985,3,0,1474,2010-08-17
38167,Eat Pray Love,Eat Pray Love,en,22.696,2010-08-12,2010,6.2,2434,879870,3,0,1480,2010-08-18
23631,Machete,Machete,en,23.652,2010-09-01,2010,6.334,3282,985694,3,0,1528,2010-09-04
38778,Dinner for Schmucks,Dinner for Schmucks,en,11.278,2010-07-30,2010,5.7,1769,427152,1,0,1407,2010-07-31
22538,Scott Pilgrim vs. the World,Scott Pilgrim vs. the World,en,29.399,2010-08-12,2010,7.494,7881,446029,3,0,1468,2010-08-13
45202,The Housemaid,하녀,ko,23.552,2010-05-13,2010,6.411,314,1314652,3,0,1606,2010-09-24
38073,Going the Distance,Going the Distance,en,15.419,2010-08-27,2010,6.1,721,1322312,3,0,1607,2010-09-24
38358,The Last Exorcism,The Last Exorcism,en,19.456,2010-08-27,2010,5.674,1014,1320244,3,0,1612,2010-09-27
57413,The Great Vazquez,El gran Vázquez,es,2.508,2010-09-24,2010,5.9,38,1525915,3,0,1624,2010-10-02
267299,Into Our Own Hands,Entre nos Mains,fr,0.446,2010-10-06,2010,6.0,2,1653853,3,0,1618,2010-10-01
51241,Heartbeats,Les amours imaginaires,fr,10.514,2010-09-29,2010,7.117,1005,1600524,2,0,1619,2010-10-01
37799,The Social Network,The Social Network,en,50.525,2010-10-01,2010,7.372,12128,1285016,1,0,1620,2010-10-01
47261,Carancho,Carancho,es,5.56,2010-05-06,2010,6.7,155,1542852,3,0,1625,2010-10-02
38303,You Again,You Again,en,13.462,2010-09-23,2010,6.3,1234,1414382,3,0,1626,2010-10-03
41402,Let Me In,Let Me In,en,18.59,2010-10-01,2010,6.8,1996,1228987,1,0,1649,2010-10-07
26388,Buried,Buried,en,15.994,2010-09-24,2010,6.62,2792,1462758,1,0,1650,2010-10-07
54144,Abel,Abel,es,2.66,2010-05-28,2010,6.6,25,1479668,3,0,1651,2010-10-07
46138,Made in Dagenham,Made in Dagenham,en,6.612,2010-10-01,2010,6.705,302,1371155,3,0,1652,2010-10-08
44638,The Tempest,The Tempest,en,8.218,2010-09-11,2010,5.393,117,1274300,3,0,1653,2010-10-08
42296,Catfish,Catfish,en,11.807,2010-09-17,2010,6.8,516,1584016,0,0,1655,2010-10-08
33909,Wall Street: Money Never Sleeps,Wall Street: Money Never Sleeps,en,20.583,2010-09-20,2010,6.1,1518,1027718,3,1,1661,2010-10-15
44214,Black Swan,Black Swan,en,50.097,2010-12-03,2010,7.7,14489,947798,3,0,1662,2010-10-15
39486,Secretariat,Secretariat,en,14.928,2010-08-20,2010,7.432,592,1028576,3,0,1669,2010-10-18
56440,Amador,Amador,es,1.547,2010-10-08,2010,5.9,22,1477171,3,0,1672,2010-10-19
58857,13 Assassins,十三人の刺客,ja,15.124,2010-09-09,2010,7.295,1113,1436045,1,1,1698,2010-10-24
39514,RED,RED,en,32.903,2010-10-13,2010,6.698,6690,1245526,2,0,1700,2010-10-26
44040,Devil,Devil,en,19.751,2010-09-16,2010,6.083,2858,1314655,3,0,1701,2010-10-26
57771,Score: A Hockey Musical,Score: A Hockey Musical,en,1.314,2010-10-22,2010,5.2,5,1592876,2,0,1711,2010-10-31
38357,Morning Glory,Morning Glory,en,11.609,2010-11-10,2010,6.344,1492,1126618,3,0,1723,2010-11-02
42297,Burlesque,Burlesque,en,19.509,2010-11-23,2010,7.2,2233,1126591,3,0,1784,2010-11-29
53457,Sarah's Key,Elle s'appelait Sarah,fr,9.331,2010-09-16,2010,7.29,678,1668200,3,0,1742,2010-11-07
38055,Megamind,Megamind,en,47.018,2010-10-28,2010,6.997,6864,1001526,0,0,1743,2010-11-07
44115,127 Hours,127 Hours,en,29.124,2010-11-12,2010,7.1,7519,1542344,3,1,1758,2010-11-15
44048,Unstoppable,Unstoppable,en,24.34,2010-11-04,2010,6.585,3540,477080,3,1,1759,2010-11-16
44009,Another Year,Another Year,en,8.63,2010-11-05,2010,7.0,386,1431181,3,0,1760,2010-11-17
18823,Clash of the Titans,Clash of the Titans,en,41.804,2010-03-26,2010,5.908,6227,800320,3,1,1772,2010-11-21
12444,Harry Potter and the Deathly Hallows: Part 1,Harry Potter and the Deathly Hallows: Part 1,en,163.346,2010-11-17,2010,7.747,19127,926084,3,0,1773,2010-11-22
38368,Uncle Boonmee Who Can Recall His Past Lives,ลุงบุญมีระลึกชาติ,th,13.752,2010-06-25,2010,6.6,364,1588895,3,0,1775,2010-11-23
43539,The Next Three Days,The Next Three Days,en,20.153,2010-11-18,2010,7.084,2849,1458175,3,0,1777,2010-11-25
38757,Tangled,Tangled,en,102.525,2010-11-24,2010,7.604,11518,398286,3,0,1782,2010-11-27
46332,Of Gods and Men,Des hommes et des dieux,fr,17.181,2010-09-08,2010,6.7,367,1588337,0,0,1820,2010-12-03
63498,Chico & Rita,Chico & Rita,es,5.484,2010-11-19,2010,7.204,233,1235830,2,0,1831,2010-12-08
43933,Monsters,Monsters,en,19.106,2010-06-18,2010,6.215,1570,1470827,0,0,1842,2010-12-12
20526,TRON: Legacy,TRON: Legacy,en,36.907,2010-12-14,2010,6.49,7159,1104001,1,0,1851,2010-12-14
44264,True Grit,True Grit,en,22.693,2010-12-22,2010,7.306,5253,1403865,3,0,1854,2010-12-16
45269,The King's Speech,The King's Speech,en,32.73,2010-11-26,2010,7.74,8703,1504320,3,0,1863,2010-12-20
37950,Charlie St. Cloud,Charlie St. Cloud,en,12.238,2010-07-30,2010,6.965,2160,1438254,1,1,1865,2010-12-21
33602,Temple Grandin,Temple Grandin,en,13.39,2010-02-06,2010,7.7,453,1278469,3,0,1866,2010-12-21
37710,The Tourist,The Tourist,en,23.494,2010-12-08,2010,6.184,5403,1243957,0,0,1879,2010-12-27
42684,Skyline,Skyline,en,19.042,2010-11-11,2010,5.019,1621,1564585,3,1,1880,2010-12-28
10140,The Chronicles of Narnia: The Voyage of the Dawn Treader,The Chronicles of Narnia: The Voyage of the Dawn Treader,en,49.498,2010-12-02,2010,6.443,5574,980970,3,0,1884,2011-01-01
41515,Yogi Bear,Yogi Bear,en,16.625,2010-12-17,2010,5.571,876,1302067,0,0,1893,2011-01-04
44991,The Four-Faced Liar,The Four-Faced Liar,en,4.467,2010-01-21,2010,5.5,57,1174693,3,0,1918,2011-01-16
42188,Never Let Me Go,Never Let Me Go,en,16.103,2010-03-18,2010,6.8,2275,1334260,3,0,1923,2011-01-19
36550,Jack and the Beanstalk,Jack and the Beanstalk,en,9.74,2009-11-06,2009,5.26,77,1079968,1,0,1929,2011-01-23
43090,Gunless,Gunless,en,5.626,2010-04-19,2010,6.4,79,1376195,2,0,1930,2011-01-23
41180,The Client List,The Client List,en,16.728,2010-07-19,2010,5.9,255,1625340,2,0,1933,2011-01-26
80293,Trigger,Trigger,en,1.039,2010-09-12,2010,5.028,18,1624408,3,0,1938,2011-01-29
39312,Restrepo,Restrepo,en,9.262,2010-06-25,2010,7.3,322,1559549,0,0,2006,2011-02-08
45317,The Fighter,The Fighter,en,16.935,2010-12-10,2010,7.389,4349,964517,2,0,2033,2011-02-15
31007,Welcome to the Rileys,Welcome to the Rileys,en,13.26,2010-10-29,2010,6.591,394,1183923,3,0,2049,2011-02-15
55165,Simple Simon,I rymden finns inga känslor,sv,8.193,2010-09-03,2010,7.3,145,1686313,1,0,2046,2011-02-15
41201,The Illusionist,L'Illusionniste,fr,12.145,2010-06-16,2010,7.225,611,775489,0,0,2051,2011-02-16
81656,The Place in Between,Notre étrangère,en,0.465,2011-02-02,2011,0.0,1,1723115,3,0,2052,2011-02-18
44160,Honey,Bal,tr,4.7,2010-04-09,2010,6.8,93,1571724,0,0,2055,2011-02-18
45958,Biutiful,Biutiful,es,8.612,2010-10-20,2010,7.3,1098,1164999,1,0,2059,2011-02-19
54186,Confessions,告白,ja,17.213,2010-06-04,2010,7.581,884,1590089,3,0,2084,2011-03-02
46705,Blue Valentine,Blue Valentine,en,30.112,2010-12-26,2010,6.9,3232,1120985,2,0,2088,2011-03-05
23172,The Spy Next Door,The Spy Next Door,en,19.921,2010-01-15,2010,5.857,1299,1273678,3,0,2093,2011-03-07
43347,Love & Other Drugs,Love & Other Drugs,en,35.9,2010-11-04,2010,7.0,5137,758752,2,1,2096,2011-03-07
38325,How I Ended This Summer,Как я провёл этим летом,ru,7.836,2010-02-17,2010,6.5,113,1588875,0,0,2103,2011-03-09
46665,Triple Dog,Triple Dog,en,8.063,2010-09-21,2010,5.7,123,1232838,3,0,2110,2011-03-12
33107,And Soon the Darkness,And Soon the Darkness,en,11.57,2010-02-25,2010,5.233,374,1391034,3,0,2112,2011-03-12
43923,It's Kind of a Funny Story,It's Kind of a Funny Story,en,12.7,2010-10-08,2010,7.0,2325,804497,1,0,2113,2011-03-12
46837,Kaboom,Kaboom,en,6.382,2010-10-06,2010,5.6,322,1523483,3,0,2114,2011-03-12
48303,Certified Copy,Copie conforme,fr,10.145,2010-05-19,2010,7.0,402,1020773,3,0,2119,2011-03-15
39210,Somewhere,Somewhere,en,10.612,2010-09-03,2010,6.1,735,1421051,3,1,2124,2011-03-18
22971,Dear John,Dear John,en,18.983,2010-02-04,2010,6.8,4141,989757,0,0,2129,2011-03-20
45162,Superman/Batman: Apocalypse,Superman/Batman: Apocalypse,en,13.335,2010-09-28,2010,7.143,694,1673430,3,0,2164,2011-04-05
35153,The Heavy,The Heavy,en,5.646,2010-04-08,2010,4.9,42,473364,0,0,2178,2011-04-09
48650,Room in Rome,Habitación en Roma,es,59.517,2010-05-07,2010,6.409,730,1263750,3,0,2175,2011-04-08
41283,Faster,Faster,en,28.701,2010-11-23,2010,6.3,1916,1433108,0,0,2177,2011-04-09
46738,Incendies,Incendies,fr,36.852,2010-09-17,2010,8.1,2761,1255953,3,0,2188,2011-04-14
49020,Submarine,Submarine,en,11.482,2011-03-18,2011,7.374,1452,1440292,1,0,2189,2011-04-15
41733,Due Date,Due Date,en,27.793,2010-11-03,2010,6.379,5399,1231583,1,0,2190,2011-04-16
150664,For 80 Days,80 egunean,eu,2.325,2010-05-21,2010,5.8,14,1600383,3,0,2192,2011-04-17
46829,Barney's Version,Barney's Version,en,11.083,2010-10-26,2010,7.031,450,1423894,3,0,2200,2011-04-20
70925,Oranges and Sunshine,Oranges and Sunshine,en,4.489,2010-10-08,2010,6.9,85,1438216,3,0,2202,2011-04-21
57120,Meek's Cutoff,Meek's Cutoff,en,9.581,2011-04-08,2011,6.5,272,1518812,2,0,2206,2011-04-23
45094,Conviction,Conviction,en,9.038,2010-10-15,2010,7.1,593,1244754,3,0,2245,2011-04-26
27585,Rabbit Hole,Rabbit Hole,en,10.788,2010-12-16,2010,6.7,596,935075,3,0,2246,2011-04-26
45649,Rubber,Rubber,fr,14.45,2010-11-09,2010,5.903,1016,1612774,3,1,2253,2011-04-30
44244,Camp Rock 2: The Final Jam,Camp Rock 2: The Final Jam,en,13.187,2010-09-17,2010,6.326,1509,1252380,3,0,2261,2011-04-30
51447,Trophy Wife,Potiche,fr,6.473,2010-11-10,2010,6.1,354,1521848,3,0,2264,2011-05-02
22907,Takers,Takers,en,19.954,2010-08-26,2010,6.2,1268,1135084,1,0,2271,2011-05-04
54812,The Lottery,The Lottery,en,1.606,2010-06-11,2010,5.8,6,1515935,3,0,2272,2011-05-04
49018,Insidious,Insidious,en,42.872,2011-03-31,2011,6.944,6787,1591095,3,0,2280,2011-05-09
45132,Super,Super,en,14.288,2010-11-26,2010,6.536,1566,1512235,1,0,2288,2011-05-13
45658,Everything Must Go,Everything Must Go,en,9.751,2011-05-13,2011,6.166,601,1531663,1,0,2305,2011-05-18
44944,For Colored Girls,For Colored Girls,en,10.584,2010-11-05,2010,6.7,78,1405500,3,0,2307,2011-05-18
40662,Batman: Under the Red Hood,Batman: Under the Red Hood,en,19.008,2010-07-27,2010,7.73,1589,1569923,1,0,2321,2011-05-20
45324,Casino Jack,Casino Jack,en,6.513,2010-09-16,2010,5.836,292,1194417,1,0,2328,2011-05-23
57400,The Human Resources Manager,שליחותו של הממונה על משאבי אנוש,he,1.785,2010-12-15,2010,7.3,25,1311075,1,0,2329,2011-05-23
52903,Steam of Life,Miesten vuoro,fi,2.193,2010-03-26,2010,7.2,38,1583323,0,0,2337,2011-05-24
38961,Tamara Drewe,Tamara Drewe,en,11.757,2010-07-14,2010,5.872,440,1486190,3,0,2358,2011-05-29
63946,Viva Riva!,Viva Riva!,fr,2.086,2010-09-10,2010,5.4,21,1723120,3,0,2397,2011-06-13
35019,Nanny McPhee and the Big Bang,Nanny McPhee and the Big Bang,en,39.61,2010-03-26,2010,6.299,1829,1415283,3,0,2416,2011-06-20
44629,Animal Kingdom,Animal Kingdom,en,9.068,2010-06-03,2010,6.807,818,1313092,1,1,2419,2011-06-20
81649,Pink Saris,Pink Saris,en,0.352,2010-09-14,2010,5.2,6,1721685,3,0,2459,2011-06-29
74495,Bandage,BANDAGE バンデイジ,ja,3.389,2010-01-16,2010,6.0,16,482459,3,0,2465,2011-06-29
55347,Beginners,Beginners,en,8.218,2011-06-03,2011,6.846,1030,1532503,1,0,2480,2011-07-04
56815,Post Mortem,Post Mortem,es,3.307,2010-07-02,2010,6.1,55,1714886,1,0,2481,2011-07-04
47218,Happythankyoumoreplease,Happythankyoumoreplease,en,7.743,2011-03-04,2011,6.533,276,1481572,1,0,2482,2011-07-04
51739,The Secret World of Arrietty,借りぐらしのアリエッティ,ja,32.419,2010-07-16,2010,7.657,2835,1568921,3,0,2513,2011-07-09
32657,Percy Jackson & the Olympians: The Lightning Thief,Percy Jackson & the Olympians: The Lightning Thief,en,56.924,2010-02-01,2010,6.2,7462,814255,3,1,2537,2011-07-14
63578,The Trip,The Trip,en,7.578,2011-04-24,2011,6.7,287,1740047,1,0,2542,2011-07-16
44147,Wild Target,Wild Target,en,12.862,2010-06-17,2010,6.4,705,1235189,1,0,2593,2011-08-06
70110,Turbulent Skies,Turbulent Skies,en,4.988,2010-05-05,2010,5.4,63,1518861,3,0,2624,2011-08-17
79854,18 Meals,18 comidas,es,2.468,2010-06-12,2010,5.8,19,1671616,2,1,2629,2011-08-21
58496,Senna,Senna,en,20.439,2010-10-07,2010,8.117,1050,1424432,1,0,2633,2011-08-23
44877,4.3.2.1,4.3.2.1,en,6.98,2010-06-02,2010,5.5,200,1514041,3,0,2643,2011-08-25
48289,The Debt,The Debt,en,11.636,2010-09-30,2010,6.6,886,1226753,3,0,2661,2011-09-07
46146,Troll Hunter,Trolljegeren,no,16.43,2010-10-29,2010,6.695,1570,1740707,1,0,2677,2011-09-13
46261,Don't Be Afraid of the Dark,Don't Be Afraid of the Dark,en,10.644,2010-11-06,2010,5.777,1034,1270761,3,0,2680,2011-09-15
55246,Ceremony,Ceremony,en,3.568,2010-10-08,2010,5.1,61,1341341,2,0,2686,2011-09-16
48492,Detective Dee and the Mystery of the Phantom Flame,狄仁傑之通天帝國,zh,15.962,2010-09-18,2010,6.5,397,1123373,3,0,2700,2011-09-21
69794,Small Town Murder Songs,Small Town Murder Songs,en,4.318,2010-09-14,2010,5.4,50,1429392,3,1,2702,2011-09-23
92662,The Hollywood Complex,The Hollywood Complex,en,1.595,2011-05-01,2011,6.9,11,1754351,3,0,2712,2011-09-25
77444,The Corridor,The Corridor,en,3.273,2012-03-30,2012,4.7,45,1602617,0,0,2729,2011-10-01
59441,A Bag of Hammers,A Bag of Hammers,en,3.4,2011-03-12,2011,5.8,56,1509787,3,1,2733,2011-10-03
57243,The Women on the 6th Floor,Les Femmes du 6e étage,fr,7.763,2011-02-16,2011,6.8,381,1805297,3,0,2771,2011-10-18
48034,Little White Lies,Les Petits Mouchoirs,fr,12.064,2010-10-20,2010,7.112,1551,1440232,3,0,2773,2011-10-20
35552,The Extraordinary Adventures of Adèle Blanc-Sec,Les Aventures extraordinaires d'Adèle Blanc-Sec,fr,26.492,2010-04-09,2010,6.234,1339,1179025,3,0,2774,2011-10-20
47904,Outside the Law,Hors-la-loi,fr,5.391,2010-09-21,2010,6.6,193,1229381,1,0,2775,2011-10-20
38568,Howl,Howl,en,5.633,2010-08-26,2010,6.5,176,1049402,0,0,2778,2011-10-20
38363,Fair Game,Fair Game,en,13.408,2010-05-20,2010,6.475,777,977855,3,0,2780,2011-10-20
48243,Essential Killing,Essential Killing,en,5.308,2010-09-06,2010,5.8,150,1561768,0,0,2781,2011-10-20
57703,Norwegian Wood,ノルウェイの森,ja,10.681,2010-09-30,2010,6.3,211,1270842,3,0,2782,2011-10-20
46838,Tucker and Dale vs. Evil,Tucker and Dale vs. Evil,en,21.146,2010-01-22,2010,7.374,2754,1465522,3,0,2783,2011-10-20
41556,The Romantics,The Romantics,en,6.154,2010-09-10,2010,4.9,239,1403988,3,0,2791,2011-10-23
41436,Paranormal Activity 2,Paranormal Activity 2,en,26.569,2010-10-20,2010,5.764,2427,1536044,3,0,2794,2011-10-24
89825,Heart and Yummie,おまえうまそうだな,ja,8.193,2010-10-16,2010,8.102,83,1734113,0,0,2801,2011-10-26
46564,A Marine Story,A Marine Story,en,3.611,2010-11-05,2010,6.0,43,1447479,3,0,2810,2011-10-31
52015,Stake Land,Stake Land,en,11.865,2010-09-30,2010,6.2,788,1464580,1,0,2811,2011-10-31
43935,Dylan Dog: Dead of Night,Dylan Dog: Dead of Night,en,8.771,2011-03-16,2011,4.7,493,1013860,0,0,2812,2011-10-31
45657,The Ward,The Ward,en,12.737,2010-09-13,2010,5.773,1195,1369706,3,0,2813,2011-10-31
87824,Leading Ladies,Leading Ladies,en,0.755,2010-11-06,2010,3.4,4,1462053,3,0,2827,2011-11-05
56833,Chasing Legends,Chasing Legends,en,0.739,2010-05-10,2010,6.3,3,1996211,0,1,2863,2011-11-25
96311,The Disciple,The Disciple,en,0.479,2010-04-23,2010,3.7,3,1618390,2,0,2881,2011-11-29
138829,The Clock,The Clock,en,1.16,2010-10-15,2010,8.8,8,2008009,3,0,2908,2011-12-07
73211,King of Devil's Island,Kongen av Bastøy,no,11.183,2010-12-16,2010,7.163,242,1332134,1,0,2940,2011-12-18
57749,The Clinic,The Clinic,en,7.362,2010-10-10,2010,5.1,110,1345772,3,0,2951,2011-12-23
60309,The Conspirator,The Conspirator,en,12.024,2011-04-15,2011,6.5,447,968264,3,1,2962,2011-12-28
52696,Band Baaja Baaraat,Band Baaja Baaraat,hi,7.395,2010-12-10,2010,6.564,125,1610452,3,0,3011,2012-01-28
59435,An Invisible Sign,An Invisible Sign,en,7.042,2010-10-06,2010,5.195,110,1212454,3,0,3022,2012-01-29
56405,Black Venus,Vénus noire,fr,5.804,2010-10-27,2010,6.6,113,1401643,3,0,3042,2012-02-11
47763,The Shrine,The Shrine,en,6.893,2010-10-14,2010,5.427,212,1341710,3,0,3068,2012-02-20
30061,Justice League: Crisis on Two Earths,Justice League: Crisis on Two Earths,en,13.239,2010-02-23,2010,7.3,701,1494772,1,0,3390,2012-06-29
44560,Aftershock,唐山大地震,zh,8.306,2010-07-22,2010,7.122,181,1393746,3,0,3109,2012-03-11
56272,Elektra Luxx,Elektra Luxx,en,6.132,2011-03-11,2011,4.7,148,1340773,3,0,3110,2012-03-12
52043,Jo's Boy,Le Fils à Jo,fr,6.925,2010-12-29,2010,6.014,107,1548603,0,0,3157,2012-04-01
65760,The Whistleblower,The Whistleblower,en,10.7,2010-09-13,2010,6.7,550,896872,3,0,3169,2012-04-08
37472,Ip Man 2,葉問2,cn,4.373,2010-04-29,2010,7.5,2266,1386932,1,0,3187,2012-04-16
50838,Wrecked,Wrecked,en,10.737,2010-04-01,2010,5.352,354,1316622,0,0,3208,2012-04-29
85441,"Cairo 6,7,8",٦٧٨,ar,4.365,2010-12-22,2010,7.351,67,1764141,3,0,3228,2012-05-06
52767,The Hunter,شکارچی,fa,1.263,2010-04-08,2010,6.4,27,1190072,1,0,3213,2012-04-30
55244,Bill Cunningham New York,Bill Cunningham New York,en,3.998,2011-03-16,2011,7.594,90,1621444,3,0,3224,2012-05-04
36696,Space Dogs,Белка и Стрелка. Звёздные собаки,ru,8.644,2010-03-18,2010,5.2,47,1272051,3,0,3257,2012-05-15
280171,Eat Me!,Eat Me!,en,0.194,2010-11-10,2010,3.0,1,1412541,3,0,3278,2012-05-21
42194,Tekken,Tekken,en,17.072,2010-03-20,2010,5.386,682,411951,2,0,3316,2012-06-04
49797,I Saw the Devil,악마를 보았다,ko,34.82,2010-08-12,2010,7.8,2582,1588170,1,0,3319,2012-06-04
28562,Denizen,Denizen,en,0.318,2010-01-01,2010,2.0,1,1194424,1,0,3425,2012-07-15
37495,Four Lions,Four Lions,en,13.042,2010-05-07,2010,6.964,1131,1341167,1,0,3435,2012-07-18
142119,Food Stamped,Food Stamped,en,0.385,2010-10-09,2010,6.5,2,1667079,3,0,3456,2012-08-04
12201,Edge of Darkness,Edge of Darkness,en,14.61,2010-01-28,2010,6.348,1527,1226273,1,0,3459,2012-08-07
41273,On Tour,Tournée,fr,2.637,2010-06-30,2010,6.6,63,1451762,3,0,3464,2012-08-11
39750,Stonehenge Apocalypse,Stonehenge Apocalypse,en,2.737,2010-06-12,2010,4.1,71,1488598,3,0,3505,2012-09-01
69461,Surely Someday,シュアリー・サムデイ,ja,4.391,2010-07-17,2010,5.8,6,1450332,1,0,3568,2012-10-01
43200,Basilicata Coast to Coast,Basilicata Coast to Coast,it,5.871,2010-04-09,2010,6.272,377,1529233,3,1,3607,2012-10-16
48871,Red: Werewolf Hunter,Red: Werewolf Hunter,en,8.315,2010-10-30,2010,4.3,61,1626201,3,1,3647,2012-11-02
44363,Frozen,Frozen,en,19.055,2010-02-05,2010,6.0,1824,1323045,1,0,3676,2012-11-17
51764,BearCity,BearCity,en,4.684,2010-06-08,2010,5.7,34,1426320,0,0,3686,2012-11-21
45272,Country Strong,Country Strong,en,9.383,2010-12-22,2010,6.1,247,1555064,3,0,3708,2012-12-04
59457,Womb,Womb,en,16.18,2010-07-15,2010,6.0,354,1216520,3,0,3762,2012-12-21
73283,Transfer,Transfer,de,1.507,2010-09-23,2010,6.2,22,1270120,3,0,3763,2012-12-21
43754,The Killing Jar,The Killing Jar,en,10.304,2010-02-14,2010,5.4,82,1270296,3,0,3804,2013-01-05
59421,Bedevilled,김복남 살인사건의 전말,ko,15.627,2010-08-19,2010,7.177,413,1646959,3,0,3815,2013-01-09
50099,Break Ke Baad,ब्रेक के बाद,hi,4.901,2010-11-25,2010,5.6,40,1578261,3,0,3816,2013-01-10
40205,16 Wishes,16 Wishes,en,22.473,2010-10-02,2010,6.3,1309,1646876,3,0,3842,2013-01-20
148284,Enthiran,எந்திரன்,ta,18.159,2010-10-01,2010,6.578,217,1305797,3,0,3852,2013-01-23
58446,Daydream Nation,Daydream Nation,en,5.504,2011-05-06,2011,5.777,159,1581835,3,0,3887,2013-02-09
44683,Tinker Bell and the Great Fairy Rescue,Tinker Bell and the Great Fairy Rescue,en,30.0,2010-07-29,2010,6.734,937,1216515,3,0,3903,2013-02-18
52264,A Cat in Paris,Une vie de chat,fr,6.857,2010-12-15,2010,6.7,250,1673702,3,0,3975,2013-03-11
37414,The Killer Inside Me,The Killer Inside Me,en,13.774,2010-02-19,2010,5.824,576,954947,1,0,4003,2013-03-21
61005,The Good Witch's Gift,The Good Witch's Gift,en,6.013,2010-11-13,2010,7.457,92,1560779,3,0,4015,2013-03-24
47386,YellowBrickRoad,YellowBrickRoad,en,4.946,2010-01-23,2010,4.669,142,1398428,3,0,4038,2013-04-09
43552,Vanishing on 7th Street,Vanishing on 7th Street,en,13.234,2010-09-11,2010,5.3,574,1452628,1,0,4052,2013-04-14
51991,Romantics Anonymous,Les Émotifs anonymes,fr,10.737,2010-12-22,2010,6.5,535,1565958,3,0,4078,2013-04-22
59468,The Way,The Way,en,15.279,2010-09-10,2010,7.1,574,1441912,0,0,4102,2013-04-25
63943,West Is West,West Is West,en,3.243,2010-10-19,2010,6.4,41,1441956,3,1,4103,2013-04-25
48833,Night Catches Us,Night Catches Us,en,1.939,2010-12-03,2010,4.7,19,775543,3,0,4110,2013-04-27
62494,Predicament,Predicament,en,0.808,2010-08-26,2010,5.4,6,1574639,1,0,4128,2013-05-11
103970,Feeding Frenzy,Feeding Frenzy,en,1.311,2010-10-11,2010,6.5,27,1706365,3,0,4137,2013-05-18
175141,First Night,First Night,en,2.628,2010-10-13,2010,3.0,2,1536053,3,1,4170,2013-05-27
70448,All About Evil,All About Evil,en,2.217,2010-05-01,2010,5.9,51,1307858,3,0,4274,2013-06-27
56743,Elena Undone,Elena Undone,en,12.495,2010-06-25,2010,6.89,164,1575539,3,0,4310,2013-07-05
54770,Time Traveller: The Girl Who Leapt Through Time,時をかける少女,ja,5.005,2010-03-13,2010,6.251,61,1614408,3,0,4366,2013-07-18
44918,Titanic II,Titanic II,en,24.866,2010-08-07,2010,5.0,420,1640571,3,0,4504,2013-08-25
72843,Pete Smalls Is Dead,Pete Smalls Is Dead,en,4.768,2010-09-17,2010,4.8,28,1381413,1,0,4530,2013-08-31
48395,Rare Exports: A Christmas Tale,Rare Exports,fi,15.193,2010-12-03,2010,6.214,576,1401143,0,0,4790,2013-11-06
132250,Hypothermia,Hypothermia,en,5.389,2012-10-02,2012,4.04,50,1313244,3,0,4810,2013-11-11
43549,The Experiment,The Experiment,en,18.544,2010-07-15,2010,6.4,1205,997152,0,0,4823,2013-11-14
63700,My Babysitter's a Vampire,My Babysitter's a Vampire,en,10.592,2010-10-09,2010,7.0,392,1673423,3,0,4923,2013-12-07
52272,Bratz: Pampered Petz,Bratz: Pampered Petz,en,1.132,2008-10-05,2008,5.7,6,1719009,3,0,4930,2013-12-09
55567,Standing Ovation,Standing Ovation,en,1.305,2010-07-16,2010,3.7,17,1303803,3,0,4942,2013-12-12
62592,Revenge of the Bridesmaids,Revenge of the Bridesmaids,en,8.117,2010-07-18,2010,6.6,272,1666642,3,0,4991,2013-12-26
52274,Julia's Eyes,Los ojos de Julia,es,13.096,2010-08-16,2010,6.65,778,1512685,3,0,5009,2013-12-30
80188,Boy Wonder,Boy Wonder,en,8.824,2010-08-11,2010,6.4,136,1456060,3,1,5018,2014-01-01
109125,The Amazing Bulk,The Amazing Bulk,en,9.649,2012-04-17,2012,2.5,67,1788453,0,0,5025,2014-01-01
13477,When in Rome,When in Rome,en,14.518,2010-01-29,2010,5.963,1202,1185416,3,0,5036,2014-01-03
52587,We Are the Night,Wir sind die Nacht,de,9.779,2010-10-28,2010,6.1,274,1692504,3,0,5070,2014-01-14
65056,A Little Help,A Little Help,en,4.874,2010-05-21,2010,5.329,73,1319722,3,0,5099,2014-01-23
61948,Spiderhole,Spiderhole,en,1.601,2010-10-29,2010,3.9,21,1496884,3,0,5100,2014-01-23
43930,"Tomorrow, When the War Began","Tomorrow, When the War Began",en,21.848,2010-08-08,2010,6.2,501,1456941,3,0,5134,2014-02-04
254582,Oppressed Majority,Majorité Opprimée,fr,0.684,2010-10-24,2010,5.9,17,1684911,0,0,5197,2014-02-23
34134,Barbie in A Mermaid Tale,Barbie in A Mermaid Tale,en,20.525,2010-01-25,2010,7.218,763,1610301,3,0,5231,2014-03-05
74890,Valkaama,Valkaama,en,0.189,2010-01-01,2010,3.0,2,1669706,2,0,5239,2014-03-06
48838,London Boulevard,London Boulevard,en,8.919,2010-11-10,2010,5.9,734,1213648,1,0,5398,2014-04-15
54892,Ramayana: The Epic,Ramayana: The Epic,hi,1.885,2010-10-15,2010,5.6,8,1744641,2,0,5440,2014-05-04
82640,Twelve Thirty,Twelve Thirty,en,1.866,2011-01-14,2011,5.6,7,1520453,3,0,5536,2014-06-04
40794,Loose Cannons,Mine vaganti,it,7.064,2010-02-12,2010,7.284,775,1405810,3,0,5623,2014-07-09
42293,The Hairdresser,Die Friseuse,de,1.81,2010-02-14,2010,6.2,26,1585255,3,0,5644,2014-07-22
44811,Mongolian Death Worm,Mongolian Death Worm,en,4.631,2010-04-08,2010,4.8,68,1504443,3,0,5735,2014-09-08
73976,So Hard to Forget,Como Esquecer,pt,2.353,2010-10-15,2010,5.7,32,1735853,3,0,5830,2014-10-10
41993,Love in a Puff,志明與春嬌,cn,6.945,2010-03-25,2010,7.0,76,1602479,1,0,5854,2014-10-19
41360,Hunter Prey,Hunter Prey,en,5.669,2010-05-01,2010,5.661,87,1270291,0,0,5869,2014-10-24
42941,30 Days of Night: Dark Days,30 Days of Night: Dark Days,en,22.045,2010-10-04,2010,5.0,515,1320304,3,0,5876,2014-10-26
35690,The Last Song,The Last Song,en,16.971,2010-03-31,2010,7.2,3303,1294226,3,0,5990,2014-12-18
23437,A Nightmare on Elm Street,A Nightmare on Elm Street,en,23.535,2010-04-30,2010,5.522,2695,1179056,3,0,6047,2015-01-15
193125,"Fanny, Annie & Danny","Fanny, Annie & Danny",en,0.083,2011-12-09,2011,9.0,1,1614338,3,0,6069,2015-01-27
29920,Easy Money,Snabba cash,sv,10.695,2010-01-15,2010,6.5,228,1291652,1,0,6177,2015-03-30
53269,xxxHolic: Rō,×××HOLiC・籠,ja,3.628,2010-04-23,2010,6.9,7,1648133,3,0,6228,2015-05-03
109979,18 Years Later,Diciotto anni dopo,it,2.515,2010-07-04,2010,6.9,33,1433802,1,0,6248,2015-05-17
42888,How Do You Know,How Do You Know,en,14.841,2010-12-17,2010,5.3,974,1341188,3,0,6345,2015-07-07
55061,Frankie & Alice,Frankie & Alice,en,9.264,2010-12-10,2010,6.036,96,1221208,3,0,6398,2015-08-10
72946,I Will Follow,I Will Follow,en,1.262,2010-09-18,2010,5.111,18,1624426,3,0,6493,2015-10-16
27004,Ca$h,Ca$h,en,8.044,2010-03-01,2010,5.9,235,1106860,0,0,6511,2015-10-25
43943,Jack Goes Boating,Jack Goes Boating,en,5.758,2010-09-17,2010,5.9,118,1278379,1,0,6556,2015-11-23
43949,Flipped,Flipped,en,43.124,2010-08-06,2010,8.0,3033,817177,3,1,6657,2016-01-08
60534,The Silence,Das letzte Schweigen,de,14.043,2010-08-13,2010,6.6,134,1361835,3,1,6728,2016-02-15
62116,Mozart's Sister,"Nannerl, la soeur de Mozart",fr,2.499,2010-06-09,2010,6.4,34,1653911,3,0,6780,2016-03-17
49009,The Way Back,The Way Back,en,22.186,2010-11-22,2010,7.0,1563,1023114,0,0,7045,2016-08-15
48392,Sound of Noise,Sound of Noise,sv,4.243,2010-12-25,2010,7.2,158,1278449,0,0,7115,2016-09-13
432608,Who We Are,Who We Are,en,0.483,2010-04-24,2010,5.0,3,1587386,1,0,7152,2016-09-26
49787,The Reef,The Reef,en,13.601,2010-05-15,2010,5.7,552,1320291,1,0,7216,2016-10-21
48393,Kidnapped,Secuestrados,es,9.386,2010-06-17,2010,6.084,239,1629377,3,0,7363,2016-12-28
43931,My Soul to Take,My Soul to Take,en,12.448,2010-10-08,2010,5.5,513,872230,3,1,7491,2017-03-08
45752,Scooby-Doo! Camp Scare,Scooby-Doo! Camp Scare,en,15.284,2010-09-14,2010,7.8,302,1731767,3,0,7683,2017-06-12
37645,22 Bullets,L'Immortel,fr,26.451,2010-03-23,2010,6.668,1201,1167638,1,0,7718,2017-07-04
573531,Halo Legends,Halo Legends,en,17.931,2010-02-16,2010,7.4,157,1480660,1,0,7927,2017-11-28
25195,Leap Year,Leap Year,en,23.179,2010-01-08,2010,6.888,2016,1216492,3,0,8482,2018-11-11
75170,Third Star,Third Star,en,8.784,2010-06-01,2010,7.053,133,1510906,1,0,8538,2018-12-14
65831,Sasha,Sascha,de,1.723,2011-03-24,2011,6.3,25,1667691,1,0,8562,2018-12-15
50037,Beyond the Black Rainbow,Beyond the Black Rainbow,en,21.883,2010-12-03,2010,5.7,349,1534085,2,1,8627,2019-02-01
474102,The Accursed,Donde duerme el Horror,en,0.432,2010-06-04,2010,5.8,12,1666300,2,0,8710,2019-04-18
49350,Harriet the Spy: Blog Wars,Harriet the Spy: Blog Wars,en,6.585,2010-03-26,2010,5.072,209,1545097,3,0,8819,2019-08-15
38408,Life As We Know It,Life As We Know It,en,19.802,2010-10-02,2010,6.914,3110,1055292,3,0,9075,2020-04-11
66195,The Perfect Host,The Perfect Host,en,12.424,2010-07-01,2010,6.4,414,1334553,2,0,9076,2020-04-11
41135,Operation: Endgame,Operation: Endgame,en,7.429,2010-07-20,2010,4.9,202,1268987,3,0,9173,2020-06-17
63415,Revenge: A Love Story,復仇者之死,cn,6.258,2010-10-22,2010,6.7,39,1778258,1,0,9373,2020-12-14
64611,In the Shadows,Im Schatten,de,1.177,2010-02-15,2010,6.7,15,1598538,0,0,9364,2020-12-10
72013,Yu-Gi-Oh!: Bonds Beyond Time,劇場版 遊☆戯☆王 ～超融合！時空を越えた絆～,ja,16.422,2010-01-23,2010,6.527,130,1587157,1,0,9350,2020-12-03
41233,Step Up 3D,Step Up 3D,en,22.151,2010-08-04,2010,6.821,1892,1193631,3,0,9351,2020-12-03
47519,Big Tits Zombie,巨乳ドラゴン 温泉ゾンビVSストリッパー5,ja,12.691,2010-05-15,2010,5.5,44,1642252,3,0,9377,2020-12-14
56832,Gantz,Gantz,ja,17.573,2010-11-29,2010,6.571,304,1525835,1,0,9561,2021-03-16
340558,Fantasmas,Fantasmas,pt,0.31,2010-05-16,2010,7.2,6,4259780,0,0,10044,2021-09-10
63458,Chongqing Blues,日照重庆,zh,2.901,2010-11-05,2010,6.6,9,1646123,1,0,9890,2021-06-13
23629,Sucker Punch,Sucker Punch,en,28.239,2011-03-24,2011,6.2,4710,978764,3,0,1733,2010-11-04
40805,The Green Hornet,The Green Hornet,en,18.7,2011-01-12,2011,5.592,3222,990407,1,0,1924,2011-01-19
51481,Mean Girls 2,Mean Girls 2,en,19.948,2011-01-23,2011,5.22,1234,1679235,3,0,1931,2011-01-24
39513,Paul,Paul,en,32.02,2011-02-14,2011,6.7,5756,1092026,3,0,2027,2011-02-14
48171,The Rite,The Rite,en,13.488,2011-01-28,2011,6.11,2074,1161864,3,1,2028,2011-02-14
46529,I Am Number Four,I Am Number Four,en,22.123,2011-02-18,2011,6.2,4655,1464540,1,0,2063,2011-02-21
258214,Inventory,Inventory,en,0.004,2011-05-11,2011,0.0,0,1787729,3,0,2064,2011-02-23
49494,The Eagle,The Eagle,en,17.524,2011-02-08,2011,6.231,1295,1034389,0,0,2066,2011-02-24
38050,The Adjustment Bureau,The Adjustment Bureau,en,21.651,2011-03-03,2011,6.8,4513,1385826,3,1,2067,2011-02-25
44896,Rango,Rango,en,50.324,2011-03-02,2011,6.9,6470,1192628,1,0,2120,2011-03-16
44943,Battle: Los Angeles,Battle: Los Angeles,en,30.009,2011-03-08,2011,5.8,3436,1217613,1,0,2122,2011-03-16
55721,Bridesmaids,Bridesmaids,en,25.691,2011-05-13,2011,6.518,4354,1478338,3,0,2123,2011-03-18
49730,Red Riding Hood,Red Riding Hood,en,26.051,2011-03-10,2011,5.982,3141,1486185,3,0,2135,2011-03-24
38117,Beastly,Beastly,en,17.137,2011-01-21,2011,6.331,2754,1152398,1,0,2136,2011-03-24
45772,Gnomeo & Juliet,Gnomeo & Juliet,en,22.711,2011-01-13,2011,5.862,1948,377981,3,1,2141,2011-03-26
54445,S.W.A.T.: Firefight,S.W.A.T.: Firefight,en,13.987,2011-03-01,2011,5.7,361,1621429,1,0,2145,2011-03-27
59726,Wake Wood,Wake Wood,en,10.804,2011-03-25,2011,5.586,192,1296899,3,0,2146,2011-03-27
50348,The Lincoln Lawyer,The Lincoln Lawyer,en,23.297,2011-03-17,2011,7.205,3259,1189340,1,0,2155,2011-03-30
45612,Source Code,Source Code,en,29.162,2011-03-30,2011,7.305,8339,945513,1,0,2161,2011-04-02
51876,Limitless,Limitless,en,36.917,2011-03-17,2011,7.2,10627,1219289,1,0,2162,2011-04-04
50456,Hanna,Hanna,en,20.598,2011-04-07,2011,6.6,3362,993842,3,0,2179,2011-04-09
38319,Your Highness,Your Highness,en,12.768,2011-04-08,2011,5.3,1316,1240982,1,0,2185,2011-04-11
49012,Arthur,Arthur,en,14.935,2011-04-08,2011,5.546,730,1334512,2,0,2194,2011-04-17
41446,Scream 4,Scream 4,en,102.682,2011-04-13,2011,6.457,3738,1262416,3,0,2195,2011-04-17
50359,Hop,Hop,en,20.356,2011-03-30,2011,5.761,1266,1411704,2,0,2201,2011-04-21
46195,Rio,Rio,en,48.027,2011-04-03,2011,6.738,6669,1436562,1,0,2205,2011-04-23
56780,Atlas Shrugged: Part I,Atlas Shrugged: Part I,en,5.761,2011-04-14,2011,5.423,196,480239,3,0,4330,2013-07-11
10195,Thor,Thor,en,68.578,2011-04-21,2011,6.77,21175,800369,3,0,2252,2011-04-29
51497,Fast Five,Fast Five,en,8.281,2011-04-20,2011,7.243,8200,1596343,3,0,2265,2011-05-03
41630,No Strings Attached,No Strings Attached,en,28.316,2011-01-21,2011,6.292,4686,1411238,3,0,2275,2011-05-04
50014,The Help,The Help,en,47.687,2011-08-09,2011,8.209,8319,1454029,3,0,2276,2011-05-05
55725,Win Win,Win Win,en,9.66,2011-03-18,2011,6.828,496,1606392,3,1,2285,2011-05-11
44835,Hesher,Hesher,en,8.785,2010-01-22,2010,6.836,677,1403177,1,0,2289,2011-05-13
62215,Melancholia,Melancholia,en,15.122,2011-05-26,2011,7.177,3499,1527186,3,0,2310,2011-05-19
1865,Pirates of the Caribbean: On Stranger Tides,Pirates of the Caribbean: On Stranger Tides,en,94.573,2011-05-15,2011,6.6,14033,1298650,1,0,2312,2011-05-19
55787,Water for Elephants,Water for Elephants,en,12.449,2011-04-15,2011,6.948,2514,1067583,1,0,2325,2011-05-23
65034,Too Big to Fail,Too Big to Fail,en,14.766,2011-11-25,2011,7.0,223,1742683,1,0,2355,2011-05-28
45243,The Hangover Part II,The Hangover Part II,en,76.393,2011-05-25,2011,6.483,10477,1411697,1,0,2356,2011-05-28
8967,The Tree of Life,The Tree of Life,en,20.367,2011-05-17,2011,6.7,3062,478304,0,0,2368,2011-05-31
49538,X-Men: First Class,X-Men: First Class,en,1.728,2011-06-01,2011,7.301,12751,1270798,3,0,2370,2011-06-03
38684,Jane Eyre,Jane Eyre,en,16.493,2011-03-11,2011,7.227,1456,1229822,3,0,2376,2011-06-08
37686,Super 8,Super 8,en,26.954,2011-06-08,2011,6.767,6574,1650062,3,0,2388,2011-06-11
44912,Green Lantern,Green Lantern,en,36.953,2011-06-14,2011,5.172,7220,1133985,1,0,2411,2011-06-18
58224,Mr. Popper's Penguins,Mr. Popper's Penguins,en,16.983,2011-06-17,2011,5.959,2949,1396218,1,0,2425,2011-06-22
212927,Jamie and Jessie Are Not Together,Jamie and Jessie Are Not Together,en,1.244,2011-06-18,2011,4.6,16,1718807,3,0,2433,2011-06-22
52449,Bad Teacher,Bad Teacher,en,20.669,2011-05-16,2011,5.595,4666,1284575,3,0,2451,2011-06-27
38356,Transformers: Dark of the Moon,Transformers: Dark of the Moon,en,16.786,2011-06-28,2011,6.208,8320,1399103,3,0,2469,2011-06-29
59436,Midnight in Paris,Midnight in Paris,en,33.015,2011-05-11,2011,7.529,7275,1605783,3,0,2479,2011-07-04
103050,The Unleashed,The Unleashed,en,0.279,2012-10-05,2012,4.0,1,1756832,3,0,2497,2011-07-07
51540,Horrible Bosses,Horrible Bosses,en,23.985,2011-07-08,2011,6.572,6329,1499658,3,0,2512,2011-07-09
12445,Harry Potter and the Deathly Hallows: Part 2,Harry Potter and the Deathly Hallows: Part 2,en,145.385,2011-07-12,2011,8.091,20632,1201607,3,1,2539,2011-07-14
50544,Friends with Benefits,Friends with Benefits,en,40.946,2011-07-21,2011,6.656,7933,1632708,3,0,2565,2011-07-22
1771,Captain America: The First Avenger,Captain America: The First Avenger,en,48.474,2011-07-22,2011,7.0,21458,458339,1,0,2567,2011-07-23
50646,"Crazy, Stupid, Love.","Crazy, Stupid, Love.",en,50.674,2011-07-29,2011,7.258,8525,1570728,3,0,2587,2011-08-02
49849,Cowboys & Aliens,Cowboys & Aliens,en,22.844,2011-07-29,2011,5.617,5030,409847,1,0,2589,2011-08-02
78646,She Monkeys,Apflickorna,sv,3.107,2011-01-31,2011,4.9,44,1827358,3,0,2592,2011-08-04
61791,Rise of the Planet of the Apes,Rise of the Planet of the Apes,en,53.598,2011-08-03,2011,7.33,11912,1318514,1,0,2594,2011-08-07
51162,Winnie the Pooh,Winnie the Pooh,en,20.194,2011-04-06,2011,6.9,870,1449283,0,0,2595,2011-08-08
70768,Sleeping Sickness,Schlafkrankheit,de,2.035,2011-06-22,2011,6.4,15,1822304,1,0,2607,2011-08-13
62206,30 Minutes or Less,30 Minutes or Less,en,12.999,2011-08-11,2011,5.8,1696,1622547,1,0,2618,2011-08-15
63311,The Skin I Live In,La piel que habito,es,26.626,2011-08-17,2011,7.5,4210,1189073,3,0,2623,2011-08-17
37430,Conan the Barbarian,Conan the Barbarian,en,28.608,2011-08-17,2011,5.302,1857,816462,3,1,2636,2011-08-24
124733,Masks,Masks,de,2.338,2011-07-28,2011,5.581,31,1941600,3,0,2638,2011-08-24
41513,The Smurfs,The Smurfs,en,35.291,2011-07-29,2011,5.768,3744,472181,3,0,2639,2011-08-24
60243,A Separation,جدایی نادر از سیمین,fa,10.012,2011-02-15,2011,7.89,1742,1832382,3,0,2649,2011-09-01
50357,Apollo 18,Apollo 18,en,13.649,2011-07-20,2011,5.317,989,1772240,0,0,2659,2011-09-05
67913,The Guard,The Guard,en,10.222,2011-07-07,2011,6.995,1212,1540133,1,0,2660,2011-09-05
39538,Contagion,Contagion,en,16.458,2011-09-08,2011,6.643,6068,1598778,3,0,2673,2011-09-10
64690,Drive,Drive,en,38.224,2011-09-15,2011,7.6,12629,780504,3,1,2679,2011-09-15
49444,Kung Fu Panda 2,Kung Fu Panda 2,en,69.737,2011-05-25,2011,7.035,7209,1302011,3,0,2688,2011-09-17
65599,The Woman,The Woman,en,14.888,2011-10-14,2011,6.0,529,1714208,3,0,2689,2011-09-17
62837,Dolphin Tale,Dolphin Tale,en,12.65,2011-09-22,2011,6.9,638,1564349,2,0,2691,2011-09-18
64639,Straw Dogs,Straw Dogs,en,14.891,2011-09-16,2011,5.911,564,999913,3,0,2692,2011-09-18
48572,Red State,Red State,en,14.615,2011-08-19,2011,6.1,934,873886,3,0,2693,2011-09-18
69798,The Inbetweeners Movie,The Inbetweeners Movie,en,11.309,2011-08-19,2011,6.2,900,1716772,1,0,2695,2011-09-20
94478,You Instead,You Instead,en,4.907,2011-09-16,2011,6.5,86,1672845,3,0,2703,2011-09-23
86305,Exit Humanity,Exit Humanity,en,5.668,2011-10-16,2011,5.2,90,1781812,3,0,2706,2011-09-24
145099,The Dead Inside,The Dead Inside,en,1.74,2011-07-20,2011,4.4,11,1582270,1,0,2707,2011-09-24
137217,Donovan's Echo,Donovan's Echo,en,3.655,2011-09-17,2011,6.051,69,1743922,1,0,2711,2011-09-25
49021,Killer Elite,Killer Elite,en,19.363,2011-09-22,2011,6.3,2121,1448755,0,0,2714,2011-09-26
86555,Take This Waltz,Take This Waltz,en,10.826,2011-11-25,2011,6.3,352,1592281,3,0,2716,2011-09-27
60308,Moneyball,Moneyball,en,23.594,2011-09-23,2011,7.28,5146,1210166,1,0,2717,2011-09-27
60421,Circumstance,Circumstance,fa,6.89,2011-08-26,2011,6.7,83,1684628,3,0,2718,2011-09-27
50875,Higher Ground,Higher Ground,en,5.508,2011-08-26,2011,5.8,54,1562568,3,0,2719,2011-09-28
62321,Attenberg,Attenberg,el,5.327,2010-12-09,2010,6.162,136,1691323,3,0,2721,2011-09-29
74830,The Lie,The Lie,en,1.576,2011-11-18,2011,5.1,12,1531930,3,0,2724,2011-09-30
115745,Moon Point,Moon Point,en,1.015,2011-09-22,2011,7.0,2,1832405,1,0,2726,2011-10-01
108373,Thespians,Thespians,en,0.06,2010-03-21,2010,10.0,1,1604225,3,0,2727,2011-10-01
79108,Starbuck,Starbuck,fr,7.862,2011-07-27,2011,6.902,429,1756750,1,0,2728,2011-10-01
75000,The Black Power Mixtape 1967-1975,The Black Power Mixtape 1967-1975,en,3.647,2011-04-01,2011,7.6,39,1592527,3,0,2732,2011-10-02
133372,Lloyd the Conqueror,Lloyd the Conqueror,en,2.21,2011-09-24,2011,5.2,4,1675439,2,0,2734,2011-10-03
59678,Attack the Block,Attack the Block,en,12.634,2011-05-12,2011,6.5,2058,1478964,3,0,2735,2011-10-04
10316,The Ides of March,The Ides of March,en,12.217,2011-09-24,2011,6.679,2461,1124035,1,0,2736,2011-10-05
49517,Tinker Tailor Soldier Spy,Tinker Tailor Soldier Spy,en,23.098,2011-09-16,2011,6.627,2622,1340800,1,0,2747,2011-10-08
63144,Page One: Inside the New York Times,Page One: Inside the New York Times,en,3.7,2011-04-29,2011,6.9,59,1787777,1,0,2748,2011-10-09
39254,Real Steel,Real Steel,en,79.493,2011-09-28,2011,7.038,8361,433035,1,0,2752,2011-10-10
27582,The Mechanic,The Mechanic,en,38.287,2011-01-13,2011,6.523,3247,472399,0,0,2754,2011-10-12
68817,Footloose,Footloose,en,31.765,2011-10-06,2011,6.6,1641,1068242,3,0,2758,2011-10-13
74643,The Artist,The Artist,fr,11.879,2011-10-12,2011,7.46,3260,1655442,1,1,2759,2011-10-13
70703,The Captains,The Captains,en,6.438,2011-07-22,2011,6.336,110,1946421,1,0,2761,2011-10-14
60935,The Thing,The Thing,en,24.422,2011-10-12,2011,6.218,2900,905372,3,0,2764,2011-10-14
49013,Cars 2,Cars 2,en,74.641,2011-06-11,2011,6.136,7793,1216475,2,0,2779,2011-10-20
52451,The Three Musketeers,The Three Musketeers,en,19.074,2011-08-31,2011,5.796,2618,1509767,2,0,2787,2011-10-23
73937,The Big Year,The Big Year,en,10.983,2011-10-13,2011,6.0,802,1053810,2,1,2788,2011-10-23
167447,I Am Nasrine,I Am Nasrine,en,0.368,2012-06-01,2012,5.5,2,1440118,3,0,2789,2011-10-23
47760,Restless,Restless,en,11.449,2011-09-16,2011,6.506,403,1498569,3,0,2790,2011-10-23
71859,We Need to Talk About Kevin,We Need to Talk About Kevin,en,28.211,2011-09-28,2011,7.543,2816,1242460,3,0,2792,2011-10-24
63849,Almanya: Welcome to Germany,Almanya - Willkommen in Deutschland,de,7.621,2011-05-13,2011,6.631,191,1630027,3,0,2805,2011-10-28
84890,French Immersion,French Immersion,fr,0.978,2011-10-07,2011,3.4,8,1674692,3,0,2806,2011-10-28
49530,In Time,In Time,en,49.884,2011-10-27,2011,6.971,11400,1637688,1,0,2807,2011-10-29
17578,The Adventures of Tintin,The Adventures of Tintin,en,29.631,2011-10-24,2011,6.898,5377,983193,1,0,2818,2011-11-01
40807,50/50,50/50,en,13.707,2011-09-30,2011,7.173,3770,1306980,2,0,2819,2011-11-01
50839,Margin Call,Margin Call,en,23.924,2011-02-11,2011,6.861,1793,1615147,1,0,2822,2011-11-02
83860,October Baby,October Baby,en,5.418,2011-10-30,2011,6.3,114,1720182,3,0,3147,2012-03-26
54662,The Future,The Future,en,4.813,2011-07-29,2011,6.0,107,1235170,3,0,2825,2011-11-04
75453,The Mountain,Fjellet,no,0.661,2011-01-18,2011,3.2,8,1813314,3,0,2826,2011-11-05
64720,Take Shelter,Take Shelter,en,14.111,2011-09-30,2011,7.0,1767,1675192,3,0,2833,2011-11-08
69668,Dream House,Dream House,en,9.091,2011-09-29,2011,6.179,1347,1462041,3,0,2834,2011-11-08
80048,Rid of Me,Rid of Me,en,1.035,2011-11-18,2011,5.8,12,1376233,3,0,2837,2011-11-09
50837,Martha Marcy May Marlene,Martha Marcy May Marlene,en,12.481,2011-10-21,2011,6.6,740,1441326,3,0,2839,2011-11-13
37958,Immortals,Immortals,en,27.566,2011-11-10,2011,6.021,2577,1253864,2,0,2842,2011-11-15
55465,A Very Harold & Kumar Christmas,A Very Harold & Kumar Christmas,en,16.873,2011-11-04,2011,6.0,957,1268799,1,0,2854,2011-11-20
85741,Free Men,Les hommes libres,fr,1.934,2011-09-28,2011,5.6,29,1699185,1,0,2859,2011-11-21
60420,Like Crazy,Like Crazy,en,13.744,2011-10-28,2011,6.4,1033,1758692,3,0,2865,2011-11-26
65057,The Descendants,The Descendants,en,12.025,2011-09-09,2011,6.8,2783,1033575,3,0,2869,2011-11-26
73568,Coup d'éclat,Coup d'éclat,fr,1.166,2011-04-27,2011,4.9,15,1900856,3,0,2870,2011-11-26
50546,Just Go with It,Just Go with It,en,51.603,2011-02-10,2011,6.699,5721,1564367,3,1,2876,2011-11-29
55779,Final Destination 5,Final Destination 5,en,41.207,2011-08-12,2011,6.099,3417,1622979,2,0,2877,2011-11-29
72571,Paranormal Activity 3,Paranormal Activity 3,en,21.517,2011-10-19,2011,5.9,2181,1778304,3,0,2878,2011-11-29
417859,Puss in Boots,Puss in Boots,en,37.508,2011-10-27,2011,6.569,4069,448694,1,0,2879,2011-11-29
43959,Soul Surfer,Soul Surfer,en,20.588,2011-04-08,2011,7.0,1178,1596346,3,0,2880,2011-11-29
75900,My Week with Marilyn,My Week with Marilyn,en,10.695,2011-11-23,2011,6.684,1285,1655420,3,0,2887,2011-11-30
64328,The Muppets,The Muppets,en,16.723,2011-11-22,2011,6.681,1565,1204342,1,0,2889,2011-11-30
73532,Le Havre,Le Havre,fr,13.19,2011-09-08,2011,7.0,422,1508675,3,1,2909,2011-12-07
57089,Hoodwinked Too! Hood VS. Evil,Hoodwinked Too! Hood VS. Evil,en,18.625,2011-04-29,2011,5.1,539,844993,3,0,2911,2011-12-07
38321,Priest,Priest,en,22.598,2011-05-05,2011,5.809,2257,822847,1,0,2918,2011-12-10
77338,The Intouchables,Intouchables,fr,68.512,2011-11-02,2011,8.275,17290,1675434,1,0,2919,2011-12-10
71157,Polisse,Polisse,fr,8.869,2011-10-06,2011,7.796,1218,1661420,3,0,2929,2011-12-15
62046,Flypaper,Flypaper,en,13.127,2011-08-19,2011,6.397,751,1541160,3,0,2935,2011-12-17
58574,Sherlock Holmes: A Game of Shadows,Sherlock Holmes: A Game of Shadows,en,31.828,2011-11-22,2011,7.1,10305,1515091,1,0,2943,2011-12-19
48988,Hall Pass,Hall Pass,en,18.69,2011-02-25,2011,5.702,1956,480687,2,0,2944,2011-12-19
49950,The Roommate,The Roommate,en,11.854,2011-02-04,2011,5.4,933,1265990,3,0,2947,2011-12-21
55301,Alvin and the Chipmunks: Chipwrecked,Alvin and the Chipmunks: Chipwrecked,en,31.825,2011-12-14,2011,5.703,2179,1615918,3,1,2948,2011-12-21
57157,Young Adult,Young Adult,en,11.593,2011-11-11,2011,5.797,1245,1625346,3,0,2952,2011-12-23
65754,The Girl with the Dragon Tattoo,The Girl with the Dragon Tattoo,en,31.374,2011-12-14,2011,7.376,6974,1568346,1,0,2953,2011-12-24
60307,Diary of a Wimpy Kid: Rodrick Rules,Diary of a Wimpy Kid: Rodrick Rules,en,23.319,2011-03-25,2011,6.649,1120,1650043,1,0,2954,2011-12-24
71469,The Darkest Hour,The Darkest Hour,en,18.158,2011-12-22,2011,5.298,1463,1093357,3,0,2955,2011-12-26
57212,War Horse,War Horse,en,20.814,2011-12-25,2011,7.3,3397,1568911,1,0,2958,2011-12-26
56831,The Sunset Limited,The Sunset Limited,en,10.176,2011-02-12,2011,7.186,431,1510938,0,0,3394,2012-07-02
59108,Tower Heist,Tower Heist,en,27.104,2011-11-02,2011,6.103,2934,471042,1,0,2964,2011-12-29
56292,Mission: Impossible - Ghost Protocol,Mission: Impossible - Ghost Protocol,en,46.502,2011-12-07,2011,7.1,9887,1229238,1,0,2967,2011-12-31
58151,Fright Night,Fright Night,en,15.086,2011-08-18,2011,6.225,1928,1438176,3,1,2975,2012-01-07
72440,Once Upon a Warrior,ఆనగనగా ఓ ధీరుడు,te,5.348,2011-01-14,2011,6.069,29,1621994,3,0,2978,2012-01-08
44826,Hugo,Hugo,en,25.805,2011-11-22,2011,7.174,7189,970179,3,1,2985,2012-01-12
23514,The Rum Diary,The Rum Diary,en,12.541,2011-10-13,2011,5.875,1220,376136,1,0,2987,2012-01-13
72113,Carnage,Carnage,en,9.981,2011-09-16,2011,7.2,2914,1692486,3,0,2990,2012-01-15
75802,Hysteria,Hysteria,en,14.097,2011-06-06,2011,6.7,811,1435513,3,0,2991,2012-01-15
70435,Haywire,Haywire,en,11.823,2011-11-01,2011,5.694,1357,1506999,0,0,2998,2012-01-23
74879,Once Upon a Time in Anatolia,Bir Zamanlar Anadolu'da,tr,11.64,2011-09-23,2011,7.5,470,1827487,1,0,3006,2012-01-27
164052,The Strange Thing About the Johnsons,The Strange Thing About the Johnsons,en,17.361,2011-01-22,2011,6.9,321,1772398,3,0,9178,2020-06-22
59968,Our Idiot Brother,Our Idiot Brother,en,8.923,2011-08-26,2011,6.15,957,1637706,3,0,3021,2012-01-29
87368,17 Girls,17 filles,fr,7.711,2011-06-13,2011,5.465,313,1860152,3,0,3025,2012-01-31
119335,Iris,Iris,sv,0.735,2011-08-26,2011,3.0,1,1606618,3,0,3026,2012-01-31
52067,Cedar Rapids,Cedar Rapids,en,10.69,2011-02-11,2011,5.9,420,1477837,1,0,3028,2012-02-02
64685,Extremely Loud & Incredibly Close,Extremely Loud & Incredibly Close,en,11.745,2011-12-25,2011,7.0,1989,477302,2,1,3032,2012-02-08
59440,Warrior,Warrior,en,38.663,2011-09-09,2011,7.845,4565,1291584,1,0,3043,2012-02-12
89191,Saving Face,Saving Face,en,1.802,2012-03-08,2012,6.88,25,2140371,3,0,3045,2012-02-13
73873,Albert Nobbs,Albert Nobbs,en,11.646,2011-12-21,2011,6.3,467,1602098,3,1,3063,2012-02-20
71688,The Iron Lady,The Iron Lady,en,13.323,2011-12-26,2011,6.357,1725,1007029,3,0,3065,2012-02-20
71676,Ghost Rider: Spirit of Vengeance,Ghost Rider: Spirit of Vengeance,en,33.689,2011-12-10,2011,5.013,3784,1071875,0,0,3083,2012-03-01
83389,From Up on Poppy Hill,コクリコ坂から,ja,23.498,2011-07-16,2011,7.536,1763,1798188,3,0,3388,2012-06-28
59115,Quarantine 2: Terminal,Quarantine 2: Terminal,en,10.645,2011-06-16,2011,5.682,547,1699231,3,0,3107,2012-03-11
69278,Phase 7,Fase 7,es,4.618,2010-07-13,2010,5.5,66,1568816,0,0,3144,2012-03-25
80038,Friends with Kids,Friends with Kids,en,11.302,2012-03-09,2012,6.0,464,1720616,3,0,3120,2012-03-14
73872,Terraferma,Terraferma,it,7.373,2011-09-07,2011,6.8,94,1641410,3,0,3131,2012-03-20
74465,We Bought a Zoo,We Bought a Zoo,en,19.448,2011-12-08,2011,6.8,2692,1389137,2,0,3136,2012-03-21
74997,The Human Centipede 2 (Full Sequence),The Human Centipede 2 (Full Sequence),en,36.409,2011-10-06,2011,4.8,1323,1530509,1,0,3140,2012-03-23
72049,Black Butterflies,Black Butterflies,nl,2.998,2011-02-06,2011,5.671,35,906778,3,0,3156,2012-04-01
59860,Monte Carlo,Monte Carlo,en,25.53,2011-07-01,2011,6.612,2122,1067774,3,0,3170,2012-04-08
82532,"Jeff, Who Lives at Home","Jeff, Who Lives at Home",en,7.758,2012-03-16,2012,6.2,624,1588334,3,0,3174,2012-04-09
74534,The Best Exotic Marigold Hotel,The Best Exotic Marigold Hotel,en,10.993,2012-02-23,2012,6.946,1334,1412386,3,0,3273,2012-05-20
78480,Monsieur Lazhar,Monsieur Lazhar,fr,9.312,2011-09-10,2011,7.147,316,2011971,3,0,3177,2012-04-11
22970,The Cabin in the Woods,The Cabin in the Woods,en,41.196,2012-04-12,2012,6.627,7858,1259521,3,1,3181,2012-04-13
83552,This Is Not a Film,این فیلم نیست,fa,4.374,2011-09-27,2011,6.962,91,1667905,1,0,3185,2012-04-16
77949,The Awakening,The Awakening,en,14.228,2011-08-17,2011,6.372,1387,1687901,3,0,3186,2012-04-16
45156,A Little Bit of Heaven,A Little Bit of Heaven,en,10.958,2011-02-03,2011,6.4,558,1440161,3,0,3196,2012-04-20
9364,Wuthering Heights,Wuthering Heights,en,14.381,2011-09-09,2011,5.9,237,1181614,2,0,3204,2012-04-25
81857,Alps,Άλπεις,el,6.302,2011-09-01,2011,6.271,306,1859446,3,0,3207,2012-04-27
76226,Familiar Grounds,En terrains connus,fr,0.868,2011-01-06,2011,6.222,9,1671457,1,0,3214,2012-04-30
90147,Life Without Principle,奪命金,cn,6.961,2011-10-20,2011,6.6,77,1371585,3,0,3215,2012-04-30
51994,The Deep Blue Sea,The Deep Blue Sea,en,11.561,2011-09-11,2011,5.9,284,1700844,3,0,3219,2012-04-30
78604,Michael,Michael,de,7.014,2011-09-14,2011,6.863,131,1906426,2,0,3220,2012-04-30
79070,Sleepless Night,Nuit blanche,fr,8.7,2011-11-16,2011,6.0,139,1683921,1,0,3221,2012-04-30
85033,Café de Flore,Café de Flore,fr,5.317,2011-11-17,2011,6.9,171,1550312,3,0,3226,2012-05-05
77221,Black Gold,Black Gold,en,9.983,2011-12-21,2011,6.5,280,1701210,0,0,3229,2012-05-06
81025,Salmon Fishing in the Yemen,Salmon Fishing in the Yemen,en,13.973,2012-03-09,2012,6.435,875,1441952,2,0,3244,2012-05-11
73939,Pariah,Pariah,en,7.474,2011-12-27,2011,6.837,147,1233334,3,0,3255,2012-05-15
82533,Damsels in Distress,Damsels in Distress,en,6.569,2012-04-06,2012,5.457,188,1667307,3,0,3262,2012-05-16
72551,Footnote,הערת שוליים,he,4.984,2011-05-25,2011,7.104,67,1445520,2,0,3268,2012-05-17
92473,Mitsuko Delivers,ハラがコレなんで,ja,1.285,2011-11-05,2011,5.2,6,1897941,3,0,3270,2012-05-18
58233,Johnny English Reborn,Johnny English Reborn,en,28.915,2011-09-15,2011,6.2,3286,1634122,3,1,3276,2012-05-21
94329,The Raid,Serbuan Maut,id,36.269,2012-03-22,2012,7.4,3444,1899353,0,0,3305,2012-06-02
228655,The Three Disappearances of Soad Hosni,Les trois disparitions de Soad Hosni,fr,0.38,2011-07-10,2011,6.0,1,2007418,3,0,3306,2012-06-02
65229,Tomboy,Tomboy,fr,11.064,2011-04-20,2011,7.3,690,1847731,3,0,3307,2012-06-02
72842,Albatross,Albatross,en,8.219,2011-10-14,2011,6.096,109,1541149,3,0,3322,2012-06-05
60422,Another Happy Day,Another Happy Day,en,8.256,2011-11-18,2011,5.6,112,1719071,3,0,3325,2012-06-05
76543,Tyrannosaur,Tyrannosaur,en,8.421,2011-10-07,2011,7.2,448,1204340,2,0,3340,2012-06-11
62564,"Turn Me On, Dammit!","Få meg på, for faen",no,16.395,2011-08-19,2011,6.3,204,1650407,3,0,3341,2012-06-11
51999,Perfect Sense,Perfect Sense,en,13.497,2011-09-29,2011,6.876,1141,1439572,3,0,3346,2012-06-11
82529,Combat Girls,Kriegerin,de,4.929,2011-06-28,2011,6.778,124,1890373,3,0,3347,2012-06-11
75736,Catch.44,Catch.44,en,13.118,2011-12-08,2011,5.056,339,1886493,3,0,3349,2012-06-13
58882,Snow Flower and the Secret Fan,Snow Flower and the Secret Fan,en,10.162,2011-07-15,2011,6.1,90,1541995,3,0,3375,2012-06-23
70670,Headhunters,Hodejegerne,no,10.005,2011-08-26,2011,7.2,1239,1614989,1,0,3411,2012-07-10
102860,Found Memories,Histórias Que Só Existem Quando Lembradas,pt,2.423,2012-05-11,2012,7.7,20,2043879,3,0,3412,2012-07-10
61667,We Have a Pope,Habemus Papam,it,7.912,2011-04-15,2011,6.801,542,1456472,1,0,3428,2012-07-16
80591,W.E.,W.E.,en,10.44,2011-09-01,2011,6.4,285,1536048,3,0,3436,2012-07-19
70821,Cyberbully,Cyberbully,en,7.875,2011-11-10,2011,6.1,465,1930315,3,0,3439,2012-07-22
74725,Kill List,Kill List,en,9.781,2011-09-02,2011,6.205,772,1788391,3,1,3440,2012-07-23
98232,11 Flowers,我11,zh,4.75,2012-05-09,2012,6.72,25,2042432,3,1,3441,2012-07-23
105538,Codependent Lesbian Space Alien Seeks Same,Codependent Lesbian Space Alien Seeks Same,en,1.608,2012-01-06,2012,5.0,12,1762248,3,0,3443,2012-07-23
71880,Jack and Jill,Jack and Jill,en,22.104,2011-11-11,2011,4.371,2093,810913,3,0,3452,2012-07-29
55420,Another Earth,Another Earth,en,14.546,2011-07-22,2011,6.708,1624,1549572,3,0,3458,2012-08-05
85836,Hara-Kiri: Death of a Samurai,一命,ja,8.647,2011-10-15,2011,7.247,174,1728196,0,0,3487,2012-08-21
44754,Margaret,Margaret,en,9.269,2011-09-30,2011,6.3,297,466893,3,0,3490,2012-08-21
48231,A Dangerous Method,A Dangerous Method,en,13.367,2011-09-30,2011,6.4,2054,1571222,3,1,3491,2012-08-23
38541,The Divide,The Divide,en,17.102,2012-01-13,2012,5.9,650,1535616,3,0,3493,2012-08-24
64678,The Art of Getting By,The Art of Getting By,en,15.191,2011-06-17,2011,6.6,1289,1645080,1,0,3498,2012-08-26
76025,Shame,Shame,en,22.597,2011-10-02,2011,6.9,3158,1723811,1,0,3511,2012-09-02
81534,The Parade,Parada,sr,8.517,2011-10-31,2011,6.673,104,1784575,3,0,3517,2012-09-04
84355,Your Sister's Sister,Your Sister's Sister,en,9.658,2011-09-11,2011,6.4,335,1742336,3,0,3527,2012-09-11
85542,Trishna,Trishna,en,4.325,2011-09-08,2011,5.9,49,1836987,3,0,3528,2012-09-11
86391,All Together,Et si on vivait tous ensemble ?,fr,7.318,2012-01-18,2012,6.418,97,1674057,2,0,3531,2012-09-17
49010,Hobo with a Shotgun,Hobo with a Shotgun,en,8.814,2011-05-06,2011,5.922,622,1640459,0,0,3534,2012-09-18
74505,Lovely Molly,Lovely Molly,en,5.717,2011-09-14,2011,5.1,226,1707392,3,0,3546,2012-09-24
63310,Bullhead,Rundskop,nl,10.431,2011-02-02,2011,7.1,342,1821593,2,0,3893,2013-02-12
58428,The Innkeepers,The Innkeepers,en,13.199,2011-08-18,2011,5.391,644,1594562,3,0,3584,2012-10-10
77462,A Happy Event,Un heureux événement,fr,8.011,2011-09-27,2011,6.1,215,1987018,3,0,3603,2012-10-16
53487,This Must Be the Place,This Must Be the Place,en,10.558,2011-08-24,2011,7.0,1213,1440345,1,0,3605,2012-10-16
57119,Jumping the Broom,Jumping the Broom,en,8.791,2011-05-06,2011,5.926,203,1640484,3,0,3606,2012-10-16
91549,The Moth Diaries,The Moth Diaries,en,6.765,2011-09-06,2011,5.345,148,1407065,3,0,3620,2012-10-21
91930,The Perfect Family,The Perfect Family,en,2.257,2011-04-30,2011,4.8,22,1650058,3,0,3639,2012-10-30
77461,Where Do We Go Now?,وهلأ لوين؟‎,ar,6.758,2011-09-14,2011,7.4,195,1772424,3,0,3675,2012-11-17
56418,The Source,La Source des femmes,fr,11.24,2011-11-02,2011,6.7,171,1686067,3,0,3691,2012-11-26
89708,Samsara,Samsara,en,10.06,2011-09-16,2011,8.1,613,770802,0,0,3695,2012-11-27
62835,Colombiana,Colombiana,en,63.17,2011-07-27,2011,6.624,2586,1657507,1,0,3702,2012-12-01
86812,Sound of My Voice,Sound of My Voice,en,8.971,2011-01-22,2011,6.289,367,1748207,3,0,3738,2012-12-09
80767,Jiro Dreams of Sushi,Jiro Dreams of Sushi,ja,8.694,2011-06-11,2011,7.769,705,1772925,0,0,3740,2012-12-11
50619,The Twilight Saga: Breaking Dawn - Part 1,The Twilight Saga: Breaking Dawn - Part 1,en,66.704,2011-11-16,2011,6.199,8768,1324999,3,0,3756,2012-12-17
98631,Himizu,ヒミズ,ja,7.019,2011-09-05,2011,7.089,151,1900893,3,1,3768,2012-12-22
74777,Absentia,Absentia,en,12.037,2011-03-03,2011,5.8,336,1610996,3,0,3782,2012-12-29
68818,Blackthorn,Blackthorn,en,9.471,2011-07-01,2011,6.629,263,1629705,1,0,3805,2013-01-05
69735,Batman: Year One,Batman: Year One,en,15.277,2011-09-27,2011,7.247,950,1672723,3,0,3831,2013-01-15
144271,Joe + Belle,Joe + Belle,he,1.239,2011-06-01,2011,5.467,15,1930371,3,0,3876,2013-02-06
86987,Jackpot,Arme Riddere,no,3.858,2011-12-02,2011,5.9,39,1809231,1,0,3884,2013-02-09
68684,Detention,Detention,en,9.559,2012-04-06,2012,5.6,369,1701990,3,0,3895,2013-02-13
80583,Alien Armageddon,Alien Armageddon,en,2.561,2011-11-06,2011,2.6,26,1910498,3,0,3901,2013-02-17
59883,Age of the Dragons,Age of the Dragons,en,10.431,2011-03-21,2011,4.0,100,1594917,0,0,3943,2013-02-28
101173,Coriolanus,Coriolanus,en,9.974,2011-02-14,2011,5.9,445,1372686,2,0,3969,2013-03-11
77561,EVA,EVA,es,11.816,2011-10-06,2011,6.395,389,1298554,3,0,3992,2013-03-17
58443,Blue Crush 2,Blue Crush 2,en,7.062,2011-06-07,2011,5.7,110,1630626,3,0,4018,2013-03-27
70577,Faces in the Crowd,Faces in the Crowd,en,12.667,2011-10-25,2011,6.1,484,1536410,3,0,4070,2013-04-17
94363,Hick,Hick,en,10.309,2011-09-10,2011,5.7,418,1205558,3,0,4089,2013-04-25
79728,Nicostratos the Pelican,Nicostratos le pélican,fr,6.364,2011-06-29,2011,6.612,49,1891942,1,0,4095,2013-04-25
77458,When Pigs Have Wings,Le Cochon de Gaza,ar,5.268,2011-09-21,2011,6.9,103,1735200,1,0,4097,2013-04-25
85735,Love Lasts Three Years,L'amour dure trois ans,fr,8.362,2011-12-10,2011,5.688,402,1638328,3,1,4098,2013-04-25
111943,Miles from Anywhere,Au cul du loup,fr,0.873,2011-06-15,2011,6.0,9,1669794,3,1,4099,2013-04-25
76451,Come As You Are,Hasta la Vista,nl,6.543,2011-09-02,2011,6.875,160,1753887,1,0,4100,2013-04-25
92424,The Art of Love,L'Art d'aimer,fr,3.424,2011-11-23,2011,5.9,65,1700467,3,1,4104,2013-04-25
79697,Butter,Butter,en,7.528,2012-10-05,2012,5.872,395,1349451,3,0,4139,2013-05-18
74549,The Shunning,The Shunning,en,3.723,2011-04-16,2011,6.0,36,1561770,3,0,4235,2013-06-13
87425,Apart,Apart,en,1.513,2011-03-09,2011,4.0,12,1525552,3,0,4242,2013-06-14
76758,The Flowers of War,金陵十三釵,zh,14.796,2011-12-15,2011,7.5,793,1410063,3,0,4285,2013-06-28
75654,17 Miracles,17 Miracles,en,2.144,2011-06-03,2011,5.9,22,1909270,3,0,4291,2013-06-29
74726,Juan of the Dead,Juan de los muertos,es,7.773,2011-10-14,2011,6.1,260,1838571,1,0,4295,2013-06-30
73262,Hell,Hell,de,12.351,2011-09-20,2011,5.642,261,1643222,3,0,4307,2013-07-04
117098,Cloudburst,Cloudburst,en,3.253,2011-09-23,2011,6.418,49,1466054,3,0,4311,2013-07-05
55190,Princess and the Pony,Princess and the Pony,en,1.926,2011-01-25,2011,4.7,9,1757944,3,0,4396,2013-07-25
73108,Teen Spirit,Teen Spirit,en,9.443,2011-08-07,2011,5.9,288,1845866,3,0,4418,2013-07-29
116322,The Legend of La Llorona,La Leyenda de la Llorona,es,20.65,2011-10-21,2011,7.792,260,1828224,3,0,4427,2013-07-31
98545,"Peace, Love & Misunderstanding","Peace, Love & Misunderstanding",en,4.952,2011-09-13,2011,5.9,157,1649780,3,0,4485,2013-08-17
115712,Either Way,Á annan veg,is,0.698,2011-09-02,2011,5.6,11,2009643,0,0,4489,2013-08-18
82624,The Forgiveness of Blood,The Forgiveness of Blood,en,2.324,2011-02-18,2011,6.6,41,1787127,3,0,4499,2013-08-22
83899,You're Next,You're Next,en,16.213,2013-08-22,2013,6.6,2470,1853739,3,0,4505,2013-08-25
73499,The Double,The Double,en,17.178,2011-10-27,2011,5.787,658,1646980,1,0,4529,2013-08-31
62838,New Year's Eve,New Year's Eve,en,82.963,2011-12-08,2011,5.9,2119,1598822,3,0,4531,2013-08-31
85449,Skylab,Le Skylab,fr,4.226,2011-09-19,2011,6.096,73,1638350,3,0,4532,2013-08-31
73588,The Caller,The Caller,en,9.026,2011-08-26,2011,6.214,262,1525890,3,0,4549,2013-09-08
40161,The Decoy Bride,The Decoy Bride,en,8.553,2011-06-06,2011,6.0,229,1657299,3,0,4563,2013-09-12
70590,Singham,Singham,hi,12.323,2011-07-22,2011,6.49,151,1948150,2,0,4567,2013-09-13
73867,Rust,Ruggine,it,1.226,2011-09-02,2011,6.0,33,1833781,3,0,4588,2013-09-15
79120,Weekend,Weekend,en,10.954,2011-10-23,2011,7.3,525,1714210,1,0,4601,2013-09-18
82321,The Loneliest Planet,The Loneliest Planet,en,3.335,2012-05-25,2012,5.637,62,1695405,0,0,4605,2013-09-18
55680,The Craigslist Killer,The Craigslist Killer,en,7.393,2011-01-03,2011,5.2,95,1772373,3,0,4686,2013-10-12
65650,The Good Doctor,The Good Doctor,en,12.575,2011-04-23,2011,6.2,245,1582271,3,1,4691,2013-10-13
97795,Apartment 143,Emergo,en,10.986,2011-10-11,2011,5.187,273,1757742,3,1,4732,2013-10-23
72841,Last Call at the Oasis,Last Call at the Oasis,en,1.391,2011-09-09,2011,7.2,6,2043900,3,0,4889,2013-11-29
63492,What's Your Number?,What's Your Number?,en,14.415,2011-09-30,2011,6.476,2327,770703,3,0,4897,2013-12-01
51052,Arthur Christmas,Arthur Christmas,en,36.037,2011-11-10,2011,6.772,1488,1430607,1,0,4914,2013-12-05
50321,Mars Needs Moms,Mars Needs Moms,en,19.778,2011-03-09,2011,5.9,695,1305591,3,1,4941,2013-12-12
64586,Sleeping Beauty,Sleeping Beauty,en,16.362,2011-06-10,2011,5.324,616,1588398,3,0,4970,2013-12-21
81390,A Lonely Place to Die,A Lonely Place to Die,en,13.025,2011-04-09,2011,6.165,576,1422136,3,0,5041,2014-01-05
75595,Little Birds,Little Birds,en,5.865,2011-01-23,2011,5.7,86,1623745,3,0,5043,2014-01-05
102640,Union Square,Union Square,en,0.95,2011-07-07,2011,5.0,12,1783798,3,0,5057,2014-01-09
57431,The Sitter,The Sitter,en,16.722,2011-12-09,2011,5.582,929,1366344,3,1,5139,2014-02-06
79582,Aliens vs Avatars,Aliens vs Avatars,en,4.893,2011-09-20,2011,3.0,30,1854506,3,0,5101,2014-01-24
58043,My Piece of the Pie,Ma part du gâteau,fr,5.623,2011-03-16,2011,5.669,180,1641624,3,0,5147,2014-02-07
50217,From Prada to Nada,From Prada to Nada,en,9.822,2011-01-28,2011,5.449,322,893412,3,0,5160,2014-02-11
91550,Violet & Daisy,Violet & Daisy,en,8.579,2011-09-15,2011,6.1,255,1634136,3,0,5216,2014-03-01
169730,Amber Lake,Amber Lake,en,0.995,2011-10-11,2011,5.0,4,1737090,3,0,5228,2014-03-04
78093,Alyce Kills,Alyce Kills,en,5.7,2011-09-14,2011,5.284,104,1680051,3,0,5253,2014-03-08
74147,The Little Engine That Could,The Little Engine That Could,en,4.749,2011-03-22,2011,6.4,14,1764666,3,0,5259,2014-03-08
72213,Courageous,Courageous,en,21.973,2011-09-30,2011,7.583,366,1630036,3,1,5267,2014-03-11
86304,All Superheroes Must Die,All Superheroes Must Die,en,6.8,2011-10-26,2011,4.3,39,1836212,1,0,5294,2014-03-17
91186,A Simple Life,桃姐,cn,8.939,2012-03-09,2012,7.5,165,2008006,3,0,5330,2014-03-27
65218,Lemonade Mouth,Lemonade Mouth,en,10.04,2011-04-15,2011,7.4,1046,1648204,3,0,5502,2014-05-27
98870,Think of Me,Think of Me,en,0.77,2011-10-15,2011,5.8,9,1198199,3,0,5543,2014-06-06
84427,House of Pleasures,"L'Apollonide, souvenirs de la maison close",fr,20.495,2011-09-21,2011,6.561,247,1660379,3,0,5558,2014-06-09
59006,Girl Walks Into a Bar,Girl Walks Into a Bar,en,5.523,2011-03-07,2011,5.2,78,1682246,3,0,5568,2014-06-15
169068,Dorfman in Love,Dorfman in Love,en,3.532,2013-03-22,2013,6.0,35,1665418,3,0,5572,2014-06-17
49520,The Change-Up,The Change-Up,en,25.658,2011-08-05,2011,6.157,2740,1488555,1,0,5575,2014-06-19
91070,L!fe Happens,L!fe Happens,en,5.52,2011-06-18,2011,5.5,144,1726589,3,0,5699,2014-08-16
71325,With Every Heartbeat,Kyss mig,sv,20.373,2011-07-29,2011,7.126,349,1859522,3,0,5808,2014-10-05
50698,Grave Encounters,Grave Encounters,en,16.416,2011-09-09,2011,6.287,1476,1703199,0,0,5828,2014-10-09
92182,Silent House,Silent House,en,10.135,2011-01-21,2011,5.4,402,1767382,3,0,5860,2014-10-22
58232,Chalet Girl,Chalet Girl,en,12.994,2011-02-02,2011,6.413,635,1487118,3,0,5986,2014-12-15
70954,The Hunter,The Hunter,en,9.764,2011-10-06,2011,6.607,647,1703148,3,0,6015,2015-01-04
51588,Prom,Prom,en,13.306,2011-04-29,2011,6.1,450,1604171,3,0,6033,2015-01-09
81401,The Turin Horse,A torinói ló,hu,10.369,2011-03-31,2011,7.7,356,1316540,0,0,6106,2015-02-09
136476,State of Emergency,State of Emergency,pt,8.133,2012-09-17,2012,5.4,73,1705134,1,0,6111,2015-02-16
70868,I Don't Know How She Does It,I Don't Know How She Does It,en,9.923,2011-09-16,2011,5.176,393,1742650,3,0,6153,2015-03-19
48138,Unknown,Unknown,en,20.993,2011-02-16,2011,6.67,3837,1401152,1,0,6285,2015-06-01
71179,All Our Desires,Toutes nos envies,fr,4.297,2011-11-09,2011,6.569,65,1942120,3,0,6295,2015-06-05
75948,The Sorcerer and the White Snake,白蛇传说,zh,19.701,2011-09-27,2011,6.4,265,1857913,3,0,6302,2015-06-08
74308,Detachment,Detachment,en,22.281,2011-04-24,2011,7.649,1679,1683526,3,0,6427,2015-08-29
150065,Yelling To The Sky,Yelling To The Sky,en,2.395,2011-03-11,2011,5.7,21,1504508,3,0,6525,2015-11-01
252674,A Second Chance,A Second Chance,en,11.354,2011-11-23,2011,6.1,76,2150139,3,0,6606,2015-12-14
91155,Roller Town,Roller Town,en,1.219,2011-09-15,2011,5.6,8,1732730,3,0,6639,2015-12-27
75233,"Oslo, August 31st","Oslo, 31. august",no,12.394,2011-08-31,2011,7.464,430,1736633,1,0,6697,2016-01-29
86507,The Year Dolly Parton Was My Mom,The Year Dolly Parton Was My Mom,en,2.964,2011-03-04,2011,6.7,12,1316624,3,0,6725,2016-02-13
77495,Sleep Tight,Mientras duermes,es,13.782,2011-10-14,2011,7.077,1097,1437358,1,0,6764,2016-03-08
80184,The Hidden Face,La cara oculta,es,19.805,2011-09-16,2011,7.3,1040,1772250,1,1,6826,2016-04-13
51828,One Day,One Day,en,31.119,2011-03-02,2011,7.4,4251,1563738,1,0,7028,2016-08-07
68202,Without Men,Without Men,en,2.108,2011-06-29,2011,4.1,31,1547090,3,0,7060,2016-08-23
285726,The Boy Who Couldn't Swim,Drengen der ikke kunne svømme,da,1.093,2011-09-30,2011,5.8,20,1961281,0,0,7138,2016-09-24
53569,No One Killed Jessica,No One Killed Jessica,hi,7.139,2011-01-07,2011,6.799,77,1734110,3,0,7164,2016-09-30
77299,My Dad Baryshnikov,Мой папа - Барышников,ru,1.358,2011-10-06,2011,6.2,15,1815836,2,0,7171,2016-10-05
77560,Faust,Faust,de,8.917,2011-09-08,2011,6.6,195,1437357,1,1,7330,2016-12-15
75491,The Rabbi's Cat,Le Chat du rabbin,fr,5.177,2011-05-31,2011,7.0,178,1355638,3,0,7535,2017-03-27
89008,The Oranges,The Oranges,en,9.405,2011-09-09,2011,5.5,486,1313139,3,0,7689,2017-06-17
92591,Bernie,Bernie,en,11.408,2012-04-27,2012,6.588,919,1704573,1,0,7506,2017-03-12
73456,Barbie: Princess Charm School,Barbie: Princess Charm School,en,35.595,2011-08-11,2011,7.49,816,2066832,3,0,7749,2017-07-23
120811,K-On! The Movie,映画 けいおん！,ja,11.217,2011-12-03,2011,8.0,86,1909796,3,0,7845,2017-10-03
171634,Behind Your Back,A tus espaldas,es,0.759,2011-03-31,2011,8.5,2,1995242,3,0,8059,2018-02-16
55215,Dead Space: Aftermath,Dead Space: Aftermath,en,8.478,2011-01-25,2011,5.9,164,1711366,2,0,8504,2018-11-29
59965,Abduction,Abduction,en,15.404,2011-09-22,2011,5.865,2861,1600195,1,0,8829,2019-08-25
74387,Goon,Goon,en,10.087,2012-01-06,2012,6.4,910,1456635,0,0,8843,2019-09-11
44564,The Dilemma,The Dilemma,en,9.755,2011-01-13,2011,5.3,842,1578275,1,0,8891,2019-11-11
66129,The Tuche Family,Les Tuche,fr,14.097,2011-06-30,2011,6.008,1272,1793931,3,0,8939,2019-12-28
74149,At the Gate of the Ghost,อุโมงค์ผาเมือง,th,6.04,2011-09-16,2011,6.0,16,2190475,1,1,8996,2020-02-02
82968,Blood of My Blood,Sangue do Meu Sangue,pt,1.982,2011-09-27,2011,7.2,27,1625155,3,0,9238,2020-08-14
63894,Catch Me... I'm in Love,Catch Me... I'm in Love,tl,0.485,2011-02-23,2011,6.5,2,1862457,1,1,9359,2020-12-06
74135,Gantz: Perfect Answer,Gantz: Perfect Answer,ja,11.337,2011-04-23,2011,6.692,211,1525836,1,0,9562,2021-03-16
38543,Ironclad,Ironclad,en,16.237,2011-03-03,2011,6.148,732,1233301,1,0,9625,2021-04-05
100270,Game of Werewolves,Lobos de Arga,es,4.971,2011-10-07,2011,5.871,70,1650555,0,0,9645,2021-04-11
76420,DC Showcase: Catwoman,DC Showcase: Catwoman,en,9.808,2011-10-18,2011,6.9,181,1986806,3,0,9771,2021-05-01
81393,12 Dates of Christmas,12 Dates of Christmas,en,9.457,2011-12-11,2011,6.099,287,1846442,3,0,9825,2021-05-13
108147,Rise of the Animals,Rise of the Animals,en,1.891,2012-05-01,2012,3.3,20,1954780,3,0,3894,2013-02-13
103269,Superman vs. The Elite,Superman vs. The Elite,en,7.87,2012-06-12,2012,6.9,392,2224455,2,0,3392,2012-07-02
76487,The Devil Inside,The Devil Inside,en,14.243,2012-01-06,2012,4.669,788,1560985,3,0,2993,2012-01-15
52520,Underworld: Awakening,Underworld: Awakening,en,36.364,2012-01-19,2012,6.3,4055,1496025,3,0,2997,2012-01-22
72431,Red Tails,Red Tails,en,18.795,2012-01-19,2012,6.558,630,485985,2,0,3010,2012-01-28
75174,The Grey,The Grey,en,22.368,2012-01-26,2012,6.566,3823,1601913,0,0,3024,2012-01-30
76726,Chronicle,Chronicle,en,29.036,2012-02-01,2012,6.829,5285,1706593,1,0,3037,2012-02-10
59962,This Means War,This Means War,en,18.097,2012-02-14,2012,6.2,3373,1596350,2,0,3055,2012-02-18
78698,Big Miracle,Big Miracle,en,15.074,2012-02-02,2012,6.7,489,1430615,3,0,3067,2012-02-20
79548,Gone,Gone,en,13.757,2012-02-23,2012,6.237,1141,1838544,3,0,3071,2012-02-25
65086,The Woman in Black,The Woman in Black,en,22.004,2012-02-03,2012,6.136,3451,1596365,1,0,3091,2012-03-05
72570,The Vow,The Vow,en,23.984,2012-02-05,2012,7.246,4044,1606389,3,0,3096,2012-03-07
49529,John Carter,John Carter,en,40.585,2012-03-07,2012,6.323,5608,401729,3,0,3108,2012-03-11
98548,People Like Us,People Like Us,en,12.781,2012-06-29,2012,6.778,613,1716777,3,0,3386,2012-06-27
70160,The Hunger Games,The Hunger Games,en,35.526,2012-03-12,2012,7.2,21994,1392170,3,0,3138,2012-03-22
57165,Wrath of the Titans,Wrath of the Titans,en,36.858,2012-03-28,2012,5.7,4190,1646987,1,0,3150,2012-03-28
62764,Mirror Mirror,Mirror Mirror,en,23.814,2012-03-15,2012,5.916,3146,1667353,3,1,3152,2012-03-30
10679,Iron Sky,Iron Sky,en,14.111,2012-04-04,2012,5.7,1605,1034314,3,0,3164,2012-04-04
72197,The Pirates! In an Adventure with Scientists!,The Pirates! In an Adventure with Scientists!,en,15.296,2012-03-12,2012,6.5,1094,1430626,1,0,3167,2012-04-05
111075,Snackbar,Snackbar,nl,0.954,2012-04-05,2012,5.0,3,2185503,1,0,3171,2012-04-08
77930,Magic Mike,Magic Mike,en,14.051,2012-06-28,2012,6.167,2927,1915581,3,0,3385,2012-06-27
112735,The Skinny,The Skinny,en,1.855,2012-02-10,2012,5.6,16,2107835,3,0,3178,2012-04-11
113294,Fast Girls,Fast Girls,en,7.375,2012-06-15,2012,6.0,100,1700808,3,0,3272,2012-05-20
44833,Battleship,Battleship,en,36.289,2012-04-11,2012,5.858,5513,1440129,1,0,3192,2012-04-18
24428,The Avengers,The Avengers,en,132.831,2012-04-25,2012,7.724,30946,848228,1,0,3205,2012-04-26
72207,The Five-Year Engagement,The Five-Year Engagement,en,18.224,2012-04-27,2012,5.844,1318,1195478,3,0,3209,2012-04-29
76494,What to Expect When You're Expecting,What to Expect When You're Expecting,en,18.363,2012-05-17,2012,6.0,1782,1586265,3,0,3275,2012-05-21
80321,Madagascar 3: Europe's Most Wanted,Madagascar 3: Europe's Most Wanted,en,51.026,2012-06-06,2012,6.611,6131,1277953,2,1,3384,2012-06-27
88042,Parental Guidance,Parental Guidance,en,11.179,2012-12-25,2012,5.959,455,1047540,3,0,4320,2013-07-08
62213,Dark Shadows,Dark Shadows,en,23.248,2012-05-09,2012,6.085,7183,1077368,3,0,3253,2012-05-14
70436,The Raven,The Raven,en,15.145,2012-03-09,2012,6.3,1334,1486192,1,0,3260,2012-05-15
87428,That's My Boy,That's My Boy,en,36.697,2012-06-14,2012,5.8,1955,1232200,1,0,3282,2012-05-24
41154,Men in Black 3,Men in Black 3,en,35.991,2012-05-23,2012,6.525,10300,1409024,1,0,3284,2012-05-25
93856,Chernobyl Diaries,Chernobyl Diaries,en,15.371,2012-05-24,2012,5.288,1560,1991245,1,0,3287,2012-05-26
76493,The Dictator,The Dictator,en,36.89,2012-05-15,2012,6.2,5860,1645170,1,0,3289,2012-05-27
49527,Man on a Ledge,Man on a Ledge,en,28.809,2012-01-13,2012,6.429,2593,1568338,1,0,3296,2012-05-30
58595,Snow White and the Huntsman,Snow White and the Huntsman,en,40.507,2012-05-30,2012,5.982,7860,1735898,3,0,3297,2012-05-30
70981,Prometheus,Prometheus,en,71.061,2012-05-30,2012,6.572,12290,1446714,3,0,3301,2012-06-01
88284,Barbara,Barbara,de,6.1,2012-03-08,2012,7.179,322,2178941,3,0,3338,2012-06-11
83666,Moonrise Kingdom,Moonrise Kingdom,en,22.629,2012-05-16,2012,7.7,5836,1748122,3,0,3348,2012-06-13
84332,Safety Not Guaranteed,Safety Not Guaranteed,en,9.962,2012-06-08,2012,6.8,1441,1862079,3,0,3351,2012-06-13
80585,Rock of Ages,Rock of Ages,en,14.925,2012-06-13,2012,6.217,1261,1336608,3,0,3355,2012-06-13
87408,Goodbye,به امید دیدار,fa,0.714,2011-09-07,2011,6.7,12,1926992,3,0,3367,2012-06-19
64688,21 Jump Street,21 Jump Street,en,37.398,2012-03-14,2012,6.882,10270,1232829,2,0,3380,2012-06-26
62177,Brave,Brave,en,52.956,2012-06-21,2012,7.0,13383,1217209,3,0,3379,2012-06-23
82525,Savages,Savages,en,14.695,2012-07-06,2012,6.353,2135,1615065,3,0,3397,2012-07-03
1930,The Amazing Spider-Man,The Amazing Spider-Man,en,94.749,2012-06-23,2012,6.7,17410,948470,2,1,3399,2012-07-06
84175,Beasts of the Southern Wild,Beasts of the Southern Wild,en,9.469,2012-06-29,2012,6.8,1053,2125435,3,1,3407,2012-07-09
72105,Ted,Ted,en,46.652,2012-06-29,2012,6.436,12330,1637725,2,0,3415,2012-07-11
127061,Lake Effects,Lake Effects,en,1.542,2012-05-06,2012,4.2,17,1699498,3,0,3418,2012-07-11
103133,BearCity 2: The Proposal,BearCity 2: The Proposal,en,3.699,2012-06-11,2012,6.0,22,2005156,3,0,3422,2012-07-15
64932,Blood Fare,Blood Fare,en,0.819,2012-08-31,2012,1.0,1,1730189,1,0,3426,2012-07-15
81836,To Rome with Love,To Rome with Love,en,8.485,2012-04-20,2012,5.784,1994,1859650,2,0,3434,2012-07-17
49026,The Dark Knight Rises,The Dark Knight Rises,en,80.517,2012-07-17,2012,7.784,22810,1345836,1,0,3437,2012-07-19
85446,Step Up Revolution,Step Up Revolution,en,17.055,2012-07-26,2012,6.921,2038,1800741,3,0,3445,2012-07-26
80035,The Watch,The Watch,en,21.073,2012-07-26,2012,5.583,2292,1298649,2,0,3453,2012-07-29
77174,ParaNorman,ParaNorman,en,27.208,2012-08-03,2012,7.0,2531,1623288,3,0,3468,2012-08-12
49040,The Bourne Legacy,The Bourne Legacy,en,27.381,2012-08-08,2012,6.225,5671,1194173,3,0,3469,2012-08-13
50647,Wanderlust,Wanderlust,en,11.661,2012-02-23,2012,5.502,1247,1655460,3,0,3473,2012-08-16
84200,"For a Good Time, Call...","For a Good Time, Call...",en,12.844,2012-08-31,2012,5.855,301,1996264,3,0,3477,2012-08-17
72331,Abraham Lincoln: Vampire Hunter,Abraham Lincoln: Vampire Hunter,en,24.942,2012-06-20,2012,5.7,3323,1611224,3,1,3478,2012-08-18
84188,Compliance,Compliance,en,19.433,2012-08-23,2012,6.345,679,1971352,3,0,3479,2012-08-19
84184,Celeste & Jesse Forever,Celeste & Jesse Forever,en,11.571,2012-08-03,2012,6.4,464,1405365,3,0,3480,2012-08-19
49014,Cosmopolis,Cosmopolis,en,8.872,2012-05-25,2012,5.7,1244,1480656,1,0,3481,2012-08-20
76163,The Expendables 2,The Expendables 2,en,45.334,2012-08-08,2012,6.347,6708,1764651,3,0,3483,2012-08-20
71864,The Odd Life of Timothy Green,The Odd Life of Timothy Green,en,13.899,2012-08-15,2012,7.0,1173,1462769,3,0,3484,2012-08-20
82633,Lawless,Lawless,en,18.035,2012-08-29,2012,7.057,3059,1212450,1,0,3485,2012-08-21
73567,Killer Joe,Killer Joe,en,13.246,2012-06-07,2012,6.528,1406,1726669,2,0,3486,2012-08-21
103328,Holy Motors,Holy Motors,fr,11.016,2012-07-02,2012,6.989,1148,2076220,1,0,3488,2012-08-21
73723,The Lorax,The Lorax,en,58.836,2012-03-01,2012,6.498,3554,1482459,1,0,3492,2012-08-24
77953,The Campaign,The Campaign,en,12.724,2012-08-09,2012,5.825,1733,1790886,1,0,3496,2012-08-25
49526,Premium Rush,Premium Rush,en,17.33,2012-08-24,2012,6.331,2114,1547234,3,0,3497,2012-08-26
77883,The Possession,The Possession,en,16.798,2012-08-30,2012,6.047,1585,431021,3,0,3513,2012-09-02
84329,Robot & Frank,Robot & Frank,en,14.406,2012-08-16,2012,6.9,1075,1990314,1,0,3515,2012-09-03
84340,Sleepwalk with Me,Sleepwalk with Me,en,5.199,2012-08-24,2012,6.541,182,2077851,2,0,3521,2012-09-07
83686,The Words,The Words,en,14.36,2012-09-07,2012,6.6,1182,1840417,1,0,3523,2012-09-08
49049,Dredd,Dredd,en,27.327,2012-09-07,2012,6.842,5043,1343727,3,0,3532,2012-09-18
88005,Seeking a Friend for the End of the World,Seeking a Friend for the End of the World,en,12.436,2012-06-22,2012,6.571,2054,1307068,1,0,3533,2012-09-18
64635,Total Recall,Total Recall,en,32.777,2012-08-02,2012,6.017,5470,1386703,1,0,3535,2012-09-19
71679,Resident Evil: Retribution,Resident Evil: Retribution,en,3.602,2012-09-12,2012,5.835,3990,1855325,3,0,3536,2012-09-20
103332,Ruby Sparks,Ruby Sparks,en,16.677,2012-07-25,2012,7.108,1616,1839492,3,0,3538,2012-09-23
116463,Arachnoquake,Arachnoquake,en,5.902,2012-06-23,2012,4.1,78,2151543,3,0,3540,2012-09-23
68722,The Master,The Master,en,13.989,2012-09-14,2012,7.126,2944,1560747,1,0,3541,2012-09-23
59967,Looper,Looper,en,28.322,2012-09-26,2012,6.888,10168,1276104,1,0,3562,2012-09-29
82505,House at the End of the Street,House at the End of the Street,en,13.73,2012-09-21,2012,5.8,1790,1582507,3,0,3572,2012-10-04
64689,Killing Them Softly,Killing Them Softly,en,14.817,2012-07-30,2012,6.027,2179,1764234,0,0,3573,2012-10-04
458877,Gayby,Gayby,en,2.65,2012-09-17,2012,5.6,32,2106739,3,0,3574,2012-10-05
111440,The Pact,The Pact,en,7.448,2012-05-25,2012,5.662,475,2040560,3,0,3575,2012-10-05
114150,Pitch Perfect,Pitch Perfect,en,34.66,2012-09-28,2012,7.289,6514,1981677,3,0,3578,2012-10-08
176069,Foreign Letters,Foreign Letters,en,0.621,2012-04-22,2012,6.1,9,1492841,3,0,3580,2012-10-08
126797,Mental,Mental,en,4.528,2012-10-04,2012,5.5,76,1655416,3,0,3581,2012-10-08
62214,Frankenweenie,Frankenweenie,en,20.75,2012-10-04,2012,6.989,3357,1142977,0,0,3587,2012-10-14
86838,Seven Psychopaths,Seven Psychopaths,en,14.592,2012-10-12,2012,6.818,3909,1931533,1,0,3588,2012-10-14
82507,Sinister,Sinister,en,44.813,2012-03-29,2012,6.9,5509,1922777,2,0,3589,2012-10-14
119278,Smiley,Smiley,en,11.27,2012-10-12,2012,4.331,399,2025667,3,0,3590,2012-10-14
76492,Hotel Transylvania,Hotel Transylvania,en,54.679,2012-09-20,2012,6.959,8639,837562,3,0,3591,2012-10-14
83542,Cloud Atlas,Cloud Atlas,en,31.734,2012-10-26,2012,6.9,7061,1371111,3,0,3593,2012-10-15
105531,Jack & Diane,Jack & Diane,en,6.405,2012-11-02,2012,4.0,76,850677,3,0,3601,2012-10-16
82696,Hope Springs,Hope Springs,en,13.554,2012-08-07,2012,6.261,765,1535438,3,0,3622,2012-10-22
86597,The Tall Man,The Tall Man,en,11.792,2012-03-19,2012,6.002,1141,1658837,3,0,3624,2012-10-24
37724,Skyfall,Skyfall,en,48.201,2012-10-24,2012,7.2,15205,1074638,3,1,3632,2012-10-27
68734,Argo,Argo,en,23.048,2012-10-11,2012,7.3,8270,1024648,3,0,3633,2012-10-28
84341,Smashed,Smashed,en,9.943,2012-01-22,2012,6.478,276,2063781,3,0,3653,2012-11-03
61012,Silent Hill: Revelation 3D,Silent Hill: Revelation 3D,en,23.168,2012-10-10,2012,5.521,1634,938330,3,0,3638,2012-10-29
82690,Wreck-It Ralph,Wreck-It Ralph,en,56.399,2012-11-01,2012,7.342,12314,1772341,3,0,3650,2012-11-03
72976,Lincoln,Lincoln,en,19.894,2012-11-09,2012,6.854,3770,443272,3,0,3664,2012-11-07
127501,Barfi!,बर्फी!,hi,9.694,2012-09-13,2012,7.5,320,2082197,2,0,3669,2012-11-14
121873,Hannah Arendt,Hannah Arendt,de,6.916,2012-09-11,2012,6.924,270,1674773,3,0,3678,2012-11-20
110146,The Sapphires,The Sapphires,en,10.127,2012-08-08,2012,6.779,204,1673697,3,0,3689,2012-11-26
121872,Ginger & Rosa,Ginger & Rosa,en,10.564,2012-10-18,2012,6.1,220,2115295,3,0,3690,2012-11-26
123587,Qwerty,Qwerty,en,6.716,2012-07-28,2012,6.234,263,1591071,3,0,3696,2012-11-28
192655,Privacy,Privacy,en,0.3,2012-08-09,2012,0.0,0,2008602,3,0,3699,2012-11-30
88036,Sparkle,Sparkle,en,8.02,2012-08-17,2012,6.3,116,1876451,3,0,3709,2012-12-04
113947,The Sessions,The Sessions,en,12.957,2012-05-02,2012,6.897,556,1866249,2,0,3710,2012-12-05
60747,Red Dawn,Red Dawn,en,19.925,2012-03-15,2012,5.702,1610,1234719,1,0,3716,2012-12-06
84174,Bachelorette,Bachelorette,en,12.81,2012-01-23,2012,5.416,1190,1920849,3,0,3718,2012-12-06
128564,Attack of the 50 Foot Cheerleader,Attack of the 50 Foot Cheerleader,en,5.904,2012-08-25,2012,5.6,56,2098627,3,0,3726,2012-12-07
82825,Kahaani,कहानी,hi,9.239,2012-03-08,2012,7.164,302,1821480,3,0,3729,2012-12-07
138202,Future Weather,Future Weather,en,1.906,2012-04-29,2012,6.188,16,1701215,3,0,3733,2012-12-08
96724,Anna Karenina,Anna Karenina,en,17.026,2012-09-06,2012,6.7,2271,1781769,2,0,3736,2012-12-09
118051,Cocktail,कॉकटेल,hi,7.21,2012-07-13,2012,6.1,116,2168910,3,0,3735,2012-12-09
97630,Zero Dark Thirty,Zero Dark Thirty,en,27.661,2012-12-19,2012,6.991,4506,1790885,3,0,3737,2012-12-09
84323,Price Check,Price Check,en,3.122,2012-11-16,2012,5.2,37,1845849,3,0,3743,2012-12-11
147358,Cigarette ki Tarah,Cigarette ki Tarah,hi,0.358,2012-12-14,2012,6.5,1,2346744,3,1,3744,2012-12-12
75629,Evangelion: 3.0 You Can (Not) Redo,ヱヴァンゲリヲン新劇場版:Q,ja,22.287,2012-11-17,2012,7.2,822,860907,3,0,4318,2013-07-08
49051,The Hobbit: An Unexpected Journey,The Hobbit: An Unexpected Journey,en,89.128,2012-12-12,2012,7.357,18442,903624,0,0,3746,2012-12-15
75780,Jack Reacher,Jack Reacher,en,54.849,2012-12-20,2012,6.638,7021,790724,1,0,3748,2012-12-15
82695,Les Misérables,Les Misérables,en,34.269,2012-12-18,2012,7.329,5283,1707386,3,0,3749,2012-12-15
112336,Hitchcock,Hitchcock,en,12.574,2012-11-22,2012,6.561,1503,975645,2,0,3754,2012-12-17
50620,The Twilight Saga: Breaking Dawn - Part 2,The Twilight Saga: Breaking Dawn - Part 2,en,64.043,2012-11-13,2012,6.5,8888,1673434,3,1,3755,2012-12-17
81188,Rise of the Guardians,Rise of the Guardians,en,90.973,2012-11-21,2012,7.364,6715,1446192,1,0,3757,2012-12-17
109843,Ill Manors,Ill Manors,en,5.545,2012-06-06,2012,6.3,132,1760967,3,0,3759,2012-12-20
60599,Arbitrage,Arbitrage,en,15.744,2012-09-14,2012,6.314,844,1764183,2,0,3764,2012-12-21
87827,Life of Pi,Life of Pi,en,46.021,2012-11-20,2012,7.4,13068,454876,1,0,3775,2012-12-26
89492,This Is 40,This Is 40,en,18.354,2012-12-20,2012,5.9,2146,1758830,3,0,3776,2012-12-27
147405,Dabangg 2,दबंग्ग 2,hi,5.805,2012-12-21,2012,4.959,110,2112131,1,0,3778,2012-12-27
86837,Amour,Amour,fr,11.6,2012-09-20,2012,7.76,1622,1602620,3,1,3780,2012-12-28
82675,Taken 2,Taken 2,en,57.613,2012-09-27,2012,6.36,6652,1397280,2,0,3790,2012-12-30
68718,Django Unchained,Django Unchained,en,55.349,2012-12-25,2012,8.182,26325,1853728,1,0,3792,2012-12-31
93858,Tabu,Tabu,pt,5.848,2012-04-05,2012,7.028,160,2153963,3,0,3793,2012-12-31
117974,Sightseers,Sightseers,en,11.512,2012-11-30,2012,6.264,505,2023690,3,0,3794,2013-01-01
118628,English Vinglish,इंग्लिश विंग्लिश,hi,8.977,2012-09-21,2012,7.2,255,2181931,3,0,3806,2013-01-05
148265,Eega,ఈగ,te,15.935,2012-07-05,2012,7.044,206,2258337,2,0,3809,2013-01-06
75258,Secret of the Wings,Secret of the Wings,en,43.203,2012-08-17,2012,7.245,1260,1217213,3,0,3814,2013-01-09
82693,Silver Linings Playbook,Silver Linings Playbook,en,32.142,2012-11-16,2012,7.141,11974,1045658,3,0,3818,2013-01-10
91010,Game Change,Game Change,en,10.384,2012-02-28,2012,6.9,317,1848902,3,0,3823,2013-01-14
127872,Call Girl,Call Girl,sv,8.924,2012-11-09,2012,6.3,75,1977739,3,0,3824,2013-01-14
123025,"Batman: The Dark Knight Returns, Part 1","Batman: The Dark Knight Returns, Part 1",en,24.762,2012-08-21,2012,7.729,1588,2313197,3,0,3835,2013-01-15
128270,Not Fade Away,Not Fade Away,en,3.883,2012-12-21,2012,5.5,67,1230215,3,0,3837,2013-01-16
90130,The Door,Az ajtó,en,2.646,2012-03-08,2012,6.0,35,1194577,3,0,3854,2013-01-26
121826,Quartet,Quartet,en,9.832,2012-12-26,2012,6.486,363,1441951,3,0,3855,2013-01-26
84892,The Perks of Being a Wallflower,The Perks of Being a Wallflower,en,60.443,2012-09-20,2012,7.796,10466,1659337,3,0,3870,2013-02-05
101731,The Magic of Belle Isle,The Magic of Belle Isle,en,16.758,2012-07-06,2012,7.0,401,1839654,3,1,3859,2013-01-27
116811,Berberian Sound Studio,Berberian Sound Studio,en,6.529,2012-08-30,2012,6.047,351,1833844,1,0,3860,2013-01-27
44667,Strike Witches the Movie,ストライクウィッチーズ 劇場版,ja,3.206,2012-03-17,2012,6.1,17,2322603,3,0,3864,2013-01-30
72387,Safe,Safe,en,29.848,2012-04-16,2012,6.487,2451,1656190,1,1,3869,2013-02-04
122081,Spring Breakers,Spring Breakers,en,16.857,2013-03-06,2013,5.2,3811,2101441,3,0,3874,2013-02-06
110398,No,No,es,11.357,2012-08-09,2012,7.183,427,2059255,1,0,3889,2013-02-10
138038,Girl vs. Monster,Girl vs. Monster,en,9.558,2012-10-12,2012,6.3,268,2326087,3,0,3904,2013-02-18
87502,Flight,Flight,en,37.948,2012-11-02,2012,6.843,5984,1907668,3,1,3907,2013-02-18
87504,Hyde Park on Hudson,Hyde Park on Hudson,en,7.131,2012-12-07,2012,5.3,192,1477855,2,0,3908,2013-02-18
127533,Rurouni Kenshin Part I: Origins,るろうに剣心,ja,27.835,2012-08-25,2012,7.512,812,1979319,3,0,3910,2013-02-19
131503,Stars Above,Tähtitaivas talon yllä,fi,0.452,2012-03-02,2012,6.3,9,2142955,3,0,3912,2013-02-19
80278,The Impossible,The Impossible,en,34.328,2012-09-09,2012,7.363,6289,1649419,2,1,3914,2013-02-20
103740,Beyond the Hills,După dealuri,ro,6.303,2012-09-12,2012,7.119,189,2258281,3,0,3924,2013-02-22
137700,Women's Day,Dzień Kobiet,pl,0.781,2012-05-08,2012,6.4,11,2393787,3,0,3929,2013-02-22
82631,Won't Back Down,Won't Back Down,en,6.569,2012-09-28,2012,6.1,115,1870529,3,0,3931,2013-02-24
84348,V/H/S,V/H/S,en,18.151,2012-07-28,2012,6.1,1543,2105044,1,1,3933,2013-02-24
84312,Mosquita y Mari,Mosquita y Mari,en,4.164,2012-08-03,2012,6.111,27,1978480,3,0,3940,2013-02-27
505020,The Key and the Frame,The Key and the Frame,en,0.001,,2012,0.0,0,2601160,3,0,3944,2013-02-28
133411,I Belong,Som du ser meg,no,0.745,2012-09-14,2012,6.2,10,2377396,3,0,3948,2013-03-03
121835,Lore,Lore,de,9.63,2012-08-02,2012,6.8,281,1996310,3,0,3953,2013-03-05
70074,Bullet to the Head,Bullet to the Head,en,14.538,2012-11-14,2012,5.6,1270,1308729,0,0,3956,2013-03-06
121879,A Late Quartet,A Late Quartet,en,7.737,2012-11-02,2012,6.695,231,1226240,3,0,3964,2013-03-09
77866,Contraband,Contraband,en,16.804,2012-01-12,2012,6.333,2053,1524137,3,0,3979,2013-03-14
70667,Kon-Tiki,Kon-Tiki,no,9.32,2012-08-24,2012,6.9,752,1613750,0,0,3980,2013-03-14
70793,The Big Night,Le Grand Soir,fr,5.255,2012-06-06,2012,5.8,140,2008562,1,0,3983,2013-03-16
123366,The Fifth Season,La cinquième saison,fr,2.356,2012-09-03,2012,6.2,33,2298820,3,0,4016,2013-03-26
136403,Populaire,Populaire,fr,10.385,2012-11-27,2012,6.637,565,2070776,3,0,4033,2013-04-06
139575,Bitch Hug,Bitchkram,sv,0.85,2012-10-19,2012,6.0,12,2287655,3,0,4037,2013-04-09
138701,The Weekend,Das Wochenende,en,1.113,2012-08-26,2012,6.6,5,1836202,3,1,4042,2013-04-10
94901,About Cherry,About Cherry,en,14.089,2012-02-14,2012,4.626,289,1945062,3,0,4043,2013-04-11
60281,To the Wonder,To the Wonder,en,11.374,2013-02-22,2013,5.8,483,1595656,3,0,4061,2013-04-15
130694,Life Is Not for Cowards,Das Leben ist nichts für Feiglinge,de,2.249,2013-04-18,2013,6.2,23,2147550,3,0,4068,2013-04-17
97367,The Place Beyond the Pines,The Place Beyond the Pines,en,22.031,2013-03-20,2013,7.0,4819,1817273,1,0,4074,2013-04-19
103663,The Hunt,Jagten,da,23.639,2012-06-13,2012,8.095,4203,2106476,2,0,4081,2013-04-23
137182,The Broken Circle Breakdown,The Broken Circle Breakdown,nl,12.467,2012-10-09,2012,7.7,1049,2024519,3,1,4085,2013-04-24
103686,Paradise: Love,Paradies: Liebe,de,9.8,2012-04-27,2012,6.826,193,1403214,3,0,4091,2013-04-25
126250,Love Is All You Need,Den skaldede frisør,da,13.431,2012-09-04,2012,6.0,273,1854236,3,0,4092,2013-04-25
130739,A Coffee in Berlin,Oh Boy,de,8.863,2012-11-01,2012,7.2,325,1954701,1,0,4093,2013-04-25
103747,The Angels' Share,The Angels' Share,en,9.029,2012-06-01,2012,6.953,565,1924394,1,0,4094,2013-04-25
112198,What's in a Name,Le Prénom,fr,9.909,2012-04-25,2012,7.319,1689,2179121,3,1,4096,2013-04-25
84165,2 Days in New York,2 Days in New York,en,7.383,2012-03-28,2012,5.6,287,1602472,3,0,4101,2013-04-25
134632,Monster High: Ghouls Rule,Monster High: Ghouls Rule,en,10.614,2012-10-09,2012,6.8,100,2446108,3,0,4105,2013-04-25
94671,Jayne Mansfield's Car,Jayne Mansfield's Car,en,4.438,2013-07-25,2013,5.9,56,1781840,3,0,4106,2013-04-27
121986,Frances Ha,Frances Ha,en,14.991,2013-05-17,2013,7.385,1612,2347569,3,0,4136,2013-05-18
139933,Kiss of the Damned,Kiss of the Damned,en,6.114,2012-11-07,2012,5.1,136,1959438,3,0,4144,2013-05-20
84178,Black Rock,Black Rock,en,4.592,2012-01-21,2012,4.9,229,1930294,3,0,4151,2013-05-22
91679,Starlet,Starlet,en,9.273,2012-11-09,2012,6.8,162,2035630,3,0,4165,2013-05-25
127373,What Maisie Knew,What Maisie Knew,en,9.663,2013-05-02,2013,7.1,414,1932767,3,0,4173,2013-05-28
97434,Gambit,Gambit,en,11.794,2012-04-25,2012,5.469,671,404978,1,0,4176,2013-05-29
362203,Shelter,Shelter,en,0.663,2015-04-21,2015,5.0,9,2254131,3,0,4177,2013-05-29
114591,Cheesecake Casserole,Cheesecake Casserole,en,0.489,2012-07-03,2012,4.0,3,1733114,3,0,4187,2013-05-31
132236,Four Assassins,Four Assassins,en,2.095,2013-05-14,2013,4.3,12,1478804,1,0,4207,2013-06-05
138907,Sassy Pants,Sassy Pants,en,4.363,2012-10-26,2012,5.8,42,1822302,3,0,4314,2013-07-07
144752,Tango Libre,Tango Libre,fr,2.808,2012-11-28,2012,5.8,24,2370034,0,0,4223,2013-06-09
97430,The Man with the Iron Fists,The Man with the Iron Fists,en,13.087,2012-11-02,2012,5.5,1115,1258972,1,0,4329,2013-07-11
91739,Much Ado About Nothing,Much Ado About Nothing,en,14.903,2013-05-28,2013,6.854,264,2094064,3,1,4273,2013-06-27
82618,Girl in Progress,Girl in Progress,en,7.814,2012-05-11,2012,5.6,117,1817676,3,0,4276,2013-06-27
109099,Passion,Passion,en,12.85,2013-02-13,2013,5.25,414,1829012,3,0,4280,2013-06-28
173294,Papadopoulos & Sons,Papadopoulos & Sons,en,2.681,2012-12-20,2012,6.1,34,2006810,1,0,4289,2013-06-29
87440,Struck by Lightning,Struck by Lightning,en,8.107,2013-06-19,2013,6.23,209,1791614,3,1,4299,2013-07-02
127856,Augustine,Augustine,fr,6.333,2012-11-07,2012,5.3,60,2098628,3,0,4303,2013-07-03
136911,The Factory,The Factory,en,10.044,2012-10-20,2012,5.625,291,1132285,3,0,4308,2013-07-04
79940,Tim and Eric's Billion Dollar Movie,Tim and Eric's Billion Dollar Movie,en,6.145,2012-03-02,2012,5.5,128,1855401,0,0,4336,2013-07-12
114574,Bikini Spring Break,Bikini Spring Break,en,3.712,2012-06-26,2012,3.7,45,2304517,3,0,4342,2013-07-12
134673,Renoir,Renoir,fr,6.312,2012-07-02,2012,6.4,130,2150332,3,0,4348,2013-07-13
123235,Paris-Manhattan,Paris-Manhattan,fr,8.176,2012-07-18,2012,5.5,173,1885331,3,1,4361,2013-07-17
102780,Byzantium,Byzantium,en,13.535,2013-04-11,2013,6.3,855,1531901,3,0,4371,2013-07-19
118737,Interview with a Hitman,Interview with a Hitman,en,8.919,2012-07-20,2012,5.2,133,2061712,1,0,4384,2013-07-22
109513,Hit & Run,Hit & Run,en,8.547,2012-08-22,2012,5.697,534,2097307,3,0,4404,2013-07-26
75761,John Dies at the End,John Dies at the End,en,8.957,2013-01-25,2013,6.303,655,1783732,1,0,4432,2013-08-02
87496,The Company You Keep,The Company You Keep,en,14.175,2012-12-20,2012,6.169,696,1381404,1,0,4465,2013-08-11
82990,Paranormal Activity 4,Paranormal Activity 4,en,18.424,2012-10-17,2012,5.4,1877,2109184,3,0,4468,2013-08-12
89185,Radio Rebel,Radio Rebel,en,7.696,2012-06-09,2012,6.2,819,2008633,3,0,4469,2013-08-12
116340,Dead Man's Burden,Dead Man's Burden,en,2.494,2012-06-16,2012,5.4,15,2094155,0,0,4478,2013-08-16
128216,Stories We Tell,Stories We Tell,en,5.879,2012-10-12,2012,7.1,214,2366450,3,0,4536,2013-09-01
139998,Supporting Characters,Supporting Characters,en,2.84,2012-01-23,2012,6.0,22,1874789,2,0,4538,2013-09-01
126277,American Mary,American Mary,en,17.926,2013-01-11,2013,6.2,522,1959332,3,0,4546,2013-09-07
114779,It's a Disaster,It's a Disaster,en,5.848,2013-04-12,2013,6.3,217,1995341,3,0,4551,2013-09-09
111083,The Body,El cuerpo,es,12.877,2012-12-21,2012,7.554,1258,1937149,3,1,4558,2013-09-12
661971,Warpaint,Warpaint,en,0.324,2012-10-24,2012,7.0,1,3100510,0,0,4566,2013-09-13
104755,The Lords of Salem,The Lords of Salem,en,12.302,2013-04-18,2013,5.455,851,1731697,3,0,4586,2013-09-15
52001,Citadel,Citadel,en,6.364,2012-03-11,2012,5.368,159,1641975,1,0,4650,2013-09-30
128104,Inch'Allah,Inch'Allah,fr,2.705,2012-09-08,2012,6.5,42,2336960,3,0,4654,2013-10-01
82390,The Paperboy,The Paperboy,en,14.623,2012-09-14,2012,5.536,743,1496422,3,0,4663,2013-10-05
95775,Clip,Klip,sr,8.811,2012-01-27,2012,5.4,112,1900908,3,0,4742,2013-10-27
110420,Wolf Children,おおかみこどもの雨と雪,ja,24.842,2012-07-21,2012,8.227,2290,2140203,3,0,4744,2013-10-27
97605,Extracted,Extracted,en,6.792,2012-03-10,2012,6.236,229,1757746,1,0,4746,2013-10-28
133823,Call Me Kuchu,Nazywaj mnie Kuchu,en,1.812,2012-02-11,2012,6.1,16,2088714,3,0,4776,2013-11-04
120478,The Haunting of Whaley House,The Haunting of Whaley House,en,3.007,2012-07-31,2012,4.451,51,2396701,3,0,4818,2013-11-12
75674,Act of Valor,Act of Valor,en,20.826,2012-02-24,2012,6.5,1138,1591479,0,0,4825,2013-11-14
159121,Paulette,Paulette,fr,6.773,2012-10-04,2012,6.457,391,2215395,3,0,4843,2013-11-16
111443,The End,Fin,es,8.62,2012-11-23,2012,4.89,118,2046090,3,0,4861,2013-11-20
67660,Think Like a Man,Think Like a Man,en,15.032,2012-04-20,2012,6.821,839,1621045,3,0,4875,2013-11-25
98369,Blue Like Jazz,Blue Like Jazz,en,3.677,2012-04-13,2012,5.6,54,1758575,3,0,4881,2013-11-26
204779,Rock Jocks,Rock Jocks,en,1.465,2012-09-01,2012,4.8,15,1869653,1,0,4884,2013-11-27
136080,Escape,Flukt,no,7.146,2012-09-28,2012,6.0,129,2076850,3,0,4913,2013-12-04
643755,The Swing,Ljuljaška,sr,0.016,2012-10-03,2012,0.0,0,2504614,3,0,4946,2013-12-13
84194,Excision,Excision,en,12.552,2012-09-12,2012,6.2,549,1984153,3,0,4962,2013-12-18
115738,Million Dollar Crocodile,Million Dollar Crocodile,zh,6.885,2012-06-08,2012,4.441,34,2354196,0,0,4974,2013-12-22
123105,The Bay,The Bay,en,15.752,2012-09-13,2012,5.8,758,1713476,1,0,4976,2013-12-24
94684,Gyo: Tokyo Fish Attack,ギョ,ja,7.49,2012-02-15,2012,5.293,92,1857718,3,0,4985,2013-12-25
127846,A Hijacking,Kapringen,da,9.258,2012-02-29,2012,6.812,269,2216240,1,0,5008,2013-12-29
80280,[REC]³ Genesis,[REC]³ Génesis,es,12.341,2012-03-30,2012,5.3,1476,1649444,3,0,5010,2013-12-30
111839,Hemingway & Gellhorn,Hemingway & Gellhorn,en,10.744,2012-08-27,2012,6.1,175,423455,2,0,5053,2014-01-07
115199,The History of Future Folk,The History of Future Folk,en,4.22,2012-06-15,2012,6.8,56,2245195,2,0,5054,2014-01-08
84204,Grabbers,Grabbers,en,13.069,2012-08-10,2012,6.1,449,1525366,3,0,5035,2014-01-03
114606,Cockneys vs Zombies,Cockneys vs Zombies,en,12.263,2012-08-31,2012,5.681,404,1362058,2,0,5044,2014-01-05
123359,Here Comes the Devil,Ahí va el diablo,es,6.141,2012-09-11,2012,5.535,129,2107648,3,1,5066,2014-01-12
97683,Fat Kid Rules The World,Fat Kid Rules The World,en,4.101,2012-10-05,2012,6.8,35,1995304,0,0,5086,2014-01-18
138222,Best Man Down,Best Man Down,en,4.981,2012-10-20,2012,6.666,184,1885300,3,0,5109,2014-01-28
136718,Steel Magnolias,Steel Magnolias,en,6.99,2012-10-07,2012,6.9,62,2328749,3,0,5098,2014-01-23
97632,American Warships,American Warships,en,6.587,2012-05-15,2012,3.556,62,2175927,3,0,5152,2014-02-09
126319,Ernest & Celestine,Ernest et Célestine,fr,13.282,2012-12-12,2012,7.8,604,1816518,1,0,5155,2014-02-09
124501,In the Dark Half,In the Dark Half,en,1.39,2012-08-10,2012,5.6,13,1764645,3,0,5168,2014-02-14
132705,Morgana,Morgana,es,2.49,2012-08-03,2012,6.1,23,2318360,3,0,5186,2014-02-19
85646,Entrance,Entrance,en,0.515,2012-05-18,2012,4.0,13,1918806,3,0,5212,2014-02-28
148644,Decay,Decay,en,0.518,2012-11-29,2012,4.3,13,2523692,3,0,5240,2014-03-06
214426,Bad Parents,Bad Parents,en,2.125,2012-10-18,2012,3.7,18,2081178,3,0,5250,2014-03-07
164372,The Snow Queen,Снежная королева,ru,17.026,2012-10-11,2012,5.8,167,2243621,3,0,5264,2014-03-09
77016,End of Watch,End of Watch,en,16.746,2012-09-20,2012,7.348,3217,1855199,3,0,5270,2014-03-11
77877,The Lucky One,The Lucky One,en,25.995,2012-04-19,2012,7.162,3652,1327194,3,0,5271,2014-03-11
82687,The Guilt Trip,The Guilt Trip,en,12.081,2012-12-19,2012,5.598,708,1694020,3,1,5275,2014-03-12
168426,If I Were You,If I Were You,en,3.383,2013-03-15,2013,6.7,35,1587309,3,0,5352,2014-04-02
140441,Sadako 3D,貞子3D,ja,7.913,2012-05-12,2012,5.3,94,1844025,3,0,5407,2014-04-20
107178,Jackie,Jackie,nl,3.835,2012-05-10,2012,6.634,41,2108546,3,0,5420,2014-04-26
116723,Comes a Bright Day,Comes a Bright Day,en,1.955,2012-02-12,2012,5.569,36,1900854,0,0,5477,2014-05-16
134461,A Halloween Puppy,A Halloween Puppy,en,1.085,2012-10-31,2012,2.4,5,2404153,2,0,5479,2014-05-16
131887,Entity,Entity,en,2.046,2012-10-24,2012,4.946,37,1842356,3,0,5489,2014-05-19
72358,A Thousand Words,A Thousand Words,en,16.295,2012-03-07,2012,6.095,1308,763831,2,0,5492,2014-05-19
115442,The Wall,Die Wand,de,8.106,2012-02-12,2012,6.438,129,1745686,0,0,5538,2014-06-05
130593,Good Vibrations,Good Vibrations,en,5.28,2012-05-31,2012,6.745,102,1920945,3,1,5562,2014-06-13
84336,Shadow Dancer,Shadow Dancer,en,6.845,2012-02-12,2012,5.912,251,1770734,3,0,5600,2014-06-29
1054225,White Alligator,White Alligator,en,0.246,2012-09-28,2012,0.0,0,2435166,3,0,5610,2014-07-02
516783,Cybergeddon,Cybergeddon,en,0.379,2012-09-25,2012,6.0,6,2189240,3,0,5612,2014-07-03
180097,As High as the Sky,As High as the Sky,en,0.422,2013-01-10,2013,4.5,3,2119383,3,0,5645,2014-07-22
1101085,Wireboy,Wireboy,en,0.001,,2012,0.0,0,2678152,1,0,5657,2014-07-28
188984,Tiger Eyes,Tiger Eyes,en,2.978,2012-04-04,2012,6.0,33,1748260,3,0,5759,2014-09-18
127867,The Brass Teapot,The Brass Teapot,en,13.81,2012-09-08,2012,6.1,477,1935902,3,0,5760,2014-09-19
84192,Escape Fire: The Fight to Rescue American Healthcare,Escape Fire: The Fight to Rescue American Healthcare,en,0.913,2012-10-05,2012,6.7,10,2093109,3,0,5768,2014-09-20
121734,"Tad, the Lost Explorer",Las aventuras de Tadeo Jones,es,23.997,2012-08-10,2012,6.2,567,1764625,1,0,5785,2014-09-28
100046,The Giant Mechanical Man,The Giant Mechanical Man,en,6.307,2012-04-27,2012,6.5,149,1769363,3,0,5805,2014-10-05
88478,Any Questions for Ben?,Any Questions for Ben?,en,2.088,2012-02-09,2012,5.3,20,1735839,2,0,5875,2014-10-26
126323,Mine Games,Mine Games,en,5.188,2012-12-01,2012,5.6,96,1928337,3,0,5894,2014-11-03
84333,Save the Date,Save the Date,en,7.02,2012-12-14,2012,5.8,99,1965065,2,1,5980,2014-12-13
150230,Kill 'em All,Kill 'em All,en,6.113,2012-12-11,2012,5.433,30,1928335,1,0,6005,2014-12-31
106021,Erased,Erased,en,17.209,2012-08-23,2012,6.061,724,1645155,1,0,6016,2015-01-04
134671,Golden Winter,Golden Winter,en,3.396,2012-09-25,2012,5.4,11,2202750,1,0,6073,2015-01-27
111969,Stuck in Love,Stuck in Love,en,18.03,2013-06-14,2013,7.387,1912,2205697,3,0,6075,2015-01-27
145015,Ali Blue Eyes,Alì ha gli occhi azzurri,it,2.128,2012-11-15,2012,6.3,24,2496366,1,0,6141,2015-03-11
97989,Neighboring Sounds,O Som ao Redor,pt,5.815,2012-11-19,2012,7.1,218,2190367,3,0,6181,2015-04-01
100493,The Devil's Carnival,The Devil's Carnival,en,7.189,2012-04-05,2012,5.6,84,2204379,1,0,6183,2015-04-01
78571,Being Flynn,Being Flynn,en,9.263,2012-03-02,2012,6.127,255,455323,1,0,6203,2015-04-14
169782,The Making of a Lady,The Making of a Lady,en,2.007,2012-12-19,2012,6.143,21,2293276,3,0,6323,2015-06-18
89237,Electrick Children,Electrick Children,en,5.708,2012-07-11,2012,6.4,125,2139843,3,1,6378,2015-07-29
102784,2 Rabbits,2 Coelhos,pt,5.287,2012-01-20,2012,6.854,137,1753722,1,0,6443,2015-09-12
127651,The Seasoning House,The Seasoning House,en,7.209,2012-08-21,2012,6.354,243,1555093,3,1,6464,2015-09-24
102000,Sister,L'enfant d'en haut,fr,9.27,2012-04-04,2012,6.7,157,2062969,2,0,6538,2015-11-09
149427,Journey to the Christmas Star,Reisen til julestjernen,no,13.588,2012-11-09,2012,6.0,173,2034761,3,0,6608,2015-12-15
104185,Alien Tornado,Alien Tornado,en,4.788,2012-04-21,2012,3.9,49,1942798,3,0,6658,2016-01-09
84306,Liberal Arts,Liberal Arts,en,13.375,2012-09-14,2012,6.451,530,1872818,1,0,6664,2016-01-14
126749,Travelling Salesman,Travelling Salesman,en,1.764,2012-06-16,2012,5.6,33,1801123,0,0,6694,2016-01-28
133764,Vanishing Waves,Aurora,lt,4.518,2012-06-01,2012,5.927,62,2208216,1,0,6701,2016-01-31
60540,Sushi Girl,Sushi Girl,en,7.14,2012-12-07,2012,5.587,104,1606339,0,0,6705,2016-02-01
124555,Silence,Silence,en,2.795,2012-07-27,2012,6.4,6,2275949,1,0,6729,2016-02-15
126315,After Lucia,Después de Lucía,es,6.08,2012-10-03,2012,6.668,128,2368749,3,0,6742,2016-02-23
127864,Blancanieves,Blancanieves,es,6.273,2012-09-28,2012,7.283,244,1854513,3,0,6793,2016-03-26
104524,Helter Skelter,ヘルタースケルター,ja,18.573,2012-07-14,2012,6.6,137,2147319,3,0,6803,2016-03-26
88273,A Royal Affair,En kongelig affære,da,10.949,2012-03-29,2012,7.4,868,1276419,3,0,6850,2016-04-25
171698,The Citizen,The Citizen,en,2.751,2012-09-19,2012,6.6,23,1942989,1,0,6960,2016-07-02
99770,Asterix & Obelix: God Save Britannia,Astérix & Obélix : Au service de Sa Majesté,fr,16.405,2012-10-17,2012,5.098,1302,1597522,1,0,6993,2016-07-25
113388,As One,코리아,ko,5.941,2012-05-03,2012,7.7,51,2328503,3,0,7043,2016-08-13
73935,Vamps,Vamps,en,9.91,2012-08-25,2012,5.3,271,1545106,3,0,7083,2016-08-30
231716,Violin,Violine,de,0.721,2012-06-28,2012,6.9,12,2249628,0,0,7148,2016-09-26
160955,Water,Vattnet,nl,0.935,2012-01-21,2012,5.6,18,2509008,0,0,7149,2016-09-26
128073,Greetings from Tim Buckley,Greetings from Tim Buckley,en,0.129,2013-05-03,2013,5.4,27,1823125,2,0,7155,2016-09-27
57214,Project X,Project X,en,50.504,2012-03-01,2012,6.88,6368,1636826,1,0,7582,2017-04-20
128154,Out in the Dark,Out in the Dark,he,8.966,2012-09-09,2012,6.877,126,2318625,0,0,7656,2017-05-21
100529,Lola Versus,Lola Versus,en,7.816,2012-04-24,2012,4.963,136,1710417,3,0,7769,2017-08-02
118677,Why Stop Now?,Why Stop Now?,en,5.836,2012-08-17,2012,5.3,102,1853643,3,0,7848,2017-10-06
115290,Blue Lagoon: The Awakening,Blue Lagoon: The Awakening,en,48.511,2012-06-16,2012,6.46,1416,2287663,3,1,8297,2018-06-18
103609,Bindlestiffs,Bindlestiffs,en,1.536,2012-01-22,2012,4.3,11,2091243,3,0,8435,2018-10-13
127913,The Deep,Djúpið,is,7.16,2012-09-07,2012,6.3,120,1764275,1,0,8700,2019-04-11
93837,So Undercover,So Undercover,en,13.722,2012-12-06,2012,6.141,1111,1766094,3,0,8830,2019-08-25
121875,In the House,Dans la maison,fr,15.23,2012-09-26,2012,7.242,832,1964624,3,1,8999,2020-02-04
442170,Dripping in Chocolate,Dripping in Chocolate,en,1.198,2012-04-07,2012,5.7,6,2106403,3,0,9213,2020-07-26
82650,Diary of a Wimpy Kid: Dog Days,Diary of a Wimpy Kid: Dog Days,en,18.014,2012-08-02,2012,6.3,950,2023453,3,0,9315,2020-10-26
90369,Now Is Good,Now Is Good,en,9.996,2012-09-19,2012,7.3,1073,1937264,3,0,9396,2020-12-19
72545,Journey 2: The Mysterious Island,Journey 2: The Mysterious Island,en,43.099,2012-01-19,2012,6.157,4237,1397514,1,0,9423,2021-01-03
97051,Would You Rather,Would You Rather,en,11.642,2013-02-08,2013,5.973,918,1999995,3,0,9540,2021-03-14
101682,Last Stop: Kurtuluş,Kurtuluş Son Durak,tr,1.206,2012-01-06,2012,5.9,16,2142801,3,0,9834,2021-05-16
57800,Ice Age: Continental Drift,Ice Age: Continental Drift,en,69.894,2012-06-27,2012,6.38,7585,1667889,2,0,10062,2021-09-19
174772,Europa Report,Europa Report,en,14.237,2013-06-27,2013,6.269,1377,2051879,3,0,4324,2013-07-10
82682,Gangster Squad,Gangster Squad,en,18.452,2013-01-09,2013,6.4,4015,1321870,1,0,3836,2013-01-15
132232,Mama,Mama,en,33.87,2013-01-17,2013,6.271,4139,2023587,3,0,3853,2013-01-25
60304,Hansel & Gretel: Witch Hunters,Hansel & Gretel: Witch Hunters,en,42.509,2013-01-17,2013,6.069,6705,1428538,3,0,3856,2013-01-27
163431,Ego,Ego,sv,3.879,2013-01-24,2013,6.3,37,2287715,2,0,3861,2013-01-29
82654,Warm Bodies,Warm Bodies,en,26.831,2013-01-31,2013,6.463,6045,1588173,2,0,3862,2013-01-30
170744,Mt. Zion,Mt. Zion,en,1.39,2013-02-06,2013,5.0,1,2580928,1,0,3883,2013-02-09
109431,Identity Thief,Identity Thief,en,19.586,2013-02-07,2013,5.857,3315,2024432,2,0,3886,2013-02-09
166660,Jurassic Attack,Jurassic Attack,en,4.963,2013-02-22,2013,4.7,62,2303110,2,0,3900,2013-02-17
112949,Safe Haven,Safe Haven,en,16.338,2013-02-07,2013,7.256,2310,1702439,3,0,3911,2013-02-19
109421,Side Effects,Side Effects,en,13.818,2013-02-07,2013,6.6,3071,2053463,3,0,3913,2013-02-20
109491,Beautiful Creatures,Beautiful Creatures,en,17.429,2013-02-13,2013,6.034,2829,1559547,3,0,3915,2013-02-20
133805,Carrie,Carrie,en,26.914,2013-10-16,2013,6.035,4454,1939659,3,0,3923,2013-02-21
165013,A Talking Cat!?!,A Talking Cat!?!,en,3.293,2013-02-18,2013,3.125,40,2511190,3,0,3942,2013-02-28
68179,Escape from Planet Earth,Escape from Planet Earth,en,14.319,2013-02-14,2013,5.729,754,765446,3,0,3949,2013-03-04
81005,Jack the Giant Slayer,Jack the Giant Slayer,en,38.12,2013-02-27,2013,5.845,4894,1351685,0,0,3955,2013-03-06
68728,Oz the Great and Powerful,Oz the Great and Powerful,en,34.896,2013-03-07,2013,5.9,6497,1623205,3,0,3961,2013-03-09
102362,Dead Man Down,Dead Man Down,en,14.857,2013-03-08,2013,6.158,1442,2101341,3,1,3978,2013-03-12
124459,The Incredible Burt Wonderstone,The Incredible Burt Wonderstone,en,11.991,2013-03-14,2013,5.7,1414,790628,1,0,3996,2013-03-19
144340,Admission,Admission,en,13.636,2013-03-21,2013,5.6,614,1814621,3,0,4012,2013-03-24
87499,The East,The East,en,12.266,2013-05-31,2013,6.6,773,1869716,3,0,4017,2013-03-26
72559,G.I. Joe: Retaliation,G.I. Joe: Retaliation,en,34.898,2013-03-27,2013,5.623,5465,1583421,3,0,4019,2013-03-27
117263,Olympus Has Fallen,Olympus Has Fallen,en,44.29,2013-03-20,2013,6.4,6572,2302755,1,0,4021,2013-03-31
72710,The Host,The Host,en,15.923,2013-03-22,2013,6.3,3907,1517260,3,1,4023,2013-04-03
109428,Evil Dead,Evil Dead,en,38.808,2013-04-05,2013,6.558,4617,1288558,3,0,4024,2013-04-03
68727,Trance,Trance,en,11.549,2013-03-27,2013,6.624,2174,1924429,0,1,4025,2013-04-04
158011,The Call,The Call,en,28.563,2013-03-14,2013,6.8,2863,1911644,3,0,4051,2013-04-14
109410,42,42,en,17.793,2013-04-12,2013,7.194,1799,453562,2,0,4054,2013-04-14
75612,Oblivion,Oblivion,en,34.896,2013-04-10,2013,6.65,10675,1483013,3,0,4055,2013-04-14
231308,Cold Turkey,Cold Turkey,en,1.038,2013-11-15,2013,3.0,4,2357263,3,0,4072,2013-04-18
68721,Iron Man 3,Iron Man 3,en,53.605,2013-04-18,2013,6.9,22221,1300854,3,1,4090,2013-04-25
103731,Mud,Mud,en,15.745,2013-04-26,2013,7.1,2782,1935179,1,0,4115,2013-04-29
167581,Free Fall,Freier Fall,de,13.168,2013-05-27,2013,7.7,791,2617828,1,0,4125,2013-05-09
180371,Vai Que Dá Certo,Vai Que Dá Certo,pt,4.697,2013-03-22,2013,6.1,142,2220408,1,1,4126,2013-05-09
54138,Star Trek Into Darkness,Star Trek Into Darkness,en,37.414,2013-05-05,2013,7.3,9096,1408101,1,0,4127,2013-05-09
146203,The Last Exorcism Part II,The Last Exorcism Part II,en,15.925,2013-02-28,2013,4.626,534,2034139,3,0,4132,2013-05-12
49519,The Croods,The Croods,en,48.545,2013-03-15,2013,6.922,7068,481499,3,0,4133,2013-05-16
64682,The Great Gatsby,The Great Gatsby,en,43.808,2013-05-09,2013,7.4,12243,1343092,3,1,4138,2013-05-18
76617,Texas Chainsaw 3D,Texas Chainsaw 3D,en,40.234,2013-01-03,2013,5.5,1674,1572315,3,0,4142,2013-05-20
87567,The Big Wedding,The Big Wedding,en,9.901,2013-04-25,2013,5.864,1155,1931435,3,0,4145,2013-05-20
160118,Child's Pose,Poziţia copilului,ro,5.148,2013-03-08,2013,6.698,131,2187115,3,0,4155,2013-05-22
44865,The Grandmaster,一代宗師,zh,17.957,2013-01-10,2013,6.623,870,1462900,1,0,4156,2013-05-22
119283,Parker,Parker,en,23.629,2013-01-23,2013,6.048,3029,1904996,3,0,4163,2013-05-24
268868,The Hit Girl,The Hit Girl,en,0.781,2013-03-01,2013,7.5,2,2651924,3,0,4166,2013-05-25
109414,This Is the End,This Is the End,en,21.047,2013-06-12,2013,6.2,6353,1245492,1,0,4167,2013-05-26
119675,Behind the Candelabra,Behind the Candelabra,en,10.867,2013-05-26,2013,6.636,778,1291580,1,0,4168,2013-05-27
116711,Epic,Epic,en,31.948,2013-05-15,2013,6.524,2738,848537,3,0,4180,2013-05-29
109439,The Hangover Part III,The Hangover Part III,en,125.122,2013-05-23,2013,6.211,8651,1951261,2,0,4181,2013-05-30
75656,Now You See Me,Now You See Me,en,49.793,2013-05-29,2013,7.338,15520,1670345,1,0,4188,2013-05-31
180810,And Now a Word from Our Sponsor,And Now a Word from Our Sponsor,en,3.095,2013-05-10,2013,4.1,23,2094762,3,0,4189,2013-06-01
82700,After Earth,After Earth,en,18.462,2013-05-30,2013,5.188,6530,1815862,1,1,4191,2013-06-01
82992,Fast & Furious 6,Fast & Furious 6,en,7.735,2013-05-21,2013,6.819,10594,1905041,3,0,4192,2013-06-01
107811,21 & Over,21 & Over,en,11.21,2013-03-01,2013,5.8,1511,1711425,1,0,4194,2013-06-01
134374,Pain & Gain,Pain & Gain,en,31.518,2013-04-18,2013,6.3,4454,1980209,1,0,4195,2013-06-01
136795,The Heat,The Heat,en,26.608,2013-06-27,2013,6.6,3919,2404463,3,0,4196,2013-06-01
195423,Brazilian Western,Faroeste Caboclo,pt,4.52,2013-05-31,2013,6.3,185,1869416,3,0,4197,2013-06-01
198677,SAGA - Curse of the Shadow,SAGA - Curse of the Shadow,en,2.187,2014-04-02,2014,5.487,76,2250234,1,1,4203,2013-06-02
72359,Peeples,Peeples,en,4.043,2013-05-09,2013,5.5,70,1699755,3,1,4205,2013-06-04
657438,Lost in Living,Lost in Living,en,0.001,,2013,0.0,0,2628260,3,0,4212,2013-06-06
116741,The Internship,The Internship,en,0.822,2013-06-07,2013,6.2,4146,2234155,1,0,4213,2013-06-06
158015,The Purge,The Purge,en,42.998,2013-05-31,2013,6.3,8378,2184339,3,1,4225,2013-06-09
77234,The Numbers Station,The Numbers Station,en,19.131,2013-04-18,2013,5.521,551,1659338,1,0,4226,2013-06-10
49521,Man of Steel,Man of Steel,en,62.723,2013-06-12,2013,6.6,15152,770828,3,0,4238,2013-06-13
62211,Monsters University,Monsters University,en,45.097,2013-06-19,2013,7.04,10641,1453405,1,0,4256,2013-06-21
72190,World War Z,World War Z,en,110.825,2013-06-19,2013,6.82,15412,816711,3,1,4259,2013-06-22
201676,My Little Pony: Equestria Girls,My Little Pony: Equestria Girls,en,14.341,2013-06-16,2013,7.3,264,2908228,3,0,4266,2013-06-24
132344,Before Midnight,Before Midnight,en,14.414,2013-04-05,2013,7.51,2391,2209418,3,0,4272,2013-06-27
57201,The Lone Ranger,The Lone Ranger,en,20.898,2013-07-03,2013,6.1,5817,1210819,1,0,4279,2013-06-28
86825,Stoker,Stoker,en,12.482,2013-02-28,2013,6.7,2221,1682180,3,0,4281,2013-06-28
157820,Mood Indigo,L'Écume des jours,fr,8.861,2013-01-10,2013,6.1,610,2027140,3,0,4294,2013-06-30
96936,The Bling Ring,The Bling Ring,en,15.666,2013-06-12,2013,5.418,3009,2132285,3,0,4296,2013-06-30
93456,Despicable Me 2,Despicable Me 2,en,65.953,2013-06-26,2013,6.9,11271,1690953,3,0,4300,2013-07-02
129112,Wadjda,Das Mädchen Wadjda,ar,13.588,2012-08-31,2012,7.2,482,2258858,3,0,4304,2013-07-03
144789,I'm So Excited!,Los amantes pasajeros,es,10.696,2013-03-08,2013,5.7,675,2243389,2,0,4305,2013-07-03
176339,Mary and Martha,Mary and Martha,en,8.37,2013-03-01,2013,6.4,77,2284766,3,0,4306,2013-07-04
117251,White House Down,White House Down,en,27.925,2013-06-27,2013,6.465,4729,2334879,2,0,4309,2013-07-04
68726,Pacific Rim,Pacific Rim,en,67.402,2013-07-11,2013,6.906,12446,1663662,1,0,4334,2013-07-12
205321,Sharknado,Sharknado,en,14.425,2013-07-11,2013,3.923,1575,2724064,3,1,4365,2013-07-18
77987,Only God Forgives,Only God Forgives,en,13.418,2013-05-30,2013,5.839,2414,1602613,3,0,4367,2013-07-18
172631,Family Weekend,Family Weekend,en,7.032,2013-03-28,2013,6.3,207,1821426,3,0,4369,2013-07-19
138843,The Conjuring,The Conjuring,en,116.67,2013-07-18,2013,7.54,11582,1457767,3,0,4370,2013-07-19
77950,Turbo,Turbo,en,29.31,2013-07-11,2013,6.223,3355,1860353,3,1,4375,2013-07-20
173847,Amiche da morire,Amiche da morire,it,4.795,2013-03-07,2013,6.4,249,2343371,3,0,4379,2013-07-21
49524,R.I.P.D.,R.I.P.D.,en,24.204,2013-07-18,2013,5.835,3991,790736,1,0,4382,2013-07-22
165864,Hansel and Gretel Get Baked,Hansel and Gretel Get Baked,en,7.481,2013-02-19,2013,5.2,218,2081194,3,0,4387,2013-07-23
76170,The Wolverine,The Wolverine,en,5.864,2013-07-21,2013,6.416,9621,1430132,3,0,4388,2013-07-24
146216,RED 2,RED 2,en,27.655,2013-07-18,2013,6.5,4022,1821694,3,0,4393,2013-07-25
107985,The World's End,The World's End,en,32.017,2013-07-18,2013,6.8,5405,1213663,2,0,4414,2013-07-29
77931,The Smurfs 2,The Smurfs 2,en,33.332,2013-07-30,2013,5.759,2191,2017020,3,0,4416,2013-07-29
109418,Grown Ups 2,Grown Ups 2,en,85.859,2013-07-11,2013,6.1,4317,2191701,2,0,4419,2013-07-30
147773,The Way Way Back,The Way Way Back,en,10.383,2013-06-06,2013,7.14,1775,1727388,3,0,4420,2013-07-30
170689,Möbius,Möbius,fr,9.652,2013-02-17,2013,5.745,222,2106550,3,1,4426,2013-07-31
129139,The To Do List,The To Do List,en,15.907,2013-07-24,2013,5.8,1007,1758795,3,0,4431,2013-08-02
93828,Welcome to the Punch,Welcome to the Punch,en,14.177,2013-03-15,2013,5.8,647,1684233,1,0,4433,2013-08-03
160588,Blue Jasmine,Blue Jasmine,en,10.736,2013-08-01,2013,6.987,3427,2334873,3,0,4435,2013-08-03
157354,Fruitvale Station,Fruitvale Station,en,14.957,2013-07-26,2013,7.369,1289,2334649,3,1,4436,2013-08-03
205939,The Crown and the Dragon,The Crown and the Dragon,en,1.794,2013-07-25,2013,5.1,31,1913178,3,1,4440,2013-08-04
136400,2 Guns,2 Guns,en,28.622,2013-08-02,2013,6.54,4139,1272878,1,0,4450,2013-08-07
170752,The Hot Flashes,The Hot Flashes,en,4.196,2013-07-12,2013,4.7,50,2201251,3,0,4455,2013-08-08
159014,20 Feet from Stardom,20 Feet from Stardom,en,7.017,2013-06-14,2013,7.209,235,2396566,3,0,4456,2013-08-10
68724,Elysium,Elysium,en,33.153,2013-08-07,2013,6.513,8842,1535108,3,0,4460,2013-08-10
158743,Computer Chess,Computer Chess,en,4.847,2013-07-17,2013,6.058,104,2007360,1,0,4461,2013-08-10
145135,Dark Skies,Dark Skies,en,12.818,2013-02-21,2013,6.306,1771,2387433,2,0,4462,2013-08-10
151960,Planes,Planes,en,26.315,2013-08-09,2013,5.9,1689,1691917,1,0,4463,2013-08-11
59859,Kick-Ass 2,Kick-Ass 2,en,26.464,2013-07-17,2013,6.4,6170,1650554,3,0,4470,2013-08-13
72890,Girl Most Likely,Girl Most Likely,en,6.577,2012-09-07,2012,5.6,256,1698648,3,0,4471,2013-08-14
157360,In a World...,In a World...,en,10.332,2013-08-09,2013,6.354,513,2294677,3,0,4472,2013-08-14
257327,The After-Dinner Mysteries,映画 謎解きはディナーのあとで,ja,4.112,2013-10-30,2013,5.5,10,2188560,2,0,4473,2013-08-15
199581,Captain Battle: Legacy War,Captain Battle: Legacy War,en,1.442,2013-01-12,2013,0.9,6,2387413,3,1,4476,2013-08-15
113148,Prince Avalanche,Prince Avalanche,en,9.73,2013-02-13,2013,6.14,296,2195548,0,0,4488,2013-08-18
133790,Clear History,Clear History,en,7.77,2014-05-02,2014,6.022,251,2279864,2,1,4492,2013-08-19
123553,The Mortal Instruments: City of Bones,The Mortal Instruments: City of Bones,en,28.239,2013-08-21,2013,6.441,4444,1538403,3,0,4509,2013-08-26
270805,Summer League,Summer League,en,0.686,2013-03-18,2013,4.0,3,2585078,3,0,4514,2013-08-28
138832,We're the Millers,We're the Millers,en,44.793,2013-08-07,2013,6.828,8873,1723121,3,0,4507,2013-08-25
214264,The Gamers: Hands of Fate,The Gamers: Hands of Fate,en,1.4,2013-08-15,2013,6.2,16,2312390,3,0,4508,2013-08-26
132363,The Butler,The Butler,en,11.753,2013-08-16,2013,7.3,2863,1327773,3,0,4522,2013-08-29
77663,Killing Season,Killing Season,en,14.84,2013-07-12,2013,5.522,969,1480295,1,0,4537,2013-09-01
218688,UMMAH - Unter Freunden,UMMAH - Unter Freunden,de,3.091,2013-09-12,2013,6.3,31,2664258,1,0,4540,2013-09-04
178809,The Colony,The Colony,en,25.264,2013-04-12,2013,5.442,1136,1160996,1,0,4542,2013-09-05
87421,Riddick,Riddick,en,32.063,2013-09-02,2013,6.3,4057,1411250,0,0,4543,2013-09-05
127517,Disconnect,Disconnect,en,8.323,2013-04-12,2013,7.0,1116,1433811,2,1,4545,2013-09-06
186971,Age of Uprising: The Legend of Michael Kohlhaas,Michael Kohlhaas,fr,9.278,2013-08-14,2013,5.922,206,2054790,1,0,4553,2013-09-11
138697,Don Jon,Don Jon,en,27.792,2013-09-12,2013,6.011,4282,2229499,3,1,4568,2013-09-13
77805,Lovelace,Lovelace,en,16.701,2013-08-08,2013,6.019,688,1426329,3,0,4583,2013-09-14
146223,Closed Circuit,Closed Circuit,en,11.631,2013-08-28,2013,5.922,451,2218003,2,0,4594,2013-09-16
169813,Short Term 12,Short Term 12,en,9.237,2013-08-23,2013,7.769,1293,2370248,3,0,4598,2013-09-17
139651,Haute Cuisine,Les Saveurs du Palais,fr,10.877,2012-09-17,2012,6.2,289,2094877,3,0,4603,2013-09-18
218691,A Pact,Zum Geburtstag,de,0.995,2013-09-19,2013,5.3,10,2865802,2,0,4604,2013-09-18
112205,The Family,The Family,en,21.911,2013-09-13,2013,6.359,2911,2404311,3,0,4607,2013-09-21
179111,A Field in England,A Field in England,en,16.282,2013-07-05,2013,6.227,260,2375574,0,0,4608,2013-09-21
199373,The Frozen Ground,The Frozen Ground,en,15.68,2013-07-11,2013,6.278,1458,2005374,3,0,4609,2013-09-22
156708,Afternoon Delight,Afternoon Delight,en,9.454,2013-08-30,2013,5.8,215,2312890,3,0,4619,2013-09-22
172533,Drinking Buddies,Drinking Buddies,en,11.414,2013-08-23,2013,5.931,806,2265398,3,1,4624,2013-09-24
204582,An American Girl: Saige Paints the Sky,An American Girl: Saige Paints the Sky,en,2.399,2013-07-02,2013,7.1,26,2818348,3,0,4627,2013-09-24
146233,Prisoners,Prisoners,en,65.492,2013-09-19,2013,8.1,11824,1392214,3,0,4641,2013-09-28
223381,Time and the Wind,O Tempo e o Vento,pt,2.949,2013-09-28,2013,7.094,53,2401711,3,0,4642,2013-09-28
191294,We Are the Best!,Vi är bäst!,sv,6.325,2013-03-28,2013,6.986,178,2364975,3,0,4647,2013-09-29
106747,Machete Kills,Machete Kills,en,14.486,2013-09-12,2013,5.606,1895,2002718,3,0,4651,2013-09-30
211954,Instructions Not Included,No se aceptan devoluciones,es,18.296,2013-07-20,2013,7.8,881,2378281,3,1,4652,2013-10-01
146238,Runner Runner,Runner Runner,en,13.98,2013-09-24,2013,5.644,1233,2364841,0,0,4653,2013-10-01
49047,Gravity,Gravity,en,43.025,2013-10-03,2013,7.165,15329,1454468,0,0,4655,2013-10-02
204384,Finsterworld,Finsterworld,de,4.178,2013-06-28,2013,6.336,55,2338864,1,0,4656,2013-10-02
129670,Nebraska,Nebraska,en,7.724,2013-09-21,2013,7.439,1760,1821549,3,0,4658,2013-10-02
152532,Dallas Buyers Club,Dallas Buyers Club,en,16.803,2013-11-01,2013,7.926,8459,790636,3,0,4660,2013-10-03
175528,Baggage Claim,Baggage Claim,en,10.087,2013-09-27,2013,5.343,198,1171222,3,0,4661,2013-10-04
109424,Captain Phillips,Captain Phillips,en,24.947,2013-10-10,2013,7.5,6921,1535109,1,0,4677,2013-10-07
85889,Filth,Filth,en,10.028,2013-09-23,2013,6.9,1712,1450321,1,0,4681,2013-10-09
107846,Escape Plan,Escape Plan,en,35.607,2013-10-09,2013,6.727,5150,1211956,2,1,4689,2013-10-12
197919,A Haunting at Silver Falls,A Haunting at Silver Falls,en,7.755,2013-05-28,2013,4.7,72,1813609,3,0,4701,2013-10-16
152584,Blue Is the Warmest Color,La Vie d'Adèle - Chapitres 1 et 2,fr,29.33,2013-10-09,2013,7.1,4574,2278871,3,0,4704,2013-10-17
122906,About Time,About Time,en,59.251,2013-09-04,2013,7.917,8531,2194499,3,0,4707,2013-10-17
162903,The Fifth Estate,The Fifth Estate,en,11.132,2013-10-11,2013,6.01,1000,1837703,1,0,4714,2013-10-20
357110,The Wine of Summer,The Wine of Summer,en,2.913,2013-09-13,2013,5.938,8,2066133,3,0,4715,2013-10-20
209266,Exit Marrakech,Exit Marrakech,de,2.776,2013-06-28,2013,5.977,22,1982177,2,0,4733,2013-10-25
109091,The Counselor,The Counselor,en,15.562,2013-10-25,2013,5.265,1850,2193215,3,0,4740,2013-10-26
110550,I Used to Be Darker,I Used to Be Darker,en,2.742,2013-10-04,2013,5.647,34,2147728,3,0,4743,2013-10-27
172542,Go for Sisters,Go for Sisters,en,1.509,2013-11-08,2013,6.0,16,2247432,3,0,4751,2013-10-29
80274,Ender's Game,Ender's Game,en,23.133,2013-10-24,2013,6.59,5814,1731141,2,1,4753,2013-10-29
76338,Thor: The Dark World,Thor: The Dark World,en,57.019,2013-10-30,2013,6.521,17309,1981115,3,0,4756,2013-10-31
214100,Sunshine on Leith,Sunshine on Leith,en,7.066,2013-10-03,2013,6.6,127,2481198,3,0,4759,2013-11-01
179538,Witching & Bitching,Las brujas de Zugarramurdi,es,10.091,2013-09-20,2013,6.345,638,2404738,3,0,4768,2013-11-01
256314,Beltracchi: The Art of Forgery,Beltracchi - Die Kunst der Fälschung,de,3.017,2014-03-06,2014,7.1,46,3212568,1,0,5142,2014-02-06
152747,All Is Lost,All Is Lost,en,12.241,2013-08-23,2013,6.64,1600,2017038,0,0,4777,2013-11-04
209263,Enough Said,Enough Said,en,11.964,2013-09-18,2013,6.722,838,2390361,3,0,4781,2013-11-05
110428,"Camille Claudel, 1915","Camille Claudel, 1915",fr,0.236,2013-03-13,2013,6.1,73,2018086,3,1,4788,2013-11-06
112200,Thanks for Sharing,Thanks for Sharing,en,10.256,2013-09-19,2013,5.9,544,1932718,2,0,5079,2014-01-16
224815,Skinwalker Ranch,Skinwalker Ranch,en,6.786,2013-10-30,2013,5.3,115,2881698,0,0,4803,2013-11-09
111190,Adore,Adore,en,31.288,2013-04-03,2013,6.1,967,2103267,3,0,4808,2013-11-11
86829,Inside Llewyn Davis,Inside Llewyn Davis,en,15.779,2013-10-18,2013,7.189,2678,2042568,1,0,4814,2013-11-11
159024,Ass Backwards,Ass Backwards,en,5.874,2013-01-21,2013,4.5,64,1509788,3,0,4816,2013-11-12
184314,Young & Beautiful,Jeune & Jolie,fr,20.409,2013-08-21,2013,6.478,1225,2752200,3,0,4836,2013-11-15
156965,Concussion,Concussion,en,11.806,2013-01-17,2013,5.225,102,2296697,3,0,4840,2013-11-16
160139,Night Train to Lisbon,Night Train to Lisbon,en,11.317,2013-03-07,2013,6.496,400,1654523,1,0,4891,2013-11-30
101299,The Hunger Games: Catching Fire,The Hunger Games: Catching Fire,en,48.89,2013-11-15,2013,7.428,17354,1951264,3,0,4851,2013-11-18
542623,Moving Mountains,Moving Mountains,en,0.725,2014-08-21,2014,0.0,0,2415174,3,0,4853,2013-11-18
204553,Cold Eyes,감시자들,ko,25.249,2013-07-03,2013,7.5,346,2969656,3,1,4855,2013-11-19
191714,The Lunchbox,The Lunchbox,hi,14.182,2013-09-20,2013,7.332,711,2350496,3,0,4857,2013-11-20
109445,Frozen,Frozen,en,132.246,2013-11-20,2013,7.2,16574,2294629,3,0,4858,2013-11-20
152601,Her,Her,en,46.538,2013-12-18,2013,7.9,14281,1798709,2,0,4860,2013-11-20
202215,Queens of the Ring,Les reines du ring,fr,6.572,2013-07-02,2013,5.9,101,2330546,3,0,4866,2013-11-23
205220,Philomena,Philomena,en,10.473,2013-11-01,2013,7.354,1601,2431286,3,0,4888,2013-11-29
313106,Doctor Who: The Day of the Doctor,Doctor Who: The Day of the Doctor,en,15.528,2013-11-23,2013,8.2,749,2779318,3,1,4873,2013-11-25
60932,The Last Keepers,The Last Keepers,en,1.708,2013-01-04,2013,5.0,39,1716767,3,0,4887,2013-11-29
200462,Hansel & Gretel,Hansel & Gretel,en,6.17,2013-01-07,2013,4.7,134,2415464,3,0,4878,2013-11-25
91586,Insidious: Chapter 2,Insidious: Chapter 2,en,35.464,2013-09-12,2013,6.7,4233,2226417,2,0,4879,2013-11-26
152737,August: Osage County,August: Osage County,en,15.492,2013-12-26,2013,6.8,1481,1322269,3,0,4880,2013-11-26
76285,Percy Jackson: Sea of Monsters,Percy Jackson: Sea of Monsters,en,18.507,2013-08-07,2013,6.031,5126,1854564,3,0,4906,2013-12-03
76544,Man of Tai Chi,Man of Tai Chi,en,17.37,2013-07-04,2013,6.1,910,2016940,3,1,4908,2013-12-03
164457,Out of the Furnace,Out of the Furnace,en,11.359,2013-11-09,2013,6.6,1946,1206543,1,0,4910,2013-12-04
168672,American Hustle,American Hustle,en,20.503,2013-12-03,2013,6.852,7253,1800241,3,0,4911,2013-12-04
116745,The Secret Life of Walter Mitty,The Secret Life of Walter Mitty,en,49.831,2013-12-18,2013,7.19,7603,359950,3,0,4912,2013-12-04
57158,The Hobbit: The Desolation of Smaug,The Hobbit: The Desolation of Smaug,en,78.938,2013-12-11,2013,7.574,13194,1170358,3,0,4921,2013-12-06
106646,The Wolf of Wall Street,The Wolf of Wall Street,en,101.123,2013-12-25,2013,8.033,24073,993846,3,0,4922,2013-12-06
157409,Crystal Fairy & the Magical Cactus,Crystal Fairy y el cactus mágico,es,5.261,2013-07-12,2013,6.0,150,2332579,3,0,4924,2013-12-07
162215,How I Live Now,How I Live Now,en,16.296,2013-09-10,2013,6.7,862,1894476,3,0,4925,2013-12-07
172469,Love & Air Sex,Love & Air Sex,en,1.925,2014-02-07,2014,4.359,32,2388759,3,0,5140,2014-02-06
159128,We Are What We Are,We Are What We Are,en,11.252,2013-09-27,2013,5.76,550,2309021,3,0,4948,2013-12-14
232100,Riley Rewind,Riley Rewind,en,1.263,2013-12-12,2013,5.9,19,2944454,3,0,4953,2013-12-16
140823,Saving Mr. Banks,Saving Mr. Banks,en,13.43,2013-11-29,2013,7.3,3290,2140373,3,0,4965,2013-12-20
47964,A Good Day to Die Hard,A Good Day to Die Hard,en,36.159,2013-02-06,2013,5.333,6389,1606378,1,0,4975,2013-12-23
212162,Puella Magi Madoka Magica the Movie Part III: Rebellion,劇場版 魔法少女まどか☆マギカ[新編]叛逆の物語,ja,15.55,2013-10-26,2013,7.7,181,2457282,3,0,4980,2013-12-24
64686,47 Ronin,47 Ronin,en,20.983,2013-12-06,2013,6.183,3819,1335975,2,0,4989,2013-12-26
191312,For Elise,Para Elisa,es,2.597,2013-09-20,2013,5.2,36,2403419,3,0,4996,2013-12-27
152603,Only Lovers Left Alive,Only Lovers Left Alive,en,16.827,2013-12-12,2013,7.224,2191,1714915,3,1,5000,2013-12-28
206213,Zombie Hunter,Zombie Hunter,en,5.396,2013-07-25,2013,4.0,96,2446502,3,0,5001,2013-12-28
169881,The Physician,The Physician,en,18.616,2013-12-25,2013,7.341,1066,2101473,1,0,5011,2013-12-30
203833,The Book Thief,The Book Thief,en,16.149,2013-11-08,2013,7.488,4298,816442,3,0,5014,2013-12-30
169219,The Dyatlov Pass Incident,The Dyatlov Pass Incident,en,14.681,2013-02-27,2013,5.899,655,1905040,3,0,5015,2013-12-31
190853,Suzanne,Suzanne,fr,5.077,2013-12-17,2013,6.929,133,2298416,3,0,5020,2014-01-01
206408,Chinese Puzzle,Casse-Tête Chinois,fr,9.231,2013-12-04,2013,6.585,682,1937118,3,0,5021,2014-01-01
190880,"Me, Myself and Mum","Les Garçons et Guillaume, à table !",fr,10.938,2013-11-20,2013,6.664,651,2315200,1,0,5022,2014-01-01
192136,Mandela: Long Walk to Freedom,Mandela: Long Walk to Freedom,en,13.097,2013-11-28,2013,6.86,526,2304771,1,0,5023,2014-01-01
76203,12 Years a Slave,12 Years a Slave,en,41.061,2013-10-18,2013,7.9,11268,2024544,3,0,5033,2014-01-03
96721,Rush,Rush,en,32.078,2013-09-02,2013,7.7,7143,1979320,1,0,5061,2014-01-11
127560,The Railway Man,The Railway Man,en,10.943,2013-12-02,2013,6.858,724,2058107,0,0,5062,2014-01-12
258216,Nymphomaniac: Vol. I,Nymphomaniac: Vol. I,en,8.836,2013-12-25,2013,6.857,3381,1937390,3,0,5067,2014-01-12
216156,Still Life,Still Life,en,5.987,2013-11-28,2013,7.519,363,2395417,1,0,5076,2014-01-15
223706,Boy & the World,O Menino e o Mundo,pt,7.702,2014-01-17,2014,7.279,226,3183630,0,0,5085,2014-01-18
270922,Kärlek deluxe,Kärlek deluxe,sv,1.539,2014-01-17,2014,6.0,2,2792728,3,1,5093,2014-01-21
239619,Hanna's Journey,Hannas Reise,de,2.015,2014-01-23,2014,6.139,18,2429414,3,0,5096,2014-01-22
209504,Bounty Killer,Bounty Killer,en,9.753,2013-09-05,2013,5.7,202,2369396,3,1,5097,2014-01-22
152780,The Past,Le passé,fr,9.422,2013-05-17,2013,7.245,551,2404461,3,1,5105,2014-01-25
156711,Austenland,Austenland,en,12.376,2013-08-15,2013,6.4,455,1985019,3,0,5106,2014-01-25
109451,Cloudy with a Chance of Meatballs 2,Cloudy with a Chance of Meatballs 2,en,38.465,2013-09-26,2013,6.432,3190,1985966,3,0,5110,2014-01-28
225703,The Starving Games,The Starving Games,en,0.642,2013-11-07,2013,4.176,635,2403029,3,0,5111,2014-01-28
214047,Kiss Me You Fucking Moron,Kyss meg for faen i helvete,no,2.826,2013-08-09,2013,6.3,17,2829458,3,0,5113,2014-01-28
172897,Some Girl(s),Some Girl(s),en,4.974,2013-06-28,2013,5.2,74,2201221,1,0,5114,2014-01-28
214093,Love Is the Perfect Crime,L'amour est un crime parfait,fr,4.924,2013-09-27,2013,5.6,105,3103576,2,0,5119,2014-01-31
249397,Nymphomaniac: Vol. II,Nymphomaniac: Vol. II,en,76.146,2013-12-25,2013,6.729,2919,2382009,3,0,5121,2014-02-01
159117,V/H/S/2,V/H/S/2,en,18.273,2013-06-06,2013,6.2,1051,2450186,3,1,5126,2014-02-01
232175,Gimme Shelter,Gimme Shelter,en,9.334,2013-10-17,2013,6.569,239,1657510,1,0,5131,2014-02-03
74461,Knights of Badassdom,Knights of Badassdom,en,8.628,2013-01-21,2013,5.586,406,1545660,3,1,5145,2014-02-07
176068,+1,+1,en,8.539,2013-09-20,2013,5.3,258,2395385,3,1,5150,2014-02-08
159625,Best Friends Forever,Best Friends Forever,en,1.543,2013-01-19,2013,5.2,8,2224073,3,0,5156,2014-02-10
137093,Last Vegas,Last Vegas,en,18.403,2013-10-31,2013,6.41,2119,1204975,1,0,5161,2014-02-11
158914,The Look of Love,The Look of Love,en,9.369,2013-04-26,2013,5.592,114,1951216,3,1,5162,2014-02-13
87516,Oldboy,Oldboy,en,22.169,2013-11-14,2013,5.93,1956,1321511,2,0,5167,2014-02-14
159002,Cutie and the Boxer,Cutie and the Boxer,en,2.945,2013-08-16,2013,6.889,72,2355540,0,0,5169,2014-02-15
188489,Birdemic 2: The Resurrection,Birdemic 2: The Resurrection,en,5.776,2013-04-09,2013,2.1,114,1674047,3,0,5176,2014-02-16
160068,Gloria,Gloria,es,6.291,2013-02-10,2013,6.643,178,2425486,3,0,5177,2014-02-16
166271,Haunter,Haunter,en,8.98,2013-10-17,2013,6.093,561,2345567,3,0,5180,2014-02-17
168429,My Sisters,Meine Schwestern,de,1.135,2014-02-06,2014,6.5,6,2582008,3,0,5188,2014-02-20
177945,"Like Father, Like Son",そして父になる,ja,19.75,2013-09-24,2013,7.643,701,2331143,3,0,5190,2014-02-22
104329,Last Passenger,Last Passenger,en,7.936,2013-10-18,2013,5.5,153,1858481,3,1,5193,2014-02-22
167221,Long Live Freedom,Viva la libertà,it,4.771,2013-02-13,2013,6.8,195,2523600,1,0,5203,2014-02-25
146304,The Best Man Holiday,The Best Man Holiday,en,12.007,2013-11-15,2013,6.6,258,2083355,3,0,5215,2014-02-28
159774,Zip & Zap and the Marble Gang,Zipi y Zape y el club de la canica,es,6.031,2013-10-04,2013,6.0,85,2388821,0,0,5225,2014-03-03
150117,I Give It a Year,I Give It a Year,en,10.832,2013-02-08,2013,5.518,751,2244901,3,0,5268,2014-03-11
206284,Grace Unplugged,Grace Unplugged,en,8.171,2013-10-04,2013,6.0,59,2349460,3,1,5269,2014-03-11
145247,The 100 Year-Old Man Who Climbed Out the Window and Disappeared,Hundraåringen som klev ut genom fönstret och försvann,sv,11.766,2013-12-25,2013,6.795,926,2113681,1,0,5272,2014-03-11
233063,Suck Me Shakespeer,Fack ju Göhte,de,18.926,2013-11-07,2013,7.017,1655,2987732,3,0,5273,2014-03-11
209415,Living Is Easy with Eyes Closed,Vivir es fácil con los ojos cerrados,es,6.432,2013-10-31,2013,6.7,156,2896036,0,0,5283,2014-03-15
126963,Dragon Ball Z: Battle of Gods,ドラゴンボールZ 神と神,ja,49.752,2013-03-30,2013,6.785,1534,2263944,3,1,5292,2014-03-17
110415,Snowpiercer,Snowpiercer,ko,65.012,2013-08-01,2013,6.9,9551,1706620,3,1,5296,2014-03-18
152795,The Congress,The Congress,en,12.964,2013-07-03,2013,6.4,519,1821641,3,0,5298,2014-03-18
109443,Anchorman 2: The Legend Continues,Anchorman 2: The Legend Continues,en,20.467,2013-12-18,2013,6.139,2574,1229340,3,0,5309,2014-03-22
174671,Dark Touch,Dark Touch,en,4.225,2013-09-27,2013,5.119,113,2328549,3,0,5311,2014-03-22
157375,The Lifeguard,The Lifeguard,en,11.323,2013-08-30,2013,5.452,280,2265534,3,0,5322,2014-03-25
209274,Ida,Ida,pl,13.129,2013-10-25,2013,7.2,970,2718492,3,0,5335,2014-03-28
222230,Angelique,Angélique,fr,10.221,2013-12-18,2013,6.517,115,2776074,3,0,5354,2014-04-03
157370,Kill Your Darlings,Kill Your Darlings,en,13.236,2013-10-16,2013,7.1,1343,1311071,1,0,5362,2014-04-04
223709,Rhino Full Throttle,Nashorn im Galopp,de,1.063,2013-02-13,2013,5.8,13,2656122,0,0,5374,2014-04-08
157690,On My Way,Elle s'en va,fr,6.843,2013-05-16,2013,6.457,94,2289538,3,0,5376,2014-04-09
197082,Venus in Fur,La Vénus à la fourrure,fr,11.943,2013-05-28,2013,7.274,688,2406252,0,0,5377,2014-04-09
158999,Blackfish,Blackfish,en,9.766,2013-06-07,2013,7.856,1105,2545118,3,0,5389,2014-04-12
204349,Contracted,Contracted,en,11.012,2013-07-07,2013,5.4,494,2281159,3,0,5400,2014-04-15
214030,Fading Gigolo,Fading Gigolo,en,11.75,2013-09-07,2013,5.8,580,2258345,2,0,5428,2014-05-02
199723,Trap for Cinderella,Trap for Cinderella,en,3.004,2013-07-12,2013,5.3,38,1766175,3,0,5436,2014-05-03
188183,Finding Mr. Right,北京遇上西雅图,zh,5.975,2013-03-21,2013,6.429,106,2169322,1,1,5448,2014-05-05
170657,Journey to the West: Conquering the Demons,西游·降魔篇,zh,20.287,2013-02-07,2013,6.9,371,2017561,2,1,5457,2014-05-09
209403,Bad Words,Bad Words,en,10.153,2013-09-06,2013,6.378,811,2170299,2,0,5460,2014-05-10
214075,Words and Pictures,Words and Pictures,en,6.223,2014-05-22,2014,6.4,227,2380331,3,0,5464,2014-05-12
181894,An Easter Bunny Puppy,An Easter Bunny Puppy,en,1.245,2013-03-01,2013,2.571,7,2599226,3,0,5478,2014-05-16
174323,G.B.F.,G.B.F.,en,0.257,2014-01-17,2014,5.957,388,2429074,3,0,5480,2014-05-16
179826,Odd Thomas,Odd Thomas,en,14.552,2013-01-29,2013,6.9,1329,1767354,3,0,5490,2014-05-19
158936,Interior. Leather Bar.,Interior. Leather Bar.,en,3.948,2013-10-02,2013,5.5,57,2352488,1,0,5491,2014-05-19
154282,Touchy Feely,Touchy Feely,en,5.141,2013-09-06,2013,4.7,78,2364949,3,0,5507,2014-05-28
178290,The Punk Singer,The Punk Singer,en,4.369,2013-11-29,2013,7.182,85,1785612,3,0,5518,2014-05-31
238475,Best Night Ever,Best Night Ever,en,8.248,2014-01-31,2014,4.233,86,2499414,3,0,5520,2014-05-31
152599,The Immigrant,The Immigrant,en,17.955,2013-11-27,2013,6.321,819,1951181,3,0,5525,2014-06-03
192132,Palo Alto,Palo Alto,en,7.678,2014-05-09,2014,6.1,859,2479800,3,0,5526,2014-06-03
210479,Locke,Locke,en,13.731,2014-04-10,2014,6.907,2670,2692904,0,0,5527,2014-06-03
143144,Justice Is Mind,Justice Is Mind,en,1.35,2013-08-18,2013,7.0,3,2289920,3,0,5537,2014-06-05
177047,Decoding Annie Parker,Decoding Annie Parker,en,10.828,2014-05-02,2014,6.049,82,1464191,3,0,5541,2014-06-06
174337,The Pretty One,The Pretty One,en,5.365,2014-02-07,2014,6.1,235,2140577,3,0,5542,2014-06-06
76640,The Last Stand,The Last Stand,en,16.955,2013-01-12,2013,6.072,2775,1549920,1,0,5570,2014-06-17
156700,The Kings of Summer,The Kings of Summer,en,13.462,2013-01-19,2013,7.0,1117,2179116,2,0,5576,2014-06-19
149870,The Wind Rises,風立ちぬ,ja,31.49,2013-07-20,2013,7.8,3023,2013293,3,0,5579,2014-06-20
309018,Life Inside Out,Life Inside Out,en,3.58,2014-10-17,2014,5.9,7,2543508,3,0,5587,2014-06-23
209185,The Grand Seduction,The Grand Seduction,en,7.852,2014-05-30,2014,6.64,314,2319580,1,0,5589,2014-06-23
257874,Beneath,Beneath,en,6.132,2013-10-08,2013,5.4,154,2991296,0,0,5604,2014-06-30
157841,The Young and Prodigious T.S. Spivet,The Young and Prodigious T.S. Spivet,en,25.318,2013-10-16,2013,6.8,795,1981107,3,0,5607,2014-06-30
182127,Ip Man: The Final Fight,葉問：終極一戰,cn,2.492,2013-03-22,2013,6.1,382,2495118,3,0,5613,2014-07-04
203819,Tracks,Tracks,en,0.455,2013-12-19,2013,6.922,520,2167266,3,0,5622,2014-07-08
212167,Patema Inverted,サカサマのパテマ,ja,19.221,2013-11-09,2013,7.3,406,2981768,0,0,5626,2014-07-10
210908,All Cheerleaders Die,All Cheerleaders Die,en,7.208,2013-10-31,2013,5.225,387,2527186,3,0,5630,2014-07-12
197033,Geography Club,Geography Club,en,6.598,2013-04-27,2013,6.2,143,2235902,3,0,5637,2014-07-14
204082,Homefront,Homefront,en,35.924,2013-11-12,2013,6.944,3495,2312718,2,0,5640,2014-07-15
175447,Once Upon a Time in Vietnam,Il était une fois au Viêtnam,vi,2.299,2013-08-21,2013,5.5,10,2531258,0,0,5641,2014-07-15
157834,The Zero Theorem,The Zero Theorem,en,9.619,2013-09-20,2013,6.111,1204,2333804,0,0,5647,2014-07-23
215031,Gabrielle,Gabrielle,fr,2.701,2013-09-20,2013,6.5,38,3106846,3,0,5652,2014-07-24
188166,Blue Ruin,Blue Ruin,en,10.78,2014-04-25,2014,6.798,1439,2359024,3,0,5653,2014-07-25
188761,The German Doctor,Wakolda,es,5.757,2013-05-19,2013,6.5,145,1847746,3,0,5714,2014-08-24
158990,Wrong Cops,Wrong Cops,en,10.107,2013-12-18,2013,6.093,297,2166616,1,0,5670,2014-07-31
165463,The Priest's Children,Svećenikova djeca,hr,5.205,2013-01-03,2013,6.3,62,2395421,1,0,5672,2014-08-01
257527,Sadako 3D 2,貞子3D2,ja,6.254,2013-08-30,2013,4.8,55,2440362,3,0,5676,2014-08-04
309038,300 Worte Deutsch,300 Worte Deutsch,de,2.568,2015-02-05,2015,5.603,39,2288044,3,0,5707,2014-08-19
209244,Are You Here,Are You Here,en,10.25,2013-09-07,2013,5.144,267,1545754,3,1,5727,2014-09-06
159095,In Fear,In Fear,en,7.548,2013-04-03,2013,5.55,218,2165859,0,0,5732,2014-09-07
111473,The Invisible Woman,The Invisible Woman,en,10.396,2013-12-25,2013,5.909,197,1700845,3,0,5746,2014-09-14
209249,The Love Punch,The Love Punch,en,10.996,2014-01-13,2014,6.012,433,2234261,3,0,5754,2014-09-17
194722,At Middleton,At Middleton,en,8.132,2013-10-09,2013,6.2,180,1483324,3,0,5758,2014-09-18
174675,The Machine,The Machine,en,12.616,2013-04-25,2013,5.919,800,2317225,3,1,5787,2014-09-28
167305,Kill for Me,Kill for Me,en,6.523,2013-02-12,2013,5.7,104,2085957,3,0,5809,2014-10-05
212967,Ashley,Ashley,en,5.174,2013-08-09,2013,4.8,30,2084093,3,0,5822,2014-10-09
167683,Reaching for the Moon,Flores Raras,pt,7.927,2013-02-09,2013,6.6,92,2217458,3,0,5829,2014-10-10
146243,Haunt,Haunt,en,9.584,2014-06-27,2014,5.237,226,2386278,3,0,5841,2014-10-15
188538,Remember Sunday,Remember Sunday,en,7.146,2013-04-21,2013,7.1,491,2770480,3,0,5845,2014-10-16
244801,52 Tuesdays,52 Tuesdays,en,1.579,2014-05-01,2014,5.2,32,3100636,3,0,5849,2014-10-19
230152,Bends,過界,zh,3.249,2013-10-16,2013,5.5,10,2852460,3,0,5853,2014-10-19
248372,The Princess Twins of Legendale,The Princess Twins of Legendale,en,0.669,2013-08-15,2013,8.2,4,3122122,3,0,5861,2014-10-22
252529,Another Me,Another Me,en,6.538,2013-11-15,2013,5.361,241,1816608,3,0,5882,2014-10-28
149509,Horns,Horns,en,12.111,2013-09-06,2013,6.3,2287,1528071,3,1,5893,2014-11-02
227200,Barbie & Her Sisters in A Pony Tale,Barbie & Her Sisters in A Pony Tale,en,15.123,2013-10-07,2013,7.0,175,3321254,3,0,5895,2014-11-03
149871,The Tale of The Princess Kaguya,かぐや姫の物語,ja,15.681,2013-11-23,2013,8.1,1789,2576852,3,0,5896,2014-11-03
157351,The Truth About Emanuel,The Truth About Emanuel,en,9.233,2014-01-10,2014,5.959,243,1838520,3,0,5903,2014-11-06
59981,Legends of Oz: Dorothy's Return,Legends of Oz: Dorothy's Return,en,13.46,2014-05-08,2014,6.3,365,884726,3,0,5917,2014-11-12
157386,The Spectacular Now,The Spectacular Now,en,19.614,2013-08-02,2013,6.657,2852,1714206,2,0,5987,2014-12-16
257244,Down River,Down River,en,0.938,2013-10-05,2013,5.5,2,2202928,3,0,5989,2014-12-17
286250,Traces of Sandalwood,Rastres de sàndal,ca,1.672,2014-11-28,2014,5.8,14,3521332,3,0,5992,2014-12-19
202141,Particle Fever,Particle Fever,en,5.453,2013-06-14,2013,7.051,227,1385956,3,0,6004,2014-12-31
212063,Tim's Vermeer,Tim's Vermeer,en,5.756,2013-12-06,2013,7.225,151,3089388,2,0,6006,2014-12-31
271295,The Vivian Maier Mystery,The Vivian Maier Mystery,en,0.547,2013-12-17,2013,8.1,7,3252208,3,0,6082,2015-01-27
212716,What If,What If,en,11.917,2013-09-07,2013,6.735,1948,1486834,3,0,6083,2015-01-27
191820,The Devil's Violinist,The Devil's Violinist,en,8.02,2013-01-30,2013,6.6,163,2401715,3,0,6086,2015-01-28
217708,Of Horses and Men,Hross í oss,is,4.284,2013-08-30,2013,7.0,70,3074732,3,0,6100,2015-02-05
227094,The Returned,The Returned,en,8.801,2013-11-15,2013,6.041,209,2093270,3,0,6110,2015-02-16
192210,Open Road,Open Road,en,2.901,2013-04-12,2013,5.024,42,1922679,3,0,6130,2015-03-03
156236,Cycling with Molière,Alceste à bicyclette,fr,6.341,2013-01-16,2013,6.5,204,2207050,2,0,6138,2015-03-08
217923,Young Detective Dee: Rise of the Sea Dragon,狄仁杰之神都龙王,zh,17.349,2013-09-27,2013,6.3,272,2992146,2,0,6142,2015-03-11
209350,Le Week-End,Le Week-End,en,4.919,2013-10-04,2013,6.202,131,2392326,1,0,6145,2015-03-12
208277,Wetlands,Feuchtgebiete,de,5.622,2013-08-22,2013,5.3,286,2524674,3,0,6167,2015-03-27
167032,Curse of Chucky,Curse of Chucky,en,23.899,2013-10-08,2013,5.896,1557,2230358,3,0,6232,2015-05-07
231565,Zoran: My Nephew the Idiot,Zoran: Il mio nipote scemo,it,3.047,2013-10-31,2013,6.173,49,3078718,0,0,6246,2015-05-17
215881,Plush,Plush,en,6.043,2013-09-13,2013,5.6,103,2226519,3,0,6272,2015-05-25
204436,Jack and the Cuckoo-Clock Heart,Jack et la mécanique du cœur,fr,19.141,2014-02-05,2014,7.218,710,1181840,3,0,6377,2015-07-29
179144,The Great Beauty,La grande bellezza,it,14.467,2013-05-21,2013,7.5,3089,2358891,3,0,6415,2015-08-21
218425,Frequencies,Frequencies,en,11.319,2013-07-24,2013,6.5,395,2414766,3,0,6437,2015-09-07
256199,First Period,First Period,en,1.082,2013-07-27,2013,5.8,14,2508258,3,0,6458,2015-09-19
167502,Is the Man Who Is Tall Happy?,Is the Man Who Is Tall Happy?,en,3.413,2013-11-22,2013,6.872,82,1817287,0,0,6483,2015-10-10
159770,The Dirties,The Dirties,en,7.931,2013-10-04,2013,6.27,122,2334896,3,0,6559,2015-11-24
217341,Rewind,Rewind,en,5.821,2013-08-26,2013,5.7,43,2193185,1,0,6570,2015-12-03
177888,Teen Beach Movie,Teen Beach Movie,en,12.88,2013-08-07,2013,6.9,915,2325989,3,0,6647,2016-01-02
220289,Coherence,Coherence,en,41.421,2013-09-19,2013,7.229,2912,2866360,3,0,6686,2016-01-28
145197,Upstream Color,Upstream Color,en,12.93,2013-04-05,2013,6.361,722,2084989,0,0,6693,2016-01-28
143049,Adult World,Adult World,en,11.227,2014-02-14,2014,6.0,367,1067765,3,0,6699,2016-01-30
169760,Maidentrip,Maidentrip,en,2.432,2014-01-17,2014,7.033,60,2555268,3,0,6709,2016-02-03
277522,A Picture of You,A Picture of You,en,0.634,2014-06-20,2014,6.2,8,2351098,3,0,6727,2016-02-15
186976,The Golden Dream,La jaula de oro,es,6.65,2013-10-25,2013,6.8,140,2042583,0,0,6734,2016-02-18
203793,Stalingrad,Сталинград,ru,0.517,2013-10-09,2013,6.5,353,1966566,1,0,6750,2016-02-28
181886,Enemy,Enemy,en,24.784,2014-03-14,2014,6.867,5837,2316411,1,0,6753,2016-02-29
194101,The Selfish Giant,The Selfish Giant,en,5.652,2013-10-25,2013,7.248,212,2304426,1,0,6892,2016-05-18
166666,3096 Days,3096 Tage,de,14.429,2013-02-21,2013,7.439,890,1667355,3,1,6940,2016-06-19
214091,The Last of Robin Hood,The Last of Robin Hood,en,4.424,2013-09-06,2013,5.6,55,2450440,3,0,6966,2016-07-08
674512,138 segons. L'enigma Gironès,138 segons. L'enigma Gironès,es,0.062,2013-02-19,2013,6.0,1,2964334,1,0,7050,2016-08-18
168022,Monster Pies,Monster Pies,en,4.109,2013-04-10,2013,5.7,47,2379082,2,0,7137,2016-09-24
363495,Caged,Uitgesproken,nl,1.263,2013-10-01,2013,5.5,10,3348476,1,0,7139,2016-09-24
398486,Ronny & i,Ronny & i,en,1.1,2013-03-26,2013,6.8,12,2831440,0,0,7141,2016-09-25
340799,Wastelands,Wastelands,nl,0.371,2013-03-16,2013,5.7,9,2795478,0,0,7150,2016-09-26
254924,Lost Angel,Lost Angel,en,0.781,2013-10-01,2013,5.6,5,2796584,0,0,7151,2016-09-26
242546,Bayonetta: Bloody Fate,ベヨネッタ ブラッディフェイト,ja,11.902,2013-11-23,2013,6.607,89,3306776,3,0,7204,2016-10-17
183011,Justice League: The Flashpoint Paradox,Justice League: The Flashpoint Paradox,en,17.922,2013-07-30,2013,7.9,1828,2820466,2,0,7207,2016-10-17
225745,Steins;Gate: The Movie - Load Region of Déjà Vu,劇場版 STEINS;GATE 負荷領域のデジャヴ,ja,14.534,2013-04-20,2013,7.624,344,2967286,3,0,7400,2017-01-16
175291,Cheap Thrills,Cheap Thrills,en,8.997,2013-03-08,2013,6.384,414,2389182,1,0,7424,2017-01-31
238628,Tangerines,Mandariinid,et,10.09,2013-10-16,2013,7.687,517,2991224,0,0,7533,2017-03-26
152742,The Best Offer,La migliore offerta,it,14.393,2013-01-01,2013,7.831,2837,1924396,1,0,7585,2017-04-22
158884,A Teacher,A Teacher,en,10.447,2013-09-06,2013,4.6,90,2201548,3,0,7694,2017-06-18
70706,Very Good Girls,Very Good Girls,en,11.002,2013-01-22,2013,5.8,425,1931602,3,0,7716,2017-07-02
177699,Alan Partridge: Alpha Papa,Alan Partridge: Alpha Papa,en,12.207,2013-07-24,2013,6.639,446,469021,3,1,7731,2017-07-09
174316,A Case of You,A Case of You,en,11.296,2013-11-06,2013,5.6,299,1817081,3,1,7765,2017-08-01
247466,Vino Veritas,Vino Veritas,en,0.321,2013-07-28,2013,10.0,2,1647413,3,0,7783,2017-08-25
157449,She Made Them Do It,She Made Them Do It,en,4.212,2012-12-28,2012,6.0,36,2336846,1,0,7807,2017-09-20
139038,A Haunted House,A Haunted House,en,26.888,2013-01-11,2013,5.941,1898,2243537,3,1,8306,2018-06-24
245508,Christmas in the City,Christmas in the City,en,5.636,2013-12-25,2013,5.512,41,3015110,3,0,7921,2017-11-25
244610,The Den,The Den,en,14.087,2013-12-12,2013,6.043,337,2503154,3,0,7959,2017-12-21
157115,Jug Face,Jug Face,en,7.686,2013-08-09,2013,5.193,168,2620736,3,0,8101,2018-03-10
193756,Lone Survivor,Lone Survivor,en,33.972,2013-12-24,2013,7.4,4306,1091191,0,0,8195,2018-05-08
153738,Frankenstein’s Army,Frankenstein's Army,en,7.546,2013-01-24,2013,6.1,251,1925435,0,0,8454,2018-10-24
204397,White Lies,White Lies,en,1.154,2013-06-26,2013,5.8,5,2386257,3,0,8629,2019-02-03
185008,Yeh Jawaani Hai Deewani,ये जवानी है दीवानी,hi,14.376,2013-05-31,2013,7.22,259,2178470,3,0,8745,2019-05-15
203217,My Mom Is a Character,Minha Mãe é uma Peça: O Filme,pt,6.198,2013-06-21,2013,7.7,650,2464018,3,0,8817,2019-08-12
111479,CBGB,CBGB,en,8.319,2013-10-11,2013,6.423,168,1786751,1,0,8920,2019-12-05
291375,Sleeping with the Fishes,Sleeping with the Fishes,en,2.499,2013-08-10,2013,6.2,5,2286988,3,0,8954,2020-01-08
219343,Lucia,ಲೂಸಿಯಾ,kn,3.538,2013-10-19,2013,7.192,52,2358592,3,0,9070,2020-04-07
212153,PERSONA3 THE MOVIE #1 Spring of Birth,劇場版 ペルソナ3 第1章 Spring of Birth,ja,8.352,2013-11-23,2013,7.2,59,3198652,3,0,9170,2020-06-15
146239,Delivery Man,Delivery Man,en,10.165,2013-10-10,2013,6.2,1471,2387559,1,0,9462,2021-02-02
297676,Hakuouki: Wild Dance of Kyoto,劇場版 薄桜鬼 第一章 京都乱舞,ja,5.868,2013-08-24,2013,6.1,17,3856638,0,0,9521,2021-03-14
146015,The Double,The Double,en,11.533,2014-04-03,2014,6.513,982,1825157,1,0,9553,2021-03-14
192538,Hammer of the Gods,Hammer of the Gods,en,8.277,2013-07-05,2013,4.382,153,2193418,1,0,9613,2021-04-03
168903,Barbie in the Pink Shoes,Barbie in the Pink Shoes,en,12.127,2013-02-14,2013,6.887,372,2630134,3,0,9815,2021-05-12
186992,Stranger by the Lake,L'Inconnu du lac,fr,16.471,2013-06-12,2013,6.3,427,2852458,0,0,10020,2021-08-24
188207,The Legend of Hercules,The Legend of Hercules,en,19.118,2014-01-10,2014,4.796,1318,1043726,2,0,5068,2014-01-13
137094,Jack Ryan: Shadow Recruit,Jack Ryan: Shadow Recruit,en,20.072,2014-01-15,2014,6.1,2847,1205537,1,0,5090,2014-01-20
205601,Belle,Belle,en,11.352,2013-05-01,2013,7.2,675,2404181,3,0,5449,2014-05-05
168530,Ride Along,Ride Along,en,21.443,2014-01-07,2014,6.3,2243,1408253,0,0,5104,2014-01-25
137106,The Lego Movie,The Lego Movie,en,40.434,2014-02-06,2014,7.4,7856,1490017,3,0,5132,2014-02-04
203739,Vampire Academy,Vampire Academy,en,15.495,2014-02-07,2014,6.336,1745,1686821,3,0,5135,2014-02-04
152760,The Monuments Men,The Monuments Men,en,14.725,2014-01-24,2014,6.1,3582,2177771,0,0,5144,2014-02-07
241842,Dead Snow 2: Red vs. Dead,Død Snø 2,no,16.646,2014-02-12,2014,6.541,629,2832470,3,0,5149,2014-02-08
254426,Fields of the Dead,Fields of the Dead,en,1.292,2014-02-04,2014,3.0,21,3186838,3,0,5157,2014-02-10
252178,'71,'71,en,14.402,2014-10-10,2014,6.8,1121,2614684,0,0,5159,2014-02-11
97020,RoboCop,RoboCop,en,27.335,2014-01-30,2014,5.9,5479,1234721,2,0,5164,2014-02-14
243568,Lizzie Borden Took an Ax,Lizzie Borden Took an Ax,en,8.785,2014-01-25,2014,5.8,147,3118958,3,0,5175,2014-02-16
192102,3 Days to Kill,3 Days to Kill,en,20.796,2014-02-14,2014,6.089,2160,2172934,3,0,5192,2014-02-22
255718,Barbie: The Pearl Princess,Barbie: The Pearl Princess,en,15.496,2014-02-15,2014,6.968,331,3504064,3,0,5194,2014-02-22
76649,Pompeii,Pompeii,en,26.26,2014-02-18,2014,5.541,3222,1921064,3,0,5196,2014-02-23
227707,The Adventurer: The Curse of the Midas Box,The Adventurer: The Curse of the Midas Box,en,9.701,2013-12-05,2013,5.6,224,1376213,1,0,5207,2014-02-26
258030,The Pā Boys,The Pā Boys,en,0.338,2014-02-06,2014,6.5,1,3515892,2,0,5214,2014-02-28
225574,Non-Stop,Non-Stop,en,29.48,2014-02-26,2014,6.8,5342,2024469,3,0,5217,2014-03-01
100241,"I, Frankenstein","I, Frankenstein",en,15.533,2014-01-22,2014,5.355,1927,1418377,1,0,5218,2014-03-01
227348,Paranormal Activity: The Marked Ones,Paranormal Activity: The Marked Ones,en,20.239,2014-01-01,2014,5.401,1429,2473682,2,1,5219,2014-03-01
137321,Winter's Tale,Winter's Tale,en,10.417,2014-02-13,2014,6.266,1333,1837709,3,0,5220,2014-03-02
82703,Mr. Peabody & Sherman,Mr. Peabody & Sherman,en,26.668,2014-02-07,2014,6.7,2360,864835,1,0,5221,2014-03-02
120467,The Grand Budapest Hotel,The Grand Budapest Hotel,en,53.291,2014-02-26,2014,8.045,14845,2278388,1,0,5229,2014-03-04
225565,That Awkward Moment,That Awkward Moment,en,10.041,2014-01-29,2014,6.1,2630,1800246,3,1,5236,2014-03-05
53182,300: Rise of an Empire,300: Rise of an Empire,en,46.759,2014-03-05,2014,6.1,6512,1253863,1,0,5256,2014-03-08
236399,Flowers in the Attic,Flowers in the Attic,en,19.183,2014-01-18,2014,6.678,367,3074694,3,0,5263,2014-03-09
247645,Queen,Queen,hi,10.052,2014-03-07,2014,7.358,271,3322420,3,0,5280,2014-03-14
177494,Veronica Mars,Veronica Mars,en,11.631,2014-03-13,2014,6.624,1067,2771372,3,0,5282,2014-03-14
157350,Divergent,Divergent,en,54.858,2014-03-14,2014,6.916,12803,1840309,3,0,5308,2014-03-22
258357,The Whole Shebang,Alles Inklusive,de,2.237,2014-03-06,2014,4.8,12,3469518,3,0,5327,2014-03-25
249660,God's Not Dead,God's Not Dead,en,22.377,2014-03-21,2014,6.02,893,2528814,3,0,5337,2014-03-29
172385,Rio 2,Rio 2,en,34.882,2014-03-19,2014,6.5,3485,2357291,3,0,5340,2014-03-31
230779,Cesar Chavez,Cesar Chavez,en,4.542,2014-03-28,2014,6.2,59,1621046,3,0,5345,2014-03-31
141043,A Long Way Down,A Long Way Down,en,11.042,2014-03-20,2014,6.2,871,458413,3,0,5346,2014-03-31
86834,Noah,Noah,en,27.763,2014-03-07,2014,5.673,6212,1959490,3,0,5348,2014-04-01
251227,Camp Takota,Camp Takota,en,3.008,2014-02-14,2014,5.7,73,3097084,3,0,5349,2014-04-01
100402,Captain America: The Winter Soldier,Captain America: The Winter Soldier,en,37.046,2014-03-20,2014,7.7,18787,1843866,3,0,5351,2014-04-02
364438,Lies I Told My Little Sister,Lies I Told My Little Sister,en,0.881,2014-03-22,2014,0.0,0,2287861,3,0,5353,2014-04-03
198185,Million Dollar Arm,Million Dollar Arm,en,8.645,2014-05-09,2014,6.729,613,1647668,1,0,5387,2014-04-11
237791,The Way He Looks,Hoje Eu Quero Voltar Sozinho,pt,10.914,2014-04-10,2014,7.9,937,1702014,3,0,5388,2014-04-12
157847,Joe,Joe,en,13.239,2014-04-11,2014,6.504,925,2382396,2,1,5396,2014-04-14
97370,Under the Skin,Under the Skin,en,16.064,2014-03-14,2014,6.1,3426,1441395,0,0,5397,2014-04-14
157353,Transcendence,Transcendence,en,22.991,2014-04-16,2014,6.04,5383,2209764,1,0,5405,2014-04-20
253687,Smart Ass,La Crème de la crème,fr,6.341,2014-04-02,2014,6.018,282,2536428,3,0,5408,2014-04-21
242042,Barefoot,Barefoot,en,16.017,2014-02-02,2014,6.587,618,2355495,3,0,5409,2014-04-21
157547,Oculus,Oculus,en,17.3,2013-09-08,2013,6.5,2932,2388715,3,0,5416,2014-04-23
246594,Mega Shark vs. Mecha Shark,Mega Shark vs. Mecha Shark,en,7.524,2014-01-28,2014,4.04,126,3152098,3,0,5418,2014-04-24
245775,Yves Saint Laurent,Yves Saint Laurent,fr,11.436,2014-01-08,2014,6.648,875,2707858,2,0,5421,2014-04-26
193610,The Other Woman,The Other Woman,en,20.909,2014-04-16,2014,6.427,3540,2203939,3,1,5423,2014-04-28
102382,The Amazing Spider-Man 2,The Amazing Spider-Man 2,en,91.913,2014-04-16,2014,6.5,13278,1872181,1,0,5429,2014-05-02
200505,Draft Day,Draft Day,en,17.074,2014-04-11,2014,6.715,922,2223990,2,0,5442,2014-05-04
254473,Brick Mansions,Brick Mansions,en,15.578,2014-04-22,2014,5.894,1515,1430612,3,1,5447,2014-05-05
175112,Tinker Bell and the Pirate Fairy,Tinker Bell and the Pirate Fairy,en,26.018,2014-02-13,2014,6.9,1003,2483260,3,0,5453,2014-05-06
222935,The Fault in Our Stars,The Fault in Our Stars,en,35.39,2014-05-16,2014,7.597,11124,2582846,3,0,5456,2014-05-08
348636,Nosferatu in Love,Nosferatu in Love,en,2.426,2014-05-08,2014,10.0,1,3457342,0,0,5458,2014-05-10
187596,Walk of Shame,Walk of Shame,en,12.122,2014-05-02,2014,5.962,1421,2463288,3,0,5465,2014-05-13
124905,Godzilla,Godzilla,en,49.219,2014-05-14,2014,6.341,9124,831387,2,0,5466,2014-05-13
273059,Starving in Suburbia,Starving in Suburbia,en,4.359,2014-04-26,2014,6.5,61,3257692,3,0,5468,2014-05-14
145220,Muppets Most Wanted,Muppets Most Wanted,en,14.366,2014-03-20,2014,6.3,823,2281587,1,0,5482,2014-05-17
212778,Chef,Chef,en,25.825,2014-05-08,2014,7.1,3282,2883512,1,0,5486,2014-05-18
195589,Neighbors,Neighbors,en,26.25,2014-05-08,2014,6.187,6912,2004420,3,1,5487,2014-05-18
227975,Futuro Beach,Praia do Futuro,pt,5.368,2014-05-01,2014,6.6,81,2199543,1,0,5488,2014-05-18
192149,The Two Faces of January,The Two Faces of January,en,11.607,2014-05-16,2014,5.8,670,1976000,3,1,5495,2014-05-20
127585,X-Men: Days of Future Past,X-Men: Days of Future Past,en,39.859,2014-05-15,2014,7.531,15322,1877832,1,0,5499,2014-05-25
85350,Boyhood,Boyhood,en,15.83,2014-06-05,2014,7.498,5157,1065073,3,0,5508,2014-05-28
102651,Maleficent,Maleficent,en,81.357,2014-05-28,2014,7.091,13108,1587310,3,0,5510,2014-05-29
215211,Grace of Monaco,Grace of Monaco,en,12.02,2014-04-22,2014,5.997,584,2095649,3,0,5515,2014-05-30
271039,"Something, Anything","Something, Anything",en,1.821,2015-01-09,2015,6.6,9,2461126,3,0,5516,2014-05-30
188161,A Million Ways to Die in the West,A Million Ways to Die in the West,en,24.368,2014-05-22,2014,6.044,4077,2557490,2,0,5517,2014-05-31
137113,Edge of Tomorrow,Edge of Tomorrow,en,57.371,2014-05-27,2014,7.626,13870,1631867,1,0,5529,2014-06-03
244772,The Skeleton Twins,The Skeleton Twins,en,9.804,2014-06-05,2014,6.635,631,1571249,3,0,5535,2014-06-04
242076,The Bag Man,The Bag Man,en,12.263,2014-02-28,2014,5.307,348,2212008,1,0,5540,2014-06-06
268386,Ragamuffin,Ragamuffin,en,1.38,2014-01-09,2014,6.2,13,2412568,2,0,5553,2014-06-09
157845,The Rover,The Rover,en,10.04,2014-06-04,2014,6.3,939,2345737,0,0,5559,2014-06-10
240581,Best in Bed,À Coup Sûr,fr,4.346,2014-01-15,2014,5.0,79,2545186,2,1,5566,2014-06-15
283726,The New Girlfriend,Une nouvelle amie,fr,9.692,2014-10-11,2014,6.1,290,3184934,2,0,6147,2015-03-14
248774,Obvious Child,Obvious Child,en,11.269,2014-06-06,2014,6.5,427,2910274,3,0,5590,2014-06-23
267319,Asian School Girls,Asian School Girls,en,4.898,2014-04-15,2014,3.1,29,3421270,3,0,5594,2014-06-27
246741,What We Do in the Shadows,What We Do in the Shadows,en,16.044,2014-06-19,2014,7.6,3537,3416742,1,0,5597,2014-06-28
91314,Transformers: Age of Extinction,Transformers: Age of Extinction,en,84.544,2014-06-25,2014,5.942,8167,2109248,3,0,5598,2014-06-28
276935,Ek Villain,एक विलन,hi,8.088,2014-06-27,2014,6.497,149,3175038,2,1,5599,2014-06-28
226486,Tammy,Tammy,en,17.232,2014-07-02,2014,5.3,1209,2103254,3,0,5608,2014-07-01
198277,Begin Again,Begin Again,en,17.368,2013-09-07,2013,7.24,3765,1980929,3,0,5616,2014-07-07
82702,How to Train Your Dragon 2,How to Train Your Dragon 2,en,103.324,2014-06-05,2014,7.7,9606,1646971,1,0,5618,2014-07-08
271433,Wir sind die Neuen,Wir sind die Neuen,de,3.713,2014-07-17,2014,6.555,64,3777462,3,0,5619,2014-07-08
157832,Calvary,Calvary,en,8.232,2014-04-11,2014,7.1,951,2234003,2,0,5620,2014-07-08
119450,Dawn of the Planet of the Apes,Dawn of the Planet of the Apes,en,67.792,2014-07-08,2014,7.329,11441,2103281,1,0,5624,2014-07-09
144336,Sabotage,Sabotage,en,15.522,2014-03-28,2014,5.6,1408,1742334,3,0,5625,2014-07-10
294083,Dead Girls,Dead Girls,en,0.989,2014-09-21,2014,4.2,10,3560546,3,0,5633,2014-07-13
238636,The Purge: Anarchy,The Purge: Anarchy,en,45.021,2014-07-17,2014,6.639,6398,2975578,3,0,5642,2014-07-20
256740,Wicked Blood,Wicked Blood,en,7.234,2014-03-04,2014,5.4,87,2761578,3,0,5643,2014-07-22
209451,Jersey Boys,Jersey Boys,en,11.175,2014-06-18,2014,6.771,691,1742044,2,0,5649,2014-07-23
240832,Lucy,Lucy,en,88.408,2014-07-25,2014,6.5,16031,2872732,3,0,5650,2014-07-23
184315,Hercules,Hercules,en,54.767,2014-07-23,2014,5.78,4070,1267297,2,0,5661,2014-07-30
187017,22 Jump Street,22 Jump Street,en,36.575,2014-06-05,2014,6.838,7933,2294449,2,0,5663,2014-07-31
232672,Blended,Blended,en,54.196,2014-05-21,2014,6.878,3519,1086772,3,0,5664,2014-07-31
269242,Alpha House,Alpha House,en,9.365,2014-03-11,2014,4.493,71,3307774,2,0,5668,2014-07-31
118340,Guardians of the Galaxy,Guardians of the Galaxy,en,46.145,2014-07-30,2014,7.906,28088,2015381,3,0,5671,2014-07-31
218836,Planes: Fire & Rescue,Planes: Fire & Rescue,en,26.093,2014-07-17,2014,6.2,856,2980706,1,0,5674,2014-08-03
262958,Jimmy's Hall,Jimmy's Hall,en,5.252,2014-05-30,2014,6.7,195,3110960,1,0,5678,2014-08-05
216282,Into the Storm,Into the Storm,en,21.37,2014-08-06,2014,6.0,2027,2106361,3,0,5679,2014-08-05
262391,Serial (Bad) Weddings,Qu'est-ce qu'on a fait au Bon Dieu ?,fr,19.821,2014-04-16,2014,6.7,3391,2800240,3,0,5680,2014-08-06
98566,Teenage Mutant Ninja Turtles,Teenage Mutant Ninja Turtles,en,73.562,2014-08-07,2014,5.9,6781,1291150,3,0,5687,2014-08-10
255824,Life of Riley,"Aimer, boire et chanter",fr,1.799,2014-03-26,2014,5.2,42,2751390,2,0,5689,2014-08-11
228194,The Hundred-Foot Journey,The Hundred-Foot Journey,en,16.544,2014-08-06,2014,7.3,1427,2980648,3,0,5692,2014-08-12
136797,Need for Speed,Need for Speed,en,38.677,2014-03-12,2014,6.4,4358,2369135,1,0,5693,2014-08-12
170687,The Boxtrolls,The Boxtrolls,en,18.53,2014-09-10,2014,6.7,1673,787474,2,0,5696,2014-08-13
227156,The Giver,The Giver,en,20.285,2014-08-13,2014,6.6,4405,435651,3,0,5700,2014-08-16
254375,Hector and the Search for Happiness,Hector and the Search for Happiness,en,9.643,2014-08-14,2014,6.706,862,1626146,1,0,5701,2014-08-16
193893,Let's Be Cops,Let's Be Cops,en,36.308,2014-08-13,2014,6.46,2766,1924435,0,0,5702,2014-08-17
138103,The Expendables 3,The Expendables 3,en,42.927,2014-08-07,2014,6.217,4974,2333784,0,0,5705,2014-08-18
232679,When the Game Stands Tall,When the Game Stands Tall,en,7.343,2014-08-22,2014,6.673,352,2247476,1,0,5709,2014-08-20
157849,A Most Wanted Man,A Most Wanted Man,en,9.339,2014-07-25,2014,6.476,1349,1972571,2,0,5713,2014-08-23
189,Sin City: A Dame to Kill For,Sin City: A Dame to Kill For,en,33.305,2014-08-20,2014,6.386,3826,458481,1,0,5717,2014-08-26
249937,The Quiet Roar,The Quiet Roar,en,0.399,2014-04-11,2014,4.8,4,2835536,3,0,5719,2014-08-28
171372,Frank,Frank,en,8.697,2014-05-09,2014,6.874,1610,1605717,1,0,5720,2014-08-28
239566,Get on Up,Get on Up,en,15.217,2014-08-01,2014,6.758,516,2473602,2,0,5721,2014-08-29
249164,If I Stay,If I Stay,en,19.545,2014-08-21,2014,7.4,4173,1355630,3,0,5722,2014-08-31
242090,The One I Love,The One I Love,en,11.255,2014-08-08,2014,6.876,692,2756032,3,0,5724,2014-09-01
289390,Women Aren't Funny,Women Aren't Funny,en,2.33,2014-08-29,2014,5.1,17,3992752,3,0,5726,2014-09-06
254904,The November Man,The November Man,en,23.168,2014-08-27,2014,6.114,1465,2402157,1,0,5729,2014-09-07
253306,Housebound,Housebound,en,8.935,2014-09-04,2014,6.577,834,3504048,3,0,5730,2014-09-07
256274,"As Above, So Below","As Above, So Below",en,39.627,2014-08-14,2014,6.715,3475,2870612,3,0,5733,2014-09-08
154400,The Drop,The Drop,en,24.444,2014-09-12,2014,6.8,2166,1600196,1,0,5734,2014-09-08
252680,Moms' Night Out,Moms' Night Out,en,7.912,2014-03-25,2014,5.6,291,3014666,3,0,5737,2014-09-11
199933,Atlas Shrugged: Part III,Atlas Shrugged: Part III,en,8.473,2014-09-12,2014,4.3,78,2800038,3,0,5745,2014-09-14
287590,Saint Seiya: Legend of Sanctuary,聖闘士星矢 LEGEND of SANCTUARY,ja,25.016,2014-06-21,2014,6.599,681,2231489,2,0,5749,2014-09-15
245859,God Help the Girl,God Help the Girl,en,5.668,2014-08-22,2014,6.575,213,2141751,3,0,5753,2014-09-17
198663,The Maze Runner,The Maze Runner,en,141.545,2014-09-10,2014,7.19,17054,1790864,1,0,5755,2014-09-17
234200,Pride,Pride,en,11.95,2014-09-12,2014,7.7,1298,3169706,3,0,5756,2014-09-17
157851,Maps to the Stars,Maps to the Stars,en,11.78,2014-05-21,2014,6.2,1073,2172584,3,0,5764,2014-09-19
284864,Lügen und andere Wahrheiten,Lügen und andere Wahrheiten,de,0.912,2014-09-11,2014,4.6,16,2618500,3,0,5765,2014-09-20
270302,The Riot Club,The Riot Club,en,10.326,2014-09-19,2014,5.9,972,2717860,1,0,5766,2014-09-20
169917,A Walk Among the Tombstones,A Walk Among the Tombstones,en,34.799,2014-09-18,2014,6.3,2796,365907,1,0,5770,2014-09-20
157829,The Disappearance of Eleanor Rigby: Them,The Disappearance of Eleanor Rigby: Them,en,7.444,2014-05-14,2014,6.2,287,3729920,3,0,5780,2014-09-25
156022,The Equalizer,The Equalizer,en,132.914,2014-09-24,2014,7.3,9082,455944,1,0,5782,2014-09-26
263281,My Summer in Provence,Avis de mistral,fr,8.176,2014-04-02,2014,6.331,296,3013588,3,0,5790,2014-09-30
294484,Ein Geschenk der Götter,Ein Geschenk der Götter,de,1.31,2014-10-09,2014,6.542,12,3983072,3,0,5791,2014-09-30
210577,Gone Girl,Gone Girl,en,87.236,2014-10-01,2014,7.892,18664,2267998,3,0,5801,2014-10-04
250546,Annabelle,Annabelle,en,45.03,2014-10-02,2014,5.776,6124,3322940,3,0,5804,2014-10-05
286554,Two Night Stand,Two Night Stand,en,14.193,2014-09-26,2014,6.417,1830,2140619,3,0,5807,2014-10-05
292177,My Little Pony: Equestria Girls - Rainbow Rocks,My Little Pony: Equestria Girls - Rainbow Rocks,en,11.25,2014-09-27,2014,8.0,175,3529198,3,0,5810,2014-10-06
231576,Wish I Was Here,Wish I Was Here,en,7.721,2014-07-18,2014,6.5,720,2870708,3,0,5811,2014-10-06
136835,No Good Deed,No Good Deed,en,32.786,2014-09-10,2014,5.934,624,2011159,3,1,5813,2014-10-07
241771,Beyond the Lights,Beyond the Lights,en,12.49,2014-11-14,2014,6.8,370,3125324,3,0,5817,2014-10-08
244786,Whiplash,Whiplash,en,75.205,2014-10-10,2014,8.379,15208,2582802,1,0,5818,2014-10-08
242022,The Inbetweeners 2,The Inbetweeners 2,en,11.742,2014-08-06,2014,6.158,491,3097204,1,0,5826,2014-10-09
294721,Paradise,Le Paradis,fr,1.019,2014-10-08,2014,6.1,11,3971202,0,0,5848,2014-10-18
244264,Laggies,Laggies,en,10.472,2014-09-25,2014,6.1,1124,2034031,3,0,5831,2014-10-11
250538,The Good Lie,The Good Lie,en,12.785,2014-09-10,2014,7.3,484,2652092,3,0,5832,2014-10-11
289239,Mostly Ghostly: Have You Met My Ghoulfriend?,Mostly Ghostly: Have You Met My Ghoulfriend?,en,6.077,2014-09-02,2014,5.7,69,3138192,3,0,5835,2014-10-12
284427,Who Am I,Who Am I - Kein System ist sicher,de,18.944,2014-09-25,2014,7.615,1542,3042408,2,0,5836,2014-10-12
274415,The Pasta Detectives,"Rico, Oskar und die Tieferschatten",de,4.172,2014-07-10,2014,6.4,37,1679276,1,0,5837,2014-10-12
205587,The Judge,The Judge,en,35.642,2014-10-08,2014,7.3,4079,1872194,2,0,5838,2014-10-12
218778,"Alexander and the Terrible, Horrible, No Good, Very Bad Day","Alexander and the Terrible, Horrible, No Good, Very Bad Day",en,15.419,2014-10-08,2014,6.2,1325,1698641,3,0,5839,2014-10-13
270665,Eat Your Bones,Mange tes morts : Tu ne diras point,fr,2.115,2014-09-17,2014,6.3,36,3720802,0,0,5847,2014-10-18
228326,The Book of Life,The Book of Life,en,46.715,2014-10-01,2014,7.543,2702,2262227,3,0,5850,2014-10-19
228150,Fury,Fury,en,117.489,2014-10-15,2014,7.5,11985,2713180,1,0,5862,2014-10-22
244534,Happy Christmas,Happy Christmas,en,5.915,2014-07-25,2014,5.1,161,2955096,3,0,5870,2014-10-24
266285,The Salvation,The Salvation,da,13.664,2014-05-22,2014,6.5,849,2720680,1,0,5874,2014-10-25
242582,Nightcrawler,Nightcrawler,en,55.544,2014-10-23,2014,7.7,10791,2872718,3,0,5887,2014-10-31
262543,Automata,Autómata,en,16.313,2014-10-09,2014,5.854,1642,1971325,1,0,5892,2014-11-02
245891,John Wick,John Wick,en,73.869,2014-10-22,2014,7.441,19275,2911666,1,0,5897,2014-11-03
299118,Rescue Rabbit,Der Kleine Medicus - Geheimnisvolle Mission im Körper,de,0.514,2014-10-30,2014,5.8,5,3832158,3,0,5899,2014-11-04
252822,In Order of Disappearance,Kraftidioten,no,11.102,2014-02-21,2014,6.9,609,2675914,1,0,5900,2014-11-04
157336,Interstellar,Interstellar,en,206.681,2014-11-05,2014,8.4,35957,816692,3,0,5902,2014-11-05
228967,The Interview,The Interview,en,42.914,2014-12-25,2014,6.2,5780,2788710,1,0,6001,2014-12-25
177572,Big Hero 6,Big Hero 6,en,114.682,2014-10-24,2014,7.7,15641,2245084,3,1,5906,2014-11-07
194662,Birdman or (The Unexpected Virtue of Ignorance),Birdman or (The Unexpected Virtue of Ignorance),en,33.362,2014-10-17,2014,7.462,12820,2562232,3,0,5911,2014-11-10
114750,Dear White People,Dear White People,en,10.397,2014-10-17,2014,6.149,452,2235108,3,0,5918,2014-11-13
171274,Inherent Vice,Inherent Vice,en,20.962,2014-12-12,2014,6.559,2480,1791528,1,0,5922,2014-11-14
300490,Whisper If I Forget,Unutursam Fısılda,tr,4.631,2014-10-29,2014,7.3,51,4114744,2,1,5924,2014-11-17
246860,Clouds of Sils Maria,Clouds of Sils Maria,en,13.535,2014-08-20,2014,6.625,754,2452254,3,0,5927,2014-11-18
131631,The Hunger Games: Mockingjay - Part 1,The Hunger Games: Mockingjay - Part 1,en,72.428,2014-11-19,2014,6.8,15818,1951265,3,0,5931,2014-11-20
293310,Citizenfour,Citizenfour,en,10.567,2014-10-10,2014,7.748,1287,4044364,1,0,5935,2014-11-21
254578,Phoenix,Phoenix,de,12.789,2014-09-25,2014,6.9,428,2764784,3,0,5940,2014-11-22
205596,The Imitation Game,The Imitation Game,en,77.32,2014-11-14,2014,7.998,17046,2084970,2,0,5941,2014-11-24
87492,Foxcatcher,Foxcatcher,en,12.137,2014-11-14,2014,6.655,2290,1100089,1,0,5942,2014-11-24
229297,Magic in the Moonlight,Magic in the Moonlight,en,7.663,2014-07-25,2014,6.496,2069,2870756,3,0,5947,2014-11-25
270946,Penguins of Madagascar,Penguins of Madagascar,en,71.96,2014-11-22,2014,6.5,4164,1911658,0,1,5950,2014-11-29
239562,The Single Moms Club,The Single Moms Club,en,12.305,2014-03-14,2014,6.0,161,2465140,3,0,5953,2014-12-01
285733,Barbie and the Secret Door,Barbie and the Secret Door,en,6.024,2014-08-30,2014,7.2,405,3921852,3,0,5956,2014-12-02
299353,About a Girl,About a Girl,de,2.421,2015-08-06,2015,6.782,39,3334794,3,0,5957,2014-12-02
273895,Selma,Selma,en,12.509,2014-12-25,2014,7.398,2183,1020072,3,0,5959,2014-12-02
110390,A Pigeon Sat on a Branch Reflecting on Existence,En duva satt på en gren och funderade på tillvaron,sv,14.039,2014-10-24,2014,6.8,441,1883180,1,0,5965,2014-12-05
224141,Into the Woods,Into the Woods,en,19.91,2014-12-24,2014,5.8,4235,2180411,3,0,6000,2014-12-24
266856,The Theory of Everything,The Theory of Everything,en,28.935,2014-11-26,2014,7.849,10525,2980516,3,1,5970,2014-12-08
228970,Wild,Wild,en,12.283,2014-12-05,2014,7.0,2475,2305051,3,0,5971,2014-12-08
239678,This Is Where I Leave You,This Is Where I Leave You,en,15.823,2014-09-10,2014,6.6,1329,1371150,2,0,5977,2014-12-11
265180,Leviathan,Левиафан,ru,9.914,2014-09-24,2014,7.397,852,2802154,3,0,5978,2014-12-11
242512,Ouija,Ouija,en,32.719,2014-10-24,2014,5.141,2646,1204977,3,0,5981,2014-12-13
264656,The Homesman,The Homesman,en,15.209,2014-05-18,2014,6.543,786,2398231,1,0,5982,2014-12-15
311620,Frozen in Time,Frozen in Time,en,1.317,2014-11-12,2014,4.4,4,4150316,0,0,5993,2014-12-20
122917,The Hobbit: The Battle of the Five Armies,The Hobbit: The Battle of the Five Armies,en,144.144,2014-12-10,2014,7.325,14314,2310332,1,0,5994,2014-12-20
116149,Paddington,Paddington,en,54.897,2014-11-24,2014,7.1,3717,1109624,3,0,5997,2014-12-21
196867,Annie,Annie,en,54.337,2014-12-18,2014,6.2,1275,1823664,3,1,6003,2014-12-31
265177,Mommy,Mommy,fr,12.917,2014-09-19,2014,8.2,2715,3612616,3,0,6007,2014-12-31
245700,Mr. Turner,Mr. Turner,en,13.744,2014-10-31,2014,6.5,513,2473794,1,0,6009,2015-01-02
239563,St. Vincent,St. Vincent,en,19.252,2014-10-09,2014,7.11,1895,2170593,3,0,6010,2015-01-02
242224,The Babadook,The Babadook,en,36.011,2014-05-22,2014,6.52,5970,2321549,3,0,6011,2015-01-03
227306,Unbroken,Unbroken,en,23.388,2014-12-25,2014,7.4,4107,1809398,0,0,6013,2015-01-03
147441,Exodus: Gods and Kings,Exodus: Gods and Kings,en,50.847,2014-12-03,2014,5.868,4545,1528100,2,0,6019,2015-01-05
309309,A Noite da Virada,A Noite da Virada,pt,2.508,2014-12-18,2014,5.4,35,4299406,3,0,6023,2015-01-07
157825,White Bird in a Blizzard,White Bird in a Blizzard,en,17.734,2014-08-14,2014,6.172,724,2238050,3,0,6025,2015-01-07
284296,Top Five,Top Five,en,12.233,2014-12-12,2014,6.102,451,2784678,3,0,6026,2015-01-07
249916,Appropriate Behavior,Appropriate Behavior,en,7.423,2015-03-14,2015,6.385,87,3077108,3,0,6032,2015-01-08
180296,They Came Together,They Came Together,en,10.012,2014-06-27,2014,5.584,405,2398249,3,0,6034,2015-01-09
262338,Good People,Good People,en,10.962,2014-08-12,2014,5.469,455,1361318,3,0,6035,2015-01-10
252171,A Girl Walks Home Alone at Night,A Girl Walks Home Alone at Night,en,15.002,2014-11-21,2014,6.8,859,2326554,3,0,6036,2015-01-11
290542,You're Not You,You're Not You,en,8.275,2014-10-10,2014,7.4,786,1198156,3,0,6037,2015-01-11
1068322,Agatha Raisin and the Quiche of Death,Agatha Raisin and the Quiche of Death,en,0.885,2014-12-26,2014,8.0,1,4056574,3,0,6040,2015-01-12
244267,I Origins,I Origins,en,15.65,2014-07-18,2014,7.587,3216,2884206,3,1,6045,2015-01-13
261825,Zero Motivation,אפס ביחסי אנוש,he,5.664,2014-06-26,2014,6.5,62,3576084,3,0,6050,2015-01-16
221902,"Two Days, One Night","Deux jours, une nuit",fr,9.551,2014-05-21,2014,6.9,930,2737050,3,0,6053,2015-01-18
269495,No Thank You,Ei kiitos,fi,5.955,2014-01-10,2014,4.9,12,2808680,2,0,6054,2015-01-18
286372,Treehouse,Treehouse,en,4.644,2014-10-20,2014,4.3,72,1791681,3,0,6061,2015-01-24
284293,Still Alice,Still Alice,en,16.989,2014-12-05,2014,7.49,3066,3316960,3,0,6066,2015-01-26
254474,Zombeavers,Zombeavers,en,15.095,2014-10-20,2014,4.9,703,2784512,3,0,6091,2015-02-02
207703,Kingsman: The Secret Service,Kingsman: The Secret Service,en,69.709,2015-01-24,2015,7.6,16765,2802144,3,1,6108,2015-02-14
227719,Project Almanac,Project Almanac,en,21.509,2015-01-28,2015,6.776,2608,2436386,3,0,6103,2015-02-07
275060,The Disappearance of Eleanor Rigby: Her,The Disappearance of Eleanor Rigby: Her,en,6.863,2014-10-10,2014,6.7,225,3720788,3,0,6109,2015-02-14
241239,A Most Violent Year,A Most Violent Year,en,19.051,2014-12-31,2014,6.6,1407,2937898,3,0,6117,2015-02-18
190859,American Sniper,American Sniper,en,57.515,2014-12-25,2014,7.426,12852,2179136,1,0,6118,2015-02-18
113833,The Normal Heart,The Normal Heart,en,16.787,2014-05-25,2014,7.772,872,1684226,1,0,6124,2015-02-28
284276,Cake,Cake,en,17.637,2014-09-07,2014,6.272,890,3442006,3,0,6128,2015-03-02
328595,Parallels,Parallels,en,7.418,2015-03-01,2015,6.05,358,3479316,3,0,6139,2015-03-08
282983,Magical Girl,Magical Girl,es,4.774,2014-09-07,2014,7.4,192,3089326,3,0,6143,2015-03-11
266082,Girlhood,Bande de filles,fr,6.52,2014-10-22,2014,6.5,373,3655522,3,0,6198,2015-04-12
247182,The Kid,El Niño,es,11.486,2014-08-29,2014,6.5,242,2093990,1,0,6158,2015-03-21
87093,Big Eyes,Big Eyes,en,15.578,2014-12-24,2014,7.0,3472,1126590,3,0,6159,2015-03-21
206487,Predestination,Predestination,en,39.139,2014-08-28,2014,7.433,6453,2397535,3,1,6172,2015-03-29
244517,God's Pocket,God's Pocket,en,7.164,2014-05-09,2014,5.8,193,2920808,1,0,6178,2015-03-30
280874,Killing Daddy,Killing Daddy,en,5.466,2014-07-05,2014,7.1,97,3368814,3,0,6179,2015-03-31
324436,Dyke Hard,Dyke Hard,sv,1.035,2014-11-08,2014,5.091,11,3570168,3,1,6180,2015-03-31
110416,Song of the Sea,Song of the Sea,en,16.959,2014-06-23,2014,8.004,1426,1865505,3,0,6182,2015-04-01
204922,Before I Go to Sleep,Before I Go to Sleep,en,30.978,2014-09-03,2014,6.479,1985,1726592,3,0,6185,2015-04-02
200727,"Love, Rosie","Love, Rosie",en,32.768,2014-10-16,2014,7.826,6219,1638002,3,0,6188,2015-04-04
68737,Seventh Son,Seventh Son,en,30.591,2014-12-12,2014,5.514,2490,1121096,3,0,6191,2015-04-07
244268,Love Is Strange,Love Is Strange,en,8.12,2014-08-22,2014,6.4,282,2639344,2,0,6195,2015-04-10
271674,Suite Française,Suite Française,en,19.742,2015-03-12,2015,7.278,1097,900387,3,0,6196,2015-04-10
249923,Someone Marry Barry,Someone Marry Barry,en,7.86,2014-02-07,2014,5.632,171,1978532,2,0,6207,2015-04-19
290158,Near Death Experience,Near Death Experience,fr,1.44,2014-09-10,2014,6.2,20,3800012,0,0,6208,2015-04-19
251852,The Scribbler,The Scribbler,en,5.389,2014-09-19,2014,5.0,164,2396721,3,0,6220,2015-04-25
267999,White God,Fehér Isten,hu,8.35,2014-06-12,2014,6.6,318,2844798,3,0,6219,2015-04-23
284537,Welcome to Me,Welcome to Me,en,7.974,2014-09-05,2014,5.85,297,2788716,3,0,6225,2015-05-01
201086,Cuban Fury,Cuban Fury,en,10.807,2014-02-14,2014,6.1,319,2390237,1,0,6230,2015-05-03
272731,Pane e burlesque,Pane e burlesque,it,3.218,2014-05-29,2014,5.4,54,3284618,3,0,6247,2015-05-17
206296,The Last Five Years,The Last Five Years,en,7.513,2014-11-03,2014,5.9,341,2474024,1,0,6252,2015-05-19
265195,Wild Tales,Relatos salvajes,es,18.013,2014-08-21,2014,7.9,3387,3011894,3,1,6256,2015-05-20
256057,Güeros,Güeros,es,10.303,2014-04-17,2014,7.5,134,3499048,2,0,6258,2015-05-20
257423,Thegidi,தெகிடி,ta,2.173,2014-02-28,2014,7.1,22,3565264,2,0,6263,2015-05-21
263105,Boy Meets Girl,Boy Meets Girl,en,9.451,2014-06-28,2014,6.7,100,3007302,3,0,6264,2015-05-22
282296,My Old Lady,My Old Lady,en,5.272,2014-09-09,2014,6.219,260,2908856,3,0,6266,2015-05-22
236737,Spanish Affair,Ocho apellidos vascos,es,8.285,2014-03-14,2014,6.645,633,2955316,1,1,6268,2015-05-23
242828,When Marnie Was There,思い出のマーニー,ja,29.81,2014-07-19,2014,7.9,1795,3398268,3,0,6304,2015-06-08
271714,Love & Mercy,Love & Mercy,en,11.596,2015-05-29,2015,7.1,669,903657,2,0,6305,2015-06-09
386337,Mike and I,Mike and I,en,0.04,2014-11-14,2014,10.0,1,3804984,1,0,6307,2015-06-12
255343,Escobar: Paradise Lost,Escobar: Paradise Lost,en,20.01,2014-10-11,2014,6.274,764,2515030,2,0,6331,2015-06-23
242643,Batman: Assault on Arkham,Batman: Assault on Arkham,en,12.601,2014-08-12,2014,7.3,1114,3139086,3,1,6341,2015-07-03
293572,The Houses October Built,The Houses October Built,en,6.54,2014-10-10,2014,4.893,328,1958043,0,0,6344,2015-07-07
244563,"Kumiko, the Treasure Hunter","Kumiko, the Treasure Hunter",en,5.791,2014-11-13,2014,6.6,268,3263614,3,0,6348,2015-07-10
288158,The Woman in Black 2: Angel of Death,The Woman in Black 2: Angel of Death,en,17.019,2014-12-30,2014,5.258,1011,2339741,3,0,6368,2015-07-23
236735,Marshland,La isla mínima,es,11.867,2014-09-25,2014,7.0,952,3253930,2,1,6370,2015-07-25
284286,Learning to Drive,Learning to Drive,en,5.782,2014-08-21,2014,6.2,192,3062976,3,0,6373,2015-07-28
244539,Infinitely Polar Bear,Infinitely Polar Bear,en,6.485,2014-01-18,2014,6.6,369,1969062,3,0,6385,2015-08-01
94590,Angry Video Game Nerd: The Movie,Angry Video Game Nerd: The Movie,en,6.823,2014-07-21,2014,5.3,137,2123146,3,1,6400,2015-08-11
245906,She's Funny That Way,She's Funny That Way,en,10.748,2015-04-22,2015,5.945,658,1767372,3,0,6413,2015-08-19
289720,Outcast,Outcast,en,33.543,2014-09-26,2014,5.092,465,1552224,3,1,6416,2015-08-22
243683,Step Up All In,Step Up All In,en,22.598,2014-07-16,2014,6.83,1924,2626350,2,0,6421,2015-08-27
246080,Black Sea,Black Sea,en,11.771,2014-12-05,2014,6.3,1091,2261331,0,0,6423,2015-08-28
278236,X+Y,X+Y,en,15.673,2014-03-13,2014,6.7,555,3149038,1,0,6425,2015-08-29
297270,Tinker Bell and the Legend of the NeverBeast,Tinker Bell and the Legend of the NeverBeast,en,40.8,2014-12-12,2014,7.325,1100,3120408,3,0,6440,2015-09-11
284303,Goodnight Mommy,"Ich seh, Ich seh",de,31.938,2014-10-07,2014,6.7,1564,3086442,0,0,6459,2015-09-20
114155,Effie Gray,Effie Gray,en,7.381,2014-03-08,2014,5.9,183,1605798,3,0,6476,2015-10-02
241843,Cooties,Cooties,en,14.334,2014-10-10,2014,5.88,738,2490326,1,0,6488,2015-10-12
266058,A Girl at My Door,도희야,ko,9.981,2014-05-22,2014,6.911,168,3661798,3,0,6490,2015-10-13
257245,East Side Sushi,East Side Sushi,en,4.01,2014-03-08,2014,6.7,73,2340650,3,0,6491,2015-10-14
294741,The Falling,The Falling,en,5.607,2015-04-24,2015,5.2,176,3294200,3,0,6499,2015-10-18
286875,Paper Planes,Paper Planes,en,6.599,2014-08-10,2014,6.0,119,3328716,1,0,6501,2015-10-18
277685,Unfriended,Unfriended,en,12.851,2014-10-22,2014,5.5,3323,3713166,3,0,6504,2015-10-21
270886,"You're Sleeping, Nicole",Tu dors Nicole,fr,2.107,2014-08-22,2014,6.6,44,3483194,3,0,6509,2015-10-24
230179,Big Game,Big Game,en,17.091,2015-03-19,2015,5.491,1136,2088003,0,0,6513,2015-10-26
270303,It Follows,It Follows,en,46.233,2015-02-04,2015,6.6,6390,3235888,3,0,6518,2015-10-28
113091,Lust for Love,Lust for Love,en,1.887,2014-02-07,2014,5.625,36,2106529,3,0,6524,2015-10-30
297608,The Taking of Deborah Logan,The Taking of Deborah Logan,en,36.979,2014-10-21,2014,6.497,1234,3387648,3,0,6527,2015-11-01
290999,Wyrmwood: Road of the Dead,Wyrmwood: Road of the Dead,en,9.504,2014-09-19,2014,6.075,448,2535470,3,0,6528,2015-11-01
276488,Let Us Prey,Let Us Prey,en,5.241,2014-04-17,2014,5.724,321,3148348,3,1,6534,2015-11-05
222649,Rosewater,Rosewater,en,7.362,2014-11-07,2014,6.489,174,2752688,1,0,6545,2015-11-16
277597,Mercenaries,Mercenaries,en,7.843,2014-08-05,2014,5.2,122,3598222,3,0,6551,2015-11-21
300467,Dark Was the Night,Dark Was the Night,en,7.07,2014-10-17,2014,5.612,251,2251281,1,0,6552,2015-11-22
242083,Hits,Hits,en,3.622,2014-01-21,2014,4.9,47,3145220,3,0,6583,2015-12-06
261037,Miss Meadows,Miss Meadows,en,7.555,2014-09-12,2014,5.848,257,3128900,3,0,6600,2015-12-12
276908,Comet,Comet,en,11.049,2014-12-05,2014,6.674,438,2965412,1,0,6607,2015-12-15
267804,In the Courtyard,Dans la cour,fr,5.669,2014-05-02,2014,5.8,74,2593224,3,0,6642,2015-12-29
271185,Ask Me Anything,Ask Me Anything,en,25.015,2014-04-19,2014,5.627,403,2505294,3,1,6646,2016-01-01
286971,Innocence,Innocence,en,2.891,2013-09-05,2013,4.0,37,1724965,3,0,6668,2016-01-16
283698,Hungry Hearts,Hungry Hearts,en,5.819,2015-01-15,2015,6.61,196,3344922,2,0,6672,2016-01-21
252512,While We're Young,While We're Young,en,13.396,2015-04-03,2015,6.0,1104,1791682,3,0,6673,2016-01-21
241855,Spring,Spring,en,10.974,2014-10-08,2014,6.631,701,3395184,0,0,6690,2016-01-28
225044,"Like Sunday, Like Rain","Like Sunday, Like Rain",en,6.456,2014-03-01,2014,7.4,108,3104818,3,0,6724,2016-02-13
290815,Court,Court,mr,3.86,2015-04-17,2015,6.9,63,3717068,1,0,6731,2016-02-17
260001,Life Partners,Life Partners,en,7.818,2014-12-05,2014,5.773,233,2870808,3,0,6740,2016-02-22
266044,Amour Fou,Amour fou,de,3.206,2014-05-16,2014,6.4,45,3003800,2,0,6743,2016-02-24
292483,Not Cool,Not Cool,en,5.24,2014-09-23,2014,3.3,99,3569356,3,0,6747,2016-02-26
227300,Stretch,Stretch,en,8.876,2014-10-14,2014,6.2,649,2494280,1,0,6765,2016-03-08
284300,The Golden Era,黃金時代,zh,4.743,2014-10-01,2014,6.8,45,3696086,2,0,6773,2016-03-12
276902,Cut Bank,Cut Bank,en,9.054,2014-10-04,2014,5.7,321,1661820,3,0,6784,2016-03-21
255615,River of Fundament,River of Fundament,en,2.914,2014-02-12,2014,6.6,16,3529612,3,0,6813,2016-03-30
293941,The Quiet Hour,The Quiet Hour,en,3.194,2016-06-24,2016,4.389,36,2645188,3,1,6831,2016-04-14
282153,How to Steal a Dog,개를 훔치는 완벽한 방법,ko,4.278,2014-12-31,2014,7.3,19,3812402,3,0,6845,2016-04-21
258284,Every Secret Thing,Every Secret Thing,en,9.391,2014-04-20,2014,6.144,330,1706598,3,0,6860,2016-04-29
308418,Eat With Me,Eat With Me,en,1.909,2014-12-05,2014,6.2,27,2274604,3,0,6864,2016-04-30
259233,Ju-on: The Beginning of the End,呪怨－終わりの始まり－,ja,6.533,2014-06-28,2014,6.007,69,3572132,3,0,6885,2016-05-15
265193,Still the Water,2つ目の窓,ja,8.514,2014-06-01,2014,6.8,100,3230162,3,0,6906,2016-05-28
229328,Electricity,Electricity,en,2.619,2014-12-12,2014,6.038,39,2936470,3,0,6951,2016-06-27
308167,Coconut the Dragon,Der kleine Drache Kokosnuss,de,2.927,2014-12-18,2014,5.2,19,3726220,0,0,6957,2016-07-02
440557,Primero De Enero,Primero De Enero,en,1.168,2014-01-01,2014,6.7,3,3263732,3,1,6958,2016-07-02
243526,Faults,Faults,en,9.041,2014-03-06,2014,6.7,226,3021360,3,0,6989,2016-07-21
251321,Aloft,Aloft,en,6.162,2014-02-12,2014,5.5,123,2494384,3,0,6994,2016-07-25
283350,Before We Go,Before We Go,en,13.538,2014-09-04,2014,6.739,1796,443465,3,0,6996,2016-07-26
252102,Land Ho!,Land Ho!,en,4.526,2014-07-11,2014,5.5,61,3283556,3,0,7007,2016-07-30
286521,5 Flights Up,5 Flights Up,en,7.123,2014-05-10,2014,6.0,306,2933544,3,0,7036,2016-08-10
392051,The Damned Thing,The Damned Thing,en,1.572,2014-12-05,2014,4.2,14,3748076,1,0,7064,2016-08-24
334440,The Judgement,Съдилището,bg,1.877,2014-10-16,2014,6.0,11,2199436,1,0,7066,2016-08-24
267579,The Ardor,Ardor,es,3.692,2014-05-14,2014,4.7,31,1384925,0,0,7086,2016-08-31
244063,Boys,Jongens,nl,10.715,2014-01-08,2014,7.7,689,3318220,1,0,7133,2016-09-22
286817,Anatomy of a Love Seen,Anatomy of a Love Seen,en,5.923,2014-07-28,2014,4.974,116,3546114,3,0,7203,2016-10-16
251519,Son of Batman,Son of Batman,en,9.867,2014-05-13,2014,7.0,1047,3139072,2,0,7208,2016-10-17
302890,Verden venter,Verden venter,no,0.31,2014-11-07,2014,0.0,0,4800178,3,0,7226,2016-10-29
215379,Young Ones,Young Ones,en,12.133,2014-06-28,2014,5.7,296,2693664,1,0,7254,2016-11-10
270400,Breathe,Respire,fr,6.422,2014-11-12,2014,7.1,460,3365778,3,0,7275,2016-11-20
112454,Clown,Clown,en,16.049,2014-11-13,2014,5.777,1368,1780798,3,0,7280,2016-11-22
254065,The Gabby Douglas Story,The Gabby Douglas Story,en,7.457,2014-02-01,2014,7.383,64,3386954,1,0,7314,2016-12-05
287499,Margarita with a Straw,Margarita with a Straw,hi,5.543,2015-04-17,2015,6.9,76,2929690,3,0,7537,2017-03-28
270668,When Animals Dream,Når dyrene drømmer,da,6.255,2014-06-12,2014,5.7,111,2818178,1,0,7431,2017-02-06
217993,Justice League: War,Justice League: War,en,14.893,2014-01-21,2014,7.4,1070,3060952,3,0,7428,2017-01-31
650371,I Call It Love,سميتو حب,ar,0.179,2014-12-13,2014,0.0,0,4211680,0,1,7429,2017-02-01
227159,Horrible Bosses 2,Horrible Bosses 2,en,29.782,2014-11-12,2014,6.186,4114,2170439,1,0,8331,2018-07-16
253255,Fort Tilden,Fort Tilden,en,3.154,2014-03-08,2014,5.3,35,3457734,1,0,7459,2017-02-18
305127,The Frame,The Frame,en,3.368,2014-11-21,2014,6.3,90,2567038,3,0,7516,2017-03-16
197796,Beauty and the Beast,La Belle et la Bête,fr,28.636,2014-02-12,2014,6.176,2034,2316801,3,0,7575,2017-04-15
285581,August Winds,Ventos de Agosto,pt,0.983,2014-09-21,2014,5.6,17,3904770,3,0,7578,2017-04-17
283686,Out of the Dark,Out of the Dark,en,8.186,2014-08-27,2014,5.1,159,2872724,3,0,7594,2017-04-29
254936,Girltrash: All Night Long,Girltrash: All Night Long,en,4.677,2014-02-10,2014,6.1,36,1555440,3,0,7633,2017-05-21
206192,Perfect Sisters,Perfect Sisters,en,6.524,2014-04-08,2014,5.824,244,2027231,3,0,7692,2017-06-17
280795,Haider,हैदर,hi,11.986,2014-10-02,2014,7.224,225,3390572,2,0,7713,2017-06-30
278316,Da Sweet Blood of Jesus,Da Sweet Blood of Jesus,en,4.246,2015-02-13,2015,5.0,59,3104930,3,0,7730,2017-07-09
289180,H.,H.,en,1.685,2014-08-28,2014,5.3,38,3666210,1,0,7764,2017-07-31
248504,Sharknado 2: The Second One,Sharknado 2: The Second One,en,14.612,2014-07-31,2014,4.565,651,3062074,3,0,7776,2017-08-12
206563,Trash,Trash,en,9.111,2014-10-09,2014,7.1,610,1921149,1,0,7777,2017-08-13
281418,The Lookalike,The Lookalike,en,2.898,2014-07-11,2014,5.1,56,2497980,3,0,7849,2017-10-07
250574,Creep,Creep,en,16.901,2014-06-23,2014,6.4,1416,2428170,0,0,7880,2017-10-31
296065,Last Shift,Last Shift,en,13.435,2014-10-25,2014,6.2,596,2965466,3,0,7885,2017-11-02
236751,Heaven Is for Real,Heaven Is for Real,en,26.407,2014-04-16,2014,6.698,798,1929263,2,0,8330,2018-07-16
246464,Heaven's Lost Property Final – The Movie: Eternally My Master,そらのおとしものFinal 永遠の私の鳥籠,ja,7.897,2014-04-27,2014,7.439,41,3438514,1,0,7937,2017-12-06
239568,Search Party,Search Party,en,7.593,2014-10-30,2014,5.354,181,2758904,2,0,7898,2017-11-13
157099,Better Living Through Chemistry,Better Living Through Chemistry,en,11.901,2014-03-14,2014,5.9,282,1609479,1,0,7974,2017-12-30
223954,Jacky in the Kingdom of Women,Jacky au royaume des filles,fr,12.174,2014-01-29,2014,5.6,212,2382422,3,1,8099,2018-03-08
317442,The Last: Naruto the Movie,THE LAST -NARUTO THE MOVIE-,ja,46.73,2014-12-06,2014,7.443,2264,3717532,2,1,8119,2018-03-18
259460,Behavior,Conducta,es,3.77,2014-01-16,2014,7.2,63,3595966,3,0,8122,2018-03-19
100042,Dumb and Dumber To,Dumb and Dumber To,en,42.851,2014-11-12,2014,5.6,3160,2096672,3,1,8328,2018-07-16
287084,The Town that Dreaded Sundown,The Town that Dreaded Sundown,en,9.532,2014-10-16,2014,5.723,456,2561546,3,0,8162,2018-04-11
227735,Dolphin Tale 2,Dolphin Tale 2,en,11.326,2014-09-11,2014,7.0,345,2978462,3,0,8327,2018-07-16
181533,Night at the Museum: Secret of the Tomb,Night at the Museum: Secret of the Tomb,en,41.776,2014-12-17,2014,6.219,5855,2692250,1,0,8236,2018-05-20
49017,Dracula Untold,Dracula Untold,en,35.348,2014-10-01,2014,6.426,6081,829150,0,0,8316,2018-07-03
238603,Earth to Echo,Earth to Echo,en,12.299,2014-06-14,2014,5.895,581,2183034,1,0,8333,2018-07-16
222899,About Last Night,About Last Night,en,16.39,2014-02-14,2014,6.0,502,1826590,2,0,8340,2018-07-26
276843,What We Did on Our Holiday,What We Did on Our Holiday,en,12.629,2014-09-26,2014,6.7,516,2725962,3,0,8361,2018-08-06
184346,Deliver Us from Evil,Deliver Us from Evil,en,26.965,2014-07-01,2014,6.241,2043,2377322,2,0,8377,2018-08-16
254005,Land of Storms,Viharsarok,hu,4.531,2014-02-08,2014,6.3,74,2474310,1,0,8531,2018-12-14
255890,The Circle,Der Kreis,de,3.895,2014-09-18,2014,6.6,39,3148952,1,0,8560,2018-12-15
277606,Out in the Night,Out in the Night,en,0.588,2014-06-12,2014,4.5,8,3717242,3,0,8561,2018-12-15
287507,Sand Dollars,Dólares de arena,es,1.85,2015-04-23,2015,5.8,20,3958098,3,0,8605,2019-01-14
99367,Date and Switch,Date and Switch,en,9.365,2014-02-14,2014,5.814,245,1878942,2,0,8650,2019-02-25
495587,Extirpator of Idolatries,Extirpador de Idolatrias,es,0.636,2016-04-14,2016,10.0,1,3010990,3,0,8689,2019-03-28
252841,Highway,हाईवे,hi,7.28,2014-02-13,2014,7.185,162,2980794,0,0,8739,2019-05-09
295315,Sex Ed,Sex Ed,en,6.992,2014-11-07,2014,5.306,144,2751310,3,1,8957,2020-01-10
259958,Alex of Venice,Alex of Venice,en,3.984,2015-04-17,2015,5.9,76,2977090,3,0,9162,2020-06-08
260346,Taken 3,Taken 3,en,76.448,2014-12-16,2014,6.259,5761,2446042,1,0,9415,2020-12-28
355190,The Tempest - Live at Shakespeare's Globe,The Tempest - Live at Shakespeare's Globe,en,1.722,2014-05-28,2014,8.2,6,3840898,3,1,9506,2021-03-06
380770,Hakuouki: Warrior Spirit of the Blue Sky,劇場版 薄桜鬼 第二章 士魂蒼穹,ja,3.292,2014-03-08,2014,6.8,9,5825186,0,0,9522,2021-03-14
297222,PK,पीके,hi,14.397,2014-12-18,2014,7.7,998,2338151,2,0,9659,2021-04-19
293628,Awesome Asian Bad Guys,Awesome Asian Bad Guys,en,1.222,2014-03-20,2014,6.0,1,3153524,1,0,9665,2021-04-21
306399,Mass Extinction: Life at the Brink,Mass Extinction: Life at the Brink,en,0.811,2014-11-30,2014,7.0,2,4264406,0,0,10056,2021-09-17
228161,Home,Home,en,35.71,2015-03-18,2015,6.8,3962,2224026,3,0,6148,2015-03-14
315335,Frau Müller muss weg!,Frau Müller muss weg!,de,4.461,2015-01-15,2015,6.06,92,4216934,3,0,6048,2015-01-15
252838,The Wedding Ringer,The Wedding Ringer,en,31.738,2015-01-16,2015,6.5,1570,884732,3,0,6065,2015-01-26
264660,Ex Machina,Ex Machina,en,46.705,2015-01-21,2015,7.572,13294,470752,1,0,6084,2015-01-27
302429,Strange Magic,Strange Magic,en,17.351,2015-01-23,2015,7.1,494,4191054,3,0,6093,2015-02-03
310568,The Summer of Sangaile,Sangailės vasara,lt,7.086,2015-07-29,2015,6.428,104,2994832,3,0,6094,2015-02-03
210860,Mortdecai,Mortdecai,en,17.42,2015-01-21,2015,5.5,2628,3045616,1,0,6098,2015-02-04
76757,Jupiter Ascending,Jupiter Ascending,en,47.153,2015-02-04,2015,5.5,6742,1617661,3,0,6101,2015-02-05
228165,The SpongeBob Movie: Sponge Out of Water,The SpongeBob Movie: Sponge Out of Water,en,48.124,2015-01-28,2015,6.1,2347,2279373,2,0,6105,2015-02-08
250225,The Duke of Burgundy,The Duke of Burgundy,en,13.249,2014-10-18,2014,6.342,329,2570858,3,0,6107,2015-02-09
216015,Fifty Shades of Grey,Fifty Shades of Grey,en,144.506,2015-02-11,2015,5.9,11787,2322441,3,0,6113,2015-02-16
272693,The DUFF,The DUFF,en,13.288,2015-02-20,2015,6.775,4355,1666801,3,0,6125,2015-02-28
317198,Bad Hair Day,Bad Hair Day,en,10.878,2015-02-13,2015,6.5,282,3856042,3,0,6132,2015-03-03
198184,Chappie,Chappie,en,63.502,2015-03-04,2015,6.787,7907,1823672,1,0,6134,2015-03-07
150689,Cinderella,Cinderella,en,91.271,2015-03-06,2015,6.8,7076,1661199,3,0,6152,2015-03-19
433821,The Three Es,The Three Es,en,0.211,2015-07-07,2015,0.0,0,4247740,3,0,6156,2015-03-20
262500,Insurgent,Insurgent,en,43.087,2015-03-18,2015,6.362,9983,2908446,3,0,6157,2015-03-21
331622,Punk Berlin 1982,Tod den Hippies!! Es lebe der Punk!,de,1.695,2015-03-26,2015,5.2,26,3397082,1,0,6163,2015-03-26
243940,The Lazarus Effect,The Lazarus Effect,en,10.654,2015-01-29,2015,5.3,1409,2918436,3,0,6166,2015-03-27
168259,Furious 7,Furious 7,en,81.364,2015-04-01,2015,7.2,10636,2820852,3,0,6186,2015-04-03
331797,The Passion of Augustine,La Passion d'Augustine,fr,1.95,2015-03-20,2015,7.0,22,4392438,3,0,6187,2015-04-04
326333,"Liza, the Fox-Fairy","Liza, a rókatündér",hu,4.463,2015-02-19,2015,7.4,88,2210769,3,0,6190,2015-04-05
333112,Ghosthunters: On Icy Trails,Gespensterjäger,de,6.811,2015-04-02,2015,5.6,65,3711622,3,1,6197,2015-04-10
99861,Avengers: Age of Ultron,Avengers: Age of Ultron,en,88.458,2015-04-22,2015,7.3,23048,2395427,3,1,6217,2015-04-23
309425,Do You Believe?,Do You Believe?,en,12.746,2015-03-20,2015,6.481,135,4056738,3,1,6222,2015-04-29
245706,True Story,True Story,en,11.402,2015-04-17,2015,6.261,1948,2273657,1,0,6223,2015-04-29
245168,Suffragette,Suffragette,en,15.786,2015-10-16,2015,7.239,1608,3077214,3,0,6226,2015-05-01
352179,Septembers of Shiraz,Septembers of Shiraz,en,9.334,2015-09-15,2015,5.9,98,3661298,3,1,6227,2015-05-01
316410,Bound,Bound,en,7.844,2015-01-09,2015,3.7,79,4145324,3,0,6229,2015-05-03
254470,Pitch Perfect 2,Pitch Perfect 2,en,47.512,2015-05-07,2015,6.857,5283,2848292,3,0,6284,2015-05-31
250734,Far from the Madding Crowd,Far from the Madding Crowd,en,17.373,2015-04-23,2015,7.0,1026,2935476,3,0,6237,2015-05-10
76341,Mad Max: Fury Road,Mad Max: Fury Road,en,114.724,2015-05-13,2015,7.617,22675,1392190,3,0,6242,2015-05-15
337073,Almost Mercy,Almost Mercy,en,1.318,2015-05-26,2015,5.865,26,3480446,2,1,6283,2015-05-30
256591,Focus,Focus,en,28.885,2015-02-25,2015,6.878,7831,2381941,1,0,6254,2015-05-19
150540,Inside Out,Inside Out,en,138.474,2015-06-17,2015,7.912,22084,2096673,3,0,6255,2015-05-20
329790,The Art Dealer,L'Antiquaire,fr,0.49,2015-03-18,2015,3.6,4,4000768,3,0,6259,2015-05-20
312128,Dora or The Sexual Neuroses of Our Parents,Dora oder Die sexuellen Neurosen unserer Eltern,de,1.697,2015-02-06,2015,5.4,20,4265878,3,0,6260,2015-05-21
324586,Hedi Schneider Is Stuck,Hedi Schneider steckt fest,de,1.637,2015-04-23,2015,6.3,14,3707396,3,0,6261,2015-05-21
238713,Spy,Spy,en,36.811,2015-05-06,2015,6.832,5998,3079380,3,0,6265,2015-05-22
158852,Tomorrowland,Tomorrowland,en,41.997,2015-05-19,2015,6.3,6966,1964418,3,0,6267,2015-05-22
293863,The Age of Adaline,The Age of Adaline,en,46.385,2015-04-16,2015,7.48,6642,1655441,3,0,6269,2015-05-23
283227,A Little Chaos,A Little Chaos,en,10.19,2015-03-26,2015,6.3,655,2639254,3,1,6271,2015-05-25
340190,Drunk Wedding,Drunk Wedding,en,1.789,2015-05-22,2015,4.6,29,1950135,2,0,6275,2015-05-26
303867,World of Tomorrow,World of Tomorrow,en,6.515,2015-01-22,2015,7.8,324,4171032,3,0,6277,2015-05-28
251516,Kung Fury,Kung Fury,en,7.591,2015-05-22,2015,7.5,1816,3472226,2,0,6278,2015-05-28
329712,The Measure of a Man,La Loi du marché,fr,6.825,2015-03-16,2015,6.585,335,4428814,1,0,6279,2015-05-29
254128,San Andreas,San Andreas,en,70.749,2015-05-27,2015,6.244,8548,2126355,3,0,6281,2015-05-30
341870,Predator: Dark Ages,Predator: Dark Ages,en,9.65,2015-05-23,2015,6.63,158,4171544,0,0,6282,2015-05-30
304357,Woman in Gold,Woman in Gold,en,14.064,2015-03-20,2015,7.304,1372,2404425,3,0,6288,2015-06-01
330544,Bessie,Bessie,en,8.162,2015-05-16,2015,6.461,115,3704352,3,0,6291,2015-06-02
280092,Insidious: Chapter 3,Insidious: Chapter 3,en,34.27,2015-05-28,2015,6.3,3350,3195644,3,0,6292,2015-06-04
388319,Battledream Chronicle,Battledream Chronicle,en,0.316,2015-05-22,2015,8.0,1,4714032,3,0,6294,2015-06-05
334878,Blind Date,"Un peu, beaucoup, aveuglément",fr,6.269,2015-05-06,2015,6.4,541,4466936,3,0,6296,2015-06-05
308504,Last Knights,Last Knights,en,16.777,2015-04-03,2015,6.4,1074,2493486,1,0,6297,2015-06-05
241554,Run All Night,Run All Night,en,29.691,2015-03-11,2015,6.4,2785,2199571,1,1,6299,2015-06-07
298032,VANish,VANish,en,3.119,2015-02-24,2015,4.745,51,3058674,1,0,6300,2015-06-07
188222,Entourage,Entourage,en,21.118,2015-06-03,2015,6.232,1001,1674771,2,0,6303,2015-06-08
135397,Jurassic World,Jurassic World,en,74.906,2015-06-06,2015,6.691,20375,369610,3,0,6306,2015-06-10
296313,Men & Chicken,Mænd & høns,da,5.297,2015-02-05,2015,6.587,207,3877674,1,0,6316,2015-06-15
263109,Shaun the Sheep Movie,Shaun the Sheep Movie,en,24.519,2015-02-05,2015,7.0,1384,2872750,0,0,6329,2015-06-22
284689,Testament of Youth,Testament of Youth,en,10.762,2014-10-14,2014,7.274,749,1441953,3,0,6322,2015-06-18
266396,The Gunman,The Gunman,en,17.212,2015-02-16,2015,5.7,947,2515034,1,0,6328,2015-06-22
257091,Get Hard,Get Hard,en,22.209,2015-03-26,2015,6.0,2696,2561572,1,0,6325,2015-06-19
312131,The Phoenix Project,The Phoenix Project,en,2.135,2015-01-16,2015,4.5,21,3430042,0,0,6330,2015-06-22
266038,Titli,तितली,hi,2.32,2015-05-06,2015,6.8,33,3019620,0,0,6334,2015-06-28
346838,The Four Warriors,The Four Warriors,en,2.244,2015-07-13,2015,4.4,5,4026600,1,0,6336,2015-06-29
211672,Minions,Minions,en,30.419,2015-06-17,2015,6.412,10550,2293640,3,0,6338,2015-06-30
87101,Terminator Genisys,Terminator Genisys,en,80.409,2015-06-23,2015,5.937,8414,1340138,0,0,6340,2015-07-02
297556,Justice League: Throne of Atlantis,Justice League: Throne of Atlantis,en,17.686,2015-01-13,2015,7.0,909,3878542,3,1,6342,2015-07-03
320007,Victoria,Victoria,de,14.74,2015-06-11,2015,7.631,1217,4226388,0,0,6343,2015-07-05
214756,Ted 2,Ted 2,en,80.067,2015-06-25,2015,6.308,7468,2637276,1,0,6350,2015-07-13
181283,Child 44,Child 44,en,24.49,2015-03-15,2015,6.284,1648,1014763,2,0,6354,2015-07-15
336804,Mustang,Mustang,tr,12.243,2015-06-17,2015,7.8,1373,3966404,3,0,6355,2015-07-15
308024,The Overnight,The Overnight,en,6.121,2015-06-19,2015,5.976,331,3844362,3,0,6356,2015-07-15
271718,Trainwreck,Trainwreck,en,24.085,2015-07-17,2015,5.805,2566,3152624,3,0,6357,2015-07-15
102899,Ant-Man,Ant-Man,en,44.972,2015-07-14,2015,7.1,19771,478970,2,0,6359,2015-07-17
268238,The Second Best Exotic Marigold Hotel,The Second Best Exotic Marigold Hotel,en,16.349,2015-02-26,2015,6.414,713,2555736,3,0,6361,2015-07-18
223485,Slow West,Slow West,en,9.12,2015-05-15,2015,6.69,969,3205376,0,0,6364,2015-07-20
320006,Taxi,تاکسی,fa,9.827,2015-04-15,2015,7.046,420,4359416,3,1,6365,2015-07-20
307081,Southpaw,Southpaw,en,40.001,2015-03-24,2015,7.364,5451,1798684,2,0,6366,2015-07-22
257344,Pixels,Pixels,en,51.961,2015-07-16,2015,5.741,7532,2120120,1,0,6367,2015-07-23
248574,Barely Lethal,Barely Lethal,en,17.449,2015-04-23,2015,5.7,1049,1731701,3,0,6369,2015-07-23
264999,Magic Mike XXL,Magic Mike XXL,en,17.528,2015-07-01,2015,6.158,1771,2268016,3,0,6372,2015-07-27
282984,Irrational Man,Irrational Man,en,9.792,2015-07-17,2015,6.525,2375,3715320,2,0,6375,2015-07-29
309304,Grandma,Grandma,en,10.078,2015-06-04,2015,6.5,358,4270516,3,0,6383,2015-08-01
277217,Descendants,Descendants,en,39.727,2015-07-31,2015,7.138,2361,3440298,3,0,6386,2015-08-01
286565,Paper Towns,Paper Towns,en,14.712,2015-06-18,2015,6.2,5038,3622592,2,0,6388,2015-08-03
177677,Mission: Impossible - Rogue Nation,Mission: Impossible - Rogue Nation,en,58.816,2015-07-23,2015,7.2,8840,2381249,0,0,6389,2015-08-04
308084,Tangerine,Tangerine,en,16.469,2015-07-10,2015,6.9,685,3824458,3,0,6390,2015-08-04
166424,Fantastic Four,Fantastic Four,en,22.057,2015-08-05,2015,4.421,5985,1502712,0,0,6392,2015-08-05
332996,Trust Fund,Trust Fund,en,1.357,2016-01-08,2016,4.833,6,3969208,3,0,6393,2015-08-06
325189,Teen Beach 2,Teen Beach 2,en,13.477,2015-06-26,2015,6.8,583,3764966,3,0,6399,2015-08-10
354208,Timelike,Timɘlike,en,0.606,2015-07-28,2015,6.2,5,4897214,3,0,6404,2015-08-14
203801,The Man from U.N.C.L.E.,The Man from U.N.C.L.E.,en,24.317,2015-08-13,2015,7.1,6331,1638355,3,1,6407,2015-08-16
249688,The End of the Tour,The End of the Tour,en,12.252,2015-07-31,2015,7.0,551,3416744,1,0,6409,2015-08-17
275601,Ricki and the Flash,Ricki and the Flash,en,10.73,2015-07-10,2015,5.787,703,3623726,3,0,6410,2015-08-17
310569,The Second Mother,Que Horas Ela Volta?,pt,7.107,2015-06-04,2015,8.044,728,3742378,3,0,6412,2015-08-19
314405,Tale of Tales,Il racconto dei racconti,it,13.374,2015-05-14,2015,6.417,1635,3278330,3,0,6418,2015-08-24
310121,I'll See You in My Dreams,I'll See You in My Dreams,en,8.645,2015-05-15,2015,6.3,159,3236120,3,0,6419,2015-08-25
253161,Madame Bovary,Madame Bovary,en,9.985,2015-06-04,2015,5.7,396,2334733,2,0,6422,2015-08-27
238615,Self/less,Self/less,en,22.681,2015-07-10,2015,6.419,3093,2140379,1,0,6424,2015-08-29
327418,Batman Unlimited: Animal Instincts,Batman Unlimited: Animal Instincts,en,6.692,2015-05-12,2015,5.773,150,4437640,1,0,6426,2015-08-29
280996,Mr. Holmes,Mr. Holmes,en,18.921,2015-06-19,2015,6.467,1835,3168230,1,0,6430,2015-09-02
317981,Bloodsucking Bastards,Bloodsucking Bastards,en,4.812,2015-08-28,2015,5.544,182,3487994,2,1,6438,2015-09-09
309809,The Little Prince,The Little Prince,en,23.614,2015-07-29,2015,7.613,2786,1754656,3,0,6434,2015-09-06
277216,Straight Outta Compton,Straight Outta Compton,en,26.344,2015-08-11,2015,7.783,3887,1398426,1,0,6435,2015-09-06
308369,Me and Earl and the Dying Girl,Me and Earl and the Dying Girl,en,9.816,2015-06-12,2015,7.533,2549,2582496,3,0,6436,2015-09-06
304372,The Perfect Guy,The Perfect Guy,en,11.075,2015-09-11,2015,5.7,320,3862750,2,0,6447,2015-09-13
294254,Maze Runner: The Scorch Trials,Maze Runner: The Scorch Trials,en,55.828,2015-09-09,2015,6.732,10382,4046784,3,0,6457,2015-09-17
159824,Hotel Transylvania 2,Hotel Transylvania 2,en,50.541,2015-09-21,2015,6.8,5762,2510894,3,0,6487,2015-10-12
261392,American Ultra,American Ultra,en,11.967,2015-08-19,2015,6.1,2757,3316948,1,0,6472,2015-10-01
286217,The Martian,The Martian,en,62.621,2015-09-30,2015,7.688,19795,3659388,3,0,6466,2015-09-24
222936,Aloha,Aloha,en,13.652,2015-05-29,2015,5.5,2032,1243974,3,0,6467,2015-09-26
323656,Just Jim,Just Jim,en,3.849,2015-09-25,2015,5.7,37,3291148,1,0,6469,2015-09-26
273481,Sicario,Sicario,en,60.434,2015-09-17,2015,7.4,8614,3397884,0,0,6470,2015-09-28
245698,Pawn Sacrifice,Pawn Sacrifice,en,15.419,2015-09-16,2015,6.7,950,1596345,1,0,6475,2015-10-02
171424,The Green Inferno,The Green Inferno,en,22.625,2013-09-08,2013,5.715,1435,2403021,3,0,6478,2015-10-03
308639,Dope,Dope,en,13.412,2015-06-19,2015,7.073,1468,3850214,1,0,6479,2015-10-03
349158,My Little Pony: Equestria Girls - Friendship Games,My Little Pony: Equestria Girls - Friendship Games,en,10.113,2015-10-24,2015,7.3,128,4450396,3,0,6482,2015-10-10
261023,Black Mass,Black Mass,en,21.496,2015-09-17,2015,6.5,3335,1355683,1,0,6486,2015-10-12
293970,The Final Girls,The Final Girls,en,12.83,2015-10-09,2015,6.383,1277,2118624,3,0,6489,2015-10-13
201085,Crimson Peak,Crimson Peak,en,23.721,2015-10-13,2015,6.7,4930,2554274,3,0,6494,2015-10-16
307663,Vice,Vice,en,16.606,2015-01-16,2015,4.341,545,3480796,3,0,6495,2015-10-16
296098,Bridge of Spies,Bridge of Spies,en,24.266,2015-10-15,2015,7.235,6817,3682448,1,0,6502,2015-10-18
321697,Steve Jobs,Steve Jobs,en,16.634,2015-10-09,2015,6.773,4111,2080374,3,0,6506,2015-10-23
257445,Goosebumps,Goosebumps,en,28.002,2015-08-05,2015,6.3,3759,1051904,2,0,6508,2015-10-24
285783,The Walk,The Walk,en,14.021,2015-09-30,2015,6.991,3172,3488710,1,1,6510,2015-10-25
206647,Spectre,Spectre,en,48.441,2015-10-26,2015,6.6,10516,2379713,1,0,6519,2015-10-28
347969,The Ridiculous 6,The Ridiculous 6,en,23.485,2015-12-11,2015,5.207,1400,2479478,2,0,6597,2015-12-12
343426,The Murder Pact,Tell Tale Lies,en,2.461,2015-10-09,2015,6.3,21,4298966,3,0,6521,2015-10-30
214256,AfterDeath,AfterDeath,en,4.748,2015-10-19,2015,4.4,72,2710826,3,0,6530,2015-11-02
333555,Schneider vs. Bax,Schneider vs. Bax,nl,5.692,2015-05-28,2015,6.125,84,3430416,2,0,6532,2015-11-05
365719,The Witness,我是证人,zh,4.103,2015-10-30,2015,7.6,48,4979652,0,0,6537,2015-11-07
227973,The Peanuts Movie,The Peanuts Movie,en,30.202,2015-11-05,2015,6.922,1640,2452042,3,0,6548,2015-11-18
167073,Brooklyn,Brooklyn,en,20.766,2015-10-20,2015,7.3,3077,2381111,3,0,6549,2015-11-19
228066,Victor Frankenstein,Victor Frankenstein,en,13.331,2015-11-10,2015,5.948,2121,1976009,0,0,6557,2015-11-23
105864,The Good Dinosaur,The Good Dinosaur,en,53.281,2015-11-14,2015,6.7,5550,1979388,3,0,6558,2015-11-24
131634,The Hunger Games: Mockingjay - Part 2,The Hunger Games: Mockingjay - Part 2,en,42.376,2015-11-18,2015,6.898,12523,1951266,3,0,6560,2015-11-24
258480,Carol,Carol,en,38.129,2015-11-20,2015,7.491,3690,2402927,3,0,6563,2015-11-29
294016,Trumbo,Trumbo,en,11.327,2015-10-27,2015,7.163,1567,3203606,3,1,6565,2015-11-29
298382,The Dressmaker,The Dressmaker,en,18.497,2015-10-29,2015,7.0,1629,2910904,3,1,6566,2015-11-30
281957,The Revenant,The Revenant,en,70.524,2015-12-25,2015,7.533,18116,1663202,0,0,6567,2015-12-01
201088,Blackhat,Blackhat,en,27.568,2015-01-13,2015,5.495,2021,2717822,1,0,6572,2015-12-04
358893,Angry Indian Goddesses,Angry Indian Goddesses,hi,4.339,2015-12-04,2015,6.92,44,3368222,3,0,6581,2015-12-06
264644,Room,Room,en,20.508,2015-10-16,2015,8.0,9172,3170832,3,0,6584,2015-12-07
306745,Freeheld,Freeheld,en,15.176,2015-10-02,2015,7.2,641,1658801,3,0,6622,2015-12-21
312221,Creed,Creed,en,46.041,2015-11-25,2015,7.412,7441,3076658,2,1,6588,2015-12-09
205775,In the Heart of the Sea,In the Heart of the Sea,en,25.448,2015-12-03,2015,6.76,4089,1390411,1,0,6589,2015-12-09
361042,The Hollow,The Hollow,en,4.501,2015-10-24,2015,4.7,86,4472596,3,0,6593,2015-12-11
333348,Love the Coopers,Love the Coopers,en,23.796,2015-11-12,2015,5.974,793,2279339,3,0,6595,2015-12-12
296099,Vacation,Vacation,en,39.448,2015-07-28,2015,6.3,3696,1524930,3,0,6596,2015-12-12
287903,Krampus,Krampus,en,106.082,2015-11-26,2015,6.199,2203,3850590,3,0,6601,2015-12-13
266294,Sisters,Sisters,en,20.882,2015-12-18,2015,5.948,1372,1850457,3,0,6609,2015-12-15
140607,Star Wars: The Force Awakens,Star Wars: The Force Awakens,en,73.211,2015-12-15,2015,7.3,19412,2488496,3,0,6610,2015-12-15
266647,Pan,Pan,en,20.725,2015-09-24,2015,5.966,2718,3332064,1,0,6611,2015-12-15
314385,By the Sea,By the Sea,en,12.67,2015-11-12,2015,5.6,588,3707106,3,0,6612,2015-12-16
360784,Hidden,Hidden,en,22.862,2015-09-15,2015,6.9,1017,2131532,3,0,6613,2015-12-16
254320,The Lobster,The Lobster,en,31.599,2015-10-15,2015,7.0,6228,3464902,3,1,6614,2015-12-17
309245,Mistress America,Mistress America,en,9.415,2015-08-14,2015,6.547,534,2872462,3,0,6619,2015-12-20
273248,The Hateful Eight,The Hateful Eight,en,43.653,2015-12-25,2015,7.755,14216,3460252,3,1,6628,2015-12-25
257088,Point Break,Point Break,en,34.516,2015-12-03,2015,5.953,2292,2058673,0,0,6632,2015-12-26
321741,Concussion,Concussion,en,12.232,2015-11-12,2015,7.089,2538,3322364,1,0,6633,2015-12-26
371718,Dolly Parton's Coat of Many Colors,Dolly Parton's Coat of Many Colors,en,3.685,2015-12-10,2015,6.397,39,4767274,3,0,6634,2015-12-26
274479,Joy,Joy,en,23.705,2015-12-24,2015,6.5,4081,2446980,3,0,6635,2015-12-26
225728,Macbeth,Macbeth,en,10.505,2015-09-22,2015,6.467,1441,2884018,1,0,6637,2015-12-27
257211,The Intern,The Intern,en,50.166,2015-09-23,2015,7.2,6705,2361509,3,1,6643,2015-12-30
331190,Captive,Captive,en,13.41,2015-09-17,2015,5.711,268,3268668,3,0,6644,2015-12-30
318846,The Big Short,The Big Short,en,34.093,2015-12-11,2015,7.4,9011,1596363,1,0,6648,2016-01-03
332340,Man Up,Man Up,en,11.776,2015-05-29,2015,6.6,960,3064298,3,0,6649,2016-01-03
274167,Daddy's Home,Daddy's Home,en,33.804,2015-12-25,2015,6.276,3196,1528854,1,0,6651,2016-01-04
306819,The Danish Girl,The Danish Girl,en,16.314,2015-11-27,2015,7.6,5745,810819,3,0,6655,2016-01-07
340275,Chi-Raq,Chi-Raq,en,8.832,2015-12-04,2015,5.8,203,4594834,3,0,6660,2016-01-11
347096,Mythica: The Darkspore,Mythica: The Darkspore,en,12.106,2015-06-24,2015,5.7,119,3478232,3,0,6661,2016-01-11
355389,This Changes Everything,This Changes Everything,en,1.563,2015-09-10,2015,6.1,11,1870548,3,1,6665,2016-01-15
309924,After the Ball,After the Ball,en,6.817,2015-02-27,2015,6.4,259,3717016,3,0,6667,2016-01-16
276907,Legend,Legend,en,48.852,2015-09-09,2015,7.1,3869,3569230,3,1,6671,2016-01-19
336114,A Sort of Homecoming,A Sort of Homecoming,en,2.256,2015-03-14,2015,6.2,12,3303652,3,0,6674,2016-01-22
338913,Bill,Bill,en,4.836,2015-03-27,2015,6.8,75,2978576,2,0,6715,2016-02-09
291270,Anomalisa,Anomalisa,en,15.042,2015-12-30,2015,7.116,1685,2401878,2,0,6677,2016-01-24
287948,The Transporter Refueled,The Transporter Refueled,en,32.643,2015-09-02,2015,5.5,1484,2938956,3,1,6678,2016-01-24
366564,Comment c'est loin,Comment c'est loin,fr,5.163,2015-12-09,2015,7.0,670,4576612,1,0,6683,2016-01-27
274854,The Last Witch Hunter,The Last Witch Hunter,en,35.908,2015-10-21,2015,6.0,3591,1618442,3,1,6684,2016-01-28
308457,Advantageous,Advantageous,en,5.334,2015-06-23,2015,5.968,155,3090670,3,0,6685,2016-01-28
137333,Uncanny,Uncanny,en,5.92,2015-01-31,2015,6.0,163,2321502,0,0,6692,2016-01-28
401530,Anna Unbound,Anna Unbound,en,0.01,2016-12-19,2016,0.0,0,4069042,3,0,6696,2016-01-28
290762,Miss You Already,Miss You Already,en,14.831,2015-09-12,2015,7.4,665,2245003,3,0,6706,2016-02-01
314365,Spotlight,Spotlight,en,19.108,2015-11-06,2015,7.818,8224,1895587,1,0,6707,2016-02-02
310593,Youth,Youth,it,16.915,2015-05-20,2015,6.9,2039,3312830,1,0,6708,2016-02-02
330348,The Wait,L'attesa,it,5.56,2015-09-17,2015,6.3,90,3715122,3,0,6712,2016-02-05
359770,Land Legs,Tempête,fr,0.878,2016-02-24,2016,6.8,9,3757648,1,0,6716,2016-02-10
300542,Queen of Earth,Queen of Earth,en,6.57,2015-02-07,2015,5.9,149,3993894,3,0,6717,2016-02-10
334924,The Treasure,Comoara,ro,3.622,2015-12-03,2015,6.567,60,4515684,1,0,6719,2016-02-11
333287,Slow Learners,Slow Learners,en,7.116,2015-08-19,2015,5.8,64,2537390,3,0,6723,2016-02-13
360605,Invisible Sister,Invisible Sister,en,9.88,2015-12-10,2015,6.7,295,4420110,3,0,6726,2016-02-13
332980,Little Big Master,五個小孩的校長,cn,4.283,2015-03-19,2015,7.8,18,4319698,3,0,6732,2016-02-17
250124,The Diary of a Teenage Girl,The Diary of a Teenage Girl,en,14.047,2015-08-07,2015,6.598,732,3172532,3,0,6737,2016-02-19
311770,My Skinny Sister,Min lilla syster,sv,4.758,2015-01-25,2015,6.9,58,4093680,3,0,6752,2016-02-29
427648,Till We Meet Again,Till We Meet Again,en,3.809,2016-11-25,2016,6.104,24,2461340,3,0,6757,2016-03-02
328869,Meadowland,Meadowland,en,6.079,2015-10-16,2015,5.8,108,3529656,3,0,6767,2016-03-11
337154,The Meddler,The Meddler,en,9.01,2016-04-05,2016,5.952,343,4501454,3,0,6769,2016-03-12
352157,Marguerite,Marguerite,fr,4.697,2015-09-16,2015,6.4,275,4428788,3,0,6770,2016-03-12
343140,Office,華麗上班族,zh,4.497,2015-09-24,2015,5.929,28,4392726,3,0,6771,2016-03-12
315439,The Throne,사도,ko,9.907,2015-09-16,2015,7.1,88,4010918,3,0,6774,2016-03-12
355727,7 Letters,7 Letters,en,1.508,2015-08-20,2015,7.3,7,4691166,3,0,6775,2016-03-12
310131,The Witch,The Witch,en,58.061,2016-02-19,2016,6.974,6966,4263482,3,0,6777,2016-03-13
378446,Ogres,Les ogres,fr,2.656,2016-03-16,2016,6.5,52,4466872,3,0,6786,2016-03-24
228205,The Longest Ride,The Longest Ride,en,23.082,2015-04-09,2015,7.628,3133,2726560,3,0,6787,2016-03-25
341077,Tiger House,Tiger House,en,6.808,2015-08-24,2015,5.5,272,2911674,3,0,6818,2016-04-01
311054,The Case of Hana & Alice,花とアリス殺人事件,ja,9.744,2015-02-20,2015,7.3,150,4125300,3,0,6823,2016-04-08
333352,Eye in the Sky,Eye in the Sky,en,16.768,2015-09-07,2015,7.019,1568,2057392,3,0,6836,2016-04-18
296130,Harbinger Down,Harbinger Down,en,7.079,2015-08-07,2015,4.6,197,3397918,3,0,6875,2016-05-08
347944,Anguish,Anguish,en,4.866,2015-07-21,2015,4.7,86,3620762,3,0,6851,2016-04-25
256040,Bāhubali: The Beginning,బాహుబలి:ద బిగినింగ్,te,21.296,2015-07-10,2015,7.5,811,2631186,1,0,6855,2016-04-27
340176,Tag,リアル鬼ごっこ,ja,11.357,2015-05-11,2015,6.5,347,4439120,3,0,6866,2016-05-01
336207,I Am a Soldier,Je suis un soldat,fr,2.605,2015-05-20,2015,5.7,22,4485178,3,0,6868,2016-05-02
313922,Green Room,Green Room,en,15.741,2016-04-15,2016,6.721,2681,4062536,3,0,6887,2016-05-17
339079,A Country Called Home,A Country Called Home,en,3.029,2016-02-26,2016,5.3,35,3953626,3,0,6895,2016-05-22
291264,The Family Fang,The Family Fang,en,7.379,2016-04-16,2016,5.8,322,2097331,3,0,6889,2016-05-17
253412,Everest,Everest,en,22.728,2015-09-10,2015,6.819,4870,2719848,2,0,6913,2016-06-01
320588,"Hello, My Name Is Doris","Hello, My Name Is Doris",en,10.929,2015-11-27,2015,6.4,476,3766394,3,0,6925,2016-06-09
321751,A Perfect Day,A Perfect Day,en,12.5,2015-08-28,2015,6.663,617,3577624,2,0,6926,2016-06-09
277713,Sunset Song,Sunset Song,en,6.937,2015-12-04,2015,6.216,97,2262161,3,0,6928,2016-06-10
336882,The Wave,Bølgen,no,23.781,2015-08-28,2015,6.7,1283,3616916,3,0,6939,2016-06-19
193687,Z for Zachariah,Z for Zachariah,en,16.412,2015-08-13,2015,5.67,928,1598642,0,0,6948,2016-06-24
272878,Max,Max,en,18.197,2015-06-26,2015,7.162,822,3369806,3,0,6949,2016-06-24
328589,The Lady in the Van,The Lady in the Van,en,10.553,2015-10-30,2015,6.422,740,3722070,3,0,6950,2016-06-25
309299,Experimenter,Experimenter,en,10.931,2015-10-16,2015,6.498,454,3726704,2,0,6955,2016-06-30
310135,Turbo Kid,Turbo Kid,en,10.936,2015-08-14,2015,6.529,699,3672742,1,0,6956,2016-07-01
364433,They Call Me Jeeg,Lo chiamavano Jeeg Robot,it,9.756,2016-02-25,2016,7.434,2472,3775086,1,0,6959,2016-07-02
371461,Halal Love,Halal Love,ar,1.938,2016-07-07,2016,5.5,11,5105218,3,0,6961,2016-07-04
312669,Maggie's Plan,Maggie's Plan,en,11.322,2016-04-27,2016,5.707,379,3471098,3,0,6967,2016-07-08
353326,The Man Who Knew Infinity,The Man Who Knew Infinity,en,23.008,2016-04-08,2016,7.175,1401,787524,0,0,6969,2016-07-08
315846,Our Little Sister,海街diary,ja,14.804,2015-06-13,2015,7.6,477,3756788,3,0,6974,2016-07-12
301875,Equals,Equals,en,11.49,2015-07-15,2015,6.133,1364,3289728,3,0,6982,2016-07-16
303991,Demolition,Demolition,en,20.592,2016-04-06,2016,6.812,2205,1172049,1,0,6985,2016-07-19
298312,The Visit,The Visit,en,25.316,2015-09-10,2015,6.318,4748,3567288,3,0,7015,2016-08-01
308453,The Bronze,The Bronze,en,10.932,2016-01-22,2016,6.044,367,3859304,3,0,7024,2016-08-05
266639,Jem and the Holograms,Jem and the Holograms,en,6.482,2015-10-22,2015,5.501,379,3614530,3,0,7029,2016-08-07
332270,Battle for Sevastopol,Битва за Севастополь,ru,14.559,2015-04-02,2015,7.3,455,4084744,3,0,7041,2016-08-12
157827,Louder Than Bombs,Louder Than Bombs,en,11.487,2015-10-01,2015,6.5,325,2217859,1,0,7062,2016-08-23
334074,Survivor,Survivor,en,30.551,2015-05-21,2015,5.7,1009,3247714,3,0,7063,2016-08-24
311291,45 Years,45 Years,en,11.382,2015-08-04,2015,6.597,734,3544082,3,0,7072,2016-08-27
318781,Colonia,Colonia,en,13.905,2015-06-24,2015,7.26,1890,4005402,3,0,7089,2016-09-01
273153,Summertime,La Belle Saison,fr,12.828,2015-08-19,2015,6.711,334,4080768,3,0,7091,2016-09-02
347761,Never Let Go,Never Let Go,en,6.122,2015-08-28,2015,5.6,48,3833474,1,0,7178,2016-10-08
334538,Into the Forest,Into the Forest,en,11.684,2016-06-03,2016,5.9,668,2625810,3,0,7102,2016-09-07
342672,4th Man Out,4th Man Out,en,8.001,2015-05-26,2015,6.876,326,3978720,1,0,7111,2016-09-11
336222,Rams,Hrútar,is,6.15,2015-05-28,2015,6.995,274,3296658,1,0,7116,2016-09-14
278464,The Memory of Water,La memoria del agua,es,1.544,2015-08-26,2015,6.3,22,4341864,2,0,7132,2016-09-22
300155,A Royal Night Out,A Royal Night Out,en,10.102,2015-05-14,2015,6.481,310,1837562,3,1,7197,2016-10-14
340357,April and the Extraordinary World,Avril et le monde truqué,fr,9.299,2015-11-04,2015,7.0,324,3422078,3,0,7219,2016-10-23
316000,Miles Ahead,Miles Ahead,en,6.653,2016-01-22,2016,6.5,220,790770,0,0,7232,2016-11-01
378373,Brothers of the Wind,Brothers of the Wind,en,7.282,2015-12-24,2015,7.2,176,3532278,0,0,7253,2016-11-08
380304,The Sin Seer,The Sin Seer,en,1.856,2015-10-13,2015,4.056,9,3605262,3,0,7259,2016-11-12
361841,Drifters,Tjuvheder,sv,1.616,2015-10-16,2015,7.0,27,4153324,3,0,7270,2016-11-18
321666,600 Miles,600 millas,es,5.969,2015-12-03,2015,5.9,98,3685622,0,0,7305,2016-11-29
313867,Roald Dahl's Esio Trot,Roald Dahl's Esio Trot,en,7.231,2015-01-02,2015,6.7,118,3205394,1,0,7327,2016-12-14
306197,Unexpected,Unexpected,en,3.782,2015-07-24,2015,5.7,82,4145304,3,0,7335,2016-12-16
358644,Embers,Embers,en,6.23,2015-09-18,2015,5.6,70,3503460,1,0,7343,2016-12-21
330770,Evolution,Évolution,fr,4.699,2016-03-16,2016,6.0,199,4291590,0,0,7347,2016-12-23
329829,The Girl King,The Girl King,en,7.218,2015-12-11,2015,6.2,163,1254322,3,0,7361,2016-12-27
293646,The 33,The 33,en,14.176,2015-08-06,2015,6.4,922,2006295,3,1,7378,2017-01-06
352205,Parched,Parched,hi,5.545,2015-11-14,2015,7.398,88,3043252,3,0,7538,2017-03-28
303857,Dragon Ball Z: Resurrection 'F',ドラゴンボールZ 復活の「F」,ja,63.308,2015-04-18,2015,6.835,1911,3819668,1,0,7427,2017-01-31
361249,Nil Battey Sannata,Nil Battey Sannata,hi,4.259,2016-04-22,2016,7.183,41,5005684,3,0,7441,2017-02-13
319373,Sweet Bean,あん,ja,11.937,2015-05-30,2015,7.4,549,4298958,3,0,7454,2017-02-17
345775,Long Way North,Tout en haut du monde,fr,6.609,2015-12-10,2015,7.352,162,2262345,1,0,7458,2017-02-18
298582,Full Out,Full Out,en,8.138,2015-09-11,2015,7.3,338,3977462,3,0,7482,2017-03-03
352720,My Good Hans,"Милый Ханс, дорогой Петр",ru,1.509,2015-10-07,2015,5.3,10,3817188,1,0,7484,2017-03-04
339148,Already Tomorrow in Hong Kong,Already Tomorrow in Hong Kong,en,6.21,2016-02-12,2016,5.9,117,3700804,2,0,7494,2017-03-10
294562,Lavalantula,Lavalantula,en,7.291,2015-07-25,2015,4.974,151,4060576,3,0,7502,2017-03-10
362373,Eaters,Eaters,en,1.298,2015-10-06,2015,2.9,14,2109127,1,0,7503,2017-03-10
314029,Neon Bull,Boi Neon,pt,5.349,2016-01-14,2016,6.7,96,4899406,3,0,7511,2017-03-13
323665,Ava's Possessions,Ava's Possessions,en,6.816,2015-03-16,2015,5.9,150,3727982,3,1,7558,2017-04-04
349498,Flying Colors,ビリギャル,ja,10.57,2015-05-01,2015,7.4,132,4195368,3,0,7577,2017-04-17
404851,The3Tails: A Mermaid Adventure,The3Tails: A Mermaid Adventure,en,1.676,2015-08-01,2015,6.5,8,3391348,3,0,7672,2017-05-30
254172,Fathers and Daughters,Fathers and Daughters,en,15.403,2015-10-01,2015,7.139,970,2582502,3,0,7686,2017-06-14
385887,The Steps,The Steps,en,1.403,2016-06-03,2016,6.364,11,3801372,3,0,7761,2017-07-29
289143,Dofus - Book I: Julith,Dofus - Livre 1 : Julith,fr,6.32,2015-11-07,2015,7.5,97,4731504,3,0,7862,2017-10-21
356218,Girls Lost,Pojkarna,sv,3.637,2015-10-16,2015,5.8,27,4425152,3,0,7832,2017-09-25
333660,You're My Boss,You're My Boss,tl,1.519,2015-04-04,2015,7.3,8,4489160,0,0,7873,2017-10-26
333674,Intruders,Intruders,en,10.136,2015-06-12,2015,5.9,468,4009278,3,0,7881,2017-10-31
347945,Synchronicity,Synchronicity,en,7.844,2015-07-22,2015,5.718,370,2049543,2,0,7890,2017-11-07
288036,Sleeping with Other People,Sleeping with Other People,en,16.83,2015-06-26,2015,6.288,897,3165612,3,0,7902,2017-11-15
300153,Life,Life,en,7.959,2015-09-09,2015,6.0,347,2948840,3,1,7916,2017-11-22
283587,Beasts of No Nation,Beasts of No Nation,en,19.947,2015-09-11,2015,7.599,1734,1365050,0,0,7922,2017-11-25
329461,Harter Brocken,Harter Brocken,de,1.459,2015-03-07,2015,6.2,8,3981858,3,0,7931,2017-11-29
419327,Other Halves,Other Halves,en,0.841,2016-10-04,2016,3.7,6,4308714,3,0,7947,2017-12-15
329010,Emelie,Emelie,en,8.863,2016-03-04,2016,5.245,636,4503598,3,0,7993,2018-01-08
359870,Burn Burn Burn,Burn Burn Burn,en,3.35,2016-10-28,2016,6.644,52,3627488,3,0,8000,2018-01-10
321039,The Phoenix Incident,The Phoenix Incident,en,7.047,2015-06-16,2015,5.1,56,4341532,1,0,8006,2018-01-12
308032,The Stanford Prison Experiment,The Stanford Prison Experiment,en,15.464,2015-07-17,2015,6.856,926,420293,1,0,8036,2018-02-06
268920,Hot Pursuit,Hot Pursuit,en,45.697,2015-05-08,2015,5.7,1594,2967224,2,1,8037,2018-02-07
334536,The Blackcoat's Daughter,The Blackcoat's Daughter,en,12.29,2017-03-31,2017,5.847,665,3286052,3,0,8050,2018-02-12
329815,Disorder,Maryland,fr,5.687,2015-09-30,2015,5.671,213,4085084,0,0,8079,2018-02-28
333623,Love Live! The School Idol Movie,ラブライブ！The School Idol Movie,ja,8.069,2015-06-13,2015,7.716,58,3837248,3,0,8081,2018-03-01
239573,Unfinished Business,Unfinished Business,en,11.255,2015-03-05,2015,5.5,798,2358925,2,0,8259,2018-05-29
273477,Scouts Guide to the Zombie Apocalypse,Scouts Guide to the Zombie Apocalypse,en,91.917,2015-10-23,2015,6.5,1921,1727776,1,0,8227,2018-05-18
328425,The Gift,The Gift,en,18.567,2015-07-31,2015,6.692,3204,4178092,3,0,8233,2018-05-18
249070,Hitman: Agent 47,Hitman: Agent 47,en,46.184,2015-08-20,2015,5.9,3048,2679042,0,0,8334,2018-07-16
331446,Sharknado 3: Oh Hell No!,Sharknado 3: Oh Hell No!,en,11.95,2015-07-22,2015,4.6,500,3899796,3,0,8352,2018-08-01
320678,Vampyres,Vampyres,es,3.867,2015-09-25,2015,4.7,40,3654680,3,0,8356,2018-08-04
237584,Mojave,Mojave,en,7.024,2016-01-22,2016,5.0,132,2322517,1,0,8370,2018-08-13
258509,Alvin and the Chipmunks: The Road Chip,Alvin and the Chipmunks: The Road Chip,en,32.605,2015-12-17,2015,6.026,1631,2974918,1,0,8375,2018-08-15
254302,High-Rise,High-Rise,en,9.448,2015-11-22,2015,5.627,1166,462335,2,1,8509,2018-12-03
342588,The Empire of Corpses,屍者の帝国,ja,12.426,2015-10-02,2015,5.98,102,4235644,1,0,8569,2018-12-19
332660,Portrait of a Serial Monogamist,Portrait of a Serial Monogamist,en,0.699,2016-01-29,2016,2.8,9,2935662,3,0,8606,2019-01-14
300602,Capture the Flag,Atrapa la bandera,es,8.659,2015-08-28,2015,6.1,239,3896100,1,0,8614,2019-01-26
86828,Absolutely Anything,Absolutely Anything,en,15.554,2015-06-26,2015,5.902,1452,1727770,3,0,8643,2019-02-19
232572,A Walk in the Woods,A Walk in the Woods,en,15.392,2015-09-02,2015,6.1,696,1178665,2,0,8675,2019-03-14
331588,The Great Gilly Hopkins,The Great Gilly Hopkins,en,8.478,2015-10-05,2015,6.6,237,1226766,3,0,8703,2019-04-16
362045,Bajirao Mastani,बाजीराव मस्तानी,hi,14.294,2015-12-18,2015,7.258,277,3735246,2,0,8738,2019-05-09
256961,Paul Blart: Mall Cop 2,Paul Blart: Mall Cop 2,en,25.411,2015-04-16,2015,5.2,1547,3450650,1,0,8770,2019-06-22
334362,Highway to Hellas,Highway to Hellas,de,3.381,2015-08-06,2015,5.5,40,4766604,1,0,8922,2019-12-07
333596,Woodlawn,Woodlawn,en,12.3,2015-10-15,2015,6.892,186,4183692,1,1,9029,2020-03-03
306947,The Invitation,The Invitation,en,16.066,2016-04-08,2016,6.431,2590,2400463,3,0,9180,2020-06-22
335866,Circle,Circle,en,18.722,2015-05-28,2015,6.021,1962,3118452,1,1,9193,2020-07-08
356189,My Name Is Emily,My Name Is Emily,en,4.697,2016-04-08,2016,6.8,36,3319018,3,0,9210,2020-07-22
342179,"Arabian Nights: Volume 2, The Desolate One","As Mil e Uma Noites: Volume 2, O Desolado",pt,2.531,2015-07-29,2015,7.0,37,4692234,3,0,9248,2020-08-20
324184,A German Youth,Une jeunesse allemande,fr,1.626,2015-02-07,2015,7.0,22,3431798,0,0,9251,2020-08-27
310630,Mountain,Montanha,pt,1.191,2015-12-31,2015,6.389,18,2662716,1,0,9257,2020-09-02
364002,John From,John From,pt,0.91,2016-03-31,2016,5.9,15,3977428,3,0,9261,2020-09-03
376668,Samurai Warrior Queens,Samurai Warrior Queens,en,0.336,2015-01-09,2015,8.0,1,4794188,3,1,9486,2021-02-18
365222,Ip Man 3,葉問3,cn,22.193,2015-12-24,2015,7.0,1743,2888046,1,0,9551,2021-03-14
313074,Sword of Vengeance,Sword of Vengeance,en,7.316,2015-06-07,2015,4.8,83,3622332,0,0,9611,2021-04-03
253450,The Assassin,刺客聶隱娘,zh,12.186,2015-08-27,2015,6.4,501,3508840,2,1,9942,2021-07-05
694473,Aluguel: O Filme,Aluguel: O Filme,pt,0.024,2015-11-21,2015,0.0,0,12268798,0,0,10034,2021-09-04
353311,The Wiz Live!,The Wiz Live!,en,3.936,2015-12-03,2015,7.1,47,4718770,3,0,10159,2021-12-11
174751,Jane Got a Gun,Jane Got a Gun,en,11.317,2015-12-31,2015,5.8,806,2140037,0,0,6670,2016-01-19
299687,The 5th Wave,The 5th Wave,en,30.749,2016-01-14,2016,5.942,5732,2304933,2,0,6680,2016-01-25
270487,"Hail, Caesar!","Hail, Caesar!",en,12.745,2016-02-05,2016,5.921,3751,475290,1,0,6710,2016-02-03
58431,Pride and Prejudice and Zombies,Pride and Prejudice and Zombies,en,19.555,2016-02-04,2016,6.154,2158,1374989,3,0,6713,2016-02-07
327040,Bang Gang (A Modern Love Story),Bang Gang (une histoire d'amour moderne),fr,4.216,2015-08-26,2015,4.984,250,3838728,3,0,6720,2016-02-11
364051,The Innocents,Les Innocentes,fr,7.087,2016-02-10,2016,7.1,402,4370784,3,0,6721,2016-02-11
293660,Deadpool,Deadpool,en,100.152,2016-02-09,2016,7.6,31144,1431045,1,0,6722,2016-02-12
269149,Zootopia,Zootopia,en,104.065,2016-02-11,2016,7.75,16378,2948356,3,0,6741,2016-02-22
321258,The Boy,The Boy,en,25.979,2016-01-22,2016,6.0,3746,3882082,3,0,6755,2016-03-01
279641,Whiskey Tango Foxtrot,Whiskey Tango Foxtrot,en,8.171,2016-03-04,2016,6.3,964,3553442,3,0,6760,2016-03-03
263341,"Crouching Tiger, Hidden Dragon: Sword of Destiny","Crouching Tiger, Hidden Dragon: Sword of Destiny",en,18.037,2016-02-18,2016,6.102,643,2652118,3,0,6761,2016-03-05
262504,Allegiant,Allegiant,en,30.223,2016-03-09,2016,6.1,6607,3410834,3,0,6768,2016-03-12
333371,10 Cloverfield Lane,10 Cloverfield Lane,en,31.842,2016-03-10,2016,6.994,7929,1179933,3,0,6776,2016-03-13
330697,Belgica,Belgica,nl,5.715,2016-03-02,2016,5.95,120,3544218,1,0,6778,2016-03-13
146198,Triple 9,Triple 9,en,17.141,2016-02-19,2016,6.0,2126,1712261,3,0,6779,2016-03-14
245703,Midnight Special,Midnight Special,en,12.326,2016-02-18,2016,6.238,1877,2649554,1,0,6783,2016-03-19
209112,Batman v Superman: Dawn of Justice,Batman v Superman: Dawn of Justice,en,67.797,2016-03-23,2016,5.974,18000,2975590,2,0,6788,2016-03-26
290595,The Huntsman: Winter's War,The Huntsman: Winter's War,en,42.908,2016-04-06,2016,6.3,4793,2381991,3,0,6790,2016-03-26
140300,Kung Fu Panda 3,Kung Fu Panda 3,en,63.635,2016-01-23,2016,6.912,6054,2267968,3,0,6808,2016-03-29
379291,Justice League vs. Teen Titans,Justice League vs. Teen Titans,en,19.71,2016-03-26,2016,7.3,957,5091548,3,1,6812,2016-03-30
325348,Hardcore Henry,Hardcore Henry,en,19.989,2015-09-12,2015,6.4,2409,3072482,1,0,6820,2016-04-03
323676,The Boss,The Boss,en,10.676,2016-04-07,2016,5.833,1321,2702724,3,0,6821,2016-04-06
376570,Hush,Hush,en,22.368,2016-03-12,2016,6.728,4568,5022702,3,1,6835,2016-04-17
278927,The Jungle Book,The Jungle Book,en,56.241,2016-04-07,2016,6.865,8038,3040964,2,0,6837,2016-04-18
329440,The Forest,The Forest,en,15.246,2016-01-07,2016,5.231,1738,3387542,3,0,6856,2016-04-28
271110,Captain America: Civil War,Captain America: Civil War,en,82.262,2016-04-27,2016,7.4,22749,3498820,3,0,6857,2016-04-28
342521,Keanu,Keanu,en,9.352,2016-04-29,2016,6.067,1046,4139124,3,1,6859,2016-04-29
234004,Ratchet & Clank,Ratchet & Clank,en,13.716,2016-04-13,2016,5.8,613,2865120,3,0,6876,2016-05-09
353069,Mother's Day,Mother's Day,en,15.109,2016-04-28,2016,6.0,1262,4824302,3,0,6882,2016-05-11
393443,Extremis,Extremis,en,4.564,2016-04-17,2016,7.0,81,5538078,3,0,6884,2016-05-14
296360,Love & Friendship,Love & Friendship,en,13.65,2016-05-26,2016,6.1,538,3068194,3,0,6891,2016-05-18
246655,X-Men: Apocalypse,X-Men: Apocalypse,en,52.112,2016-05-18,2016,6.5,12983,3385516,3,0,6894,2016-05-21
345003,10 Days in a Madhouse,10 Days in a Madhouse,en,1.708,2015-11-20,2015,4.4,15,3453052,3,0,6896,2016-05-24
290250,The Nice Guys,The Nice Guys,en,35.099,2016-05-15,2016,7.122,7917,3799694,3,0,6898,2016-05-28
241259,Alice Through the Looking Glass,Alice Through the Looking Glass,en,34.818,2016-05-25,2016,6.561,6417,2567026,3,0,6908,2016-05-28
325133,Neighbors 2: Sorority Rising,Neighbors 2: Sorority Rising,en,15.318,2016-05-04,2016,5.8,4395,4438848,3,0,6909,2016-05-30
68735,Warcraft,Warcraft,en,34.245,2016-05-25,2016,6.381,6782,803096,3,0,6911,2016-05-30
369557,Sing Street,Sing Street,en,10.561,2016-03-11,2016,7.871,2282,3544112,1,0,6914,2016-06-03
308531,Teenage Mutant Ninja Turtles: Out of the Shadows,Teenage Mutant Ninja Turtles: Out of the Shadows,en,40.651,2016-06-01,2016,6.031,3509,3949660,3,1,6915,2016-06-04
259694,How to Be Single,How to Be Single,en,19.394,2016-02-08,2016,6.257,3195,1292566,3,0,6916,2016-06-04
205584,Gods of Egypt,Gods of Egypt,en,48.713,2016-02-25,2016,5.7,4055,2404233,2,1,6921,2016-06-08
291805,Now You See Me 2,Now You See Me 2,en,33.756,2016-06-02,2016,6.826,10725,3110958,1,0,6922,2016-06-08
296096,Me Before You,Me Before You,en,88.354,2016-06-01,2016,7.929,12427,2674426,3,0,6927,2016-06-10
303858,Money Monster,Money Monster,en,14.616,2016-05-12,2016,6.4,2935,2241351,3,0,6929,2016-06-13
259693,The Conjuring 2,The Conjuring 2,en,82.798,2016-06-08,2016,7.3,8404,3065204,3,0,6931,2016-06-14
127380,Finding Dory,Finding Dory,en,32.495,2016-06-16,2016,7.04,12047,2277860,3,0,6932,2016-06-15
328429,Approaching the Unknown,Approaching the Unknown,en,8.575,2016-06-03,2016,5.3,312,2674430,0,0,6934,2016-06-16
397517,Be Somebody,Be Somebody,en,6.391,2016-06-10,2016,6.5,257,5512872,3,0,6942,2016-06-22
47933,Independence Day: Resurgence,Independence Day: Resurgence,en,34.323,2016-06-22,2016,5.3,6044,1628841,3,0,6947,2016-06-23
301365,The Neon Demon,The Neon Demon,en,16.039,2016-05-31,2016,6.511,3709,1974419,3,0,6952,2016-06-29
332567,The Shallows,The Shallows,en,26.094,2016-06-24,2016,6.3,5054,4052882,3,0,6953,2016-06-29
316727,The Purge: Election Year,The Purge: Election Year,en,36.761,2016-06-29,2016,6.4,5233,4094724,3,0,6962,2016-07-05
328111,The Secret Life of Pets,The Secret Life of Pets,en,16.617,2016-06-18,2016,6.3,8054,2709768,2,0,6963,2016-07-06
267935,The BFG,The BFG,en,38.445,2016-06-01,2016,6.275,3366,3691740,3,0,6964,2016-07-07
341012,Popstar: Never Stop Never Stopping,Popstar: Never Stop Never Stopping,en,14.458,2016-06-03,2016,6.616,1238,3960412,1,0,6965,2016-07-07
347031,Swiss Army Man,Swiss Army Man,en,16.744,2016-06-24,2016,6.9,3505,4034354,2,0,6968,2016-07-08
332721,Dad's Army,Dad's Army,en,8.489,2016-02-05,2016,5.0,202,4104054,3,0,6970,2016-07-09
318121,The Fundamentals of Caring,The Fundamentals of Caring,en,10.354,2016-06-16,2016,7.296,2163,2452386,3,1,6973,2016-07-12
316023,Mike and Dave Need Wedding Dates,Mike and Dave Need Wedding Dates,en,14.928,2016-07-07,2016,6.06,2468,2823054,3,0,6976,2016-07-13
43074,Ghostbusters,Ghostbusters,en,38.546,2016-07-14,2016,5.4,6421,1289401,3,0,6977,2016-07-14
372411,Absolutely Fabulous: The Movie,Absolutely Fabulous: The Movie,en,7.161,2016-07-01,2016,5.3,241,2112096,3,0,6978,2016-07-14
339397,Café Society,Café Society,en,11.907,2016-05-11,2016,6.456,2681,4513674,1,0,6980,2016-07-15
276905,Norm of the North,Norm of the North,en,11.628,2016-01-14,2016,4.6,337,1594972,3,0,6983,2016-07-16
302156,Criminal,Criminal,en,23.774,2016-04-07,2016,6.203,1736,3014866,3,1,6984,2016-07-19
188927,Star Trek Beyond,Star Trek Beyond,en,33.768,2016-07-07,2016,6.785,6619,2660888,1,0,6991,2016-07-23
300671,13 Hours: The Secret Soldiers of Benghazi,13 Hours: The Secret Soldiers of Benghazi,en,61.956,2016-01-14,2016,7.27,3561,4172430,2,0,6992,2016-07-23
319888,Eddie the Eagle,Eddie the Eagle,en,17.281,2016-02-25,2016,7.168,2109,1083452,2,0,6998,2016-07-26
310888,Southside with You,Southside with You,en,7.46,2016-08-26,2016,5.7,190,4258698,2,0,6999,2016-07-26
382322,Batman: The Killing Joke,Batman: The Killing Joke,en,14.926,2016-07-24,2016,6.6,1808,4853102,1,0,7000,2016-07-27
301348,Elvis & Nixon,Elvis & Nixon,en,12.212,2016-03-22,2016,5.966,411,2093991,2,0,7005,2016-07-28
295699,Everybody Wants Some!!,Everybody Wants Some!!,en,14.807,2016-03-30,2016,6.369,1102,2937696,0,0,7011,2016-07-31
353571,Tallulah,Tallulah,en,10.41,2016-06-02,2016,6.728,716,1639084,3,0,7013,2016-07-31
328387,Nerve,Nerve,en,20.244,2016-06-27,2016,7.02,6773,3531824,3,0,7014,2016-08-01
382399,High Strung,High Strung,en,12.995,2016-04-08,2016,7.052,906,3451230,2,1,7016,2016-08-01
297761,Suicide Squad,Suicide Squad,en,39.539,2016-08-03,2016,5.921,21146,1386697,3,0,7023,2016-08-05
376659,Bad Moms,Bad Moms,en,23.585,2016-07-28,2016,6.5,4066,4651520,3,0,7025,2016-08-06
345911,Lights Out,Lights Out,en,22.348,2016-07-21,2016,6.357,3869,4786282,3,0,7040,2016-08-12
223702,Sausage Party,Sausage Party,en,33.59,2016-07-11,2016,5.8,7280,1700841,3,0,7042,2016-08-12
324668,Jason Bourne,Jason Bourne,en,36.989,2016-07-27,2016,6.356,5704,4196776,1,0,7046,2016-08-15
253343,Dear Eleanor,Dear Eleanor,en,6.084,2016-07-05,2016,5.9,83,2927212,3,0,7047,2016-08-15
363676,Sully,Sully,en,50.74,2016-09-07,2016,7.2,7185,3263904,1,0,7052,2016-08-19
308266,War Dogs,War Dogs,en,30.87,2016-08-18,2016,6.9,4919,2005151,1,0,7053,2016-08-19
366514,Up for Love,Un homme à la hauteur,fr,14.864,2016-05-04,2016,6.011,835,4699388,3,0,7058,2016-08-22
396535,Train to Busan,부산행,ko,130.284,2016-07-20,2016,7.757,7474,5700672,3,0,7061,2016-08-23
313297,Kubo and the Two Strings,Kubo and the Two Strings,en,28.371,2016-08-18,2016,7.635,3566,4302938,1,0,7065,2016-08-24
300669,Don't Breathe,Don't Breathe,en,38.886,2016-06-08,2016,7.013,7427,4160708,3,1,7080,2016-08-29
334533,Captain Fantastic,Captain Fantastic,en,28.135,2016-07-08,2016,7.9,6396,3553976,3,1,7082,2016-08-30
283552,The Light Between Oceans,The Light Between Oceans,en,13.744,2016-09-02,2016,7.1,1348,2547584,3,0,7084,2016-08-31
384798,Kill Command,Kill Command,en,23.152,2016-05-13,2016,5.6,570,2667380,1,0,7087,2016-08-31
347033,Equity,Equity,en,7.303,2016-07-29,2016,5.6,95,3958780,3,0,7095,2016-09-06
402899,The Last Pig,Die letzte Sau,de,1.851,2016-09-29,2016,6.0,13,5348774,1,0,7097,2016-09-06
346685,The Girl on the Train,The Girl on the Train,en,21.207,2016-10-05,2016,6.4,5685,3631112,3,0,7177,2016-10-08
360606,Adventures in Babysitting,Adventures in Babysitting,en,19.745,2016-06-24,2016,7.3,411,4456850,3,0,7104,2016-09-07
396289,Raising the Bar,Raising the Bar,en,6.963,2017-03-09,2017,6.5,174,5274066,3,0,7105,2016-09-07
348089,Grease Live,Grease Live,en,7.001,2016-01-31,2016,7.0,293,4366830,3,0,7106,2016-09-07
338766,Hell or High Water,Hell or High Water,en,24.286,2016-08-11,2016,7.3,4444,2582782,1,0,7110,2016-09-10
377264,Morgan,Morgan,en,12.099,2016-09-01,2016,5.8,1476,4520364,3,0,7112,2016-09-12
405314,My Little Pony: Equestria Girls - Legend of Everfree,My Little Pony: Equestria Girls - Legend of Everfree,en,8.867,2016-10-01,2016,7.2,107,5474644,3,0,7113,2016-09-12
366505,The Olive Tree,El Olivo,es,4.688,2016-05-06,2016,6.7,129,3655972,3,0,7122,2016-09-17
302401,Snowden,Snowden,en,16.428,2016-09-15,2016,7.107,4322,3774114,1,0,7124,2016-09-19
408272,Catfight,Catfight,en,6.465,2016-09-09,2016,5.5,192,5294198,3,0,7126,2016-09-19
333484,The Magnificent Seven,The Magnificent Seven,en,43.229,2016-09-14,2016,6.451,5905,2404435,0,0,7143,2016-09-26
325789,The Infiltrator,The Infiltrator,en,14.651,2016-07-13,2016,6.677,1661,1355631,3,0,7147,2016-09-26
377492,Dirty 30,Dirty 30,en,5.255,2016-09-23,2016,5.8,81,5521550,3,0,7154,2016-09-27
380225,Like Crazy,La pazza gioia,it,8.398,2016-05-17,2016,7.406,871,4621872,3,0,7166,2016-10-01
332872,Julieta,Julieta,es,11.06,2016-04-08,2016,6.984,858,4326444,3,0,7167,2016-10-01
332210,Storks,Storks,en,28.378,2016-09-22,2016,6.657,2332,4624424,1,0,7180,2016-10-10
340485,American Honey,American Honey,en,12.208,2016-09-30,2016,6.8,839,3721936,3,0,7182,2016-10-10
315011,Shin Godzilla,シン・ゴジラ,ja,25.558,2016-07-29,2016,7.192,1309,4262980,1,0,7196,2016-10-13
302946,The Accountant,The Accountant,en,63.837,2016-10-13,2016,7.085,6163,2140479,2,1,7212,2016-10-17
402453,King Dave,King Dave,fr,1.502,2016-07-01,2016,5.0,16,4551882,1,0,7217,2016-10-22
335796,Ouija: Origin of Evil,Ouija: Origin of Evil,en,21.845,2016-10-20,2016,6.1,2461,4361050,3,0,7218,2016-10-23
377448,The Rocky Horror Picture Show: Let's Do the Time Warp Again,The Rocky Horror Picture Show: Let's Do the Time Warp Again,en,7.441,2016-10-20,2016,5.069,204,1267299,3,1,7224,2016-10-28
284052,Doctor Strange,Doctor Strange,en,69.252,2016-10-25,2016,7.4,22176,1211837,1,0,7225,2016-10-28
290098,The Handmaiden,아가씨,ko,75.019,2016-06-01,2016,8.2,3768,4016934,3,0,7228,2016-10-29
283366,Miss Peregrine's Home for Peculiar Children,Miss Peregrine's Home for Peculiar Children,en,48.053,2016-09-27,2016,6.835,9963,1935859,3,0,7229,2016-10-30
300673,The Finest Hours,The Finest Hours,en,17.446,2016-01-27,2016,6.591,1599,2025690,3,0,7230,2016-10-31
377852,Greetings from Fukushima,Grüße aus Fukushima,de,2.041,2016-03-10,2016,6.1,32,4667788,3,0,7231,2016-11-01
136799,Trolls,Trolls,en,45.724,2016-10-13,2016,6.638,3588,1679335,3,0,7237,2016-11-03
374473,"I, Daniel Blake","I, Daniel Blake",en,12.418,2016-10-21,2016,7.732,1404,5168192,3,0,7240,2016-11-03
340487,Certain Women,Certain Women,en,8.457,2016-09-25,2016,5.999,344,4468634,3,0,7246,2016-11-06
329865,Arrival,Arrival,en,71.444,2016-11-10,2016,7.607,17807,2543164,3,1,7257,2016-11-12
323675,Ride Along 2,Ride Along 2,en,30.821,2016-01-14,2016,6.3,1669,2869728,0,0,7261,2016-11-14
259316,Fantastic Beasts and Where to Find Them,Fantastic Beasts and Where to Find Them,en,75.393,2016-11-16,2016,7.319,18784,3183660,3,1,7271,2016-11-18
393729,Divines,Divines,fr,6.77,2016-08-31,2016,7.7,660,4730986,3,0,7274,2016-11-18
339419,Loving,Loving,en,12.698,2016-11-04,2016,6.7,917,4669986,3,0,7278,2016-11-22
343611,Jack Reacher: Never Go Back,Jack Reacher: Never Go Back,en,39.538,2016-10-19,2016,6.0,4878,3393786,3,0,7279,2016-11-22
324786,Hacksaw Ridge,Hacksaw Ridge,en,88.542,2016-10-07,2016,8.196,13786,2119532,1,0,7281,2016-11-22
411736,Batman: Return of the Caped Crusaders,Batman: Return of the Caped Crusaders,en,9.24,2016-10-08,2016,6.5,263,5973626,1,0,7282,2016-11-22
95610,Bridget Jones's Baby,Bridget Jones's Baby,en,19.165,2016-09-14,2016,6.413,2887,1473832,3,0,7283,2016-11-22
258489,The Legend of Tarzan,The Legend of Tarzan,en,34.891,2016-06-29,2016,5.908,6216,918940,0,0,7284,2016-11-22
326094,Wiener-Dog,Wiener-Dog,en,7.191,2016-06-24,2016,5.6,209,4144190,1,0,7285,2016-11-22
302699,Central Intelligence,Central Intelligence,en,44.449,2016-06-16,2016,6.4,5920,1489889,2,0,7286,2016-11-22
277834,Moana,Moana,en,85.823,2016-10-13,2016,7.566,12658,3521164,3,0,7292,2016-11-24
337674,Elle,Elle,fr,11.53,2016-05-25,2016,6.7,1857,3716530,3,1,7297,2016-11-25
340666,Nocturnal Animals,Nocturnal Animals,en,32.244,2016-11-04,2016,7.426,7795,4550098,3,0,7300,2016-11-28
342473,Ballerina,Ballerina,en,26.364,2016-12-14,2016,7.2,1865,2261287,3,0,7310,2016-12-02
360249,The Last King,Birkebeinerne,no,9.746,2016-02-12,2016,5.7,227,4738360,1,0,7313,2016-12-04
333386,The Duel,The Duel,en,12.951,2016-06-24,2016,5.362,338,2436682,1,0,7320,2016-12-11
423994,Let Me Go,Let Me Go,en,1.476,2018-05-04,2018,5.0,1,5153952,3,0,7325,2016-12-13
374461,Mr. Church,Mr. Church,en,12.097,2016-09-16,2016,7.385,466,4196848,3,0,7326,2016-12-14
372058,Your Name.,君の名は。,ja,80.345,2016-08-26,2016,8.5,11468,5311514,3,0,7328,2016-12-15
316152,Free State of Jones,Free State of Jones,en,25.052,2016-06-24,2016,6.8,1492,1124037,2,0,7332,2016-12-16
330459,Rogue One: A Star Wars Story,Rogue One: A Star Wars Story,en,46.408,2016-12-14,2016,7.494,15280,3748528,3,0,7334,2016-12-16
381284,Hidden Figures,Hidden Figures,en,49.598,2016-12-10,2016,8.058,9749,4846340,3,0,7336,2016-12-16
372754,Dou kyu sei – Classmates,同級生,ja,13.286,2016-02-20,2016,8.38,393,5526028,0,0,7337,2016-12-17
339396,True Memoirs of an International Assassin,True Memoirs of an International Assassin,en,11.547,2016-11-11,2016,5.7,781,1542768,0,0,7339,2016-12-19
351454,Neruda,Neruda,es,6.595,2016-08-11,2016,6.3,253,4698584,0,0,7350,2016-12-23
121856,Assassin's Creed,Assassin's Creed,en,20.972,2016-12-21,2016,5.429,7712,2094766,1,0,7351,2016-12-24
313369,La La Land,La La Land,en,84.322,2016-11-29,2016,7.903,16912,3783958,3,0,7353,2016-12-25
335797,Sing,Sing,en,67.406,2016-11-23,2016,7.111,7941,3470600,3,1,7355,2016-12-26
274870,Passengers,Passengers,en,28.099,2016-12-21,2016,7.0,13275,1355644,0,0,7356,2016-12-26
291356,In a Valley of Violence,In a Valley of Violence,en,12.16,2016-10-21,2016,6.1,576,3608930,2,0,7357,2016-12-26
376866,Jackie,Jackie,en,13.737,2016-12-02,2016,6.453,2295,1619029,3,0,7358,2016-12-27
370755,Paterson,Paterson,en,11.791,2016-11-17,2016,7.112,1874,5247022,1,0,7367,2016-12-30
425720,Latest News from the Cosmos,Dernières nouvelles du cosmos,fr,0.662,2016-11-08,2016,6.7,9,5786040,3,0,7368,2017-01-02
409447,Hairspray Live!,Hairspray Live!,en,9.154,2016-12-07,2016,7.334,160,5664684,3,0,7369,2017-01-03
400547,Hurricane Bianca,Hurricane Bianca,en,5.866,2016-06-03,2016,6.1,263,4007248,3,1,7370,2017-01-03
342737,20th Century Women,20th Century Women,en,14.299,2016-12-28,2016,7.3,1131,4385888,3,1,7372,2017-01-03
360814,Dangal,दंगल,hi,18.652,2016-12-21,2016,7.9,985,5074352,3,0,7374,2017-01-04
393457,Fences,Fences,en,17.697,2016-12-16,2016,6.861,2605,2671706,3,0,7375,2017-01-05
334541,Manchester by the Sea,Manchester by the Sea,en,32.874,2016-11-18,2016,7.5,5836,4034228,3,0,7376,2017-01-05
371645,Hunt for the Wilderpeople,Hunt for the Wilderpeople,en,18.244,2016-03-31,2016,7.7,2059,4698684,3,1,7377,2017-01-05
296524,Deepwater Horizon,Deepwater Horizon,en,21.199,2016-09-28,2016,6.882,4519,1860357,2,0,7379,2017-01-06
207932,Inferno,Inferno,en,26.042,2016-10-13,2016,6.1,6228,3062096,2,0,7385,2017-01-08
390734,Kingsglaive: Final Fantasy XV,キングスグレイブ ファイナルファンタジーXV,ja,18.077,2016-07-09,2016,6.751,692,5595168,3,0,7393,2017-01-13
382591,Two Is a Family,Demain tout commence,fr,9.56,2016-12-07,2016,7.744,2965,5078204,3,1,7398,2017-01-15
411088,The Invisible Guest,Contratiempo,es,43.076,2017-01-06,2017,8.107,4559,4857264,1,0,7430,2017-02-05
352498,First Girl I Loved,First Girl I Loved,en,11.593,2016-10-18,2016,6.3,145,4262174,3,0,7416,2017-01-25
294272,Pete's Dragon,Pete's Dragon,en,25.146,2016-08-10,2016,6.4,2184,2788732,3,0,7417,2017-01-25
376867,Moonlight,Moonlight,en,25.88,2016-10-21,2016,7.378,7038,4975722,1,0,7421,2017-01-28
381288,Split,Split,en,50.665,2017-01-19,2017,7.345,17382,4972582,3,0,7422,2017-01-28
405932,All Girls Weekend,All Girls Weekend,en,2.793,2016-07-12,2016,3.4,43,4247682,3,0,7436,2017-02-09
68730,Silence,Silence,en,35.886,2016-12-23,2016,7.13,3047,490215,0,0,7443,2017-02-14
173897,Resident Evil: The Final Chapter,Resident Evil: The Final Chapter,en,1.75,2016-12-23,2016,6.1,3185,2592614,3,0,7447,2017-02-15
315664,Florence Foster Jenkins,Florence Foster Jenkins,en,12.891,2016-05-06,2016,6.667,1450,4136084,3,0,7448,2017-02-15
376530,The Eagle Huntress,The Eagle Huntress,en,6.064,2016-11-02,2016,7.081,93,3882074,1,0,7449,2017-02-16
366696,The Red Pill,The Red Pill,en,7.917,2016-10-14,2016,7.49,196,3686998,3,0,7451,2017-02-16
338189,It's Only the End of the World,Juste la fin du monde,fr,13.126,2016-08-26,2016,7.211,1599,4645368,3,0,7453,2017-02-17
374475,Toni Erdmann,Toni Erdmann,de,16.146,2016-07-14,2016,6.971,987,4048272,3,0,7455,2017-02-17
377273,Aquarius,Aquarius,pt,8.495,2016-09-01,2016,7.5,460,5221584,3,0,7456,2017-02-17
340676,Personal Shopper,Personal Shopper,fr,11.448,2016-12-14,2016,5.9,1221,4714782,3,0,7457,2017-02-17
340837,A Cure for Wellness,A Cure for Wellness,en,18.571,2017-02-15,2017,6.329,3829,4731136,1,0,7460,2017-02-18
333385,Mr. Right,Mr. Right,en,13.884,2016-02-29,2016,6.5,1330,2091935,2,0,7461,2017-02-18
359412,Marauders,Marauders,en,17.391,2016-07-01,2016,5.804,647,3963816,1,0,7462,2017-02-18
334543,Lion,Lion,en,24.591,2016-11-24,2016,8.067,6549,3741834,2,0,7464,2017-02-19
375012,Under the Shadow,زیر سایه,fa,10.264,2016-09-30,2016,6.489,663,4273292,3,0,7465,2017-02-19
311324,The Great Wall,The Great Wall,en,39.932,2016-12-16,2016,6.0,5121,2034800,0,0,7470,2017-02-22
339405,Christine,Christine,en,6.32,2016-10-14,2016,6.9,366,4666726,3,0,7473,2017-02-27
374465,Things to Come,L'Avenir,fr,7.0,2016-04-06,2016,6.5,313,4120176,1,0,7474,2017-02-28
381069,Little Sister,Little Sister,en,5.289,2016-10-06,2016,6.1,117,5434870,3,0,7481,2017-03-03
412203,In Between,بر بحر,ar,4.526,2016-11-25,2016,7.092,119,5974388,3,0,7485,2017-03-04
346672,Underworld: Blood Wars,Underworld: Blood Wars,en,46.467,2016-11-24,2016,5.882,3660,3717252,2,0,7497,2017-03-10
371449,Other People,Other People,en,6.783,2016-09-09,2016,6.293,200,4158876,3,0,7505,2017-03-12
374440,Spa Night,Spa Night,en,1.978,2016-08-19,2016,5.9,28,5254640,3,0,7509,2017-03-13
376660,The Edge of Seventeen,The Edge of Seventeen,en,21.632,2016-11-18,2016,7.158,4037,1878870,3,0,7515,2017-03-15
408159,The Young Offenders,The Young Offenders,en,5.031,2016-09-16,2016,7.1,210,4714568,3,1,7520,2017-03-18
385737,Always Shine,Always Shine,en,7.94,2016-11-25,2016,5.347,137,4392770,3,0,7525,2017-03-20
262841,Monster Trucks,Monster Trucks,en,21.26,2016-12-21,2016,6.103,853,3095734,0,0,7545,2017-03-31
314095,The Lost City of Z,The Lost City of Z,en,20.59,2017-03-15,2017,6.4,2844,1212428,1,0,7555,2017-04-03
374052,The Love Witch,The Love Witch,en,16.9,2016-11-11,2016,6.417,538,3908142,3,0,7560,2017-04-06
376290,Miss Sloane,Miss Sloane,en,19.008,2016-11-25,2016,7.436,1802,4540710,3,0,7561,2017-04-06
402298,Denial,Denial,en,11.834,2016-09-30,2016,6.862,646,4645330,3,0,7562,2017-04-06
317557,Queen of Katwe,Queen of Katwe,en,10.871,2016-09-23,2016,7.25,428,4341582,3,0,7565,2017-04-08
370663,Below Her Mouth,Below Her Mouth,en,141.878,2017-02-10,2017,6.821,1191,5073620,3,0,7569,2017-04-13
259695,Live by Night,Live by Night,en,13.11,2016-12-25,2016,6.2,1289,2361317,1,0,7583,2017-04-20
334521,Free Fire,Free Fire,en,15.443,2017-03-31,2017,6.3,1120,4158096,0,0,7591,2017-04-26
393519,Raw,Grave,fr,15.405,2016-11-11,2016,7.1,3184,4954522,3,0,7662,2017-05-24
341006,The Belko Experiment,The Belko Experiment,en,17.476,2016-03-17,2016,6.151,1479,1082807,3,0,7688,2017-06-15
339967,Colossal,Colossal,en,19.147,2017-04-06,2017,6.279,2069,4680182,0,0,7691,2017-06-17
375366,The Girl with All the Gifts,The Girl with All the Gifts,en,20.754,2016-09-23,2016,6.5,1965,4547056,3,0,7704,2017-06-23
333663,War on Everyone,War on Everyone,en,7.888,2016-10-07,2016,5.8,416,3708886,3,0,7705,2017-06-26
429838,Cam-Girl,Cam-Girl,en,1.446,2016-12-20,2016,3.9,9,2290819,3,0,7722,2017-07-07
294795,The 9th Life of Louis Drax,The 9th Life of Louis Drax,en,11.946,2016-09-01,2016,6.39,447,3991412,1,0,7719,2017-07-04
391913,L'età d'oro,L'età d'oro,it,0.958,2016-04-07,2016,2.8,3,4322180,1,0,7721,2017-07-05
331313,Keeping Up with the Joneses,Keeping Up with the Joneses,en,13.468,2016-10-20,2016,6.09,2012,2387499,3,0,7727,2017-07-09
407559,I Am the Pretty Thing That Lives in the House,I Am the Pretty Thing That Lives in the House,en,7.959,2016-09-10,2016,4.537,563,5059406,3,0,7729,2017-07-09
350916,Spidarlings,Spidarlings,en,2.88,2016-10-31,2016,6.0,6,2262129,3,0,7733,2017-07-10
421126,The Dragon Spell,Микита Кожум'яка,uk,4.397,2016-02-01,2016,6.5,27,5954304,1,0,7737,2017-07-14
413736,Monster High: Welcome to Monster High,Monster High: Welcome to Monster High,en,9.382,2016-08-27,2016,6.9,131,5898034,3,0,7738,2017-07-14
378018,The Void,The Void,en,16.236,2016-09-22,2016,5.992,1251,4255304,3,0,7741,2017-07-14
301334,Una,Una,en,9.44,2017-03-30,2017,6.053,264,2315582,2,0,7754,2017-07-27
340402,Almost Christmas,Almost Christmas,en,13.769,2016-11-11,2016,5.9,362,4649416,3,0,7758,2017-07-29
392791,Inversion,وارونگی,fa,1.269,2016-12-21,2016,6.3,9,5695764,3,0,7759,2017-07-29
387801,The Untamed,La región salvaje,es,8.992,2016-05-15,2016,6.0,173,5265960,3,0,7760,2017-07-29
257345,The Darkness,The Darkness,en,11.835,2016-05-13,2016,4.8,605,1878841,2,0,7766,2017-08-01
375355,Don't Hang Up,Don't Hang Up,en,15.698,2016-10-22,2016,6.239,529,3610746,0,0,7767,2017-08-01
362057,Martyrs,Martyrs,en,13.236,2015-10-09,2015,5.1,294,1663655,3,0,7775,2017-08-11
347026,A United Kingdom,A United Kingdom,en,9.782,2016-11-25,2016,6.7,505,3387266,3,0,7784,2017-08-25
340101,Their Finest,Their Finest,en,9.659,2017-02-19,2017,6.7,407,1661275,3,0,7800,2017-09-12
337703,The Red Turtle,La tortue rouge,fr,15.788,2016-03-27,2016,7.463,1263,3666024,0,0,7802,2017-09-16
393559,My Life as a Zucchini,Ma vie de courgette,fr,10.64,2016-09-22,2016,7.805,1353,2321405,3,0,7865,2017-10-22
368942,A Quiet Passion,A Quiet Passion,en,7.595,2016-10-07,2016,6.1,176,2392830,3,0,7837,2017-09-25
408618,King of the Dancehall,King of the Dancehall,en,3.412,2017-01-13,2017,8.4,8,5918104,2,0,7871,2017-10-23
424145,Petersburg: Selfie,Петербург. Только по любви,ru,3.459,2016-09-22,2016,7.1,7,5789664,3,0,7879,2017-10-31
353979,Pet,Pet,en,14.1,2016-09-24,2016,5.838,657,1183374,2,0,7882,2017-10-31
395982,Prevenge,Prevenge,en,6.935,2017-02-10,2017,5.502,221,5154288,3,0,7886,2017-11-03
434616,Patients,Patients,fr,7.021,2017-03-01,2017,7.4,606,5598100,1,0,7911,2017-11-18
334517,The Siege of Jadotville,The Siege of Jadotville,en,15.739,2016-09-19,2016,7.124,871,3922798,1,0,7912,2017-11-18
369697,Norman: The Moderate Rise and Tragic Fall of a New York Fixer,Norman: The Moderate Rise and Tragic Fall of a New York Fixer,en,6.653,2016-04-14,2016,5.5,188,4191702,1,0,7952,2017-12-19
423191,Aruvi,அருவி,ta,3.774,2017-12-15,2017,7.473,56,5867800,3,1,7961,2017-12-21
384682,Office Christmas Party,Office Christmas Party,en,19.587,2016-11-25,2016,5.686,2059,1711525,3,0,7962,2017-12-22
397243,The Autopsy of Jane Doe,The Autopsy of Jane Doe,en,42.652,2016-12-21,2016,6.802,4262,3289956,1,1,7975,2017-12-30
409297,A Dark Song,A Dark Song,en,11.711,2016-07-08,2016,6.228,464,4805316,0,1,8001,2018-01-10
408439,Hounds of Love,Hounds of Love,en,10.41,2016-10-07,2016,6.1,339,3896738,3,0,8009,2018-01-13
290825,Yoga Hosers,Yoga Hosers,en,10.238,2016-07-08,2016,4.6,432,3838992,2,0,8010,2018-01-13
408436,Quit Staring at My Plate,Ne gledaj mi u pijat,hr,1.251,2016-09-01,2016,5.6,15,5791884,1,0,8018,2018-01-20
404584,From a House on Willow Street,From a House on Willow Street,en,8.068,2017-03-24,2017,4.773,163,4961380,3,0,8028,2018-02-01
366644,The Guardian Brothers,小门神,zh,10.901,2015-06-25,2015,5.9,143,4788934,3,0,8030,2018-02-02
383807,Heal the Living,Réparer les vivants,fr,7.244,2016-11-01,2016,6.5,218,5096536,1,0,8032,2018-02-05
415358,Pink,पिंक,hi,8.994,2016-09-16,2016,7.382,217,5571734,3,0,8034,2018-02-05
374464,Planetarium,Planetarium,fr,7.602,2016-11-16,2016,4.6,199,4680196,3,0,8035,2018-02-05
394260,Sweet Dreams,Fai bei sogni,it,5.295,2016-11-10,2016,6.6,213,4746506,2,1,8047,2018-02-09
406994,Better Watch Out,Better Watch Out,en,24.05,2017-10-06,2017,6.669,1493,4443658,3,0,8049,2018-02-11
392572,Rustom,रुस्तम,hi,7.01,2016-08-12,2016,6.7,118,5165344,3,0,8067,2018-02-20
369406,Nowhere Boys: The Book of Shadows,Nowhere Boys: The Book of Shadows,en,4.552,2016-01-01,2016,5.8,49,4836736,3,1,8068,2018-02-21
408937,Crazy in Love,Locos de Amor,es,2.105,2016-05-06,2016,7.1,26,5908566,2,0,8076,2018-02-27
205588,Our Kind of Traitor,Our Kind of Traitor,en,13.075,2016-05-05,2016,6.0,544,1995390,3,0,8083,2018-03-02
397632,Sensitivity Training,Sensitivity Training,en,1.137,2016-06-05,2016,5.3,5,5697078,3,0,8084,2018-03-03
359784,Maudie,Maudie,en,13.643,2016-06-16,2016,7.7,494,3721954,3,0,8092,2018-03-06
392818,The Transfiguration,The Transfiguration,en,6.01,2016-04-14,2016,5.996,129,5039088,0,0,8095,2018-03-06
378485,We Are the Flesh,Tenemos la carne,es,8.822,2016-02-02,2016,5.2,107,4682708,0,0,8129,2018-03-21
492621,The Midnight Man,The Midnight Man,en,12.521,2016-09-30,2016,5.822,414,5629964,3,0,8136,2018-03-31
384664,Goodbye Berlin,Tschick,de,7.368,2016-09-15,2016,6.7,294,4911940,1,0,8135,2018-03-27
302688,My Big Fat Greek Wedding 2,My Big Fat Greek Wedding 2,en,16.81,2016-03-23,2016,5.984,998,3760922,3,0,8273,2018-06-06
330483,The Choice,The Choice,en,16.74,2016-02-04,2016,7.2,1888,3797868,3,0,8272,2018-06-05
399268,Thomas & Friends: The Great Race,Thomas & Friends: The Great Race,en,4.62,2016-05-21,2016,5.3,17,5563932,3,0,8325,2018-07-15
339408,The Birth of a Nation,The Birth of a Nation,en,16.641,2016-09-09,2016,6.55,525,4196450,1,0,8207,2018-05-15
378200,The Perfect Match,The Perfect Match,en,9.873,2016-03-11,2016,5.5,198,4871980,2,0,8258,2018-05-29
267193,Grimsby,Grimsby,en,19.699,2016-02-24,2016,5.953,2281,3381008,1,0,8228,2018-05-18
378064,A Silent Voice: The Movie,映画 聲の形,ja,48.292,2016-09-17,2016,8.4,3988,5323662,1,0,8312,2018-06-29
153518,The Angry Birds Movie,The Angry Birds Movie,en,33.465,2016-05-11,2016,6.234,3664,1985949,1,0,8309,2018-06-24
278154,Ice Age: Collision Course,Ice Age: Collision Course,en,52.753,2016-06-23,2016,6.1,4549,3416828,3,0,8332,2018-07-16
351211,Blair Witch,Blair Witch,en,16.777,2016-09-15,2016,5.2,1904,1540011,2,0,8338,2018-07-20
345920,Collateral Beauty,Collateral Beauty,en,12.802,2016-12-15,2016,7.2,5366,4682786,2,0,8339,2018-07-24
369885,Allied,Allied,en,22.207,2016-02-12,2016,6.8,4511,3640424,3,1,8341,2018-07-26
369883,Middle School: The Worst Years of My Life,Middle School: The Worst Years of My Life,en,10.657,2016-10-07,2016,6.922,417,4981636,3,0,8350,2018-07-31
377587,Meet the Blacks,Meet the Blacks,en,11.943,2016-04-01,2016,4.744,293,4191580,3,0,8366,2018-08-10
258230,A Monster Calls,A Monster Calls,en,19.997,2016-10-07,2016,7.271,3307,3416532,3,1,8372,2018-08-13
326423,Barbershop: The Next Cut,Barbershop: The Next Cut,en,14.242,2016-04-15,2016,6.31,458,3628584,3,0,8373,2018-08-14
291870,Dirty Grandpa,Dirty Grandpa,en,35.745,2016-01-20,2016,5.933,4368,1860213,2,0,8376,2018-08-16
213681,Masterminds,Masterminds,en,9.967,2016-09-29,2016,5.7,1731,2461150,3,0,8455,2018-10-26
399223,Bliss!,Bliss!,en,0.26,2016-06-19,2016,9.0,1,1316541,3,0,8505,2018-11-30
393562,Raman Raghav 2.0,रमन राघव २.०,hi,6.851,2016-06-24,2016,7.0,117,5662932,2,0,8570,2018-12-19
407365,I Had A Bloody Good Time At House Harker,I Had A Bloody Good Time At House Harker,en,1.915,2016-10-08,2016,5.4,22,4779026,1,1,8581,2019-01-02
428010,Liberty's Secret,Liberty's Secret,en,1.61,2016-11-04,2016,4.808,13,4396662,3,0,8602,2019-01-14
377154,Being 17,Quand on a 17 ans,fr,7.218,2016-02-27,2016,6.8,359,4331970,3,0,8603,2019-01-14
385755,Women Who Kill,Women Who Kill,en,2.345,2016-07-27,2016,5.019,26,3973012,3,0,8604,2019-01-14
368031,Friend Request,Unfriend,en,11.888,2016-01-07,2016,5.548,1233,3352390,3,0,8691,2019-03-28
389868,Seoul Station,서울역,ko,10.731,2016-08-17,2016,6.535,434,3845670,0,0,8696,2019-04-05
422363,Courier X,Courier X,en,1.438,2016-10-22,2016,5.5,4,3589968,0,0,8705,2019-04-17
366568,Four Against the Bank,Vier gegen die Bank,de,7.035,2016-12-25,2016,5.953,159,5173166,1,0,8716,2019-04-23
385320,Zoombies,Zoombies,en,10.938,2016-04-29,2016,5.0,176,5340882,3,0,8793,2019-07-22
346651,Pandemic,Pandemic,en,9.435,2016-02-26,2016,5.087,349,3774802,3,0,9022,2020-02-29
271969,Ben-Hur,Ben-Hur,en,26.938,2016-08-17,2016,5.741,1659,2638144,1,0,9040,2020-03-18
322240,Nine Lives,Nine Lives,en,12.972,2016-08-03,2016,5.8,1066,4383594,1,0,9041,2020-03-18
390592,Adult Life Skills,Adult Life Skills,en,6.316,2016-06-24,2016,6.238,80,4211044,3,0,9044,2020-03-21
384318,My Revolution,Ma révolution,fr,0.826,2016-08-03,2016,6.5,7,4277264,3,0,9053,2020-03-27
394697,Blood Stripe,Blood Stripe,en,1.006,2016-06-02,2016,6.0,2,3838802,1,0,9073,2020-04-09
356298,Don't Think Twice,Don't Think Twice,en,8.314,2016-07-22,2016,6.42,382,4972062,3,0,9093,2020-04-26
399280,Suicide Kale,Suicide Kale,en,0.773,2016-09-24,2016,5.1,5,4991906,3,0,9101,2020-04-29
412209,Tramps,Tramps,en,6.619,2016-09-10,2016,6.126,227,4991512,1,1,9141,2020-05-24
334535,The Ticket,The Ticket,en,5.486,2016-10-09,2016,5.629,85,3893280,1,0,9156,2020-06-06
412202,Handsome Devil,Handsome Devil,en,7.637,2017-02-15,2017,7.046,666,5016946,1,0,9369,2020-12-13
412660,Saint George,São Jorge,pt,1.886,2017-03-09,2017,6.6,22,4895668,1,0,9256,2020-09-01
371447,Lovesong,Lovesong,en,5.898,2017-02-17,2017,5.687,182,4305148,3,0,9259,2020-09-03
271706,Big Fish & Begonia,大鱼海棠,zh,8.366,2016-07-08,2016,7.4,438,1920885,3,0,9300,2020-10-08
366170,Yu-Gi-Oh!: The Dark Side of Dimensions,遊☆戯☆王 THE DARK SIDE OF DIMENSIONS,ja,18.905,2016-04-23,2016,7.6,431,4273562,1,0,9349,2020-12-03
396263,GANTZ:O,GANTZ:O,ja,26.707,2016-10-14,2016,7.31,759,5923962,1,0,9390,2020-12-14
413494,Everything about Men,Все о мужчинах,ru,2.065,2016-09-01,2016,5.3,8,6261136,1,0,9394,2020-12-17
390989,Sharknado 4: The 4th Awakens,Sharknado 4: The 4th Awakens,en,8.951,2016-07-31,2016,4.5,383,4831420,3,1,9465,2021-02-03
417820,Miss Saigon : 25th Anniversary Performance,Miss Saigon : 25th Anniversary Performance,en,4.686,2016-09-22,2016,8.0,43,6162808,2,0,9511,2021-03-10
399612,Realive,Proyecto Lázaro,es,6.989,2016-12-13,2016,6.0,194,4074928,1,0,9570,2021-03-17
473369,Linefork,Linefork,en,0.177,2016-04-21,2016,0.0,0,5553782,3,0,9572,2021-03-18
409502,I'm Not Ashamed,I'm Not Ashamed,en,15.832,2016-10-21,2016,7.2,275,4950110,3,0,9581,2021-03-24
525102,Girl Lost,Girl Lost,en,1.998,2018-05-01,2018,5.791,129,3115906,3,0,9746,2021-04-30
430266,Servant Of The People 2,Слуга народу 2,uk,4.067,2016-12-24,2016,6.155,29,6818880,1,0,9844,2021-05-22
297762,Wonder Woman,Wonder Woman,en,58.658,2017-05-30,2017,7.221,19964,451279,3,0,7241,2016-11-04
292280,The Bye Bye Man,The Bye Bye Man,en,11.504,2017-01-12,2017,5.2,1224,4030600,3,0,7354,2016-12-26
429238,Coin Heist,Coin Heist,en,6.307,2017-01-06,2017,5.4,279,5740806,3,0,7386,2017-01-10
428630,Alexander IRL,Alexander IRL,en,0.848,2017-01-11,2017,3.4,8,5540622,2,0,7397,2017-01-15
47971,xXx: Return of Xander Cage,xXx: Return of Xander Cage,en,67.092,2017-01-13,2017,6.133,8874,1293847,3,0,7411,2017-01-20
401544,Death Race 2050,Death Race 2050,en,11.92,2017-01-17,2017,4.322,180,5493706,3,0,7419,2017-01-25
324849,The Lego Batman Movie,The Lego Batman Movie,en,28.66,2017-02-08,2017,7.2,5001,4116284,3,1,7439,2017-02-12
365942,The Space Between Us,The Space Between Us,en,19.627,2017-01-26,2017,7.065,2446,3922818,3,0,7445,2017-02-15
324552,John Wick: Chapter 2,John Wick: Chapter 2,en,92.45,2017-02-08,2017,7.3,13086,4425200,1,0,7446,2017-02-15
341174,Fifty Shades Darker,Fifty Shades Darker,en,51.192,2017-02-08,2017,6.483,7617,4465564,3,0,7469,2017-02-22
263115,Logan,Logan,en,70.594,2017-02-28,2017,7.821,19313,3315342,3,1,7479,2017-03-03
326241,For Here or to Go?,For Here or to Go?,en,0.605,2017-03-31,2017,6.5,2,4157510,3,0,7486,2017-03-05
353569,Table 19,Table 19,en,10.785,2017-03-03,2017,5.9,949,1412528,3,0,7490,2017-03-06
397837,Before I Fall,Before I Fall,en,16.377,2017-03-02,2017,7.0,3415,1691916,3,0,7690,2017-06-17
293167,Kong: Skull Island,Kong: Skull Island,en,51.065,2017-03-08,2017,6.545,10446,3731562,1,0,7504,2017-03-12
419430,Get Out,Get Out,en,52.381,2017-02-24,2017,7.617,17504,5052448,3,0,7508,2017-03-13
321612,Beauty and the Beast,Beauty and the Beast,en,88.766,2017-03-16,2017,6.971,15457,2771200,3,1,7523,2017-03-19
428687,Deidra & Laney Rob a Train,Deidra & Laney Rob a Train,en,4.858,2017-01-23,2017,5.6,114,4144332,3,0,7524,2017-03-19
305470,Power Rangers,Power Rangers,en,37.418,2017-03-23,2017,6.3,4407,3717490,3,0,7527,2017-03-23
395992,Life,Life,en,36.066,2017-03-22,2017,6.442,7352,5442430,3,0,7540,2017-03-30
315837,Ghost in the Shell,Ghost in the Shell,en,36.873,2017-03-29,2017,6.1,7999,1219827,3,0,7551,2017-04-01
295693,The Boss Baby,The Boss Baby,en,15.87,2017-03-23,2017,6.4,7080,3874544,1,0,7553,2017-04-03
429765,Dance Academy: The Movie,Dance Academy: The Movie,en,8.372,2017-04-06,2017,7.2,144,5834660,3,0,7564,2017-04-07
291276,Unlocked,Unlocked,en,17.598,2017-04-27,2017,6.3,1098,1734493,3,0,7597,2017-04-30
425591,I Don't Feel at Home in This World Anymore,I Don't Feel at Home in This World Anymore,en,11.821,2017-01-19,2017,6.6,1283,5710514,3,0,7573,2017-04-15
337339,The Fate of the Furious,The Fate of the Furious,en,65.402,2017-04-12,2017,6.9,10285,4630562,3,1,7579,2017-04-17
376134,The Discovery,The Discovery,en,17.894,2017-03-31,2017,6.283,1308,5155780,3,0,7581,2017-04-19
418437,Unforgettable,Unforgettable,en,12.502,2017-03-06,2017,5.9,635,3462710,3,0,7592,2017-04-26
283995,Guardians of the Galaxy Vol. 2,Guardians of the Galaxy Vol. 2,en,61.126,2017-04-19,2017,7.6,21617,3896198,3,0,7595,2017-04-29
339988,The Circle,The Circle,en,18.017,2017-04-27,2017,5.518,4389,4287320,3,0,7604,2017-05-06
126889,Alien: Covenant,Alien: Covenant,en,55.894,2017-05-09,2017,6.152,8676,2316204,3,1,7607,2017-05-16
274857,King Arthur: Legend of the Sword,King Arthur: Legend of the Sword,en,39.073,2017-05-10,2017,6.5,5691,1972591,1,0,7608,2017-05-17
166426,Pirates of the Caribbean: Dead Men Tell No Tales,Pirates of the Caribbean: Dead Men Tell No Tales,en,64.796,2017-05-23,2017,6.7,11997,1790809,1,0,7665,2017-05-27
400928,Gifted,Gifted,en,42.093,2017-04-07,2017,8.023,5521,4481414,3,0,7669,2017-05-30
417678,"Everything, Everything","Everything, Everything",en,18.363,2017-05-18,2017,7.2,3681,5001718,3,0,7670,2017-05-30
373569,Snatched,Snatched,en,11.668,2017-05-03,2017,5.3,790,2334871,3,0,7676,2017-06-06
180863,T2 Trainspotting,T2 Trainspotting,en,16.406,2017-01-27,2017,6.945,3118,2763304,3,1,7677,2017-06-07
282035,The Mummy,The Mummy,en,31.073,2017-06-06,2017,5.514,7205,2345759,2,0,7681,2017-06-08
413998,My Cousin Rachel,My Cousin Rachel,en,12.792,2017-06-08,2017,5.7,577,4411596,3,1,7682,2017-06-11
424488,Megan Leavey,Megan Leavey,en,19.089,2017-06-09,2017,7.27,777,4899370,3,1,7684,2017-06-12
268531,Captain Underpants: The First Epic Movie,Captain Underpants: The First Epic Movie,en,23.297,2017-06-01,2017,6.223,1212,2091256,1,0,7700,2017-06-21
397422,Rough Night,Rough Night,en,11.906,2017-06-15,2017,5.683,1989,4799050,3,0,7701,2017-06-22
396422,Annabelle: Creation,Annabelle: Creation,en,50.01,2017-08-03,2017,6.6,5604,5140878,3,0,7779,2017-08-16
429107,Beatriz at Dinner,Beatriz at Dinner,en,6.731,2017-06-09,2017,5.761,178,5929750,3,0,7707,2017-06-28
345938,The Shack,The Shack,en,40.351,2017-03-03,2017,7.492,2129,2872518,3,1,7708,2017-06-28
260514,Cars 3,Cars 3,en,76.433,2017-06-15,2017,6.9,5840,3606752,3,1,7709,2017-06-28
324852,Despicable Me 3,Despicable Me 3,en,44.907,2017-06-15,2017,6.468,7168,3469046,3,0,7715,2017-07-02
339403,Baby Driver,Baby Driver,en,70.759,2017-06-28,2017,7.5,15737,3890160,1,0,7717,2017-07-03
416477,The Big Sick,The Big Sick,en,19.827,2017-03-30,2017,7.3,2413,5462602,3,0,7720,2017-07-05
315635,Spider-Man: Homecoming,Spider-Man: Homecoming,en,98.009,2017-07-05,2017,7.333,21850,2250912,3,0,7724,2017-07-07
341013,Atomic Blonde,Atomic Blonde,en,34.824,2017-07-26,2017,6.428,6199,2406566,3,0,7725,2017-07-07
396810,The Last Word,The Last Word,en,15.187,2017-03-03,2017,6.6,351,5023260,3,0,7734,2017-07-10
411873,The Little Hours,The Little Hours,en,20.102,2017-06-30,2017,5.8,568,5666304,3,0,7735,2017-07-11
418078,It Comes at Night,It Comes at Night,en,14.532,2017-06-09,2017,5.9,2362,4695012,3,1,7736,2017-07-12
447113,Monster High: Electrified,Monster High: Electrified,en,5.69,2017-04-04,2017,7.2,78,6536944,3,0,7739,2017-07-14
281338,War for the Planet of the Apes,War for the Planet of the Apes,en,48.443,2017-07-11,2017,7.2,9041,3450958,1,0,7742,2017-07-16
387426,Okja,Okja,en,21.996,2017-06-28,2017,7.364,4256,3967856,3,0,7743,2017-07-18
395834,Wind River,Wind River,en,32.925,2017-08-03,2017,7.438,5214,5362988,3,1,7745,2017-07-20
399019,The Beguiled,The Beguiled,en,18.35,2017-06-23,2017,5.9,2146,5592248,3,0,7746,2017-07-20
440597,Wish Upon,Wish Upon,en,17.02,2017-07-07,2017,5.676,1368,5322012,3,0,7747,2017-07-21
374720,Dunkirk,Dunkirk,en,41.067,2017-07-19,2017,7.5,16493,5013056,0,0,7748,2017-07-22
339964,Valerian and the City of a Thousand Planets,Valerian and the City of a Thousand Planets,en,42.277,2017-07-20,2017,6.6,7479,2239822,1,0,7751,2017-07-26
407448,Detroit,Detroit,en,10.219,2017-07-28,2017,7.284,1631,5390504,2,0,7778,2017-08-14
432789,The Incredible Jessica James,The Incredible Jessica James,en,6.521,2017-01-27,2017,6.167,204,5990342,3,0,7762,2017-07-30
417870,Girls Trip,Girls Trip,en,21.047,2017-07-21,2017,6.833,1498,3564472,3,0,7763,2017-07-31
353491,The Dark Tower,The Dark Tower,en,36.491,2017-08-03,2017,5.753,5094,1648190,1,0,7770,2017-08-04
378236,The Emoji Movie,The Emoji Movie,en,25.117,2017-07-23,2017,5.4,3081,4877122,1,0,7772,2017-08-11
401104,To the Bone,To the Bone,en,16.58,2017-01-22,2017,7.2,3484,5541240,3,0,7780,2017-08-19
390043,The Hitman's Bodyguard,The Hitman's Bodyguard,en,42.758,2017-08-16,2017,6.893,6182,1959563,3,1,7781,2017-08-20
337170,American Made,American Made,en,25.938,2017-08-18,2017,6.884,4510,3532216,1,0,7785,2017-08-27
399170,Logan Lucky,Logan Lucky,en,25.41,2017-08-17,2017,6.7,3511,5439796,3,0,7786,2017-08-27
257785,Tulip Fever,Tulip Fever,en,15.682,2017-07-13,2017,6.514,690,491203,3,0,7787,2017-08-30
433251,Naked,Naked,en,13.728,2017-08-11,2017,5.8,1272,6048930,2,0,7788,2017-08-31
351460,Death Note,Death Note,en,27.238,2017-08-25,2017,4.251,3944,1241317,0,0,7794,2017-09-02
406990,What Happened to Monday,What Happened to Monday,en,35.741,2017-08-18,2017,7.2,6041,1536537,3,0,7795,2017-09-02
346364,It,It,en,62.463,2017-09-06,2017,7.241,19095,1396484,3,0,7799,2017-09-09
381283,mother!,mother!,en,25.637,2017-09-13,2017,7.0,6666,5109784,2,1,7803,2017-09-16
389015,"I, Tonya","I, Tonya",en,20.643,2017-12-08,2017,7.486,5802,5580036,3,0,7806,2017-09-20
411741,Ingrid Goes West,Ingrid Goes West,en,13.029,2017-08-11,2017,6.4,963,5962210,3,0,7808,2017-09-20
439562,The Book of Birdie,The Book of Birdie,en,1.996,2017-01-30,2017,2.7,5,5142400,3,0,7811,2017-09-21
203835,Amityville: The Awakening,Amityville: The Awakening,en,14.075,2017-06-30,2017,5.3,1017,1935897,3,0,7864,2017-10-22
405775,The Wall,The Wall,en,30.489,2017-05-12,2017,6.375,957,4218696,0,0,7863,2017-10-22
274855,Geostorm,Geostorm,en,35.297,2017-10-12,2017,6.1,4787,1981128,3,1,7860,2017-10-19
401246,The Square,The Square,sv,15.508,2017-08-25,2017,6.762,1554,4995790,1,0,7859,2017-10-18
379149,The Foreigner,The Foreigner,en,28.012,2017-09-28,2017,6.969,2650,1615160,1,0,7858,2017-10-14
474513,Revelator,Revelator,en,0.997,2017-08-25,2017,4.8,5,5296086,3,0,7825,2017-09-22
343668,Kingsman: The Golden Circle,Kingsman: The Golden Circle,en,51.197,2017-09-20,2017,6.966,10387,4649466,1,0,7826,2017-09-23
415842,American Assassin,American Assassin,en,26.201,2017-09-14,2017,6.408,3000,1961175,3,1,7827,2017-09-24
440021,Happy Death Day,Happy Death Day,en,18.268,2017-10-12,2017,6.6,6122,5308322,3,0,7857,2017-10-13
369192,Battle of the Sexes,Battle of the Sexes,en,16.744,2017-09-22,2017,6.767,1846,4622512,3,0,7856,2017-10-12
426230,Band Aid,Band Aid,en,5.853,2017-06-02,2017,6.4,158,5816374,3,0,7833,2017-09-25
436343,On Body and Soul,Testről és lélekről,hu,10.4,2017-03-02,2017,7.2,543,5607714,3,0,7838,2017-09-27
467938,Revenge,Revenge,fr,21.4,2018-02-07,2018,6.465,1778,6738136,0,0,7839,2017-09-28
436340,Félicité,Félicité,ln,2.369,2017-03-29,2017,6.6,35,5980798,3,0,7841,2017-09-28
391713,Lady Bird,Lady Bird,en,26.283,2017-09-01,2017,7.259,8504,4925292,3,0,7843,2017-09-29
335984,Blade Runner 2049,Blade Runner 2049,en,124.977,2017-10-04,2017,7.6,13711,1856101,3,1,7846,2017-10-06
343674,Gerald's Game,Gerald's Game,en,25.654,2017-09-29,2017,6.396,3642,3748172,3,1,7847,2017-10-06
335360,My Little Pony: The Movie,My Little Pony: The Movie,en,20.341,2017-10-05,2017,7.2,380,4131800,3,0,7850,2017-10-07
429200,Good Time,Good Time,en,13.813,2017-08-11,2017,7.2,2818,4846232,3,1,7855,2017-10-12
420622,Professor Marston and the Wonder Women,Professor Marston and the Wonder Women,en,21.356,2017-10-13,2017,7.2,865,6133130,3,0,7852,2017-10-11
431017,Let the Sunshine In,Un beau soleil intérieur,fr,5.907,2017-09-27,2017,5.205,195,6423776,2,0,7853,2017-10-11
423899,Victoria & Abdul,Victoria & Abdul,en,10.778,2017-09-13,2017,6.9,1145,5816682,2,0,7854,2017-10-11
427900,Home Again,Home Again,en,8.909,2017-09-07,2017,6.11,1190,5719700,3,1,7868,2017-10-22
471014,Wheelman,Wheelman,en,9.653,2017-10-20,2017,6.1,625,5723286,1,0,7869,2017-10-23
340442,Pilgrimage,Pilgrimage,en,13.629,2017-04-23,2017,5.9,272,3531202,0,0,7870,2017-10-23
395991,Only the Brave,Only the Brave,en,26.107,2017-09-22,2017,7.4,1584,3829920,2,0,7872,2017-10-25
402897,The Death of Stalin,The Death of Stalin,en,19.063,2017-10-20,2017,7.0,1874,4686844,1,0,7874,2017-10-26
284053,Thor: Ragnarok,Thor: Ragnarok,en,58.489,2017-10-02,2017,7.589,20793,3501632,1,0,7875,2017-10-26
403119,47 Meters Down,47 Meters Down,en,15.987,2017-05-25,2017,5.8,2719,2932536,3,0,7883,2017-11-01
298250,Jigsaw,Jigsaw,en,24.394,2017-10-25,2017,6.223,3676,3348730,3,0,7884,2017-11-02
521460,The Mad Ones,The Mad Ones,en,1.102,2017-10-10,2017,4.5,4,3887208,3,0,7887,2017-11-03
436931,Pokémon the Movie: I Choose You!,劇場版 ポケットモンスター キミにきめた！,ja,30.444,2017-07-15,2017,7.1,625,6595896,3,0,7888,2017-11-06
396398,The Meyerowitz Stories (New and Selected),The Meyerowitz Stories (New and Selected),en,14.493,2017-05-21,2017,6.46,1182,5536736,1,0,7896,2017-11-12
394117,The Florida Project,The Florida Project,en,20.907,2017-10-06,2017,7.4,2742,5649144,3,0,7897,2017-11-13
392982,Marshall,Marshall,en,12.463,2017-10-13,2017,7.3,613,5301662,1,0,7899,2017-11-14
406997,Wonder,Wonder,en,52.4,2017-11-13,2017,8.13,7866,2543472,3,0,7903,2017-11-15
432826,Dim the Fluorescents,Dim the Fluorescents,en,0.844,2017-01-21,2017,4.3,11,6029106,3,0,7904,2017-11-15
141052,Justice League,Justice League,en,62.649,2017-11-15,2017,6.1,12974,974015,3,0,7906,2017-11-17
347984,6 Days,6 Days,en,12.085,2017-07-09,2017,6.025,688,4703048,0,0,7908,2017-11-18
390054,Sand Castle,Sand Castle,en,19.136,2017-04-21,2017,6.5,792,2582576,0,0,7909,2017-11-18
339259,The Man with the Iron Heart,The Man with the Iron Heart,en,18.071,2017-05-25,2017,6.5,763,3296908,1,0,7910,2017-11-18
392044,Murder on the Orient Express,Murder on the Orient Express,en,39.98,2017-11-03,2017,6.704,9941,3402236,3,1,7919,2017-11-24
464882,Batman vs. Two-Face,Batman vs. Two-Face,en,9.671,2017-11-14,2017,6.3,173,6142314,3,1,7920,2017-11-24
354912,Coco,Coco,en,118.902,2017-10-27,2017,8.207,19594,2380307,3,0,7930,2017-11-29
335988,Transformers: The Last Knight,Transformers: The Last Knight,en,70.402,2017-06-16,2017,6.055,6217,3371366,1,0,7934,2017-12-01
335777,The Nut Job 2: Nutty by Nature,The Nut Job 2: Nutty by Nature,en,21.104,2017-08-11,2017,6.0,405,3486626,3,0,7936,2017-12-03
457840,Psych: The Movie,Psych: The Movie,en,10.953,2017-12-07,2017,7.302,222,6868216,3,0,7939,2017-12-10
95608,The Only Living Boy in New York,The Only Living Boy in New York,en,11.508,2017-07-27,2017,6.4,329,460890,1,0,7940,2017-12-11
445030,No Game No Life: Zero,ノーゲーム・ノーライフ ゼロ,ja,16.388,2017-07-15,2017,7.797,390,5914996,3,0,7941,2017-12-12
483104,A Christmas Prince,A Christmas Prince,en,14.338,2017-11-17,2017,6.612,1436,7608418,3,0,7942,2017-12-12
485504,El Camino Christmas,El Camino Christmas,en,12.475,2017-12-08,2017,5.571,315,3255590,2,0,7945,2017-12-13
181808,Star Wars: The Last Jedi,Star Wars: The Last Jedi,en,63.132,2017-12-13,2017,6.787,15324,2527336,3,0,7946,2017-12-13
396371,Molly's Game,Molly's Game,en,24.799,2017-12-07,2017,7.144,3698,4209788,3,0,7948,2017-12-16
419479,The Babysitter,The Babysitter,en,20.332,2017-10-13,2017,6.154,3600,4225622,3,0,7949,2017-12-18
371638,The Disaster Artist,The Disaster Artist,en,14.336,2017-03-12,2017,7.1,3512,3521126,3,0,7950,2017-12-19
399055,The Shape of Water,The Shape of Water,en,35.29,2017-12-01,2017,7.245,12138,5580390,3,0,7951,2017-12-19
359940,"Three Billboards Outside Ebbing, Missouri","Three Billboards Outside Ebbing, Missouri",en,27.579,2017-12-01,2017,8.1,10109,5027774,3,0,7953,2017-12-19
429189,Wonder Wheel,Wonder Wheel,en,10.357,2017-12-01,2017,6.398,1311,5825380,3,0,7954,2017-12-19
414425,Mudbound,Mudbound,en,11.766,2017-11-16,2017,7.386,1219,2396589,3,0,7956,2017-12-19
293768,Kidnap,Kidnap,en,20.495,2017-06-16,2017,6.2,1281,1458169,3,1,7958,2017-12-20
353486,Jumanji: Welcome to the Jungle,Jumanji: Welcome to the Jungle,en,58.275,2017-12-09,2017,6.824,13630,2283362,3,0,7963,2017-12-22
400106,Bright,Bright,en,18.274,2017-12-22,2017,6.152,5637,5519340,3,0,7966,2017-12-25
398818,Call Me by Your Name,Call Me by Your Name,en,67.215,2017-07-28,2017,8.126,12102,5726616,3,0,7970,2017-12-28
346681,Wilson,Wilson,en,8.363,2017-03-24,2017,6.0,354,1781058,3,0,7978,2018-01-03
446791,All the Money in the World,All the Money in the World,en,16.959,2017-12-21,2017,6.5,2252,5294550,2,0,7979,2018-01-03
301337,Downsizing,Downsizing,en,17.128,2017-12-22,2017,5.364,3814,1389072,1,0,7980,2018-01-03
430354,Bushwick,Bushwick,en,9.699,2017-08-25,2017,5.097,471,4720702,3,0,7981,2018-01-04
396493,Creep 2,Creep 2,en,14.798,2017-10-14,2017,6.3,790,3654796,0,0,7982,2018-01-05
316029,The Greatest Showman,The Greatest Showman,en,55.793,2017-12-20,2017,7.887,9443,1485796,3,1,7983,2018-01-06
401546,The Dinner,The Dinner,en,10.4,2017-05-05,2017,4.5,289,3203620,3,0,7984,2018-01-06
441701,Veronica,Verónica,es,27.753,2017-08-25,2017,6.217,1728,5862312,3,0,7985,2018-01-06
353616,Pitch Perfect 3,Pitch Perfect 3,en,22.111,2017-12-20,2017,6.5,3291,4765284,3,0,7988,2018-01-07
442896,Cherry Pop,Cherry Pop,en,4.095,2017-09-22,2017,5.3,61,4807950,0,0,7989,2018-01-07
406181,"Jesus, Bro!","Jesus, Bro!",en,0.989,2017-04-14,2017,6.5,11,5878326,1,0,7995,2018-01-09
417320,Descendants 2,Descendants 2,en,30.373,2017-07-21,2017,7.359,1665,5117876,3,1,7996,2018-01-09
428449,A Ghost Story,A Ghost Story,en,24.884,2017-04-24,2017,7.101,2307,6265828,1,0,8005,2018-01-11
413992,Sweet Virginia,Sweet Virginia,en,6.963,2017-11-17,2017,5.8,305,2582498,3,0,8074,2018-02-25
430447,Mary and The Witch's Flower,メアリと魔女の花,ja,18.211,2017-07-08,2017,7.1,793,6336356,3,0,8015,2018-01-19
400617,Phantom Thread,Phantom Thread,en,30.166,2017-12-25,2017,7.3,3477,5776858,3,0,8017,2018-01-20
399404,Darkest Hour,Darkest Hour,en,22.767,2017-11-22,2017,7.354,5079,4555426,2,0,8020,2018-01-22
452013,A Man of Integrity,لرد,fa,5.752,2017-12-06,2017,6.784,58,6776462,3,0,8023,2018-01-24
346648,Paddington 2,Paddington 2,en,35.161,2017-11-09,2017,7.5,2373,4468740,3,0,8024,2018-01-27
363126,Berlin Syndrome,Berlin Syndrome,en,10.852,2017-04-20,2017,6.011,632,3335606,1,0,8025,2018-01-31
452557,Wolf Warrior 2,战狼2,zh,13.861,2017-07-27,2017,6.539,283,7131870,1,0,8026,2018-01-31
426338,Holy Camp!,La llamada,es,8.552,2017-09-29,2017,6.822,353,5176252,3,0,8027,2018-01-31
400728,Unknown Soldier,Tuntematon sotilas,fi,12.062,2017-10-27,2017,7.5,188,4065552,3,0,8031,2018-02-02
384680,Hostiles,Hostiles,en,29.266,2017-12-22,2017,6.9,2280,5478478,3,0,8038,2018-02-08
419680,Daddy's Home 2,Daddy's Home 2,en,46.165,2017-11-09,2017,6.295,2544,5657846,3,1,8042,2018-02-09
413362,"Roman J. Israel, Esq.","Roman J. Israel, Esq.",en,18.768,2017-11-17,2017,6.3,1267,6000478,3,1,8044,2018-02-09
426238,Beach Rats,Beach Rats,en,13.529,2017-08-25,2017,6.0,524,6303866,3,1,8045,2018-02-09
429733,Mayhem,Mayhem,en,12.298,2017-11-10,2017,6.433,683,4348012,3,0,8046,2018-02-09
364689,Ferdinand,Ferdinand,en,41.234,2017-12-09,2017,7.207,2847,3411444,3,1,8048,2018-02-11
339877,Loving Vincent,Loving Vincent,en,13.144,2017-06-22,2017,7.999,2458,3262342,1,0,8055,2018-02-15
401561,Mom and Dad,Mom and Dad,en,15.094,2018-01-19,2018,5.39,992,5462326,3,0,8143,2018-04-04
452507,1922,1922,en,15.594,2017-10-20,2017,5.932,2726,6214928,1,0,8078,2018-02-27
353070,Going in Style,Going in Style,en,27.153,2017-04-06,2017,6.709,2782,2568862,1,0,8329,2018-07-16
399057,The Killing of a Sacred Deer,The Killing of a Sacred Deer,en,27.115,2017-10-20,2017,7.0,4004,5715874,3,0,8089,2018-03-04
470524,I Can Speak,아이 캔 스피크,ko,5.654,2017-09-21,2017,7.9,59,7342204,3,0,8093,2018-03-06
397567,Along with the Gods: The Two Worlds,신과함께-죄와 벌,ko,36.083,2017-12-20,2017,8.076,1048,7160070,1,0,8094,2018-03-06
432787,Fun Mom Dinner,Fun Mom Dinner,en,8.901,2017-08-04,2017,5.8,216,5829040,3,1,8096,2018-03-06
431530,A Bad Moms Christmas,A Bad Moms Christmas,en,21.6,2017-08-04,2017,6.315,2076,6359956,3,0,8100,2018-03-08
397722,Thoroughbreds,Thoroughbreds,en,12.753,2018-03-09,2018,6.4,1147,5649108,3,0,8103,2018-03-11
446354,The Post,The Post,en,30.384,2017-12-22,2017,7.009,4578,6294822,3,1,8106,2018-03-11
401898,Thelma,Thelma,no,14.182,2017-09-15,2017,6.836,1024,6304046,3,0,8113,2018-03-15
453354,Ava,Ava,fr,14.376,2017-06-21,2017,6.4,246,6194530,3,0,8118,2018-03-17
407449,Lucky,Lucky,en,11.591,2017-09-29,2017,7.3,570,5859238,2,0,8127,2018-03-20
398181,You Were Never Really Here,You Were Never Really Here,en,17.684,2017-11-08,2017,6.6,2774,5742374,1,0,8163,2018-04-13
419831,I Kill Giants,I Kill Giants,en,13.517,2017-11-15,2017,6.2,1172,4547194,3,0,8166,2018-04-16
445040,My Friend Dahmer,My Friend Dahmer,en,12.516,2017-11-03,2017,6.522,588,2291540,1,0,8172,2018-04-24
433808,The Ritual,The Ritual,en,29.35,2017-10-11,2017,6.2,2998,5638642,0,0,8176,2018-04-27
336000,The Glass Castle,The Glass Castle,en,15.273,2017-08-11,2017,7.1,819,2378507,3,0,8226,2018-05-18
339846,Baywatch,Baywatch,en,48.376,2017-05-25,2017,6.091,8051,1469304,1,0,8230,2018-05-18
345922,Fist Fight,Fist Fight,en,12.506,2017-02-16,2017,6.05,1233,3401882,3,0,8231,2018-05-18
425134,How to Be a Latin Lover,How to Be a Latin Lover,en,17.37,2017-03-06,2017,6.9,617,4795124,2,0,8232,2018-05-18
453350,Bloody Milk,Petit Paysan,fr,6.422,2017-08-30,2017,6.9,188,6805302,1,0,8250,2018-05-26
421471,Flower,Flower,en,9.481,2017-03-16,2017,6.3,260,2582784,3,0,8311,2018-06-28
412105,You Get Me,You Get Me,en,12.53,2017-06-19,2017,5.607,1681,5539054,3,0,8307,2018-06-24
381289,A Dog's Purpose,A Dog's Purpose,en,37.838,2017-01-19,2017,7.634,3322,1753383,1,0,8335,2018-07-19
402529,All Eyez on Me,All Eyez on Me,en,15.345,2017-06-12,2017,6.709,1160,1666185,1,0,8336,2018-07-20
438970,Sharknado 5: Global Swarming,Sharknado 5: Global Swarming,en,10.22,2017-08-06,2017,4.7,327,6298780,3,0,8353,2018-08-01
430231,The Endless,The Endless,en,19.988,2017-11-05,2017,6.328,1093,3986820,1,0,8357,2018-08-04
435129,The Breadwinner,The Breadwinner,en,20.973,2017-11-17,2017,7.851,835,3901826,3,0,8360,2018-08-05
417830,Diary of a Wimpy Kid: The Long Haul,Diary of a Wimpy Kid: The Long Haul,en,20.997,2017-05-19,2017,5.303,473,6003368,0,0,8371,2018-08-13
461767,Canaries,Canaries,en,2.611,2017-08-26,2017,4.8,18,4082644,3,0,8374,2018-08-14
475007,The Escape,The Escape,en,4.899,2018-04-25,2018,5.6,68,6069126,3,0,8379,2018-08-18
463633,Journey from Greece,Djam,fr,3.46,2017-08-09,2017,6.287,47,6814914,3,0,8384,2018-08-23
458737,First Reformed,First Reformed,en,14.231,2018-05-18,2018,6.994,1323,6053438,1,0,8391,2018-08-30
428493,God's Own Country,God's Own Country,en,15.34,2017-08-31,2017,7.8,893,5635086,0,0,8394,2018-08-31
445254,Seeking a Man,بشتري راجل,ar,1.865,2017-02-14,2017,6.8,13,6539420,2,1,8403,2018-09-04
290512,The Mountain Between Us,The Mountain Between Us,en,52.556,2017-10-05,2017,6.657,2364,2226597,3,0,8408,2018-09-07
452531,That's Not Me,That's Not Me,en,1.993,2017-02-06,2017,6.0,23,4738802,3,0,8409,2018-09-09
397538,Borg vs McEnroe,Borg vs McEnroe,sv,6.169,2017-09-08,2017,6.9,1137,5727282,1,0,8428,2018-10-03
461615,MFKZ,Mutafukaz,fr,9.674,2018-05-23,2018,7.115,300,4717402,0,0,8448,2018-10-18
473309,Apostasy,Apostasy,en,8.147,2017-09-29,2017,6.705,61,4729896,3,0,8449,2018-10-19
419743,Disobedience,Disobedience,en,32.401,2018-04-24,2018,6.892,1182,6108178,3,0,8471,2018-11-04
412302,Gemini,Gemini,en,7.591,2017-06-14,2017,5.4,134,5795086,3,0,8487,2018-11-19
428733,Close-Knit,彼らが本気で編むときは、,ja,7.331,2017-02-25,2017,7.2,48,5633706,3,0,8599,2019-01-14
433414,Signature Move,Signature Move,en,2.455,2017-03-11,2017,5.3,24,5328952,3,0,8600,2019-01-14
459962,Kiss Me!,Embrasse-moi!,fr,3.839,2017-07-05,2017,5.5,64,6441072,3,0,8601,2019-01-14
390061,Mark Felt: The Man Who Brought Down the White House,Mark Felt: The Man Who Brought Down the White House,en,17.199,2017-09-28,2017,6.2,499,5175450,2,0,8621,2019-01-29
416186,Godard Mon Amour,Le Redoutable,fr,5.651,2017-06-24,2017,6.634,352,5687334,1,0,8657,2019-02-28
429417,Ghost Stories,Ghost Stories,en,12.474,2018-01-20,2018,6.457,1173,5516328,1,0,8663,2019-03-04
14564,Rings,Rings,en,21.689,2017-02-01,2017,4.989,2486,498381,2,0,8669,2019-03-09
340613,The Wife,The Wife,en,10.158,2018-08-02,2018,7.061,1056,3750872,3,0,8670,2019-03-09
441889,Secret Superstar,सीक्रेट सुपरस्टार,hi,8.138,2017-10-19,2017,7.286,168,6108090,3,0,8697,2019-04-06
478795,Lila's Book,El Libro de Lila,es,0.754,2017-09-28,2017,6.8,4,6870750,3,0,8707,2019-04-18
433422,Fairy Tail: Dragon Cry,劇場版 FAIRY TAIL 『DRAGON CRY』,ja,13.604,2017-05-06,2017,6.6,402,6548966,3,0,8712,2019-04-22
423949,Unicorn Store,Unicorn Store,en,9.618,2017-09-11,2017,5.9,845,2338454,3,0,8726,2019-04-29
451657,Custody,Jusqu'à la garde,fr,7.05,2018-02-07,2018,7.509,646,6002232,3,0,8751,2019-05-26
451988,Directions,Посоки,bg,3.15,2017-10-20,2017,6.7,29,6467968,1,0,8752,2019-05-26
422715,The Bride,Невеста,ru,9.426,2017-01-19,2017,5.793,351,6095090,3,0,8799,2019-07-27
472094,Shelter,Shelter,en,3.254,2017-10-19,2017,5.5,30,6249434,3,0,8806,2019-08-01
424510,Mr. Roosevelt,Mr. Roosevelt,en,4.388,2017-07-29,2017,6.2,68,6212496,3,0,9177,2020-06-22
332283,Mary Shelley,Mary Shelley,en,9.95,2017-08-06,2017,7.0,986,3906082,3,0,8831,2019-08-25
336890,Goon: Last of the Enforcers,Goon: Last of the Enforcers,en,8.793,2017-03-17,2017,5.7,304,2417712,2,0,8846,2019-09-11
354287,War Machine,War Machine,en,14.512,2017-05-26,2017,5.605,1135,4758646,0,0,8847,2019-09-11
428399,Cold Skin,Cold Skin,en,14.677,2017-10-20,2017,6.3,620,1034385,0,0,8906,2019-11-23
426265,Burning Sands,Burning Sands,en,5.789,2017-01-24,2017,5.8,131,5826432,2,0,8960,2020-01-12
454889,Princess Cyd,Princess Cyd,en,10.408,2017-11-03,2017,6.629,136,6053440,3,0,8998,2020-02-03
461775,The Laplace's Demon,Il demone di Laplace,it,2.315,2019-02-22,2019,6.6,20,5791732,0,0,9010,2020-02-09
349067,Tigers Are Not Afraid,Vuelven,es,9.575,2017-11-02,2017,6.9,236,4823434,0,0,9024,2020-03-01
411999,OtherLife,OtherLife,en,17.966,2017-06-16,2017,6.36,415,4693358,1,1,9072,2020-04-09
432087,Back to Burgundy,Ce qui nous lie,fr,9.085,2017-06-14,2017,6.861,569,5247704,2,0,9102,2020-04-30
417489,Bon Cop Bad Cop 2,Bon Cop Bad Cop 2,fr,8.424,2017-05-12,2017,6.3,114,4738174,1,0,9105,2020-05-02
407440,Euphoria,Euphoria,en,14.819,2018-02-01,2018,6.3,121,5698320,3,0,9128,2020-05-11
439154,The Midwife,Sage femme,fr,6.03,2017-03-22,2017,6.079,139,5348236,3,0,9145,2020-05-26
403068,Sun Dogs,Sun Dogs,en,7.37,2017-06-18,2017,6.573,89,5665452,2,0,9147,2020-05-29
461928,Anna and the Apocalypse,Anna and the Apocalypse,en,12.612,2018-11-30,2018,6.031,381,6433880,3,0,9215,2020-07-27
450492,The Lears,The Lears,en,1.242,2017-04-22,2017,5.3,3,5651952,3,0,9231,2020-08-10
452000,Western,Western,de,6.461,2017-08-24,2017,6.653,101,5157326,1,0,9236,2020-08-13
434468,Antonio One Two Three,António Um Dois Três,pt,1.14,2019-03-28,2019,6.2,8,6275840,3,0,9246,2020-08-19
407890,Lean on Pete,Lean on Pete,en,9.754,2018-04-06,2018,6.956,329,5340300,1,0,9392,2020-12-16
469721,The Cured,The Cured,en,8.114,2017-11-24,2017,5.5,366,3463106,3,0,9400,2020-12-21
435107,A Royal Winter,A Royal Winter,en,19.433,2017-01-14,2017,7.2,174,6387232,3,0,9422,2021-01-03
479709,Get My Gun,Get My Gun,en,1.356,2017-11-03,2017,6.3,11,5833412,3,0,9455,2021-01-26
333357,Stephanie,Stephanie,en,11.026,2017-04-27,2017,6.238,239,3829378,3,0,9459,2021-01-30
459928,12 Feet Deep,12 Feet Deep,en,18.741,2018-11-08,2018,5.953,287,5143226,3,0,9469,2021-02-05
449575,The Beyond,The Beyond,en,10.129,2018-01-09,2018,5.492,177,5723416,3,0,9554,2021-03-14
528491,WHAT DID JACK DO?,WHAT DID JACK DO?,en,8.004,2017-11-08,2017,6.367,478,11644096,0,0,9622,2021-04-04
284110,Bigfoot: Blood Trap,Bigfoot: Blood Trap,en,1.106,2017-10-31,2017,1.0,1,3901340,0,0,9734,2021-04-29
411976,Novitiate,Novitiate,en,11.741,2017-10-27,2017,6.4,165,4513316,2,0,9856,2021-05-29
419459,Landline,Landline,en,5.273,2017-07-21,2017,6.2,89,5737862,3,0,10045,2021-09-11
406668,The Female Brain,The Female Brain,en,6.878,2017-06-17,2017,5.6,81,5752360,3,0,10024,2021-08-29
434757,Barbie Video Game Hero,Barbie Video Game Hero,en,7.839,2017-02-01,2017,6.9,231,6185658,1,0,10053,2021-09-16
413857,Tragedy Girls,Tragedy Girls,en,11.234,2017-10-20,2017,6.003,311,3859272,3,0,10148,2021-11-30
402900,Ocean's Eight,Ocean's Eight,en,45.589,2018-06-07,2018,6.98,8295,5164214,3,0,8280,2018-06-10
460019,Truth or Dare,Truth or Dare,en,26.352,2018-04-12,2018,5.941,4013,6772950,3,1,8347,2018-07-29
443463,Leave No Trace,Leave No Trace,en,14.531,2018-06-29,2018,6.8,1215,3892172,3,0,8421,2018-09-25
268896,Pacific Rim: Uprising,Pacific Rim: Uprising,en,40.512,2018-03-21,2018,6.134,4950,2557478,3,0,8134,2018-03-25
401981,Red Sparrow,Red Sparrow,en,33.875,2018-02-28,2018,6.531,5959,2873282,3,0,8145,2018-04-04
493922,Hereditary,Hereditary,en,64.977,2018-06-07,2018,7.291,7697,7784604,3,0,8305,2018-06-23
336843,Maze Runner: The Death Cure,Maze Runner: The Death Cure,en,40.119,2018-01-10,2018,7.1,7807,4500922,3,0,8056,2018-02-15
284054,Black Panther,Black Panther,en,84.889,2018-02-13,2018,7.38,22238,1825683,3,0,8058,2018-02-16
505175,Love per Square Foot,Love per Square Foot,hi,5.574,2018-02-14,2018,6.7,113,7853242,3,0,8073,2018-02-25
387592,Early Man,Early Man,en,18.796,2018-01-26,2018,6.1,798,4701724,1,0,8144,2018-04-04
300668,Annihilation,Annihilation,en,43.299,2018-02-22,2018,6.4,8636,2798920,3,0,8077,2018-02-27
445571,Game Night,Game Night,en,33.834,2018-02-15,2018,6.853,5773,2704998,3,0,8080,2018-03-01
384521,The Cloverfield Paradox,The Cloverfield Paradox,en,19.619,2018-02-04,2018,5.619,3255,2548396,3,0,8082,2018-03-01
449176,"Love, Simon","Love, Simon",en,19.0,2018-02-16,2018,8.003,6029,5164432,1,0,8142,2018-04-04
470333,Hearts Beat Loud,Hearts Beat Loud,en,6.539,2018-06-08,2018,7.012,254,7158430,3,0,8091,2018-03-06
483980,Z-O-M-B-I-E-S,Z-O-M-B-I-E-S,en,17.249,2018-02-16,2018,7.239,685,6878820,3,0,8199,2018-05-11
399174,Isle of Dogs,Isle of Dogs,en,25.187,2018-03-23,2018,7.853,4893,5104604,3,0,8137,2018-04-01
433310,When We First Met,When We First Met,en,15.936,2018-02-09,2018,6.6,2279,5783956,2,0,8112,2018-03-15
338970,Tomb Raider,Tomb Raider,en,33.056,2018-03-05,2018,6.362,7794,1365519,3,0,8121,2018-03-19
333339,Ready Player One,Ready Player One,en,69.234,2018-03-28,2018,7.594,15668,1677720,3,0,8125,2018-03-20
505832,My Little Pony: Equestria Girls - Forgotten Friendship,My Little Pony: Equestria Girls - Forgotten Friendship,en,7.105,2018-02-17,2018,7.7,75,7869818,3,0,8126,2018-03-20
499152,The Heiresses,Las herederas,es,5.112,2018-03-15,2018,6.4,81,7875464,3,0,8128,2018-03-21
476926,The Titan,The Titan,en,7.929,2018-03-30,2018,5.313,1230,4986098,2,0,8151,2018-04-07
399796,Life of the Party,Life of the Party,en,14.587,2018-05-10,2018,6.121,982,5619332,3,0,8277,2018-06-08
447332,A Quiet Place,A Quiet Place,en,82.566,2018-04-03,2018,7.402,14229,6644200,1,0,8157,2018-04-09
485162,At War,En guerre,fr,6.063,2018-05-16,2018,7.0,163,7555774,1,0,8276,2018-06-07
299536,Avengers: Infinity War,Avengers: Infinity War,en,212.989,2018-04-25,2018,8.242,29925,4154756,3,0,8178,2018-04-28
451480,The Guernsey Literary & Potato Peel Pie Society,The Guernsey Literary & Potato Peel Pie Society,en,14.297,2018-04-19,2018,7.4,1314,1289403,3,0,8179,2018-04-28
424781,Sorry to Bother You,Sorry to Bother You,en,18.5,2018-07-06,2018,6.797,1558,5688932,1,0,8324,2018-07-14
454983,The Kissing Booth,The Kissing Booth,en,45.574,2018-05-11,2018,7.195,7204,3799232,3,0,8214,2018-05-16
501154,Pass Over,Pass Over,en,1.804,2018-01-26,2018,6.1,15,7768846,0,0,8263,2018-05-30
383498,Deadpool 2,Deadpool 2,en,73.903,2018-05-10,2018,7.5,18032,5463162,2,0,8229,2018-05-18
474331,Keep an Eye Out,Au poste !,fr,6.409,2018-07-04,2018,6.655,607,7156222,0,0,8319,2018-07-09
363088,Ant-Man and the Wasp,Ant-Man and the Wasp,en,37.987,2018-07-04,2018,6.928,13319,5095030,3,0,8318,2018-07-06
400579,Tully,Tully,en,12.594,2018-05-04,2018,6.779,1426,5610554,3,1,8239,2018-05-21
489931,American Animals,American Animals,en,13.708,2018-06-01,2018,6.751,1094,6212478,1,0,8317,2018-07-05
348350,Solo: A Star Wars Story,Solo: A Star Wars Story,en,34.389,2018-05-15,2018,6.6,8549,3778644,2,0,8246,2018-05-25
297725,The Man Who Killed Don Quixote,The Man Who Killed Don Quixote,en,8.426,2018-05-19,2018,6.766,1006,1318517,1,0,8247,2018-05-25
455980,Tag,Tag,en,19.933,2018-05-30,2018,6.71,3135,2854926,3,1,8313,2018-06-30
260513,Incredibles 2,Incredibles 2,en,47.781,2018-06-14,2018,7.461,12880,3606756,3,0,8290,2018-06-15
459008,Kaala,காலா,ta,4.997,2018-06-07,2018,6.651,63,6929642,3,0,8310,2018-06-26
511785,Alex Strangelove,Alex Strangelove,en,12.434,2018-04-16,2018,6.6,1530,5688996,2,0,8298,2018-06-18
384677,Set It Up,Set It Up,en,20.41,2018-06-15,2018,6.942,2648,5304992,3,0,8308,2018-06-24
351286,Jurassic World: Fallen Kingdom,Jurassic World: Fallen Kingdom,en,69.462,2018-06-06,2018,6.542,11806,4881806,3,1,8302,2018-06-22
458423,Mamma Mia! Here We Go Again,Mamma Mia! Here We Go Again,en,28.573,2018-07-09,2018,7.1,3344,6911608,3,0,8337,2018-07-20
353081,Mission: Impossible - Fallout,Mission: Impossible - Fallout,en,61.717,2018-07-13,2018,7.431,8247,4912910,1,0,8342,2018-07-27
442249,The First Purge,The First Purge,en,41.567,2018-07-04,2018,5.996,3985,6133466,3,0,8343,2018-07-27
474395,Teen Titans Go! To the Movies,Teen Titans Go! To the Movies,en,23.674,2018-07-27,2018,7.195,1110,7424200,3,0,8345,2018-07-28
348657,Woman at War,Kona fer í stríð,is,8.568,2018-05-22,2018,7.212,399,7279188,3,0,8349,2018-07-31
489930,Blindspotting,Blindspotting,en,10.554,2018-07-20,2018,7.348,659,7242142,1,0,8351,2018-08-01
489925,Eighth Grade,Eighth Grade,en,13.986,2018-01-19,2018,7.164,1520,7014006,3,0,8359,2018-08-05
454992,The Spy Who Dumped Me,The Spy Who Dumped Me,en,22.379,2018-08-02,2018,6.402,2215,6663582,3,0,8362,2018-08-06
420814,Christopher Robin,Christopher Robin,en,18.832,2018-08-01,2018,7.3,2717,4575576,2,0,8364,2018-08-09
460668,I Feel Pretty,I Feel Pretty,en,17.762,2018-04-19,2018,6.392,2037,6791096,3,0,8365,2018-08-10
487558,BlacKkKlansman,BlacKkKlansman,en,20.229,2018-08-09,2018,7.507,7517,7349662,3,1,8368,2018-08-11
345940,The Meg,The Meg,en,63.017,2018-08-09,2018,6.252,7654,4779682,3,0,8369,2018-08-11
455207,Crazy Rich Asians,Crazy Rich Asians,en,31.475,2018-08-15,2018,7.065,3633,3104988,3,0,8378,2018-08-16
445651,The Darkest Minds,The Darkest Minds,en,29.137,2018-07-25,2018,7.0,2806,4073790,3,0,8380,2018-08-18
427641,Rampage,Rampage,en,51.23,2018-04-11,2018,6.457,7051,2231461,3,0,8381,2018-08-20
504603,The World Is Yours,Le Monde est à toi,fr,7.629,2018-08-15,2018,6.8,417,6892462,2,0,8382,2018-08-21
295011,Patient Zero,Patient Zero,en,10.848,2018-09-14,2018,5.3,365,3458254,1,0,8383,2018-08-21
466282,To All the Boys I've Loved Before,To All the Boys I've Loved Before,en,47.339,2018-08-16,2018,7.61,8381,3846674,3,0,8385,2018-08-23
399360,Alpha,Alpha,en,20.72,2018-08-17,2018,6.5,2544,4244998,0,0,8386,2018-08-23
519091,Carmen & Lola,Carmen y Lola,es,6.436,2018-09-07,2018,7.0,169,7485508,3,0,8395,2018-09-01
500634,6 Balloons,6 Balloons,en,5.113,2018-03-12,2018,6.0,240,6142496,3,0,8396,2018-09-01
491584,Burning,버닝,ko,19.093,2018-05-17,2018,7.379,1601,7282468,0,0,8397,2018-09-02
518671,Shéhérazade,Shéhérazade,fr,6.237,2018-09-05,2018,7.191,256,8459250,3,1,8399,2018-09-02
418472,The Wild Pear Tree,Ahlat Ağacı,tr,7.802,2018-06-01,2018,7.6,273,6628102,2,1,8400,2018-09-03
439015,Slender Man,Slender Man,en,17.526,2018-05-17,2018,4.283,1999,5690360,3,0,8407,2018-09-06
346910,The Predator,The Predator,en,42.576,2018-09-05,2018,5.635,4666,3829266,1,0,8414,2018-09-16
484247,A Simple Favor,A Simple Favor,en,25.167,2018-08-29,2018,6.635,4138,7040874,3,0,8420,2018-09-25
505262,My Hero Academia: Two Heroes,僕のヒーローアカデミア THE MOVIE ～2人の英雄～,ja,38.573,2018-08-03,2018,7.92,1006,7745068,3,0,8422,2018-09-28
519035,Nappily Ever After,Nappily Ever After,en,7.367,2018-09-21,2018,7.2,809,365545,3,0,8423,2018-09-28
463272,Johnny English Strikes Again,Johnny English Strikes Again,en,23.365,2018-09-13,2018,6.269,2478,6921996,1,0,8424,2018-09-29
463821,The House with a Clock in Its Walls,The House with a Clock in Its Walls,en,13.78,2018-09-15,2018,6.2,2152,2119543,1,0,8425,2018-09-30
446894,Smallfoot,Smallfoot,en,19.272,2018-09-20,2018,6.8,1512,6182908,3,0,8427,2018-10-02
332562,A Star Is Born,A Star Is Born,en,32.316,2018-10-03,2018,7.498,11657,1517451,3,0,8430,2018-10-05
335983,Venom,Venom,en,188.74,2018-09-28,2018,6.832,16182,1270797,1,0,8431,2018-10-07
494974,Red Joan,Red Joan,en,13.086,2018-09-13,2018,6.661,367,7615302,3,0,9187,2020-06-30
437557,Blockers,Blockers,en,22.179,2018-03-14,2018,6.311,1981,2531344,3,0,8433,2018-10-09
462919,Sierra Burgess Is a Loser,Sierra Burgess Is a Loser,en,13.395,2018-09-07,2018,6.304,3409,3120280,3,0,8434,2018-10-09
499556,An Elephant Sitting Still,大象席地而坐,zh,10.046,2018-12-14,2018,7.7,194,8020896,0,0,8443,2018-10-15
424121,Apostle,Apostle,en,13.44,2018-09-21,2018,6.113,1426,6217306,3,0,8444,2018-10-15
369972,First Man,First Man,en,25.477,2018-10-10,2018,7.044,5252,1213641,3,1,8445,2018-10-15
424139,Halloween,Halloween,en,30.876,2018-10-18,2018,6.6,4736,1502407,3,0,8452,2018-10-22
446807,The Girl in the Spider's Web,The Girl in the Spider's Web,en,20.647,2018-10-25,2018,6.147,1355,5177088,3,0,8457,2018-10-27
407451,A Wrinkle in Time,A Wrinkle in Time,en,16.342,2018-03-08,2018,5.1,1789,1620680,3,0,8459,2018-10-28
460885,Mandy,Mandy,en,12.546,2018-09-13,2018,6.2,1908,6998518,2,0,8461,2018-10-29
424694,Bohemian Rhapsody,Bohemian Rhapsody,en,41.949,2018-10-24,2018,7.982,16888,1727824,2,0,8462,2018-10-30
361292,Suspiria,Suspiria,en,15.409,2018-10-26,2018,6.9,2518,1034415,3,0,8465,2018-11-02
489999,Searching,Searching,en,18.907,2018-08-24,2018,7.6,3852,7668870,1,0,8472,2018-11-05
519106,The Trouble with You,En liberté !,fr,6.442,2018-10-06,2018,6.0,455,7534068,2,0,8474,2018-11-05
502682,Book Club,Book Club,en,10.641,2018-05-18,2018,6.2,777,6857166,3,0,8475,2018-11-06
517298,Jefe,Jefe,es,3.657,2018-05-04,2018,5.5,62,7527538,2,0,8481,2018-11-11
324857,Spider-Man: Into the Spider-Verse,Spider-Man: Into the Spider-Verse,en,103.164,2018-12-06,2018,8.4,15742,4633694,1,0,8523,2018-12-14
338952,Fantastic Beasts: The Crimes of Grindelwald,Fantastic Beasts: The Crimes of Grindelwald,en,41.413,2018-11-14,2018,6.9,10837,4123430,2,0,8484,2018-11-14
401847,Can You Ever Forgive Me?,Can You Ever Forgive Me?,en,7.469,2018-10-19,2018,6.809,1254,4595882,3,0,8485,2018-11-18
338768,Please Stand By,Please Stand By,en,8.07,2018-01-26,2018,6.8,468,4652650,3,0,8489,2018-11-22
375262,The Favourite,The Favourite,en,22.423,2018-11-23,2018,7.508,5495,5083738,3,0,8490,2018-11-23
401469,Widows,Widows,en,14.669,2018-11-06,2018,6.5,2292,4218572,3,0,8491,2018-11-23
404368,Ralph Breaks the Internet,Ralph Breaks the Internet,en,42.684,2018-11-20,2018,7.178,7574,5848272,3,0,8492,2018-11-23
395841,Hold the Dark,Hold the Dark,en,17.315,2018-09-22,2018,5.437,952,5057140,1,0,8495,2018-11-25
297802,Aquaman,Aquaman,en,38.878,2018-12-07,2018,6.9,14090,1477834,3,0,8522,2018-12-14
537996,The Ballad of Buster Scruggs,The Ballad of Buster Scruggs,en,30.333,2018-11-09,2018,7.133,4027,6412452,1,0,8497,2018-11-26
470044,The Hate U Give,The Hate U Give,en,20.095,2018-10-19,2018,8.118,2121,5580266,3,0,8498,2018-11-26
437586,mid90s,mid90s,en,16.257,2018-10-19,2018,7.5,1591,5613484,1,0,8499,2018-11-26
477510,Dog Days,Dog Days,en,8.304,2018-08-10,2018,6.7,272,7365604,3,0,8521,2018-12-14
490132,Green Book,Green Book,en,70.431,2018-11-16,2018,8.2,11661,6966692,1,0,8512,2018-12-05
472734,Dumplin',Dumplin',en,10.062,2018-12-20,2018,6.789,1383,4878482,3,0,8514,2018-12-09
598569,Bella Ciao!,Bella Ciao!,en,1.214,2018-11-30,2018,0.0,0,5861756,3,0,8517,2018-12-10
480530,Creed II,Creed II,en,55.748,2018-11-21,2018,7.0,5426,6343314,3,0,8518,2018-12-12
362826,Wildling,Wildling,en,11.215,2018-04-13,2018,5.4,350,5085924,3,0,8520,2018-12-12
454652,Colette,Colette,en,12.924,2018-09-21,2018,6.9,895,5437928,3,0,8567,2018-12-18
426426,Roma,Roma,es,14.016,2018-11-21,2018,7.6,3888,6155172,3,0,8571,2018-12-21
428078,Mortal Engines,Mortal Engines,en,35.608,2018-11-27,2018,6.213,4679,1571234,3,0,8572,2018-12-24
457136,Mary Queen of Scots,Mary Queen of Scots,en,13.528,2018-12-07,2018,6.6,1778,2328900,3,0,8573,2018-12-24
405774,Bird Box,Bird Box,en,39.334,2018-12-13,2018,6.833,9928,2737304,3,0,8574,2018-12-25
400650,Mary Poppins Returns,Mary Poppins Returns,en,26.749,2018-12-13,2018,6.51,3305,5028340,3,0,8575,2018-12-26
429197,Vice,Vice,en,12.466,2018-12-25,2018,7.022,3335,6266538,2,0,8577,2018-12-30
429203,The Old Man & the Gun,The Old Man & the Gun,en,8.224,2018-09-27,2018,6.43,1377,2837574,1,0,8578,2018-12-30
491474,Skate Kitchen,Skate Kitchen,en,5.806,2018-08-10,2018,6.7,125,7545566,3,0,8579,2019-01-02
515042,Free Solo,Free Solo,en,15.135,2018-09-28,2018,7.911,1333,7775622,1,0,8580,2019-01-02
454619,Overboard,Overboard,en,34.453,2018-04-13,2018,6.649,1369,1563742,3,0,8582,2019-01-03
424783,Bumblebee,Bumblebee,en,43.785,2018-12-15,2018,6.726,6128,4701182,3,1,8585,2019-01-05
339380,On the Basis of Sex,On the Basis of Sex,en,16.24,2018-12-25,2018,7.4,1024,4669788,3,0,8587,2019-01-11
465914,If Beale Street Could Talk,If Beale Street Could Talk,en,12.352,2018-12-14,2018,6.928,1126,7125860,3,0,8588,2019-01-11
440298,Cold War,Zimna wojna,pl,12.09,2018-06-08,2018,7.451,1467,6543652,3,1,8590,2019-01-11
492452,Ben Is Back,Ben Is Back,en,11.815,2018-12-05,2018,6.6,914,7545524,3,0,8591,2019-01-13
517987,Rafiki,Rafiki,sw,5.205,2018-09-26,2018,7.007,144,8286894,3,0,8596,2019-01-14
466673,L'Animale,L'Animale,de,1.373,2018-03-16,2018,6.712,26,6169920,3,0,8597,2019-01-14
426613,The Miseducation of Cameron Post,The Miseducation of Cameron Post,en,14.215,2018-07-18,2018,6.9,956,6257174,3,0,8598,2019-01-14
399131,Dude,Dude,en,9.129,2018-04-20,2018,5.5,743,3458510,3,0,8608,2019-01-19
505192,Shoplifters,万引き家族,ja,16.728,2018-06-02,2018,7.9,2050,8075192,3,0,8611,2019-01-22
489982,And Breathe Normally,Andið eðlilega,is,5.434,2018-08-17,2018,6.7,103,6776106,3,0,8612,2019-01-23
440161,The Sisters Brothers,The Sisters Brothers,en,15.25,2018-09-19,2018,6.823,1910,4971344,1,0,8613,2019-01-25
394741,Stan & Ollie,Stan & Ollie,en,12.48,2018-12-28,2018,6.968,1038,3385524,3,0,8618,2019-01-28
504172,The Mule,The Mule,en,24.623,2018-12-14,2018,6.9,4948,7959026,2,0,8626,2019-02-01
502122,First Match,First Match,en,8.794,2018-03-12,2018,6.4,143,6061074,3,0,8630,2019-02-03
521935,Cam,Cam,en,11.718,2018-10-01,2018,5.842,1465,8361028,3,0,8631,2019-02-03
468219,Dead in a Week (Or Your Money Back),Dead in a Week (Or Your Money Back),en,8.842,2018-09-12,2018,6.3,338,3525168,1,0,8635,2019-02-07
426543,The Nutcracker and the Four Realms,The Nutcracker and the Four Realms,en,34.139,2018-10-26,2018,6.083,2143,5523010,3,0,8637,2019-02-07
475132,A Private War,A Private War,en,10.231,2018-11-16,2018,6.8,498,2368254,1,0,8651,2019-02-25
425373,The Miracle Season,The Miracle Season,en,7.853,2018-04-13,2018,7.2,303,5427194,3,0,8654,2019-02-26
446101,Assassination Nation,Assassination Nation,en,12.76,2018-09-21,2018,6.3,828,6205872,3,0,8656,2019-02-28
471506,Greta,Greta,en,14.612,2019-02-28,2019,6.566,1330,2639336,3,0,8658,2019-03-01
515047,The Fall of the American Empire,La Chute de l'empire américain,fr,7.209,2018-06-28,2018,6.6,183,7231342,1,0,8660,2019-03-02
491418,Instant Family,Instant Family,en,29.829,2018-11-13,2018,7.5,2957,7401588,3,0,8661,2019-03-03
429202,Vox Lux,Vox Lux,en,13.263,2018-09-07,2018,5.8,473,5960374,3,0,8662,2019-03-03
438373,Quién te cantará,Quién te cantará,es,5.189,2018-10-24,2018,7.1,137,6485304,3,0,8667,2019-03-06
375588,Robin Hood,Robin Hood,en,33.304,2018-11-03,2018,5.9,2968,4532826,1,0,8671,2019-03-10
502167,Don't Leave Home,Don't Leave Home,en,6.2,2018-03-10,2018,4.7,57,6842126,3,0,8674,2019-03-13
502791,Bullitt County,Bullitt County,en,1.901,2018-10-26,2018,5.0,11,6140148,3,0,8678,2019-03-18
489929,Destination Wedding,Destination Wedding,en,11.171,2018-08-02,2018,5.8,748,6987770,0,0,8683,2019-03-23
291984,The Death & Life of John F. Donovan,The Death & Life of John F. Donovan,en,9.734,2019-03-13,2019,6.9,689,4042818,2,0,8688,2019-03-28
471507,Destroyer,Destroyer,en,8.697,2018-12-25,2018,5.9,712,7137380,3,1,8690,2019-03-28
528112,Tito and the Birds,Tito e os Pássaros,pt,2.925,2019-02-14,2019,6.4,33,8327492,1,0,8708,2019-04-18
537170,My Little Pony: Equestria Girls - Rollercoaster of Friendship,My Little Pony: Equestria Girls - Rollercoaster of Friendship,en,7.067,2018-07-06,2018,8.1,84,8717590,3,0,8711,2019-04-18
476764,The Front Runner,The Front Runner,en,8.553,2018-11-06,2018,5.888,356,7074886,2,0,8713,2019-04-23
482981,Wild Rose,Wild Rose,en,8.157,2019-04-12,2019,6.806,325,5117428,3,0,8714,2019-04-23
543580,They Shall Not Grow Old,They Shall Not Grow Old,en,13.27,2018-11-09,2018,7.784,583,7905466,0,0,8715,2019-04-23
485817,Say My Name,Say My Name,en,1.63,2018-10-14,2018,7.0,5,7250378,3,1,8718,2019-04-24
422619,Jonathan,Jonathan,en,7.921,2018-11-08,2018,5.841,185,5639446,1,0,8724,2019-04-28
534780,Andhadhun,अंधाधुन,hi,11.362,2018-10-05,2018,7.6,511,8108198,2,1,8730,2019-05-01
449443,Den of Thieves,Den of Thieves,en,78.493,2018-01-18,2018,6.8,2861,1259528,2,0,8733,2019-05-04
490082,Jane Fonda in Five Acts,Jane Fonda in Five Acts,en,10.796,2018-01-21,2018,7.5,55,7689958,3,0,8734,2019-05-04
491629,Raazi,राज़ी,hi,8.845,2018-05-10,2018,7.2,163,7098658,3,0,8754,2019-05-28
539042,Unremember,Deslembro,pt,1.094,2019-06-20,2019,6.2,17,8900098,3,0,8757,2019-05-31
516232,The Honor List,The Honor List,en,3.354,2018-05-11,2018,6.1,28,7237666,3,0,8780,2019-07-09
536881,Genesis,Genèse,fr,4.722,2019-03-16,2019,6.382,34,8287690,0,0,8785,2019-07-17
532838,Deep Murder,Deep Murder,en,3.873,2019-06-14,2019,4.1,26,6975598,3,1,8788,2019-07-18
614170,I Like Me,I Like Me,en,1.83,2018-04-28,2018,5.0,4,7134690,3,0,8792,2019-07-21
535437,Swiped,Swiped,en,8.259,2018-11-06,2018,4.46,694,4867110,2,0,8797,2019-07-26
499533,Float Like a Butterfly,Float Like a Butterfly,en,1.97,2019-05-10,2019,6.1,8,7636672,3,1,8802,2019-07-30
438145,Black '47,Black '47,en,9.264,2018-09-05,2018,6.546,295,3208026,1,0,8803,2019-07-30
456086,Support the Girls,Support the Girls,en,7.545,2018-08-24,2018,6.0,165,6859352,3,0,8809,2019-08-07
433694,Sgt. Stubby: An American Hero,Sgt. Stubby: An American Hero,en,12.07,2018-04-13,2018,7.8,186,5314190,0,0,8822,2019-08-19
472451,Boy Erased,Boy Erased,en,14.29,2018-09-24,2018,7.016,1401,7008872,1,0,8832,2019-08-25
508003,McQueen,McQueen,en,7.892,2018-06-08,2018,7.5,121,6510332,0,0,8833,2019-08-25
446021,Bad Times at the El Royale,Bad Times at the El Royale,en,20.794,2018-10-04,2018,6.837,3551,6628394,2,1,8839,2019-09-05
503616,Second Act,Second Act,en,13.024,2018-11-22,2018,6.3,1189,2126357,1,0,8851,2019-09-13
337167,Fifty Shades Freed,Fifty Shades Freed,en,77.4,2018-01-17,2018,6.699,8005,4477536,1,0,8858,2019-09-24
426249,Lords of Chaos,Lords of Chaos,en,15.45,2018-09-20,2018,6.8,473,4669296,0,0,8878,2019-10-28
351044,Welcome to Marwen,Welcome to Marwen,en,9.512,2018-12-21,2018,6.5,1132,3289724,2,0,8885,2019-11-09
454293,Night School,Night School,en,16.992,2018-09-27,2018,6.1,1663,6781982,3,0,8890,2019-11-11
476344,The Chaperone,The Chaperone,en,4.142,2019-03-29,2019,6.177,31,2690226,3,0,8921,2019-12-06
475220,In Fabric,In Fabric,en,7.88,2018-12-06,2018,5.6,315,7464188,3,0,8931,2019-12-15
501633,The Invisibles,Les Invisibles,fr,4.993,2019-01-09,2019,7.028,363,8633950,3,0,8938,2019-12-27
496524,Simmba,सिंम्बा,hi,11.41,2018-12-28,2018,6.1,79,7212726,1,0,8961,2020-01-13
412988,The Happytime Murders,The Happytime Murders,en,13.439,2018-08-22,2018,5.7,988,1308728,3,0,8977,2020-01-21
554689,Half Brother,Meio Irmão,pt,1.569,2018-10-18,2018,5.0,4,6678876,3,0,9011,2020-02-14
511577,EGG,EGG,en,2.256,2019-01-18,2019,5.5,32,7317324,3,0,9012,2020-02-16
543760,The Chambermaid,La Camarista,es,2.738,2019-03-25,2019,6.4,51,8331988,3,0,9019,2020-02-23
331986,The Public,The Public,en,6.394,2019-04-05,2019,6.5,80,3294746,3,1,9032,2020-03-10
540255,Agapornis,Agapornis,es,0.31,2018-11-01,2018,0.0,0,8479120,3,0,9061,2020-04-03
515917,Saints Rest,Saints Rest,en,0.995,2018-04-26,2018,6.8,11,5936578,3,0,9066,2020-04-05
464502,Acrimony,Acrimony,en,12.392,2018-03-30,2018,6.7,379,6063050,1,0,9074,2020-04-10
459910,Braven,Braven,en,25.468,2018-02-01,2018,6.18,1022,5001754,3,1,9111,2020-05-03
411144,We Have Always Lived in the Castle,We Have Always Lived in the Castle,en,18.395,2019-05-17,2019,5.5,295,5952138,3,0,9116,2020-05-04
507697,Snapshots,Snapshots,en,4.796,2018-07-27,2018,7.109,55,5322168,3,0,9117,2020-05-05
493443,Ted: Show Me Love,Ted - För kärlekens skull,sv,2.328,2018-01-03,2018,7.4,26,6204018,0,0,9125,2020-05-08
411143,Tau,Tau,en,13.124,2018-06-29,2018,6.154,1246,4357394,3,0,9127,2020-05-11
469197,The Heart,Hjärtat,sv,0.887,2018-02-14,2018,5.2,9,6164698,3,0,9129,2020-05-11
524044,Before Winter Comes,Innan vintern kommer,sv,0.718,2018-02-23,2018,3.8,5,7791048,0,0,9131,2020-05-12
471706,The Cake General,Tårtgeneralen,sv,3.282,2018-03-07,2018,6.2,39,6889032,3,0,9132,2020-05-12
377281,Amateurs,Amatörer,sv,2.464,2018-03-16,2018,6.0,10,7893992,3,0,9133,2020-05-12
497747,The Real Estate,Toppen av ingenting,sv,1.036,2018-03-16,2018,5.4,8,6258766,0,0,9134,2020-05-13
504345,The Tribe,La tribu,es,7.851,2018-03-16,2018,6.3,204,6708044,3,0,9137,2020-05-16
428836,Ophelia,Ophelia,en,13.597,2019-06-28,2019,7.1,562,5690810,3,0,9140,2020-05-20
360920,The Grinch,The Grinch,en,229.422,2018-11-08,2018,6.9,4052,2709692,3,1,9150,2020-06-01
515841,I Am Not an Easy Man,Je ne suis pas un homme facile,fr,10.1,2018-04-13,2018,6.253,989,6857988,3,0,9153,2020-06-05
537190,Rampant,창궐,ko,14.037,2018-10-25,2018,6.859,202,6927152,1,0,9163,2020-06-08
507076,Climax,Climax,fr,29.442,2018-09-19,2018,7.1,2093,8359848,3,0,9167,2020-06-13
695043,The Transcendents,The Transcendents,en,0.85,2018-04-18,2018,7.3,7,5980638,3,1,9235,2020-08-13
493058,Banana Split,Banana Split,en,7.732,2018-09-22,2018,6.8,125,7755856,3,0,9245,2020-08-18
518495,Diamantino,Diamantino,pt,4.368,2018-11-28,2018,6.2,83,6522668,3,0,9260,2020-09-03
517814,Capernaum,کفرناحوم,ar,17.573,2018-09-20,2018,8.2,1712,8267604,3,0,9287,2020-09-28
494471,Non Non Biyori: Vacation,劇場版 のんのんびより ばけーしょん,ja,7.109,2018-08-25,2018,7.7,31,7785128,3,0,9303,2020-10-10
472269,Possum,Possum,en,10.115,2018-10-26,2018,6.111,256,6081670,0,0,9307,2020-10-14
398173,The House That Jack Built,The House That Jack Built,en,20.087,2018-07-05,2018,7.134,2752,4003440,1,0,9308,2020-10-14
556803,The Princess Switch,The Princess Switch,en,27.101,2018-11-16,2018,7.003,2210,8954732,3,0,9357,2020-12-05
548066,Level 16,Level 16,en,24.713,2018-02-20,2018,6.77,651,4006302,3,0,9412,2020-12-27
523849,The Last Sharknado: It's About Time,The Last Sharknado: It's About Time,en,12.561,2018-08-19,2018,4.5,256,8031422,3,0,9420,2020-12-30
489418,In Safe Hands,Pupille,fr,7.033,2018-12-05,2018,7.438,505,7543930,1,0,9450,2021-01-22
475888,Tell It to the Bees,Tell It to the Bees,en,13.252,2018-09-09,2018,7.568,440,7241926,3,0,9447,2021-01-21
502426,Furlough,Furlough,en,4.639,2018-03-16,2018,5.8,53,5291792,3,0,9445,2021-01-21
340601,Delirium,Delirium,en,9.923,2018-05-10,2018,5.8,245,2069797,1,0,9478,2021-02-16
564147,K.G.F: Chapter 1,ಕೆಜಿಎಫ್ ಅಧ್ಯಾಯ ೧,kn,17.936,2018-12-20,2018,7.408,223,7838252,1,1,9961,2021-07-11
495748,Ask for Jane,Ask for Jane,en,1.194,2019-05-17,2019,7.417,6,6466058,3,0,9503,2021-03-04
500664,Upgrade,Upgrade,en,48.893,2018-05-31,2018,7.499,4381,6499752,2,1,9520,2021-03-13
492336,Deep Blue Sea 2,Deep Blue Sea 2,en,12.026,2018-04-17,2018,5.1,518,7086706,1,0,9542,2021-03-14
450001,Master Z: Ip Man Legacy,葉問外傳：張天志,cn,26.132,2018-12-20,2018,6.5,533,7262882,3,0,9568,2021-03-17
396806,Anon,Anon,en,14.884,2018-05-03,2018,5.969,1568,5397194,0,0,9630,2021-04-07
502143,The Breaker Upperers,The Breaker Upperers,en,6.27,2018-03-10,2018,5.2,215,6728096,3,0,9798,2021-05-08
958171,"Fortnite: Battle, Build, Survive!","Fortnite: Battle, Build, Survive!",en,0.598,2018-12-19,2018,0.0,0,11791228,3,0,9858,2021-05-30
510026,Bethany Hamilton: Unstoppable,Bethany Hamilton: Unstoppable,en,2.193,2019-07-12,2019,7.857,21,6435258,1,0,10049,2021-09-15
528187,Bearkittens,Bearkittens,de,0.867,2018-04-19,2018,5.6,5,7225144,3,0,9968,2021-07-15
508687,Undertow,Undertow,en,2.526,2020-03-05,2020,3.8,7,6342316,3,1,9969,2021-07-15
543915,The Boat,The Boat,en,9.201,2019-02-22,2019,5.4,129,7468616,0,0,9976,2021-07-24
503752,What Keeps You Alive,What Keeps You Alive,en,9.5,2018-08-24,2018,5.8,256,7073710,3,0,10032,2021-09-04
458005,Zoe,Zoe,en,6.812,2018-07-19,2018,5.9,395,6010628,3,0,10089,2021-10-20
529216,Mirage,Durante la tormenta,es,19.343,2018-11-30,2018,7.468,1801,6908274,3,1,10125,2021-11-12
489939,Daphne & Velma,Daphne & Velma,en,13.562,2018-05-22,2018,6.135,241,7689052,3,0,10134,2021-11-20
371608,The Strangers: Prey at Night,The Strangers: Prey at Night,en,13.046,2018-03-07,2018,5.677,1372,1285009,3,0,10146,2021-11-30
531306,Rim of the World,Rim of the World,en,17.639,2019-05-24,2019,6.0,950,8179388,0,0,8749,2019-05-25
166428,How to Train Your Dragon: The Hidden World,How to Train Your Dragon: The Hidden World,en,100.244,2019-01-03,2019,7.8,6427,2386490,2,0,8607,2019-01-18
565357,We Are Little Zombies,ウィーアーリトルゾンビーズ,ja,4.193,2019-03-24,2019,6.6,30,9358120,2,0,8609,2019-01-21
454294,The Kid Who Would Be King,The Kid Who Would Be King,en,13.226,2019-01-16,2019,6.2,750,6811018,1,0,8615,2019-01-27
483906,Polar,Polar,en,30.126,2019-01-25,2019,6.3,2203,4139588,2,0,8616,2019-01-27
460321,Close,Close,en,23.525,2019-02-22,2019,6.0,661,5316540,3,0,8617,2019-01-27
452832,Serenity,Serenity,en,16.478,2019-01-24,2019,5.4,1516,6476140,1,0,8620,2019-01-29
539036,Soni,Soni,hi,4.049,2019-01-18,2019,6.7,36,6078866,3,0,8623,2019-01-31
458723,Us,Us,en,23.695,2019-03-14,2019,7.0,7347,6857112,3,0,8681,2019-03-22
438650,Cold Pursuit,Cold Pursuit,en,25.617,2019-02-07,2019,5.828,2583,5719748,1,0,8639,2019-02-09
535167,The Wandering Earth,流浪地球,zh,25.466,2019-02-05,2019,6.613,969,7605074,3,1,8640,2019-02-11
399579,Alita: Battle Angel,Alita: Battle Angel,en,72.162,2019-01-31,2019,7.242,9177,437086,3,0,8642,2019-02-14
280217,The Lego Movie 2: The Second Part,The Lego Movie 2: The Second Part,en,25.267,2019-02-06,2019,6.7,2211,3513498,3,0,8645,2019-02-22
567969,American Woman,American Woman,en,1.643,2019-09-12,2019,5.1,14,9109492,3,0,8647,2019-02-22
484468,The Wolf's Call,Le Chant du loup,fr,20.208,2019-02-20,2019,7.549,1985,7458762,0,0,8655,2019-02-27
449563,Isn't It Romantic,Isn't It Romantic,en,17.676,2019-02-13,2019,6.213,3461,2452244,3,0,8659,2019-03-01
299537,Captain Marvel,Captain Marvel,en,46.173,2019-03-06,2019,6.8,15748,4154664,3,0,8668,2019-03-07
445629,Fighting with My Family,Fighting with My Family,en,17.615,2019-02-14,2019,6.9,1700,6513120,3,0,8679,2019-03-19
512196,Happy Death Day 2U,Happy Death Day 2U,en,20.418,2019-02-13,2019,6.308,3377,8155288,3,0,8684,2019-03-25
399361,Triple Frontier,Triple Frontier,en,29.352,2019-03-06,2019,6.3,3193,1488606,1,0,8687,2019-03-27
287947,Shazam!,Shazam!,en,41.756,2019-03-29,2019,7.001,9543,448115,3,0,8693,2019-04-03
491625,Gully Boy,गल्ली बॉय,hi,7.608,2019-02-14,2019,7.335,182,2395469,1,1,8699,2019-04-09
592316,My Little Pony: Equestria Girls - Spring Breakdown,My Little Pony: Equestria Girls - Spring Breakdown,en,6.447,2019-03-30,2019,8.4,55,8734872,3,0,8709,2019-04-18
515248,Someone Great,Someone Great,en,16.467,2019-04-19,2019,6.4,1146,8075260,3,0,8717,2019-04-24
592485,Zoombies 2,Zoombies 2,en,2.505,2019-03-26,2019,5.5,31,9670282,3,0,8796,2019-07-24
299534,Avengers: Endgame,Avengers: Endgame,en,148.994,2019-04-24,2019,8.246,25791,4154796,3,0,8720,2019-04-25
480414,The Curse of La Llorona,The Curse of La Llorona,en,32.977,2019-04-17,2019,5.672,2435,4913966,3,0,8722,2019-04-27
543343,Guava Island,Guava Island,en,7.263,2019-04-13,2019,6.7,319,8858104,2,0,8725,2019-04-29
527261,The Silence,The Silence,en,24.123,2019-05-16,2019,6.0,1556,7315484,3,0,8727,2019-04-29
500852,Miss Bala,Miss Bala,en,15.622,2019-02-01,2019,6.36,540,5941692,3,0,8728,2019-04-30
447404,Pokémon Detective Pikachu,Pokémon Detective Pikachu,en,36.057,2019-05-03,2019,6.9,6850,5884052,3,0,8740,2019-05-11
449562,The Hustle,The Hustle,en,18.677,2019-05-09,2019,6.181,2490,1298644,3,1,8741,2019-05-11
576071,Unplanned,Unplanned,en,7.105,2019-03-21,2019,7.0,205,9024106,3,0,8742,2019-05-11
513083,Wine Country,Wine Country,en,10.987,2019-05-08,2019,5.5,502,8169446,3,0,8744,2019-05-14
505600,Booksmart,Booksmart,en,19.519,2019-05-24,2019,7.014,2621,1489887,3,0,8747,2019-05-20
420817,Aladdin,Aladdin,en,55.503,2019-05-22,2019,7.098,10061,6139732,3,0,8750,2019-05-25
519473,Nancy Drew and the Hidden Staircase,Nancy Drew and the Hidden Staircase,en,10.84,2019-03-15,2019,6.389,234,8323104,3,0,8753,2019-05-28
458156,John Wick: Chapter 3 - Parabellum,John Wick: Chapter 3 - Parabellum,en,71.894,2019-05-15,2019,7.4,10665,6146586,1,0,8755,2019-05-29
502416,Ma,Ma,en,19.66,2019-05-29,2019,5.817,2183,7958736,3,0,8758,2019-06-01
513576,Always Be My Maybe,Always Be My Maybe,en,9.141,2019-05-31,2019,6.6,1320,7374948,3,0,8760,2019-06-05
320288,Dark Phoenix,Dark Phoenix,en,38.734,2019-06-05,2019,5.979,6539,6565702,3,0,8761,2019-06-08
543540,The Perfect Date,The Perfect Date,en,19.29,2019-04-12,2019,6.454,3237,8201170,2,0,8763,2019-06-13
523172,Late Night,Late Night,en,12.59,2019-01-25,2019,6.404,793,6107548,3,0,8764,2019-06-13
531309,Brightburn,Brightburn,en,17.359,2019-05-09,2019,6.131,3137,7752126,2,0,8765,2019-06-16
373571,Godzilla: King of the Monsters,Godzilla: King of the Monsters,en,60.463,2019-05-29,2019,6.7,6185,3741700,3,0,8766,2019-06-17
505948,I Am Mother,I Am Mother,en,14.467,2019-06-07,2019,6.7,2550,6292852,3,0,8767,2019-06-18
496243,Parasite,기생충,ko,95.651,2019-05-30,2019,8.5,18429,6751668,3,1,8768,2019-06-21
301528,Toy Story 4,Toy Story 4,en,59.708,2019-06-19,2019,7.5,9803,1979376,3,0,8772,2019-06-25
521029,Annabelle Comes Home,Annabelle Comes Home,en,52.45,2019-06-26,2019,6.404,3520,8350360,3,0,8775,2019-06-30
572735,Effigy: Poison and the City,Effigie - Das Gift und die Stadt,de,1.114,2020-10-09,2020,6.5,4,9075008,3,0,8777,2019-07-01
597089,Article 15,Article 15,hi,10.816,2019-05-28,2019,7.527,149,10324144,1,0,8778,2019-07-03
553956,Pause,Παύση,el,0.706,2018-11-09,2018,5.6,10,6590856,2,0,9186,2020-06-30
429617,Spider-Man: Far From Home,Spider-Man: Far From Home,en,78.904,2019-06-28,2019,7.42,15759,6320628,1,0,8781,2019-07-10
530385,Midsommar,Midsommar,en,56.845,2019-07-03,2019,7.161,7142,8772262,3,0,8784,2019-07-16
484641,Anna,Anna,en,29.974,2019-06-19,2019,6.7,2702,7456310,3,0,8786,2019-07-18
420818,The Lion King,The Lion King,en,333.532,2019-07-12,2019,7.116,10069,6105098,3,0,8790,2019-07-21
511987,Crawl,Crawl,en,28.806,2019-07-11,2019,6.319,3099,8364368,3,1,8791,2019-07-21
466272,Once Upon a Time... in Hollywood,Once Upon a Time... in Hollywood,en,60.225,2019-07-24,2019,7.438,13492,7131622,3,0,8804,2019-07-30
575942,Sword of Trust,Sword of Trust,en,5.285,2019-07-12,2019,5.9,88,8484012,3,0,8805,2019-08-01
565310,The Farewell,The Farewell,en,16.774,2019-07-12,2019,7.427,1400,8637428,3,0,8807,2019-08-03
384018,Fast & Furious Presents: Hobbs & Shaw,Fast & Furious Presents: Hobbs & Shaw,en,102.484,2019-08-01,2019,6.86,7212,6806448,2,1,8808,2019-08-04
513340,Animals,Animals,en,2.24,2019-08-02,2019,5.702,42,4426738,3,0,8810,2019-08-10
527641,Five Feet Apart,Five Feet Apart,en,53.855,2019-03-14,2019,8.246,5626,6472976,3,0,8813,2019-08-12
520720,Kim Possible,Kim Possible,en,11.641,2019-02-15,2019,5.487,261,7979492,3,0,8814,2019-08-12
522924,The Art of Racing in the Rain,The Art of Racing in the Rain,en,31.178,2019-08-08,2019,8.191,1485,1478839,2,0,8815,2019-08-12
506574,Descendants 3,Descendants 3,en,38.813,2019-08-02,2019,7.7,1518,8022928,3,0,8816,2019-08-12
157433,Pet Sematary,Pet Sematary,en,27.812,2019-04-04,2019,5.7,3207,837563,3,1,8824,2019-08-21
468224,Tolkien,Tolkien,en,13.808,2019-05-03,2019,6.958,1412,3361792,2,0,8825,2019-08-21
582607,See You Yesterday,See You Yesterday,en,6.894,2019-05-03,2019,5.542,531,8743064,3,0,8834,2019-08-25
459670,Monica and Friends: Bonds,Turma da Mônica: Laços,pt,7.245,2019-06-27,2019,7.628,282,8169552,2,0,8835,2019-08-27
405177,"Where'd You Go, Bernadette","Where'd You Go, Bernadette",en,12.965,2019-08-16,2019,6.6,655,2365580,3,0,8836,2019-09-02
290859,Terminator: Dark Fate,Terminator: Dark Fate,en,48.824,2019-10-23,2019,6.429,5133,6450804,3,0,8838,2019-09-03
529862,Brittany Runs a Marathon,Brittany Runs a Marathon,en,10.354,2019-08-23,2019,6.6,475,7671064,3,0,8840,2019-09-09
499701,Dora and the Lost City of Gold,Dora and the Lost City of Gold,en,27.088,2019-08-08,2019,6.6,1713,7547410,3,0,8841,2019-09-10
565537,Jawline,Jawline,en,1.091,2019-01-28,2019,5.857,14,8499102,0,0,8845,2019-09-11
537061,Steven Universe: The Movie,Steven Universe: The Movie,en,14.316,2019-10-07,2019,8.147,780,10515852,3,0,8850,2019-09-13
621103,Pentagram,Pentagram,en,1.614,2019-08-08,2019,3.975,20,7711764,1,0,8852,2019-09-14
625450,Tall Girl,Tall Girl,en,19.57,2019-09-13,2019,6.317,1866,9252508,3,0,8853,2019-09-15
419704,Ad Astra,Ad Astra,en,15.53,2019-09-17,2019,6.1,6610,2935510,1,0,8855,2019-09-19
446159,Bacurau,Bacurau,pt,12.02,2019-08-29,2019,7.678,1051,2762506,1,1,8857,2019-09-24
567609,Ready or Not,Ready or Not,en,41.022,2019-08-21,2019,7.041,4579,7798634,3,0,8861,2019-09-28
340104,Lucy in the Sky,Lucy in the Sky,en,9.162,2019-09-20,2019,5.0,210,4682804,3,0,8862,2019-10-05
475557,Joker,Joker,en,93.903,2019-10-01,2019,8.144,25900,7286456,3,1,8863,2019-10-08
979547,Canceled,Canceled,en,0.25,,2019,0.0,0,9239816,3,0,8864,2019-10-08
535544,Downton Abbey,Downton Abbey,en,16.751,2019-09-12,2019,7.1,1125,6398184,3,0,8866,2019-10-09
417384,Scary Stories to Tell in the Dark,Scary Stories to Tell in the Dark,en,17.37,2019-08-08,2019,6.5,2642,3387520,3,0,8867,2019-10-09
453405,Gemini Man,Gemini Man,en,30.895,2019-10-02,2019,6.29,5118,1025100,1,0,8868,2019-10-12
359724,Ford v Ferrari,Ford v Ferrari,en,46.058,2019-11-13,2019,8.006,8016,1950186,0,0,8869,2019-10-12
540901,Hustlers,Hustlers,en,27.326,2019-09-12,2019,6.5,2919,5503686,3,0,8870,2019-10-14
420809,Maleficent: Mistress of Evil,Maleficent: Mistress of Evil,en,55.639,2019-10-16,2019,7.304,6108,4777008,3,0,8876,2019-10-26
517909,The Laundromat,The Laundromat,en,17.093,2019-09-27,2019,6.0,1204,5865326,3,0,8877,2019-10-27
504949,The King,The King,en,22.876,2019-10-11,2019,7.2,3239,7984766,1,0,8881,2019-11-04
531428,Portrait of a Lady on Fire,Portrait de la jeune fille en feu,fr,34.645,2019-09-18,2019,8.114,2562,8613070,3,0,8882,2019-11-05
522627,The Gentlemen,The Gentlemen,en,47.603,2020-01-01,2020,7.7,5862,8367814,3,0,8982,2020-01-26
487297,What Men Want,What Men Want,en,19.633,2019-02-08,2019,6.2,1449,7634968,1,0,8884,2019-11-08
537915,After,After,en,169.303,2019-04-11,2019,7.122,8234,4126476,3,0,8886,2019-11-10
431580,Abominable,Abominable,en,31.634,2019-09-19,2019,7.5,2046,6324278,3,0,8889,2019-11-10
506528,Harriet,Harriet,en,18.722,2019-11-01,2019,7.31,782,4648786,3,0,8892,2019-11-11
492188,Marriage Story,Marriage Story,en,23.651,2019-09-28,2019,7.736,6924,7653254,2,0,8893,2019-11-11
503919,The Lighthouse,The Lighthouse,en,46.618,2019-10-18,2019,7.5,4893,7984734,0,0,8894,2019-11-12
474350,It Chapter Two,It Chapter Two,en,65.442,2019-09-04,2019,6.843,8765,7349950,3,0,8895,2019-11-12
549053,Last Christmas,Last Christmas,en,44.906,2019-11-07,2019,7.2,2401,8623904,3,0,8899,2019-11-17
492616,Luce,Luce,en,8.56,2019-08-02,2019,6.4,286,7616148,3,0,8900,2019-11-19
508965,Klaus,Klaus,en,74.903,2019-11-08,2019,8.242,4136,4729430,1,0,8901,2019-11-22
611207,The Knight Before Christmas,The Knight Before Christmas,en,19.985,2019-11-21,2019,6.406,1109,10060094,3,0,8902,2019-11-22
515001,Jojo Rabbit,Jojo Rabbit,en,35.025,2019-10-18,2019,8.016,9565,2584384,3,0,8903,2019-11-23
522162,Midway,Midway,en,34.071,2019-11-06,2019,7.139,2478,6924650,1,0,8904,2019-11-23
458897,Charlie's Angels,Charlie's Angels,en,35.922,2019-11-14,2019,6.4,2965,5033998,3,0,8905,2019-11-23
546554,Knives Out,Knives Out,en,74.78,2019-11-27,2019,7.846,12453,8946378,3,0,8907,2019-11-24
504562,Motherless Brooklyn,Motherless Brooklyn,en,11.839,2019-10-31,2019,6.7,1435,385887,3,0,8910,2019-11-27
501907,A Beautiful Day in the Neighborhood,A Beautiful Day in the Neighborhood,en,19.001,2019-09-07,2019,6.973,1610,3224458,2,0,8911,2019-11-27
586456,Clementine,Clementine,en,4.406,2019-04-27,2019,4.9,39,7311036,3,0,8912,2019-11-29
536743,Queen & Slim,Queen & Slim,en,13.325,2019-11-27,2019,7.136,690,8722346,2,1,8913,2019-12-01
501170,Doctor Sleep,Doctor Sleep,en,25.607,2019-10-30,2019,7.145,4437,5606664,3,0,8914,2019-12-02
398978,The Irishman,The Irishman,en,44.673,2019-11-01,2019,7.6,6821,1302006,1,0,8915,2019-12-02
330457,Frozen II,Frozen II,en,93.134,2019-11-20,2019,7.3,9751,4520988,3,0,8916,2019-12-03
586863,Les Misérables,Les Misérables,fr,13.599,2019-11-14,2019,7.588,1499,10199590,0,0,8918,2019-12-03
338967,Zombieland: Double Tap,Zombieland: Double Tap,en,36.337,2019-10-09,2019,6.9,5710,1560220,3,0,8927,2019-12-09
581561,Text,Текст,ru,5.504,2019-10-24,2019,6.4,92,10767426,1,1,8932,2019-12-16
539364,Satanic Panic,Satanic Panic,en,6.531,2019-10-28,2019,5.307,122,8510350,3,0,8934,2019-12-19
181812,Star Wars: The Rise of Skywalker,Star Wars: The Rise of Skywalker,en,52.08,2019-12-18,2019,6.3,9942,2527338,3,0,8936,2019-12-22
515195,Yesterday,Yesterday,en,21.881,2019-06-26,2019,6.698,3920,8079248,1,0,8937,2019-12-25
520679,Her Smell,Her Smell,en,9.17,2019-04-12,2019,5.8,121,7942742,3,0,8940,2019-12-28
536869,Cats,Cats,en,10.089,2019-12-19,2019,4.1,968,5697572,3,0,8941,2019-12-30
522938,Rambo: Last Blood,Rambo: Last Blood,en,51.366,2019-09-19,2019,6.5,3894,1206885,2,1,8942,2019-12-30
522518,A Dog's Journey,A Dog's Journey,en,34.879,2019-05-03,2019,8.072,1503,8385474,3,0,8946,2020-01-01
417466,Monos,Monos,es,6.368,2019-08-15,2019,6.646,390,6062774,3,0,8948,2020-01-05
331482,Little Women,Little Women,en,50.254,2019-12-25,2019,7.877,6279,3281548,3,0,8949,2020-01-05
514921,The Aeronauts,The Aeronauts,en,16.659,2019-11-04,2019,6.8,1094,6141246,3,0,8950,2020-01-05
473033,Uncut Gems,Uncut Gems,en,33.195,2019-08-30,2019,7.2,4747,5727208,2,1,8951,2020-01-06
522369,Sorry We Missed You,Sorry We Missed You,en,10.829,2019-10-04,2019,7.3,741,8359816,3,0,8980,2020-01-25
472674,The Goldfinch,The Goldfinch,en,12.072,2019-09-12,2019,7.157,870,3864056,1,0,8953,2020-01-08
551332,The Two Popes,The Two Popes,en,15.273,2019-11-27,2019,7.495,2841,8404614,1,0,8956,2020-01-09
530915,1917,1917,en,41.338,2019-12-25,2019,8.0,12440,8579674,0,0,8962,2020-01-13
522212,Just Mercy,Just Mercy,en,20.241,2019-12-25,2019,7.87,2255,4916630,2,0,8979,2020-01-24
504585,Little Joe,Little Joe,en,9.339,2019-11-01,2019,5.7,273,9204204,3,0,8967,2020-01-18
640696,ANYA,ANYA,en,1.188,2019-11-26,2019,4.0,6,7488288,3,0,8968,2020-01-18
576017,For Sama,For Sama,en,7.199,2019-07-26,2019,8.2,264,9617456,3,0,8969,2020-01-18
525946,Troop Zero,Troop Zero,en,7.58,2019-02-01,2019,7.0,285,2404465,3,0,8970,2020-01-19
639771,Cosmos,Cosmos,en,7.356,2019-11-08,2019,5.9,84,4477292,0,0,8972,2020-01-19
540111,Joan of Arc,Jeanne,fr,2.627,2019-09-11,2019,6.0,43,8669356,3,0,8974,2020-01-20
532938,The Shiny Shrimps,Les Crevettes pailletées,fr,8.353,2019-05-08,2019,6.6,431,6918220,0,0,8975,2020-01-20
575479,An Easy Girl,Une fille facile,fr,17.912,2019-08-28,2019,5.6,348,9632590,3,0,8976,2020-01-20
523139,In the Tall Grass,In the Tall Grass,en,20.781,2019-09-20,2019,5.5,2211,4687108,1,0,8978,2020-01-23
559969,El Camino: A Breaking Bad Movie,El Camino: A Breaking Bad Movie,en,27.793,2019-10-11,2019,6.965,4913,9243946,1,0,8984,2020-01-26
568160,Weathering with You,天気の子,ja,38.392,2019-06-19,2019,8.0,2303,9426210,3,0,8988,2020-01-27
512200,Jumanji: The Next Level,Jumanji: The Next Level,en,74.434,2019-12-04,2019,6.905,8676,7975244,1,0,8993,2020-01-28
637595,Bruno Aleixo's Film,O Filme do Bruno Aleixo,pt,0.879,2020-01-23,2020,7.1,8,10244726,0,0,8995,2020-01-30
525183,Paddleton,Paddleton,en,7.132,2019-02-22,2019,7.0,274,8041276,0,0,9015,2020-02-18
510298,Seberg,Seberg,en,7.266,2019-12-13,2019,6.0,255,1780967,3,0,9018,2020-02-22
604031,Straight Up,Straight Up,en,4.125,2020-02-28,2020,6.8,72,8855960,3,0,9023,2020-03-01
537739,Can You Keep a Secret?,Can You Keep a Secret?,en,14.263,2019-09-13,2019,6.4,910,8707922,3,0,9027,2020-03-03
586940,I Lost My Body,J'ai perdu mon corps,fr,10.336,2019-11-06,2019,7.497,1248,9806192,0,0,9035,2020-03-11
619264,The Platform,El hoyo,es,57.736,2019-11-08,2019,6.973,7153,8228288,1,0,9047,2020-03-22
302349,Iron Sky: The Coming Race,Iron Sky: The Coming Race,en,13.942,2019-01-25,2019,5.128,400,3038708,3,0,9067,2020-04-05
579245,The Specials,Hors Normes,fr,11.603,2019-10-23,2019,7.823,911,8655470,1,0,9068,2020-04-06
548473,Color Out of Space,Color Out of Space,en,15.451,2019-09-07,2019,6.029,1467,5073642,2,0,9069,2020-04-06
531509,Otherhood,Otherhood,en,9.162,2019-08-13,2019,6.2,450,4180560,3,0,9080,2020-04-14
509585,7500,7500,en,11.452,2019-12-26,2019,6.1,842,6436726,1,0,9175,2020-06-19
612152,Secret Obsession,Secret Obsession,en,16.624,2019-07-18,2019,5.504,1102,9419834,1,0,9086,2020-04-19
724606,Helen,Helen,pt,1.289,2020-07-23,2020,9.5,2,10308528,1,0,9089,2020-04-22
431693,Spies in Disguise,Spies in Disguise,en,23.313,2019-12-04,2019,7.6,2799,5814534,3,0,9090,2020-04-23
523278,Saand Ki Aankh,Saand Ki Aankh,hi,1.264,2019-10-25,2019,7.0,24,8108206,3,0,9097,2020-04-28
458253,Missing Link,Missing Link,en,17.639,2019-04-04,2019,7.0,846,6348138,1,0,9099,2020-04-28
514999,Murder Mystery,Murder Mystery,en,25.307,2019-05-25,2019,6.273,4437,1618434,1,1,9103,2020-04-30
533985,Bit,Bit,en,5.544,2019-05-24,2019,5.3,36,8425034,3,0,9109,2020-05-03
529589,Love Live! Sunshine!! The School Idol Movie Over the Rainbow,ラブライブ! サンシャイン!! The School Idol Movie Over The Rainbow,ja,2.238,2019-01-04,2019,6.5,11,8659948,3,0,9112,2020-05-04
596355,Bombshells and Dollies,Bombshells and Dollies,en,0.878,2020-04-19,2020,4.0,2,6065988,3,0,9115,2020-05-04
535581,The Dead Don't Die,The Dead Don't Die,en,25.216,2019-05-15,2019,5.4,2535,8695030,3,0,9122,2020-05-06
524348,The Report,The Report,en,14.674,2019-09-12,2019,7.036,1025,8236336,0,0,9143,2020-05-25
567973,Furie,Hai Phượng,vi,7.373,2019-02-22,2019,6.5,188,9412268,3,0,9371,2020-12-14
504608,Rocketman,Rocketman,en,21.418,2019-05-17,2019,7.3,4652,2066051,3,1,9146,2020-05-26
396461,Under the Silver Lake,Under the Silver Lake,en,21.795,2018-08-08,2018,6.4,1397,5691670,0,0,9149,2020-06-01
565743,The Vast of Night,The Vast of Night,en,13.17,2019-06-01,2019,6.558,1034,6803046,3,0,9159,2020-06-07
459992,Long Shot,Long Shot,en,15.958,2019-05-02,2019,6.726,2667,2139881,3,0,9168,2020-06-13
457335,Guns Akimbo,Guns Akimbo,en,11.642,2020-02-27,2020,6.45,2310,6902676,1,0,9189,2020-07-01
442065,The Last Full Measure,The Last Full Measure,en,9.701,2020-01-23,2020,7.3,441,783640,1,0,9198,2020-07-10
530723,Bad Education,Bad Education,en,11.728,2019-09-08,2019,6.7,667,8206668,3,0,9204,2020-07-15
458305,Vivarium,Vivarium,en,21.634,2019-09-07,2019,6.1,2135,8368406,3,0,9212,2020-07-25
565326,Before You Know It,Before You Know It,en,3.238,2019-08-30,2019,5.1,16,8856090,3,0,9214,2020-07-26
568789,The Ground Beneath My Feet,Der Boden unter den Füssen,de,3.956,2019-03-21,2019,5.8,32,7902124,3,0,9218,2020-08-01
441384,The Beach Bum,The Beach Bum,en,10.926,2019-03-21,2019,5.7,500,6511932,1,0,9219,2020-08-02
642393,The Binoculars,Une Paire de Jumelles,en,0.215,2019-11-10,2019,0.0,0,9217514,3,0,9222,2020-08-04
575793,The Body Remembers When the World Broke Open,The Body Remembers When the World Broke Open,en,2.093,2019-02-10,2019,7.5,13,8230872,3,0,9232,2020-08-10
576005,Saint Frances,Saint Frances,en,5.315,2020-02-28,2020,6.598,82,9016016,3,0,9244,2020-08-17
505941,Frankie,Frankie,fr,4.255,2019-08-28,2019,4.9,57,8019694,3,0,9249,2020-08-20
588415,La peor de mis bodas 2,La peor de mis bodas 2,es,1.271,2019-01-19,2019,5.8,8,8932338,3,0,9250,2020-08-25
499573,Top End Wedding,Top End Wedding,en,5.046,2019-05-02,2019,5.882,38,7555072,3,0,9258,2020-09-03
449924,Ip Man 4: The Finale,葉問4,cn,16.79,2019-12-19,2019,7.3,1953,2076298,3,0,9264,2020-09-04
522098,Babyteeth,Babyteeth,en,7.433,2020-06-15,2020,6.9,342,8399664,3,0,9273,2020-09-15
590164,Mercy Black,Mercy Black,en,7.228,2019-03-24,2019,5.943,218,8758086,3,0,9278,2020-09-22
481084,The Addams Family,The Addams Family,en,35.195,2019-10-10,2019,6.611,2338,1620981,3,0,9279,2020-09-22
625046,"A Dark, Dark Man",Қап-қара адам,kk,1.683,2019-09-23,2019,6.7,21,10867768,1,0,9302,2020-10-09
616584,K-12,K-12,en,6.815,2019-09-05,2019,7.8,273,10521814,3,0,9306,2020-10-12
586592,Come to Daddy,Come to Daddy,en,9.601,2019-04-25,2019,5.9,524,8816194,1,0,9309,2020-10-14
620249,The Legend of Hei,罗小黑战记,zh,14.482,2019-08-27,2019,8.372,370,10734928,0,0,9316,2020-10-28
527660,"Yes, God, Yes","Yes, God, Yes",en,15.967,2020-07-24,2020,6.305,526,8949056,3,0,9325,2020-11-11
487680,The Kitchen,The Kitchen,en,15.685,2019-08-08,2019,6.14,677,5822564,3,0,9337,2020-11-21
400157,Wonder Park,Wonder Park,en,17.784,2019-03-13,2019,6.5,694,6428676,3,0,9344,2020-11-28
612587,A.M.I.,A.M.I.,en,3.225,2019-07-02,2019,4.364,44,8712750,3,0,9348,2020-12-03
654083,A New Christmas,A New Christmas,en,1.351,2019-12-06,2019,5.1,9,9201720,1,0,9361,2020-12-09
292011,Richard Jewell,Richard Jewell,en,18.858,2019-12-13,2019,7.426,2497,3513548,3,0,9399,2020-12-20
592350,My Hero Academia: Heroes Rising,僕のヒーローアカデミア THE MOVIE ヒーローズ：ライジング,ja,30.847,2019-12-20,2019,8.2,1172,11107074,3,0,9409,2020-12-27
591121,Maria,Maria,tl,10.445,2019-03-07,2019,6.1,149,7594584,3,0,9414,2020-12-27
480105,47 Meters Down: Uncaged,47 Meters Down: Uncaged,en,22.19,2019-08-15,2019,5.7,1406,7329656,3,0,9427,2021-01-17
502033,Sound of Metal,Sound of Metal,en,14.063,2020-11-20,2020,7.719,2536,5363618,1,0,9448,2021-01-21
627463,The Assistant,The Assistant,en,14.836,2020-01-31,2020,6.285,448,9000224,3,0,9460,2021-01-31
463257,The Peanut Butter Falcon,The Peanut Butter Falcon,en,16.401,2019-08-09,2019,7.4,1399,4364194,1,0,9464,2021-02-02
520900,The Personal History of David Copperfield,The Personal History of David Copperfield,en,16.927,2019-11-07,2019,6.447,468,6439020,3,0,9477,2021-02-14
576953,Good Kisser,Good Kisser,en,9.887,2019-05-25,2019,4.5,20,9602378,3,0,9479,2021-02-16
589978,Fahim,Fahim,fr,8.11,2019-10-16,2019,6.9,164,4693588,1,0,9494,2021-02-25
655031,The Final Level: Escaping Rancala,The Final Level: Escaping Rancala,en,3.651,2019-12-07,2019,3.7,24,11334312,3,0,9507,2021-03-07
530382,In the Shadow of the Moon,In the Shadow of the Moon,en,16.881,2019-09-27,2019,6.2,1405,8110640,1,0,9497,2021-02-27
527385,After the Wedding,After the Wedding,en,9.572,2019-08-09,2019,6.361,234,7985692,3,0,9502,2021-03-03
576888,Breakwater,Quebramar,pt,1.319,2019-01-15,2019,5.5,17,11621206,3,0,9512,2021-03-10
553839,Saga of Tanya the Evil: The Movie,劇場版 幼女戦記,ja,15.377,2019-02-08,2019,8.0,168,9507276,3,1,9573,2021-03-18
479455,Men in Black: International,Men in Black: International,en,26.507,2019-06-12,2019,5.9,4912,2283336,3,0,9592,2021-03-29
461130,Code 8,Code 8,en,25.905,2019-12-06,2019,6.259,1991,6259380,1,0,9637,2021-04-10
592807,Papicha,Papicha,fr,8.643,2019-10-09,2019,7.6,255,9522080,3,0,9660,2021-04-19
597588,Lucky Grandma,Lucky Grandma,en,2.028,2020-10-22,2020,6.5,28,10011336,3,0,9677,2021-04-24
571891,Pokémon the Movie: Mewtwo Strikes Back - Evolution,ミュウツーの逆襲 EVOLUTION,ja,24.177,2019-07-12,2019,6.7,527,8856470,3,0,9711,2021-04-27
589612,A Call to Spy,A Call to Spy,en,7.982,2020-10-02,2020,6.876,186,7698468,3,0,9765,2021-04-30
436053,Stray,Stray,en,2.884,2019-03-01,2019,5.6,39,6294226,3,0,9788,2021-05-05
500682,The Highwaymen,The Highwaymen,en,26.518,2019-03-15,2019,6.751,2022,1860242,1,0,9862,2021-06-01
473019,The Souvenir,The Souvenir,en,6.231,2019-05-17,2019,6.0,251,6920356,3,0,9875,2021-06-06
725226,Performaniax,Performaniax,de,0.227,2020-07-17,2020,5.0,2,8892756,3,0,9970,2021-07-15
553002,Horrible Histories: The Movie - Rotten Romans,Horrible Histories: The Movie - Rotten Romans,en,9.653,2019-07-26,2019,5.2,74,7715070,3,0,9988,2021-07-29
423204,Angel Has Fallen,Angel Has Fallen,en,62.367,2019-08-21,2019,6.6,3494,6189022,1,0,10000,2021-08-06
658905,Perfumes,Les Parfums,fr,5.632,2020-07-01,2020,6.4,137,11748354,3,0,10003,2021-08-08
475908,Carmilla,Carmilla,en,6.707,2020-07-17,2020,5.9,35,7280218,3,0,10007,2021-08-09
536517,Blood Machines,Blood Machines,en,4.627,2020-09-01,2020,6.2,75,6197070,3,1,10016,2021-08-23
586048,"Kim Ji-young, Born 1982",82년생 김지영,ko,12.808,2019-10-23,2019,7.3,96,11052808,3,0,10073,2021-10-02
573699,White Snake,白蛇: 缘起,zh,20.881,2019-01-11,2019,7.7,475,9288776,3,0,10080,2021-10-10
515402,The Cat and the Moon,The Cat and the Moon,en,3.004,2019-10-25,2019,5.0,12,5360232,1,0,10096,2021-10-22
500458,Marighella,Marighella,pt,9.042,2021-01-29,2021,7.6,124,7825208,3,0,10143,2021-11-27
525661,Bombshell,Bombshell,en,16.893,2019-12-13,2019,6.797,2975,6394270,3,0,10154,2021-12-07
508442,Soul,Soul,en,68.373,2020-12-25,2020,8.1,10494,2948372,3,0,9508,2021-03-07
728922,The Marijuana Conspiracy,The Marijuana Conspiracy,en,1.67,2020-01-18,2020,3.8,5,8461042,3,0,8859,2019-09-24
526019,Like a Boss,Like a Boss,en,12.264,2020-01-09,2020,6.268,634,7545266,3,0,8964,2020-01-15
512263,Honey Boy,Honey Boy,en,13.218,2019-09-28,2019,7.091,667,8151874,0,0,8965,2020-01-17
466622,The Rhythm Section,The Rhythm Section,en,17.59,2020-01-31,2020,5.505,595,7134096,2,0,8994,2020-01-29
492611,The Turning,The Turning,en,13.954,2020-01-23,2020,5.7,973,7510346,3,0,9003,2020-02-06
495764,Birds of Prey (and the Fantabulous Emancipation of One Harley Quinn),Birds of Prey (and the Fantabulous Emancipation of One Harley Quinn),en,45.936,2020-02-05,2020,6.9,10270,7713068,3,0,9008,2020-02-09
656704,Needle Park Baby,Platzspitzbaby,de,2.011,2020-01-16,2020,6.938,24,9737798,3,0,9009,2020-02-09
653601,Horse Girl,Horse Girl,en,9.953,2020-01-27,2020,5.642,548,11388406,3,0,9013,2020-02-16
454626,Sonic the Hedgehog,Sonic the Hedgehog,en,296.583,2020-02-12,2020,7.313,9600,3794354,3,0,9014,2020-02-17
615643,Minari,Minari,en,18.445,2021-02-12,2021,7.3,1614,10633456,3,0,9017,2020-02-21
508439,Onward,Onward,en,33.732,2020-02-29,2020,7.677,6151,7146812,3,0,9034,2020-03-10
342470,All the Bright Places,All the Bright Places,en,29.635,2020-02-28,2020,7.6,2862,3907584,3,0,9036,2020-03-11
567970,Lost Girls,Lost Girls,en,11.376,2020-01-28,2020,6.081,697,3111426,3,0,9037,2020-03-15
599521,Z-O-M-B-I-E-S 2,Z-O-M-B-I-E-S 2,en,16.919,2020-06-13,2020,7.5,451,9766166,3,0,9039,2020-03-16
570670,The Invisible Man,The Invisible Man,en,42.502,2020-02-26,2020,7.111,5721,1051906,3,0,9045,2020-03-22
556678,Emma.,Emma.,en,19.609,2020-02-13,2020,7.026,1739,9214832,3,0,9058,2020-03-29
38700,Bad Boys for Life,Bad Boys for Life,en,77.339,2020-01-15,2020,7.138,8283,1502397,2,0,9071,2020-04-08
586451,Blow the Man Down,Blow the Man Down,en,8.291,2019-04-26,2019,6.209,299,8299768,3,0,9079,2020-04-13
382748,Stargirl,Stargirl,en,9.64,2020-03-10,2020,7.4,553,4858674,3,0,9085,2020-04-19
446893,Trolls World Tour,Trolls World Tour,en,36.503,2020-03-11,2020,7.287,2141,6587640,3,0,9087,2020-04-21
592834,My Spy,My Spy,en,24.086,2020-01-09,2020,6.893,1242,8242084,3,0,9096,2020-04-28
545609,Extraction,Extraction,en,56.922,2020-04-23,2020,7.3,6067,8936646,3,0,9118,2020-05-05
597219,The Half of It,The Half of It,en,15.062,2020-05-01,2020,7.1,1488,9683478,3,0,9126,2020-05-10
630220,18 Presents,18 regali,it,9.707,2020-01-02,2020,7.4,671,10816484,3,0,9136,2020-05-14
385103,Scoob!,Scoob!,en,15.049,2020-07-08,2020,7.042,1699,3152592,3,0,9138,2020-05-18
547017,Shirley,Shirley,en,11.753,2020-09-11,2020,6.0,170,8430598,3,0,9164,2020-06-08
339095,The Last Days of American Crime,The Last Days of American Crime,en,8.603,2020-06-05,2020,6.5,817,1552211,0,0,9165,2020-06-10
606679,The High Note,The High Note,en,13.355,2020-06-10,2020,7.0,446,9308382,3,0,9172,2020-06-17
514847,The Hunt,The Hunt,en,28.994,2020-03-11,2020,6.63,3210,8244784,3,0,9179,2020-06-22
595671,Never Rarely Sometimes Always,Never Rarely Sometimes Always,en,8.299,2020-03-13,2020,7.178,514,7772582,3,0,9195,2020-07-08
587792,Palm Springs,Palm Springs,en,31.056,2020-07-10,2020,7.329,3129,9484998,3,0,9197,2020-07-10
547016,The Old Guard,The Old Guard,en,29.696,2020-07-10,2020,7.134,4155,7556122,3,0,9199,2020-07-10
516486,Greyhound,Greyhound,en,39.865,2020-07-09,2020,7.403,2907,6048922,0,0,9200,2020-07-12
679989,Simply Black,Tout simplement noir,fr,5.611,2020-07-08,2020,5.863,423,10426916,1,0,9201,2020-07-13
475430,Artemis Fowl,Artemis Fowl,en,21.348,2020-05-29,2020,5.568,1648,3089630,3,0,9208,2020-07-20
601165,Legacy of Lies,Legacy of Lies,en,12.294,2020-07-28,2020,5.6,226,6834916,3,0,9224,2020-08-05
556574,Hamilton,Hamilton,en,23.486,2020-07-03,2020,8.184,1422,8503618,3,0,9225,2020-08-06
443791,Underwater,Underwater,en,21.553,2020-01-08,2020,6.287,3110,5774060,3,0,9233,2020-08-12
612706,Work It,Work It,en,16.422,2020-08-07,2020,7.551,1161,10276470,3,0,9234,2020-08-13
577922,Tenet,Tenet,en,50.076,2020-08-22,2020,7.184,9925,6723592,1,0,9252,2020-08-30
501979,Bill & Ted Face the Music,Bill & Ted Face the Music,en,14.482,2020-08-27,2020,5.926,943,1086064,3,0,9255,2020-09-01
337401,Mulan,Mulan,en,55.861,2020-09-04,2020,6.869,6685,4566758,3,0,9265,2020-09-05
441130,Wolfwalkers,Wolfwalkers,en,23.043,2020-10-26,2020,8.228,1194,5198068,3,1,9367,2020-12-12
594328,Phineas and Ferb the Movie: Candace Against the Universe,Phineas and Ferb the Movie: Candace Against the Universe,en,14.935,2020-08-27,2020,7.3,370,1817232,3,0,9271,2020-09-14
594718,Sputnik,Спутник,ru,10.807,2020-09-08,2020,6.5,743,11905962,0,0,9281,2020-09-24
497582,Enola Holmes,Enola Holmes,en,29.098,2020-09-23,2020,7.266,6035,7846844,3,0,9283,2020-09-26
340102,The New Mutants,The New Mutants,en,27.182,2020-04-02,2020,6.098,3423,4682266,3,0,9284,2020-09-26
579583,The King of Staten Island,The King of Staten Island,en,15.547,2020-07-22,2020,7.005,999,9686708,3,0,9285,2020-09-27
625568,Unhinged,Unhinged,en,18.702,2020-07-16,2020,6.444,2279,10059518,3,0,9921,2021-07-01
531454,Eurovision Song Contest: The Story of Fire Saga,Eurovision Song Contest: The Story of Fire Saga,en,14.798,2020-06-26,2020,6.4,1419,8580274,3,1,9295,2020-10-07
580175,Another Round,Druk,da,18.742,2020-09-24,2020,7.6,3265,10288566,1,0,9305,2020-10-12
523977,Summerland,Summerland,en,10.353,2020-07-24,2020,7.5,204,6841122,1,0,9310,2020-10-16
556984,The Trial of the Chicago 7,The Trial of the Chicago 7,en,17.927,2020-09-25,2020,7.698,3031,1070874,1,0,9313,2020-10-22
530351,Bad Hair,Bad Hair,en,6.458,2021-05-05,2021,5.9,77,4798836,3,0,9317,2020-10-28
653643,Scare Me,Scare Me,en,5.904,2020-01-24,2020,5.905,110,10126434,1,0,9318,2020-11-02
560050,Over the Moon,Over the Moon,en,21.476,2020-10-16,2020,7.2,1296,7488208,3,0,9320,2020-11-04
575604,The Call,콜,ko,21.54,2020-11-27,2020,7.539,824,10530176,3,0,9362,2020-12-10
551804,Freaky,Freaky,en,18.007,2020-11-12,2020,6.56,1630,10919380,3,0,9341,2020-11-28
590706,Jiu Jitsu,Jiu Jitsu,en,20.353,2020-11-20,2020,4.834,610,9624766,1,0,9342,2020-11-28
658412,Ludo,लूडो,hi,11.215,2020-11-12,2020,7.2,104,7212754,3,1,9345,2020-11-29
531219,Roald Dahl's The Witches,Roald Dahl's The Witches,en,47.204,2020-10-26,2020,6.4,2807,805647,2,1,9347,2020-11-30
734309,Santana,Santana,en,7.053,2020-08-28,2020,5.7,193,11769162,1,0,9353,2020-12-04
662546,Godmothered,Godmothered,en,12.659,2020-12-04,2020,6.737,604,11681250,3,0,9354,2020-12-05
766319,Mariah Carey's Magical Christmas Special,Mariah Carey's Magical Christmas Special,en,9.442,2020-12-03,2020,6.1,64,13017992,3,0,9355,2020-12-05
539537,Fantasy Island,Fantasy Island,en,37.138,2020-02-12,2020,5.8,2448,983946,3,0,9358,2020-12-06
723072,Host,Host,en,23.909,2020-12-04,2020,6.486,943,12749596,3,0,9360,2020-12-08
539181,Relic,Relic,en,13.128,2020-07-03,2020,6.1,735,9072352,3,0,9391,2020-12-15
611213,The Prom,The Prom,en,9.995,2020-12-02,2020,6.1,673,10161886,3,0,9393,2020-12-16
520172,Happiest Season,Happiest Season,en,22.389,2020-11-26,2020,7.192,1204,8522006,3,0,9395,2020-12-17
542224,Gretel & Hansel,Gretel & Hansel,en,14.432,2020-01-30,2020,5.986,1431,9086228,3,0,9397,2020-12-19
529203,The Croods: A New Age,The Croods: A New Age,en,61.502,2020-11-25,2020,7.477,3838,2850386,3,0,9402,2020-12-22
614911,The Midnight Sky,The Midnight Sky,en,17.925,2020-12-10,2020,5.744,1830,10539608,3,0,9403,2020-12-23
464052,Wonder Woman 1984,Wonder Woman 1984,en,45.985,2020-12-16,2020,6.425,8459,7126948,3,0,9405,2020-12-26
740985,Borat Subsequent Moviefilm,Borat Subsequent Moviefilm,en,24.395,2020-10-23,2020,6.452,2545,13143964,3,1,9413,2020-12-27
521007,Superintelligence,Superintelligence,en,8.906,2020-12-11,2020,5.991,283,7178640,3,0,9421,2020-12-30
653708,Herself,Herself,en,6.57,2020-11-26,2020,6.8,99,9902160,3,0,9452,2021-01-23
581032,News of the World,News of the World,en,16.612,2020-12-25,2020,6.963,1743,6878306,3,0,9449,2021-01-21
629017,Run Hide Fight,Run Hide Fight,en,16.81,2021-06-17,2021,6.7,296,11456054,3,0,9444,2021-01-21
641662,Pieces of a Woman,Pieces of a Woman,en,18.659,2020-12-30,2020,7.0,1213,11161474,3,0,9438,2021-01-18
643612,I'm Your Woman,I'm Your Woman,en,6.631,2020-10-15,2020,5.9,206,10243992,3,0,9437,2021-01-18
632666,Unpregnant,Unpregnant,en,7.433,2020-09-10,2020,7.0,292,10556022,3,0,9456,2021-01-28
692969,Cadaver,Kadaver,no,9.766,2020-10-22,2020,5.617,630,11284280,3,0,9458,2021-01-30
581392,Peninsula,반도,ko,46.994,2020-07-15,2020,6.8,2366,8850222,3,0,9461,2021-02-01
614560,Mank,Mank,en,11.335,2020-11-13,2020,6.683,1606,10618286,1,0,9467,2021-02-04
651571,Breach,Breach,en,13.546,2020-12-17,2020,4.18,646,9820556,1,0,9470,2021-02-06
546121,Run,Run,en,21.362,2020-11-20,2020,7.259,2565,8633478,3,1,9474,2021-02-11
615667,Ma Rainey's Black Bottom,Ma Rainey's Black Bottom,en,12.799,2020-11-25,2020,6.659,1158,10514222,3,0,9475,2021-02-12
581734,Nomadland,Nomadland,en,19.818,2021-01-29,2021,7.196,2990,9770150,3,0,9482,2021-02-18
582014,Promising Young Woman,Promising Young Woman,en,15.85,2020-12-13,2020,7.4,3239,9620292,3,1,9483,2021-02-18
568467,Ammonite,Ammonite,en,16.737,2020-11-13,2020,6.964,581,7983894,3,0,9490,2021-02-22
601666,I Care a Lot,I Care a Lot,en,19.095,2021-02-19,2021,6.594,2683,9893250,3,1,9491,2021-02-23
686142,The Lost Husband,The Lost Husband,en,8.607,2020-04-10,2020,6.8,128,4257940,3,0,9492,2021-02-24
703134,Infamous,Infamous,en,10.084,2020-06-12,2020,5.8,176,7703924,3,0,9493,2021-02-25
458576,Monster Hunter,Monster Hunter,en,29.049,2020-12-03,2020,6.579,3301,6475714,3,0,9496,2021-02-27
618416,Penguin Bloom,Penguin Bloom,en,8.812,2021-01-21,2021,6.9,304,6317656,3,0,9499,2021-02-28
703745,Deep Blue Sea 3,Deep Blue Sea 3,en,17.463,2020-08-25,2020,5.6,312,11946300,1,0,9543,2021-03-14
522241,The Courier,The Courier,en,18.54,2020-01-24,2020,7.059,1134,8368512,3,1,9606,2021-04-03
575448,Malmkrog,Malmkrog,ro,1.403,2020-07-08,2020,6.8,35,10213380,3,0,9608,2021-04-03
605133,Slaxx,Slaxx,en,6.531,2020-09-11,2020,5.743,224,9741310,3,0,9640,2021-04-10
575291,How to Be a Good Wife,La Bonne Épouse,fr,7.838,2020-03-11,2020,5.7,231,10441958,3,0,9658,2021-04-19
590223,Love and Monsters,Love and Monsters,en,25.908,2020-10-16,2020,7.306,4021,2222042,2,0,9661,2021-04-19
787377,From Stress to Happiness,From Stress to Happiness,en,1.499,2020-12-01,2020,6.1,18,13079086,1,0,9669,2021-04-22
567965,Misbehaviour,Misbehaviour,en,9.927,2020-03-12,2020,6.4,274,9148706,3,1,9716,2021-04-29
659959,Summer of 85,Été 85,fr,16.134,2020-07-14,2020,7.4,822,10457128,1,0,9717,2021-04-29
754325,The Retreat,The Retreat,en,1.921,2020-11-10,2020,4.6,19,12198524,0,0,9786,2021-05-02
675327,Shadow in the Cloud,Shadow in the Cloud,en,17.52,2020-12-31,2020,5.834,970,9691136,0,0,9835,2021-05-16
615665,Holidate,Holidate,en,33.812,2020-10-27,2020,7.0,2204,9866072,3,0,9839,2021-05-18
619594,My Salinger Year,My Salinger Year,en,10.214,2020-02-20,2020,6.3,177,2222052,3,0,9893,2021-06-15
437518,Friend of the World,Friend of the World,en,3.081,2020-08-15,2020,4.3,7,6074542,3,0,10040,2021-09-07
664051,1 Night in San Diego,1 Night in San Diego,en,1.633,2020-11-17,2020,4.5,15,9765226,2,0,10038,2021-09-06
661914,One Night in Miami...,One Night in Miami...,en,9.782,2020-12-25,2020,7.02,639,10612922,2,0,9925,2021-07-04
520763,A Quiet Place Part II,A Quiet Place Part II,en,70.672,2021-05-21,2021,7.483,6582,8332922,3,1,9918,2021-06-27
565426,To All the Boys: P.S. I Still Love You,To All the Boys: P.S. I Still Love You,en,29.997,2020-02-03,2020,6.839,2533,9354842,3,0,9972,2021-07-16
557950,Mainstream,Mainstream,en,12.984,2021-05-07,2021,6.3,291,9224288,3,0,9987,2021-07-29
752721,The Evil Next Door,Andra sidan,sv,9.822,2020-10-23,2020,6.167,135,11320192,3,1,10005,2021-08-09
628917,An American Pickle,An American Pickle,en,15.625,2020-07-26,2020,5.726,500,9059704,1,0,10028,2021-08-30
723936,You Will Never Be Back,No podrás volver nunca,es,0.394,2021-11-18,2021,4.0,1,13266132,3,0,10063,2021-09-19
635389,Legend of Deification,姜子牙,zh,10.736,2020-10-01,2020,7.3,178,11177804,2,0,10066,2021-09-22
524047,Greenland,Greenland,en,42.069,2020-07-29,2020,7.133,4533,7737786,3,0,10070,2021-09-30
590995,The Craft: Legacy,The Craft: Legacy,en,18.064,2020-10-28,2020,6.1,808,4685762,3,0,10072,2021-10-02
506281,The World to Come,The World to Come,en,14.517,2021-02-12,2021,7.0,335,9738716,3,0,10127,2021-11-14
500840,I'm Thinking of Ending Things,I'm Thinking of Ending Things,en,18.307,2020-08-28,2020,6.6,1934,7939766,0,1,10140,2021-11-24
588228,The Tomorrow War,The Tomorrow War,en,96.478,2021-09-03,2021,7.528,3498,9777666,2,0,9962,2021-07-11
644092,Finding ʻOhana,Finding ʻOhana,en,14.981,2021-01-29,2021,6.2,412,10332588,3,0,9473,2021-02-09
567797,The Dry,The Dry,en,11.586,2021-01-01,2021,6.826,678,5144174,3,1,9498,2021-02-28
522466,High Ground,High Ground,en,6.973,2020-02-23,2020,6.5,91,9286908,2,1,9500,2021-02-28
527774,Raya and the Last Dragon,Raya and the Last Dragon,en,83.16,2021-03-03,2021,7.844,6802,5109280,3,0,9504,2021-03-06
786015,Sweetheart,Sweetheart,en,3.697,2021-09-24,2021,6.2,28,10919362,3,0,9505,2021-03-06
583406,Judas and the Black Messiah,Judas and the Black Messiah,en,13.591,2021-02-12,2021,7.3,1523,9784798,2,0,9513,2021-03-11
484718,Coming 2 America,Coming 2 America,en,36.47,2021-03-04,2021,6.395,2232,6802400,3,0,9519,2021-03-13
583689,Moxie,Moxie,en,7.379,2021-03-03,2021,7.298,794,6432466,3,0,9526,2021-03-14
544401,Cherry,Cherry,en,39.5,2021-02-26,2021,7.3,1259,9130508,0,0,9571,2021-03-18
793723,Sentinelle,Sentinelle,fr,14.089,2021-03-05,2021,5.9,585,11734264,3,0,9574,2021-03-19
791373,Zack Snyder's Justice League,Zack Snyder's Justice League,en,70.303,2021-03-18,2021,8.1,10039,12361974,3,0,9575,2021-03-19
566076,The United States vs. Billie Holiday,The United States vs. Billie Holiday,en,10.44,2021-03-31,2021,6.6,270,8521718,3,0,9599,2021-03-29
643586,Willy's Wonderland,Willy's Wonderland,en,17.999,2021-02-12,2021,6.0,985,8114980,3,0,9604,2021-04-03
644583,The Mauritanian,The Mauritanian,en,19.644,2021-02-12,2021,7.4,1095,4761112,3,1,9612,2021-04-03
615457,Nobody,Nobody,en,43.467,2021-03-18,2021,7.9,7119,7888964,1,0,9633,2021-04-09
615678,Thunder Force,Thunder Force,en,13.731,2021-04-09,2021,5.5,1234,10121392,3,0,9635,2021-04-09
788335,Cousins,Cousins,en,1.412,2021-03-03,2021,6.9,7,10483044,3,0,9647,2021-04-11
802403,Ajeeb Daastaans,Ajeeb Daastaans,hi,5.713,2021-04-16,2021,6.194,36,14091818,3,0,9667,2021-04-21
559581,Stowaway,Stowaway,en,13.616,2021-06-24,2021,6.0,524,9203694,3,0,9670,2021-04-22
460465,Mortal Kombat,Mortal Kombat,en,37.258,2021-04-07,2021,7.031,5844,293429,2,0,9682,2021-04-26
595813,Barb & Star Go to Vista Del Mar,Barb & Star Go to Vista Del Mar,en,15.552,2021-03-29,2021,6.0,241,3797512,3,0,9713,2021-04-28
501929,The Mitchells vs. the Machines,The Mitchells vs. the Machines,en,33.948,2021-04-22,2021,7.9,2958,7979580,3,0,9799,2021-05-08
779047,Us Again,Us Again,en,16.902,2021-03-03,2021,7.8,318,14062858,0,0,9801,2021-05-09
679844,Radhe,राधे,hi,6.293,2021-05-12,2021,4.241,56,10888594,0,0,9817,2021-05-13
471498,Oxygen,Oxygène,fr,10.536,2021-05-12,2021,6.614,1388,6341832,3,0,9827,2021-05-14
567189,Tom Clancy's Without Remorse,Tom Clancy's Without Remorse,en,32.815,2021-04-29,2021,6.972,2436,499097,1,0,9830,2021-05-15
497698,Black Widow,Black Widow,en,61.548,2021-07-07,2021,7.2,10241,3480822,3,0,9953,2021-07-09
823754,Bo Burnham: Inside,Bo Burnham: Inside,en,12.799,2021-07-22,2021,8.1,494,14544192,0,0,9954,2021-07-10
337404,Cruella,Cruella,en,75.436,2021-05-26,2021,8.006,9349,3228774,3,0,9861,2021-06-01
727745,The Kissing Booth 3,The Kissing Booth 3,en,24.26,2021-08-11,2021,6.892,1899,12783454,3,0,10050,2021-09-15
619778,Malignant,Malignant,en,15.912,2021-09-01,2021,6.8,2330,3811906,3,0,10048,2021-09-13
601470,The Eyes of Tammy Faye,The Eyes of Tammy Faye,en,11.12,2021-09-17,2021,6.5,601,9115530,3,0,10047,2021-09-13
602734,Spiral: From the Book of Saw,Spiral: From the Book of Saw,en,32.02,2021-05-12,2021,5.957,2028,10342730,3,0,9882,2021-06-09
785457,Afterlife of the Party,Afterlife of the Party,en,8.122,2021-09-02,2021,6.7,460,11742798,3,0,10046,2021-09-13
585216,Escape Room: Tournament of Champions,Escape Room: Tournament of Champions,en,26.023,2021-07-01,2021,6.542,2029,9844522,3,0,10043,2021-09-10
467909,In the Heights,In the Heights,en,11.504,2021-06-10,2021,7.156,713,1321510,3,0,9889,2021-06-12
566525,Shang-Chi and the Legend of the Ten Rings,Shang-Chi and the Legend of the Ten Rings,en,87.84,2021-09-01,2021,7.538,9463,9376612,3,1,10037,2021-09-06
593910,Cinderella,Cinderella,en,46.6,2021-09-03,2021,6.4,1395,10155932,3,1,10036,2021-09-05
739542,America: The Motion Picture,America: The Motion Picture,en,7.123,2021-06-30,2021,5.7,238,6733874,3,1,9924,2021-07-02
607259,Fatherhood,Fatherhood,en,15.521,2021-06-18,2021,7.533,1405,4733624,3,0,9913,2021-06-21
423108,The Conjuring: The Devil Made Me Do It,The Conjuring: The Devil Made Me Do It,en,72.332,2021-05-25,2021,7.424,5927,7069210,1,0,9914,2021-06-22
385128,F9,F9,en,51.757,2021-05-19,2021,7.1,7223,5433138,3,0,9917,2021-06-27
591273,Fear Street: 1994,Fear Street: 1994,en,22.979,2021-06-28,2021,6.694,2302,6566576,3,0,9963,2021-07-13
508943,Luca,Luca,en,70.069,2021-06-17,2021,7.815,8367,12801262,1,1,9964,2021-07-13
591274,Fear Street: 1978,Fear Street: 1978,en,16.214,2021-07-08,2021,7.2,1923,9701940,3,0,9965,2021-07-13
743599,Plan B,Plan B,en,6.969,2021-06-18,2021,6.2,93,13172796,3,0,9967,2021-07-15
614409,To All the Boys: Always and Forever,To All the Boys: Always and Forever,en,23.775,2021-02-12,2021,7.543,1905,10676012,3,0,9971,2021-07-16
379686,Space Jam: A New Legacy,Space Jam: A New Legacy,en,31.983,2021-07-08,2021,6.7,4019,3554046,3,0,9973,2021-07-17
619297,Sweet Girl,Sweet Girl,en,19.779,2021-08-18,2021,6.628,1190,10731768,3,0,10033,2021-09-04
631843,Old,Old,en,29.508,2021-07-21,2021,6.335,4449,10954652,3,0,9983,2021-07-26
522931,Hitman's Wife's Bodyguard,Hitman's Wife's Bodyguard,en,37.205,2021-06-14,2021,6.675,2284,8385148,0,0,9984,2021-07-26
451048,Jungle Cruise,Jungle Cruise,en,47.358,2021-07-28,2021,7.356,5692,870154,3,1,9996,2021-08-04
574060,Gunpowder Milkshake,Gunpowder Milkshake,en,12.776,2021-07-14,2021,6.3,1009,8368408,3,0,9997,2021-08-05
635731,Pig,Pig,en,16.75,2021-07-16,2021,6.658,1423,11003218,0,0,9998,2021-08-06
841651,Secret Agent Dingledorf and His Trusty Dog Splat,Secret Agent Dingledorf and His Trusty Dog Splat,en,3.048,2021-07-02,2021,6.5,4,10355058,1,0,9999,2021-08-06
578701,Those Who Wish Me Dead,Those Who Wish Me Dead,en,26.954,2021-05-05,2021,6.7,1638,3215824,1,0,10002,2021-08-08
436969,The Suicide Squad,The Suicide Squad,en,66.312,2021-07-28,2021,7.499,8663,6334354,3,0,10004,2021-08-08
591275,Fear Street: 1666,Fear Street: 1666,en,13.734,2021-07-14,2021,7.119,1710,9701942,3,0,10006,2021-08-09
630240,Titane,Titane,fr,17.972,2021-07-14,2021,6.369,1450,10944760,2,0,10008,2021-08-10
634528,The Marksman,The Marksman,en,41.855,2021-01-15,2021,6.833,1592,6902332,2,0,10009,2021-08-13
550988,Free Guy,Free Guy,en,57.074,2021-08-11,2021,7.5,8813,6264654,1,0,10012,2021-08-16
758866,Drive My Car,ドライブ・マイ・カー,ja,22.205,2021-08-18,2021,7.422,1261,14039582,3,0,10014,2021-08-22
559907,The Green Knight,The Green Knight,en,20.583,2021-07-29,2021,6.6,1903,9243804,1,0,10015,2021-08-23
823461,Good on Paper,Good on Paper,en,7.401,2021-06-23,2021,5.6,309,8231668,3,0,10017,2021-08-23
579047,Reminiscence,Reminiscence,en,15.498,2021-08-18,2021,6.6,1764,3272066,2,0,10018,2021-08-24
660006,Madame Claude,Madame Claude,fr,8.72,2021-04-02,2021,5.7,218,10307724,3,0,10019,2021-08-24
503736,Army of the Dead,Army of the Dead,en,36.663,2021-05-14,2021,6.2,4015,993840,3,0,10113,2021-10-31
858258,The Influencer,The Influencer,en,1.109,2021-09-14,2021,5.6,14,10868922,3,0,10023,2021-08-27
649409,No Sudden Move,No Sudden Move,en,19.149,2021-06-24,2021,6.375,690,11525644,3,0,10026,2021-08-29
602269,The Little Things,The Little Things,en,25.372,2021-01-28,2021,6.335,2504,10016180,3,0,10027,2021-08-30
438631,Dune,Dune,en,177.276,2021-09-15,2021,7.785,12898,1160419,3,0,10052,2021-09-16
872512,#nofilter,#nofilter,en,0.354,2021-09-03,2021,7.0,3,14843560,0,0,10065,2021-09-20
776503,CODA,CODA,en,31.224,2021-08-13,2021,7.9,2255,10366460,3,0,10076,2021-10-04
370172,No Time to Die,No Time to Die,en,68.976,2021-09-29,2021,7.4,6301,2382320,2,1,10075,2021-10-04
524369,The Many Saints of Newark,The Many Saints of Newark,en,21.667,2021-09-22,2021,6.3,666,8110232,2,0,10074,2021-10-03
567748,The Guilty,The Guilty,en,27.188,2021-09-24,2021,6.421,2678,9421570,1,0,10079,2021-10-10
672741,Till Death,Till Death,en,17.243,2021-07-02,2021,6.7,812,11804152,0,0,10083,2021-10-18
617653,The Last Duel,The Last Duel,en,28.003,2021-10-13,2021,7.438,3373,4244994,3,1,10085,2021-10-20
618162,The Harder They Fall,The Harder They Fall,en,21.354,2021-10-22,2021,6.648,1056,10696784,3,0,10123,2021-11-09
541524,Passing,Passing,en,7.376,2021-10-27,2021,6.298,304,8893974,3,0,10121,2021-11-08
580489,Venom: Let There Be Carnage,Venom: Let There Be Carnage,en,177.047,2021-09-30,2021,6.8,10350,7097896,2,0,10092,2021-10-21
669671,Night Teeth,Night Teeth,en,18.732,2021-10-20,2021,6.4,771,10763820,2,0,10114,2021-10-31
777930,Borga,Borga,de,0.822,2021-10-28,2021,7.3,7,5492808,3,0,10120,2021-11-06
524434,Eternals,Eternals,en,56.163,2021-11-03,2021,6.846,8314,9032400,3,0,10118,2021-11-05
592863,Respect,Respect,en,15.203,2021-08-12,2021,6.8,412,2452150,3,0,10106,2021-10-24
576845,Last Night in Soho,Last Night in Soho,en,23.12,2021-10-21,2021,7.3,3392,9639470,3,0,10116,2021-11-03
542178,The French Dispatch,The French Dispatch,en,23.495,2021-10-21,2021,7.0,2589,8847712,3,0,10115,2021-11-03
554230,The Lost Daughter,The Lost Daughter,en,10.042,2021-12-15,2021,6.536,959,9100054,3,0,10129,2021-11-16
749004,Petite Maman,Petite maman,fr,9.465,2021-06-02,2021,7.1,381,13204490,3,0,10144,2021-11-29
512025,There's Someone Inside Your House,There's Someone Inside Your House,en,13.642,2021-09-24,2021,5.4,674,8150814,3,0,10147,2021-11-30
821390,The Retreat,The Retreat,en,7.417,2021-05-21,2021,5.093,59,11392272,3,0,10149,2021-11-30
568124,Encanto,Encanto,en,101.381,2021-10-13,2021,7.598,9521,2953050,3,0,10151,2021-12-02
734265,Love Hard,Love Hard,en,15.386,2021-11-05,2021,6.945,1490,10752004,2,0,10152,2021-12-05
511809,West Side Story,West Side Story,en,18.908,2021-12-08,2021,6.994,1557,3581652,3,0,10157,2021-12-10
874239,Every Time a Bell Rings,Every Time a Bell Rings,en,4.215,2021-11-18,2021,5.9,25,15943414,3,0,10158,2021-12-10
810873,Single All the Way,Single All the Way,en,13.555,2021-12-02,2021,6.4,390,14315756,3,0,10161,2021-12-15
1000572,A Great Friend,Les Choses simples,fr,13.741,2023-02-22,2023,6.607,107,25971180,1,0,10785,2023-02-28
804150,Cocaine Bear,Cocaine Bear,en,44.776,2023-02-22,2023,6.039,2060,14209916,3,0,10779,2023-02-24
18639,Flaming Star,Flaming Star,en,7.054,1960-12-20,1960,6.4,90,53825,1,0,10762,2023-02-21
18642,G.I. Blues,G.I. Blues,en,8.063,1960-11-23,1960,6.4,71,53848,2,0,10761,2023-02-20
39833,Love Me Tender,Love Me Tender,en,7.497,1956-11-15,1956,6.1,85,49452,2,0,10760,2023-02-20
732459,Blade of the 47 Ronin,Blade of the 47 Ronin,en,21.174,2022-10-25,2022,6.473,205,12610794,3,1,10759,2023-02-20
641960,Four Good Days,Four Good Days,en,15.079,2021-04-30,2021,6.814,234,10344522,3,0,10758,2023-02-19
569805,The Legend of 5 Mile Cave,The Legend of 5 Mile Cave,en,2.521,2019-04-02,2019,6.0,11,9021234,1,0,10757,2023-02-18
640146,Ant-Man and the Wasp: Quantumania,Ant-Man and the Wasp: Quantumania,en,58.621,2023-02-15,2023,6.316,5041,10954600,3,0,10756,2023-02-18
768362,Missing,Missing,en,18.503,2023-01-19,2023,7.4,1032,10855768,3,0,10754,2023-02-17
898228,Reflect,Reflect,en,1.278,2023-02-24,2023,0.0,0,14966324,3,0,10751,2023-02-16
877269,Strange World,Strange World,en,20.343,2022-11-23,2022,6.3,1257,10298840,3,0,10750,2023-02-16
63978,Life Is a Bed of Roses,La vie est un roman,fr,2.59,1983-04-20,1983,5.7,33,86542,3,0,10748,2023-02-14
41951,Chocolat,Chocolat,fr,5.55,1988-05-18,1988,6.7,86,94868,3,0,10747,2023-02-14
2455,Confidentially Yours,Vivement dimanche !,fr,6.795,1983-08-10,1983,7.1,194,86551,2,0,10746,2023-02-14
34942,Balto III: Wings of Change,Balto III: Wings of Change,en,11.709,2004-04-14,2004,6.7,324,423849,3,0,10744,2023-02-11
25913,Balto: Wolf Quest,Balto: Wolf Quest,en,17.398,2002-04-30,2002,6.284,524,281634,3,0,10743,2023-02-11
18894,"Paradise, Hawaiian Style","Paradise, Hawaiian Style",en,6.267,1966-04-23,1966,5.1,45,59563,3,0,10742,2023-02-10
936386,The Water,El agua,es,2.336,2022-11-04,2022,5.6,29,14300504,3,0,10741,2023-02-09
554371,Limbo,Limbo,en,9.254,2020-09-28,2020,6.892,106,9138170,0,0,10740,2023-02-09
10019,Mannequin,Mannequin,en,37.39,1987-02-13,1987,6.857,728,93493,1,0,10739,2023-02-08
26196,Cleopatra Jones,Cleopatra Jones,en,3.527,1973-07-13,1973,5.8,69,69890,3,1,10738,2023-02-08
667216,Infinity Pool,Infinity Pool,en,24.376,2023-01-27,2023,6.091,789,10365998,2,0,10737,2023-02-08
8920,Garfield,Garfield,en,67.425,2004-06-10,2004,5.715,4006,356634,0,1,10736,2023-02-08
406761,Hotel Artemis,Hotel Artemis,en,13.172,2018-06-07,2018,6.042,1540,5834262,3,0,10735,2023-02-06
800301,What's Love Got to Do with It?,What's Love Got to Do with It?,en,9.651,2023-01-26,2023,6.0,197,13430858,1,0,10734,2023-02-06
10952,New Jack City,New Jack City,en,14.846,1991-03-08,1991,6.605,518,102526,0,1,10733,2023-02-06
47691,The Killing Secret,The Killing Secret,en,1.387,1997-01-06,1997,5.5,14,120089,3,0,10731,2023-02-05
615777,Babylon,Babylon,en,62.187,2022-12-22,2022,7.4,3128,10640346,3,0,10730,2023-02-04
864692,Pathaan,पठान,hi,19.786,2023-01-25,2023,6.5,192,12844910,3,0,10728,2023-02-01
301303,The Advocate's Devil,The Advocate's Devil,en,1.143,1997-10-05,1997,6.6,5,126774,2,0,10727,2023-01-31
821881,The Swimmers,The Swimmers,en,16.226,2022-11-24,2022,7.445,547,8745676,3,0,10726,2023-01-29
26329,Carry On Girls,Carry On Girls,en,4.937,1973-11-09,1973,5.7,57,69848,3,1,10724,2023-01-28
874355,Gone in the Night,Gone in the Night,en,14.378,2022-07-15,2022,5.6,129,15426294,2,0,10720,2023-01-27
213662,El zoo d’en Pitus,El zoo d’en Pitus,ca,0.84,2000-12-25,2000,10.0,1,247840,3,1,10719,2023-01-26
36865,The Disappearance of Haruhi Suzumiya,涼宮ハルヒの消失,ja,14.004,2010-02-05,2010,7.9,258,1572781,3,0,10718,2023-01-24
441719,Offline,Offline,pt,0.957,2016-03-25,2016,5.8,3,3556230,3,0,10717,2023-01-21
934419,Qala,क़ला,hi,3.261,2022-11-24,2022,6.4,28,14428598,3,0,10716,2023-01-19
1408,Cutthroat Island,Cutthroat Island,en,19.988,1995-12-22,1995,5.8,547,112760,1,0,10715,2023-01-18
43128,Sons of the Desert,Sons of the Desert,en,8.387,1933-12-29,1933,7.0,235,24601,3,0,10714,2023-01-16
422040,The Swaying Waterlily,Rüzgarda Salınan Nilüfer,tr,1.07,2016-09-23,2016,6.2,13,5143586,3,0,10713,2023-01-16
682152,Burning Days,Kurak Günler,tr,7.1,2022-12-09,2022,7.0,97,14859416,1,0,10712,2023-01-16
1026822,Cici,Cici,tr,2.651,2022-10-27,2022,6.4,35,22227936,3,0,10711,2023-01-16
539186,A Tale of Three Sisters,Kız Kardeşler,tr,2.904,2019-08-30,2019,7.2,47,9418878,3,0,10710,2023-01-16
1552,Parenthood,Parenthood,en,13.563,1989-07-31,1989,6.7,635,98067,3,0,10709,2023-01-16
533148,Ek Ladki Ko Dekha Toh Aisa Laga,एक लड़की को देखा तोह ऐसा लगा,hi,4.735,2019-02-01,2019,5.596,57,8108164,3,0,10708,2023-01-15
579974,RRR,రౌద్రం రణం రుధిరం,te,47.242,2022-03-24,2022,7.745,1322,8178634,2,1,10707,2023-01-15
97787,Digimon Adventure,映画 デジモンアドベンチャー,ja,11.851,1999-03-06,1999,7.6,84,2049430,0,0,10706,2023-01-15
34187,The Bitter Tea of General Yen,The Bitter Tea of General Yen,en,5.507,1932-12-25,1932,6.1,85,23814,3,0,10705,2023-01-14
9396,Crocodile Dundee II,Crocodile Dundee II,en,17.96,1988-05-19,1988,5.832,1097,92493,2,0,10704,2023-01-13
43595,She Done Him Wrong,She Done Him Wrong,en,6.844,1933-02-09,1933,5.757,113,24548,2,0,10702,2023-01-12
960519,Noise,Ruido,es,3.361,2022-10-13,2022,7.0,30,11306932,3,0,10701,2023-01-12
10872,The Ref,The Ref,en,8.138,1994-03-09,1994,6.6,326,110955,3,0,10700,2023-01-12
736732,Broker,브로커,ko,20.63,2022-06-08,2022,7.174,453,13056052,3,0,10699,2023-01-11
744594,White Noise,White Noise,en,14.201,2022-11-25,2022,5.558,682,6160448,3,0,10698,2023-01-11
15602,Grumpier Old Men,Grumpier Old Men,en,15.459,1995-12-22,1995,6.472,381,113228,3,1,10697,2023-01-11
11520,Grumpy Old Men,Grumpy Old Men,en,15.444,1993-12-25,1993,6.632,662,107050,1,0,10696,2023-01-11
823766,The Wonder,The Wonder,en,18.262,2022-11-02,2022,6.615,820,9288822,3,0,10695,2023-01-09
87178,The Whisperer in Darkness,The Whisperer in Darkness,en,5.532,2011-03-12,2011,6.475,99,1498878,0,0,10694,2023-01-08
547774,Hanalei Bay,ハナレイ・ベイ,ja,1.354,2018-10-19,2018,6.5,2,8332772,0,0,10693,2023-01-08
315162,Puss in Boots: The Last Wish,Puss in Boots: The Last Wish,en,150.584,2022-12-07,2022,8.2,7876,3915174,3,0,10692,2023-01-08
555604,Guillermo del Toro's Pinocchio,Guillermo del Toro's Pinocchio,en,32.7,2022-11-09,2022,8.1,2921,1488589,1,1,10691,2023-01-08
668482,Roald Dahl's Matilda the Musical,Roald Dahl's Matilda the Musical,en,39.098,2022-11-25,2022,6.8,727,3447590,1,0,10690,2023-01-07
937278,A Man Called Otto,A Man Called Otto,en,51.977,2022-12-28,2022,7.766,2821,7405458,2,0,10689,2023-01-06
890541,7 Women and a Murder,7 donne e un mistero,it,8.911,2021-12-25,2021,5.5,357,15206378,3,0,10688,2023-01-04
791177,Bones and All,Bones and All,en,21.622,2022-11-18,2022,7.079,1352,10168670,3,0,10687,2023-01-02
9449,The Borrowers,The Borrowers,en,19.167,1997-12-05,1997,6.0,480,118755,3,0,10686,2023-01-01
2617,The Great Outdoors,The Great Outdoors,en,12.753,1988-06-17,1988,6.4,535,95253,3,0,10685,2023-01-01
648579,The Unbearable Weight of Massive Talent,The Unbearable Weight of Massive Talent,en,28.006,2022-04-20,2022,6.8,2011,11291274,3,1,10683,2022-12-30
730047,Cyrano,Cyrano,en,7.728,2021-04-14,2021,6.389,298,12889404,2,0,10682,2022-12-30
843932,Nanny,Nanny,en,9.838,2022-11-23,2022,5.241,185,10931784,3,0,10681,2022-12-28
661374,Glass Onion: A Knives Out Mystery,Glass Onion: A Knives Out Mystery,en,46.893,2022-11-23,2022,7.0,5597,11564570,3,0,10680,2022-12-27
496331,Brahmāstra Part One: Shiva,ब्रह्मास्त्र पहला भाग: शिवा,hi,16.187,2022-09-08,2022,6.4,170,6277462,1,0,10679,2022-12-27
682507,Where the Crawdads Sing,Where the Crawdads Sing,en,20.743,2022-07-14,2022,7.561,1809,9411972,3,0,10678,2022-12-26
454467,Noelle,Noelle,en,21.288,2019-11-12,2019,6.608,660,5097410,3,0,10677,2022-12-25
76600,Avatar: The Way of Water,Avatar: The Way of Water,en,149.342,2022-12-14,2022,7.6,12061,1630029,2,1,10676,2022-12-25
20785,Emmet Otter's Jug-Band Christmas,Emmet Otter's Jug-Band Christmas,en,6.43,1977-12-04,1977,6.9,75,75988,3,0,10675,2022-12-24
31414,Satantango,Sátántangó,hu,8.849,1994-02-08,1994,8.1,259,111341,2,0,10672,2022-12-22
42722,The Nun,La Religieuse,fr,5.971,1966-05-06,1966,7.2,89,60891,3,0,10671,2022-12-21
238378,Don't Bother to Knock,Don't Bother to Knock,en,1.958,1961-05-28,1961,5.1,5,55621,2,0,10670,2022-12-20
451915,Beautiful Boy,Beautiful Boy,en,19.959,2018-10-12,2018,7.558,2522,1226837,1,1,10669,2022-12-17
10527,Madagascar: Escape 2 Africa,Madagascar: Escape 2 Africa,en,49.822,2008-10-30,2008,6.511,6893,479952,0,0,10668,2022-12-17
21058,Spring in a Small Town,小城之春,zh,7.438,1948-02-01,1948,7.086,93,189219,3,0,10667,2022-12-16
32430,The Bells of St. Mary's,The Bells of St. Mary's,en,6.437,1945-12-27,1945,6.8,133,37536,3,0,10666,2022-12-15
122940,The Girl Who Knew Too Much,The Girl Who Knew Too Much,en,1.468,1969-11-07,1969,4.0,2,64370,1,0,10664,2022-12-14
18671,Gun Crazy,Gun Crazy,en,7.764,1950-01-20,1950,7.5,269,42530,3,0,10663,2022-12-14
43323,Richard III,Richard III,en,5.291,1955-12-13,1955,7.1,89,49674,3,1,10662,2022-12-13
842725,Immersion,Inmersión,es,2.332,2022-09-29,2022,7.6,16,13845792,1,0,10660,2022-12-12
10379,Drop Dead Fred,Drop Dead Fred,en,12.979,1991-04-19,1991,5.9,365,101775,3,0,10658,2022-12-12
865559,Your Christmas or Mine?,Your Christmas or Mine?,en,11.435,2022-12-02,2022,6.396,182,21994906,3,0,10657,2022-12-11
751741,Night at the Museum: Kahmunrah Rises Again,Night at the Museum: Kahmunrah Rises Again,en,19.497,2022-12-08,2022,6.4,259,13623880,3,0,10656,2022-12-10
776512,On the Count of Three,On the Count of Three,en,6.775,2022-05-13,2022,6.5,84,11160650,1,0,10655,2022-12-09
3014,The Man Between,The Man Between,en,7.715,1953-11-18,1953,7.1,59,46031,3,0,10654,2022-12-08
796849,Ride or Die,彼女,ja,21.783,2021-04-15,2021,6.772,160,14164234,1,0,10653,2022-12-08
62768,Flying,Flying,en,3.953,1986-05-14,1986,5.9,14,91065,3,0,10652,2022-12-06
762975,Purple Hearts,Purple Hearts,en,48.738,2022-07-29,2022,8.107,2562,4614584,3,0,10651,2022-12-05
450487,Fast Color,Fast Color,en,8.522,2019-03-29,2019,6.0,199,6418778,3,0,10650,2022-12-05
509967,6 Underground,6 Underground,en,36.786,2019-12-10,2019,6.34,4732,8106534,3,0,10649,2022-12-05
14881,Joe Kidd,Joe Kidd,en,13.359,1972-07-19,1972,6.4,360,68768,1,0,10648,2022-12-04
96337,Zandy's Bride,Zandy's Bride,en,2.721,1974-05-19,1974,6.286,28,72435,2,0,10647,2022-12-04
632856,Spirited,Spirited,en,27.722,2022-11-10,2022,6.9,629,10999120,3,0,10646,2022-12-03
102286,Fate Is the Hunter,Fate Is the Hunter,en,2.97,1964-11-08,1964,6.4,36,58091,3,0,10645,2022-11-30
54227,Lt. Robin Crusoe U.S.N.,Lt. Robin Crusoe U.S.N.,en,5.776,1966-07-29,1966,5.6,23,60640,1,0,10644,2022-11-29
614939,Bros,Bros,en,16.843,2022-09-30,2022,6.7,495,9731598,3,0,10643,2022-11-29
627725,The Banker,The Banker,en,33.433,2020-03-06,2020,7.6,951,6285944,1,0,10642,2022-11-29
511817,Wendell & Wild,Wendell & Wild,en,10.683,2022-10-21,2022,6.714,320,5181830,3,0,10641,2022-11-28
514570,The Tower,Tårnet,no,1.654,2018-11-30,2018,6.8,23,5847768,3,0,10639,2022-11-28
442788,Different Flowers,Different Flowers,en,2.947,2017-09-29,2017,5.5,17,6096194,3,0,10638,2022-11-27
73823,Sidewalk Stories,Sidewalk Stories,en,2.444,1989-09-15,1989,7.3,16,98325,2,1,10637,2022-11-27
36592,Swing Girls,スウィングガールズ,ja,11.027,2004-09-11,2004,7.6,115,435434,3,0,10636,2022-11-27
30588,Monsieur Verdoux,Monsieur Verdoux,en,8.78,1947-09-26,1947,7.704,422,39631,3,0,10635,2022-11-27
299584,Christmas Under Wraps,Christmas Under Wraps,en,11.338,2014-11-29,2014,5.9,199,4180032,3,0,10633,2022-11-26
47429,Kung-Fu Master!,Kung-Fu Master!,fr,5.585,1988-03-09,1988,6.5,67,93371,3,0,10631,2022-11-25
36245,Diary of a Chambermaid,Le Journal d'une femme de chambre,fr,6.915,1964-03-04,1964,7.1,202,58249,3,0,10629,2022-11-23
769157,Heian,平安,nl,0.11,2019-12-19,2019,0.0,0,11106266,3,0,10628,2022-11-23
900667,One Piece Film Red,ONE PIECE FILM RED,ja,67.202,2022-08-06,2022,7.192,1019,16183464,3,1,10627,2022-11-23
31633,The Marrying Man,The Marrying Man,en,8.097,1991-04-05,1991,5.6,113,102411,0,1,10625,2022-11-21
660942,The Innocents,De uskyldige,no,14.653,2021-09-03,2021,6.924,602,4028464,1,0,10624,2022-11-21
20806,Yield to the Night,Yield to the Night,en,3.504,1956-06-19,1956,6.9,35,49019,3,0,10623,2022-11-20
541134,The Good Nurse,The Good Nurse,en,15.564,2022-10-19,2022,6.896,1235,4273800,3,0,10622,2022-11-20
338958,Disenchanted,Disenchanted,en,37.191,2022-11-18,2022,6.7,1082,1596342,3,0,10621,2022-11-19
674324,The Banshees of Inisherin,The Banshees of Inisherin,en,30.367,2022-10-20,2022,7.455,2770,11813216,3,0,10620,2022-11-18
597316,My Little Pony: A New Generation,My Little Pony: A New Generation,en,20.311,2021-09-22,2021,7.7,308,10101702,3,1,10619,2022-11-17
810693,Jujutsu Kaisen 0,劇場版 呪術廻戦 0,ja,66.728,2021-12-24,2021,8.159,1421,14331144,1,0,10618,2022-11-16
928344,Weird: The Al Yankovic Story,Weird: The Al Yankovic Story,en,18.984,2022-09-08,2022,6.7,427,17076046,1,0,10617,2022-11-15
747779,One Fine Morning,Un beau matin,fr,8.593,2022-10-05,2022,6.5,131,13482828,3,0,10616,2022-11-14
588555,My Grandfather's Demons,Os Demónios do Meu Avô,pt,165.461,2022-09-21,2022,4.5,18,11488024,3,0,10615,2022-11-14
588852,Nayola,Nayola,pt,1.245,2023-03-08,2023,7.5,8,3726682,3,0,10614,2022-11-14
916719,Code Name Banshee,Code Name Banshee,en,14.716,2022-07-01,2022,5.8,125,15438542,3,0,10613,2022-11-14
56942,Family Life,Family Life,en,3.31,1971-11-17,1971,7.17,53,68569,3,0,10612,2022-11-13
13963,The Last Waltz,The Last Waltz,en,7.204,1978-05-01,1978,7.629,268,77838,1,0,10611,2022-11-13
791333,Four's a Crowd,El cuarto pasajero,es,8.531,2022-10-28,2022,6.279,113,13932410,0,0,10610,2022-11-13
505642,Black Panther: Wakanda Forever,Black Panther: Wakanda Forever,en,105.252,2022-11-09,2022,7.087,6565,9114286,3,0,10609,2022-11-13
39209,Shalako,Shalako,en,9.946,1968-09-26,1968,5.7,79,63592,3,0,10608,2022-11-12
1362,The Hobbit,The Hobbit,en,20.453,1977-11-27,1977,6.532,314,77687,0,0,10607,2022-11-12
464293,The Legend of Maula Jatt,The Legend of Maula Jatt,pa,8.189,2022-10-13,2022,8.3,10,4139928,3,0,10606,2022-11-11
667739,The Man from Toronto,The Man from Toronto,en,25.18,2022-12-23,2022,6.472,380,11671006,2,0,10605,2022-11-10
809733,Hear Me Out,On est fait pour s'entendre,fr,5.808,2021-11-17,2021,6.5,94,14371818,3,0,10604,2022-11-10
15981,Dead Leaves,デッド　リーブス,ja,9.049,2004-01-17,2004,6.9,121,439533,3,0,10602,2022-11-08
846250,Fire Island,Fire Island,en,10.024,2022-06-02,2022,7.0,233,15218000,3,0,10601,2022-11-08
829280,Enola Holmes 2,Enola Holmes 2,en,24.01,2022-11-30,2022,7.357,1433,14641788,3,0,10600,2022-11-08
13385,Brighton Rock,Brighton Rock,en,8.477,1948-01-09,1948,6.8,118,39220,3,1,10599,2022-11-06
744114,My Policeman,My Policeman,en,17.557,2022-10-20,2022,7.676,681,13139228,2,0,10598,2022-11-06
45322,She-Wolf of London,She-Wolf of London,en,4.674,1946-05-17,1946,5.581,68,38934,3,0,10597,2022-11-05
862551,Me Time,Me Time,en,16.54,2022-08-26,2022,5.91,898,14309446,1,0,10596,2022-11-04
848791,The Stranger,The Stranger,en,16.689,2022-10-06,2022,6.159,317,11897478,3,1,10595,2022-11-04
71768,The Guns of Fort Petticoat,The Guns of Fort Petticoat,en,4.428,1957-04-01,1957,6.3,33,50470,2,0,10594,2022-11-02
18688,Charro!,Charro!,en,4.928,1969-03-13,1969,5.5,43,64155,1,0,10593,2022-10-29
8816,My Life as a Dog,Mitt liv som hund,sv,13.0,1985-12-12,1985,7.235,262,89606,1,0,10592,2022-10-29
286805,Dark Dungeons,Dark Dungeons,en,1.132,2014-08-15,2014,2.6,6,3625970,3,0,10591,2022-10-29
788921,Everything Will Change,Everything Will Change,en,2.589,2022-07-14,2022,6.6,8,13086274,0,0,10590,2022-10-28
100088,Black Gunn,Black Gunn,en,2.931,1972-12-20,1972,5.8,15,68281,1,0,10589,2022-10-28
22021,Coffy,Coffy,en,12.464,1973-06-13,1973,6.653,248,69897,2,0,10588,2022-10-28
34459,"Sheba, Baby","Sheba, Baby",en,2.467,1975-03-26,1975,5.7,35,73697,0,0,10587,2022-10-27
817758,TÁR,TÁR,en,26.856,2022-09-23,2022,7.1,1255,14444726,3,0,10586,2022-10-27
29369,Made in U.S.A,Made in U.S.A,fr,5.476,1967-01-27,1967,6.1,97,60647,1,0,10585,2022-10-27
860159,Crush,Crush,en,19.622,2022-04-29,2022,7.458,424,15096128,1,1,10583,2022-10-25
901288,A Shore Away,L'autre rive,fr,0.503,2022-03-25,2022,0.0,0,14362474,3,0,10581,2022-10-25
663712,Terrifier 2,Terrifier 2,en,121.489,2022-10-06,2022,6.8,2124,10403420,3,0,10580,2022-10-25
638597,YES DAY,YES DAY,en,21.665,2021-03-11,2021,6.714,1198,8521876,3,0,10579,2022-10-24
8975,The Marine,The Marine,en,17.849,2006-10-13,2006,5.963,761,419946,3,0,10578,2022-10-24
795109,Catherine Called Birdy,Catherine Called Birdy,en,6.972,2022-09-23,2022,6.1,124,11727866,3,0,10577,2022-10-24
54723,Only Two Can Play,Only Two Can Play,en,2.602,1962-01-19,1962,5.8,25,56308,3,0,10576,2022-10-24
24831,Piranha,Piranha,en,20.304,1978-08-03,1978,6.0,666,78087,3,0,10575,2022-10-24
420707,Cage Dive,Cage Dive,en,10.982,2017-08-11,2017,4.6,319,4126568,0,0,10574,2022-10-22
9592,Open Water 2 : Adrift,Open Water 2: Adrift,en,18.483,2006-07-10,2006,5.482,677,470055,3,0,10573,2022-10-21
24923,Messiah of Evil,Messiah of Evil,en,6.911,1974-12-11,1974,6.2,136,71396,3,0,10572,2022-10-21
7857,Amarcord,Amarcord,it,14.867,1973-12-18,1973,7.915,1102,71129,2,0,10571,2022-10-21
18644,King Creole,King Creole,en,8.567,1958-07-02,1958,6.4,101,51818,1,0,10570,2022-10-21
99374,Honeymoon Hotel,Honeymoon Hotel,en,1.1,1964-06-03,1964,4.6,7,58204,3,0,10569,2022-10-20
1033762,The Home Fairy,A Fada do Lar,pt,1.087,2022-10-05,2022,6.4,6,10541410,3,0,10568,2022-10-20
965817,Remains of the Wind,Restos do Vento,pt,1.425,2022-09-22,2022,7.5,10,14145004,2,0,10567,2022-10-20
722147,Bem Bom,Bem Bom,pt,1.842,2021-07-08,2021,6.8,12,11621960,3,0,10566,2022-10-20
10442,So I Married an Axe Murderer,So I Married an Axe Murderer,en,12.893,1993-07-30,1993,6.1,422,108174,3,1,10565,2022-10-20
610253,Halloween Kills,Halloween Kills,en,22.798,2021-10-14,2021,6.443,2676,10665338,3,1,10564,2022-10-19
852438,Final Cut,Coupez !,fr,9.404,2022-05-18,2022,6.829,406,14317880,3,0,10563,2022-10-19
57669,A Woman Like Satan,La Femme et le Pantin,fr,1.997,1958-12-19,1958,5.2,12,51608,2,0,10562,2022-10-19
724495,The Woman King,The Woman King,en,46.781,2022-09-16,2022,7.67,2081,8093700,3,0,10561,2022-10-18
45598,The Trouble with Girls,The Trouble with Girls,en,5.337,1969-06-24,1969,4.9,22,65125,3,0,10558,2022-10-17
960072,Deep Woods,Deep Woods,en,0.775,2022-12-20,2022,5.5,3,10373934,1,1,10554,2022-10-17
913290,Barbarian,Barbarian,en,40.784,2022-09-08,2022,6.8,2523,15791034,3,0,10551,2022-10-15
42783,Kissin' Cousins,Kissin' Cousins,en,2.957,1964-03-06,1964,4.7,37,57227,2,0,10550,2022-10-15
635891,Clerks III,Clerks III,en,10.97,2022-09-04,2022,6.016,246,11128440,1,0,10549,2022-10-15
602334,France,France,fr,7.549,2021-08-25,2021,5.2,199,9714030,3,0,10537,2022-10-14
925096,Everybody Loves Jeanne,Tout le monde aime Jeanne,fr,4.713,2022-09-07,2022,6.244,117,14913250,3,0,10536,2022-10-14
852046,Athena,Athena,fr,40.018,2022-09-09,2022,6.6,730,15445056,2,0,10535,2022-10-14
848685,The Beasts,As bestas,gl,17.592,2022-07-20,2022,7.5,731,15006566,3,0,10534,2022-10-14
66916,Love on a Pillow,Le Repos du guerrier,fr,2.309,1962-09-05,1962,5.912,34,56404,3,0,10533,2022-10-14
882598,Smile,Smile,en,116.908,2022-09-23,2022,6.666,3353,15474916,3,0,10532,2022-10-13
18686,"Live a Little, Love a Little","Live a Little, Love a Little",en,5.754,1968-10-23,1968,5.5,28,63231,1,0,10531,2022-10-13
326425,Extraction,Extraction,en,10.844,2015-12-18,2015,4.553,378,4382872,2,0,10530,2022-10-12
8745,It Happened at the World's Fair,It Happened at the World's Fair,en,5.419,1963-04-03,1963,5.8,49,57191,3,0,10528,2022-10-11
14554,Bad Day at Black Rock,Bad Day at Black Rock,en,9.717,1955-01-13,1955,7.3,365,47849,0,0,10527,2022-10-10
26175,Ivanhoe,Ivanhoe,en,14.779,1952-07-31,1952,6.8,175,44760,2,0,10526,2022-10-10
629176,Samaritan,Samaritan,en,30.318,2022-08-25,2022,6.7,2000,5500218,1,0,10525,2022-10-09
11016,Key Largo,Key Largo,en,12.466,1948-07-16,1948,7.46,531,40506,3,0,10524,2022-10-09
16227,Dark Passage,Dark Passage,en,11.087,1947-09-05,1947,7.254,323,39302,2,0,10523,2022-10-09
29264,The Exterminating Angel,El ángel exterminador,es,13.22,1962-05-16,1962,7.9,667,56732,3,0,10522,2022-10-08
38724,Some Came Running,Some Came Running,en,8.402,1958-12-25,1958,6.899,124,52218,2,0,10521,2022-10-08
603661,The Hating Game,The Hating Game,en,27.693,2021-12-09,2021,7.339,1053,8718158,3,1,10520,2022-10-08
31428,Someone's Watching Me!,Someone's Watching Me!,en,7.491,1978-11-29,1978,6.2,139,78295,3,0,10519,2022-10-08
830788,The Invitation,The Invitation,en,22.33,2022-08-24,2022,6.1,825,12873562,3,0,10518,2022-10-08
301502,Blonde,Blonde,en,27.255,2022-09-16,2022,5.979,1352,1655389,2,0,10517,2022-10-07
949423,Pearl,Pearl,en,36.24,2022-09-16,2022,7.2,1991,18925334,3,0,10516,2022-10-05
593643,The Menu,The Menu,en,43.042,2022-11-17,2022,7.183,4971,9764362,3,0,10515,2022-10-05
811211,The Young Lovers,Les Jeunes Amants,fr,6.026,2022-02-02,2022,6.5,76,13462472,3,0,10514,2022-10-04
848818,Flux Gourmet,Flux Gourmet,en,4.446,2022-06-24,2022,5.6,43,15010292,3,0,10513,2022-10-03
928713,The Novelist's Film,소설가의 영화,ko,5.35,2022-04-21,2022,6.6,38,17146978,3,0,10512,2022-10-03
746131,"Paris, 13th District",Les Olympiades,fr,10.378,2021-11-03,2021,6.896,327,12708658,3,0,10511,2022-10-03
916405,The Quiet Girl,An Cailín Ciúin,ga,11.592,2022-05-12,2022,7.5,409,15109082,3,0,10510,2022-10-03
473021,The Souvenir: Part II,The Souvenir: Part II,en,5.055,2021-10-11,2021,6.441,76,6992978,3,0,10509,2022-10-03
497828,Triangle of Sadness,Triangle of Sadness,en,33.772,2022-09-18,2022,7.079,2228,7322224,3,0,10508,2022-10-03
21334,Children of Heaven,بچه‌های آسمان,fa,12.563,1997-08-01,1997,7.915,621,118849,3,0,10507,2022-10-03
46925,Six Pack,Six Pack,en,3.942,1982-07-16,1982,6.5,32,84690,2,0,10506,2022-10-03
197698,Dr. Minx,Dr. Minx,en,1.382,1975-11-01,1975,3.3,3,72905,2,0,10505,2022-10-03
325358,Superfast!,Superfast!,en,67.885,2015-03-05,2015,5.027,449,2933474,3,0,10504,2022-10-02
116445,Wonder Women,Wonder Women,en,4.955,1973-04-25,1973,4.7,36,70926,3,0,10503,2022-10-02
642885,Hocus Pocus 2,Hocus Pocus 2,en,35.104,2022-09-27,2022,7.226,1666,11909878,3,0,10502,2022-10-01
532639,Pinocchio,Pinocchio,en,28.782,2022-09-07,2022,6.344,1583,4593060,1,0,10501,2022-09-30
801526,Darlings,डार्लिंग्स,hi,11.144,2022-08-05,2022,6.866,56,14152140,3,0,10500,2022-09-29
118514,Tamahine,Tamahine,en,0.941,1963-07-30,1963,4.7,8,58636,3,0,10499,2022-09-28
40723,Trouble Every Day,Trouble Every Day,fr,7.339,2001-07-11,2001,5.763,188,204700,1,0,10498,2022-09-27
99329,Mandabi,Mandabi,wo,2.673,1968-11-27,1968,7.063,40,63268,2,0,10497,2022-09-27
360929,Maeve,Maeve,en,0.872,1981-09-02,1981,6.4,7,277122,3,0,10496,2022-09-27
619730,Don't Worry Darling,Don't Worry Darling,en,27.738,2022-09-21,2022,6.804,2500,10731256,3,0,10495,2022-09-27
263089,The Wild Affair,The Wild Affair,en,0.388,1965-12-05,1965,5.4,5,57685,3,0,10494,2022-09-27
25105,Flower Drum Song,Flower Drum Song,en,3.934,1961-11-09,1961,6.1,31,54885,2,0,10493,2022-09-25
53873,The Kennel Murder Case,The Kennel Murder Case,en,5.195,1933-10-28,1933,6.181,47,24210,1,0,10492,2022-09-24
471859,Charlie Says,Charlie Says,en,8.034,2019-05-10,2019,5.9,218,1759744,3,0,10491,2022-09-24
13041,El Topo,El Topo,es,13.672,1970-12-18,1970,7.1,588,67866,2,0,10490,2022-09-24
63912,The Big Job,The Big Job,en,3.387,1965-01-01,1965,6.6,24,58969,3,0,10489,2022-09-23
420648,The Bar,El bar,es,13.146,2017-02-15,2017,6.3,1301,5121816,3,0,10488,2022-09-22
762968,Do Revenge,Do Revenge,en,21.348,2022-09-14,2022,6.4,864,13327038,3,1,10487,2022-09-22
18948,FernGully 2: The Magical Rescue,FernGully 2: The Magical Rescue,en,6.316,1998-03-17,1998,5.7,63,129924,3,1,10486,2022-09-22
3052,Don't Make Waves,Don't Make Waves,en,4.035,1967-06-20,1967,5.3,31,61590,3,0,10485,2022-09-22
630720,Dark Glasses,Occhiali neri,it,8.722,2022-02-24,2022,4.7,178,10935560,3,0,10484,2022-09-21
703145,The Island of Lies,La isla de las mentiras,es,3.606,2020-05-14,2020,5.525,20,9843470,3,0,10483,2022-09-19
3051,Eye of the Devil,Eye of the Devil,en,4.513,1966-11-18,1966,6.0,51,61634,3,0,10482,2022-09-17
36775,The Ambushers,The Ambushers,en,5.474,1967-12-22,1967,5.0,34,62657,2,0,10481,2022-09-15
36642,Murderers' Row,Murderers' Row,en,3.695,1966-12-20,1966,5.7,37,60728,1,0,10480,2022-09-15
26451,Investigation of a Citizen Above Suspicion,Indagine su un cittadino al di sopra di ogni sospetto,it,10.254,1970-10-16,1970,8.2,779,65889,0,0,10478,2022-09-14
21779,The Silencers,The Silencers,en,5.594,1966-02-18,1966,6.1,43,60980,1,0,10477,2022-09-14
65009,"Please, Not Now!",La Bride sur le cou,fr,4.239,1961-04-19,1961,4.7,23,54700,3,0,10476,2022-09-11
51166,La Parisienne,Une parisienne,fr,1.982,1957-12-16,1957,5.5,21,51133,2,0,10475,2022-09-10
50677,Eyes of an Angel,Eyes of an Angel,en,7.584,1991-07-26,1991,6.954,37,101844,0,0,10474,2022-09-10
776305,Belle,竜とそばかすの姫,ja,21.242,2021-07-16,2021,7.714,749,13651628,3,0,10473,2022-09-10
597093,Ghost Tropic,Ghost Tropic,fr,0.827,2020-01-01,2020,7.5,11,10244760,3,0,10472,2022-09-10
5157,Beneath the Valley of the Ultra-Vixens,Beneath the Valley of the Ultra-Vixens,en,13.335,1979-05-11,1979,5.279,95,78846,2,0,10470,2022-09-09
5651,Up!,Up!,en,9.693,1976-10-01,1976,5.557,88,75376,3,0,10469,2022-09-09
5745,The Seven Minutes,The Seven Minutes,en,2.383,1971-07-23,1971,5.6,13,67736,3,0,10468,2022-09-09
5721,Vixen!,Vixen!,en,17.274,1968-10-15,1968,5.4,83,63787,3,0,10467,2022-09-09
5725,Supervixens,Supervixens,en,13.455,1975-04-02,1975,5.688,133,73768,2,0,10466,2022-09-09
668640,Official Competition,Competencia oficial,es,7.76,2021-09-04,2021,6.7,374,11700260,1,0,10465,2022-09-08
805327,Look Both Ways,Look Both Ways,en,17.278,2022-08-16,2022,6.893,654,14298328,3,0,10464,2022-09-05
690957,Pushpa: The Rise,పుష్పా - The Rise,te,46.458,2021-12-16,2021,7.0,132,9389998,2,0,10463,2022-09-04
357405,Girls und Panzer der Film,ガールズ&パンツァー 劇場版,ja,6.768,2015-11-21,2015,7.0,50,5284414,3,0,10462,2022-09-03
534134,Blackbird,Blackbird,en,1.85,2022-09-02,2022,2.8,9,8246646,1,0,10461,2022-09-02
472983,Invader Zim: Enter the Florpus,Invader Zim: Enter the Florpus,en,10.005,2019-08-16,2019,7.4,233,6739094,0,0,10460,2022-09-01
644495,House of Gucci,House of Gucci,en,22.847,2021-11-24,2021,6.594,3113,11214590,2,0,10459,2022-09-01
614917,King Richard,King Richard,en,19.83,2021-11-18,2021,7.65,2493,9620288,3,0,10458,2022-08-30
167666,Monster High: Escape from Skull Shores,Monster High: Escape from Skull Shores,en,9.906,2012-02-16,2012,7.7,101,2395337,1,0,10457,2022-08-30
212470,Monster High: 13 Wishes,Monster High: 13 Wishes,en,12.354,2013-10-08,2013,7.6,160,3159812,1,1,10456,2022-08-30
714011,After Love,After Love,en,5.868,2021-06-04,2021,7.143,129,10692788,3,0,10455,2022-08-29
821792,Bull,Bull,en,6.806,2021-11-05,2021,6.4,150,13266998,1,0,10454,2022-08-28
27825,Bad Girls from Mars,Bad Girls from Mars,en,1.66,1990-12-08,1990,3.9,22,101399,3,0,10453,2022-08-27
503706,The Haunting of Sharon Tate,The Haunting of Sharon Tate,en,6.122,2019-04-05,2019,4.497,196,7976208,3,0,10452,2022-08-27
838330,Not Okay,Not Okay,en,11.878,2022-07-29,2022,6.34,447,14814040,3,0,10451,2022-08-26
2139,Cleopatra Jones and the Casino of Gold,Cleopatra Jones and the Casino of Gold,en,3.111,1975-07-11,1975,5.8,26,72791,3,0,10450,2022-08-26
45608,The World of Suzie Wong,The World of Suzie Wong,en,5.807,1960-11-10,1960,6.4,35,54483,2,0,10449,2022-08-26
664332,Gangubai Kathiawadi,गंगूबाई काठियावाड़ी,hi,8.844,2022-02-24,2022,7.4,148,10083340,3,0,10448,2022-08-25
862965,Emily the Criminal,Emily the Criminal,en,25.775,2022-08-12,2022,6.677,826,15255876,3,0,10447,2022-08-23
520023,Bodies Bodies Bodies,Bodies Bodies Bodies,en,21.531,2022-08-05,2022,6.216,1166,8110652,3,0,10445,2022-08-21
846867,Mad God,Mad God,en,13.507,2021-09-17,2021,6.9,412,15090124,0,0,10444,2022-08-20
610150,Dragon Ball Super: Super Hero,ドラゴンボール超 スーパーヒーロー,ja,52.057,2022-06-11,2022,7.9,2839,14614892,3,0,10443,2022-08-19
360288,Cafard,Cafard,fr,1.086,2015-10-22,2015,5.6,5,4926026,2,0,10442,2022-08-16
698948,Thirteen Lives,Thirteen Lives,en,22.678,2022-07-18,2022,7.891,1264,12262116,0,0,10441,2022-08-14
796499,Army of Thieves,Army of Thieves,en,27.667,2021-10-29,2021,6.8,2043,13024674,3,0,10440,2022-08-11
762504,Nope,Nope,en,34.958,2022-07-20,2022,6.848,4152,10954984,1,0,10439,2022-08-11
541305,Kajillionaire,Kajillionaire,en,13.038,2020-09-25,2020,6.3,458,8143990,3,0,10437,2022-08-08
294793,All the Old Knives,All the Old Knives,en,13.871,2022-04-08,2022,6.0,537,3706352,3,1,10436,2022-08-08
560057,The Sea Beast,The Sea Beast,en,37.065,2022-06-24,2022,7.4,1466,9288046,3,0,10435,2022-08-08
399173,The Assignment,The Assignment,en,13.161,2016-06-08,2016,5.485,509,5034474,1,0,10434,2022-08-07
766507,Prey,Prey,en,87.7,2022-08-02,2022,7.7,6733,11866324,3,0,10433,2022-08-07
925102,The Night of the 12th,La Nuit du 12,fr,8.732,2022-07-13,2022,6.951,632,16953666,3,1,10432,2022-08-06
663260,Black Box,Boîte noire,fr,17.403,2021-09-08,2021,7.341,1235,10341034,1,0,10431,2022-08-06
91781,HealtH,HealtH,en,3.098,1980-09-12,1980,5.3,15,79256,3,0,10430,2022-08-05
718930,Bullet Train,Bullet Train,en,59.17,2022-08-03,2022,7.446,6289,12593682,1,0,10429,2022-08-05
660267,Blasted,Blasted: Gutta vs Aliens,no,7.284,2022-06-28,2022,4.7,79,14866710,3,0,10428,2022-08-03
790386,Save the Cinema,Save the Cinema,en,2.787,2022-01-14,2022,6.2,24,12048234,3,0,10426,2022-07-31
653598,Spree,Spree,en,12.81,2020-08-14,2020,6.5,438,11394332,3,0,10425,2022-07-28
511322,The Good Liar,The Good Liar,en,14.9,2019-11-08,2019,6.7,1133,5563334,3,0,10424,2022-07-27
91694,Ace Attorney,逆転裁判,ja,9.152,2012-02-11,2012,6.1,95,1891974,3,0,10423,2022-07-27
9043,The Family Stone,The Family Stone,en,20.98,2005-12-15,2005,6.3,983,356680,3,0,10422,2022-07-26
819309,Emergency,Emergency,en,8.766,2022-05-20,2022,6.1,229,13650600,3,0,10421,2022-07-25
120481,Come to the Stable,Come to the Stable,en,2.776,1949-07-27,1949,6.3,23,41257,3,0,10420,2022-07-25
426618,Where Hands Touch,Where Hands Touch,en,15.734,2018-09-14,2018,7.927,514,1235187,3,0,10419,2022-07-23
682402,Swimming for Gold,Swimming for Gold,en,4.239,2020-09-17,2020,7.6,93,10782876,1,0,10418,2022-07-23
84105,Frenemies,Frenemies,en,10.856,2012-01-13,2012,5.826,430,1865368,1,0,10417,2022-07-23
295151,Let It Snow,Let It Snow,en,15.249,2019-11-08,2019,6.1,1155,1950235,1,1,10416,2022-07-23
9491,Blue Steel,Blue Steel,en,7.788,1990-03-16,1990,5.8,398,99160,2,0,10415,2022-07-23
725201,The Gray Man,The Gray Man,en,49.01,2022-07-13,2022,6.953,3657,1649418,2,0,10414,2022-07-22
504827,The Bob's Burgers Movie,The Bob's Burgers Movie,en,12.025,2022-05-26,2022,7.0,304,7466442,3,0,10413,2022-07-22
240483,Robot Overlords,Robot Overlords,en,9.594,2014-10-18,2014,4.8,257,2145829,1,0,10412,2022-07-21
804119,Deliciosa Fruta Seca,Deliciosa Fruta Seca,es,0.114,2017-08-06,2017,0.0,0,7201830,3,0,10411,2022-07-20
754609,Mrs. Harris Goes to Paris,Mrs. Harris Goes to Paris,en,14.929,2022-07-15,2022,7.3,429,5151570,3,0,10410,2022-07-19
438148,Minions: The Rise of Gru,Minions: The Rise of Gru,en,67.929,2022-06-29,2022,7.3,3626,5113044,1,0,10408,2022-07-16
513310,Boss Level,Boss Level,en,24.76,2021-02-19,2021,6.876,1621,7638348,2,0,10407,2022-07-16
580857,Death Toilet,Death Toilet,en,1.252,2018-05-28,2018,4.7,3,8760724,0,0,10405,2022-07-13
366924,Batman: Bad Blood,Batman: Bad Blood,en,14.958,2016-01-19,2016,7.009,897,4870838,3,0,10404,2022-07-13
25113,The Four Seasons,The Four Seasons,en,4.238,1981-05-22,1981,6.2,50,82405,3,0,10403,2022-07-13
51619,The Sound Barrier,The Sound Barrier,en,4.331,1952-10-10,1952,6.5,52,44446,3,0,10402,2022-07-13
251768,JLA Adventures: Trapped in Time,JLA Adventures: Trapped in Time,en,7.776,2014-01-21,2014,6.575,219,3468260,3,0,10401,2022-07-12
754716,Badhaai Do,बधाई दो,hi,9.017,2022-02-11,2022,6.862,65,11934846,3,0,10400,2022-07-11
617502,Jolt,Jolt,en,17.291,2021-07-15,2021,6.6,1251,10228134,3,1,10399,2022-07-11
926899,The House,The House,en,17.537,2022-01-14,2022,7.0,1022,11703050,3,0,10397,2022-07-09
553592,Queen Bees,Queen Bees,en,6.308,2021-06-11,2021,6.1,54,8338076,3,0,10396,2022-07-09
616037,Thor: Love and Thunder,Thor: Love and Thunder,en,65.042,2022-07-06,2022,6.4,7632,10648342,3,0,10395,2022-07-08
18311,Days of Being Wild,阿飛正傳,cn,20.251,1990-12-15,1990,7.3,488,101258,2,0,10394,2022-07-08
487672,Reign of the Supermen,Reign of the Supermen,en,12.53,2019-01-13,2019,7.0,629,7167686,1,0,10393,2022-07-07
493551,Operation Finale,Operation Finale,en,15.77,2018-08-29,2018,6.708,992,5208252,1,0,10392,2022-07-07
219808,Despiser,Despiser,en,1.443,2003-04-15,2003,4.4,7,349345,2,0,10391,2022-07-07
487670,The Death of Superman,The Death of Superman,en,14.091,2018-07-24,2018,7.4,750,7167658,3,0,10390,2022-07-06
472805,Outside In,Outside In,en,5.992,2018-03-30,2018,6.1,102,7260048,3,0,10389,2022-07-06
575774,His House,His House,en,14.564,2020-01-27,2020,6.435,1081,8508734,3,0,10388,2022-07-06
913205,Teen Titans Go! & DC Super Hero Girls: Mayhem in the Multiverse,Teen Titans Go! & DC Super Hero Girls: Mayhem in the Multiverse,en,13.258,2022-05-24,2022,5.9,120,18250460,3,0,10387,2022-07-06
614934,Elvis,Elvis,en,30.594,2022-06-22,2022,7.515,3427,3704428,1,0,10386,2022-07-04
770254,Back to the Outback,Back to the Outback,en,23.502,2021-12-03,2021,7.7,723,13575806,3,0,10385,2022-07-04
828947,Beavis and Butt-Head Do the Universe,Beavis and Butt-Head Do the Universe,en,8.509,2022-06-23,2022,6.979,216,14145426,0,0,10384,2022-07-02
14623,Thunderbirds,Thunderbirds,en,13.234,2004-07-23,2004,4.988,294,167456,3,1,10383,2022-06-30
968438,Love & Gelato,Love & Gelato,en,7.01,2022-06-22,2022,5.428,221,15521050,3,0,10382,2022-06-29
831405,Injustice,Injustice,en,13.805,2021-10-09,2021,7.4,773,5012504,1,0,10380,2022-06-27
13354,"Chill Out, Scooby-Doo!","Chill Out, Scooby-Doo!",en,8.881,2007-08-31,2007,7.5,266,1097636,3,0,10379,2022-06-24
22188,Animusic,Animusic,en,0.864,2001-06-23,2001,6.7,15,436071,0,0,10378,2022-06-23
736074,"Batman: The Long Halloween, Part Two","Batman: The Long Halloween, Part Two",en,13.619,2021-07-26,2021,7.41,512,14402926,1,0,10377,2022-06-23
736073,"Batman: The Long Halloween, Part One","Batman: The Long Halloween, Part One",en,13.853,2021-06-21,2021,7.445,625,14324650,3,1,10373,2022-06-22
420821,Chip 'n Dale: Rescue Rangers,Chip 'n Dale: Rescue Rangers,en,29.149,2022-05-20,2022,6.993,1220,3513500,3,0,10372,2022-06-22
718789,Lightyear,Lightyear,en,31.313,2022-06-15,2022,7.0,3449,10298810,2,0,10371,2022-06-21
735697,Incredible but True,Incroyable mais vrai,fr,7.527,2022-06-15,2022,6.041,375,13145534,1,0,10370,2022-06-21
760104,X,X,en,51.684,2022-03-17,2022,6.754,3306,13560574,3,0,10369,2022-06-20
739993,Metal Lords,Metal Lords,en,15.615,2022-04-08,2022,6.876,651,12141112,1,0,10368,2022-06-20
454527,Benedetta,Benedetta,fr,23.167,2021-07-09,2021,6.612,995,6823148,3,0,10367,2022-06-20
758330,"Good Luck to You, Leo Grande","Good Luck to You, Leo Grande",en,24.632,2022-06-16,2022,7.0,521,13352968,3,0,10366,2022-06-20
615469,Spiderhead,Spiderhead,en,19.364,2022-06-17,2022,5.79,1533,9783600,1,0,10365,2022-06-19
788929,Lamb,Dýrið,is,17.538,2021-08-12,2021,6.5,871,9812474,1,0,10364,2022-06-18
446696,Life Itself,Life Itself,en,12.215,2018-09-21,2018,7.2,559,5989218,3,1,10363,2022-06-15
10891,Tremors 4: The Legend Begins,Tremors 4: The Legend Begins,en,15.245,2004-01-02,2004,5.7,459,334541,3,0,10362,2022-06-15
425909,Ghostbusters: Afterlife,Ghostbusters: Afterlife,en,42.933,2021-11-18,2021,7.371,4642,4513678,3,0,10361,2022-06-15
643532,The Card Counter,The Card Counter,en,18.39,2021-09-03,2021,6.12,957,11196036,1,0,10360,2022-06-14
20482,The Naked City,The Naked City,en,8.877,1948-03-04,1948,7.178,253,40636,1,0,10359,2022-06-13
10763,Dr. T & the Women,Dr. T & the Women,en,12.62,2000-09-13,2000,4.9,325,205271,3,0,10358,2022-06-13
507086,Jurassic World Dominion,Jurassic World Dominion,en,96.239,2022-06-01,2022,6.685,6136,8041270,3,0,10357,2022-06-12
10729,Quick Change,Quick Change,en,18.127,1990-07-13,1990,6.7,353,100449,0,0,10356,2022-06-09
795811,Wheel of Fortune and Fantasy,偶然と想像,ja,16.824,2021-04-11,2021,7.1,299,14034966,3,0,10355,2022-06-08
35987,Lola Montès,Lola Montès,fr,6.502,1955-12-23,1955,6.8,121,48308,3,0,10354,2022-06-08
67696,A Warm December,A Warm December,en,1.321,1973-05-23,1973,6.4,14,70898,3,0,10353,2022-06-08
43869,Wee Willie Winkie,Wee Willie Winkie,en,3.116,1937-07-30,1937,6.5,24,29751,3,0,10352,2022-06-08
5165,L'Avventura,L'avventura,it,12.053,1960-09-14,1960,7.5,679,53619,3,0,10351,2022-06-08
138172,The Voice of the Turtle,The Voice of the Turtle,en,1.558,1947-12-25,1947,6.6,9,39969,3,0,10350,2022-06-08
21135,L'Eclisse,L'eclisse,it,13.88,1962-04-13,1962,7.7,476,56736,3,0,10349,2022-06-08
40478,Baby Doll,Baby Doll,en,8.481,1956-12-29,1956,7.1,122,48973,3,1,10348,2022-06-08
29884,Ball of Fire,Ball of Fire,en,8.893,1941-12-02,1941,7.4,206,33373,2,0,10347,2022-06-08
43256,Autumn Leaves,Autumn Leaves,en,3.574,1956-08-01,1956,7.0,55,48967,3,0,10346,2022-06-08
43492,The Corn Is Green,The Corn Is Green,en,1.831,1945-03-29,1945,7.1,33,37614,3,0,10345,2022-06-08
1829,The Story of Adele H.,L'Histoire d'Adèle H.,fr,10.703,1975-10-08,1975,6.8,206,73114,3,0,10344,2022-06-08
94577,The Gay Sisters,The Gay Sisters,en,1.175,1942-08-01,1942,6.5,8,34770,3,0,10343,2022-06-08
43316,All That Heaven Allows,All That Heaven Allows,en,8.561,1955-12-25,1955,7.3,303,47811,3,0,10342,2022-06-08
33731,Marjorie Morningstar,Marjorie Morningstar,en,5.687,1958-04-24,1958,6.2,19,51911,3,0,10341,2022-06-08
46979,Le Amiche,Le amiche,it,4.003,1955-11-18,1955,6.772,79,47821,3,0,10340,2022-06-07
800510,Kimi,Kimi,en,16.749,2022-02-10,2022,6.222,867,14128670,2,0,10339,2022-06-07
3132,Bad Company,Bad Company,en,15.291,2002-06-07,2002,5.5,770,280486,1,0,10338,2022-06-07
511819,Memoria,Memoria,es,13.21,2021-09-30,2021,6.0,222,8399288,3,0,10337,2022-06-07
16186,Diary of a Mad Black Woman,Diary of a Mad Black Woman,en,9.919,2005-02-25,2005,6.6,210,422093,3,0,10336,2022-06-03
361743,Top Gun: Maverick,Top Gun: Maverick,en,163.618,2022-05-21,2022,8.194,9350,1745960,3,0,10333,2022-05-29
9298,Ali G Indahouse,Ali G Indahouse,en,14.281,2002-03-21,2002,6.1,1367,284837,1,0,10332,2022-05-27
17681,Scooby-Doo! and the Witch's Ghost,Scooby-Doo! and the Witch's Ghost,en,22.431,1999-10-05,1999,7.4,436,196931,3,0,10331,2022-05-27
721656,"Happy Halloween, Scooby-Doo!","Happy Halloween, Scooby-Doo!",en,12.32,2020-10-06,2020,7.8,239,12838958,3,0,10330,2022-05-27
328407,Metalocalypse: The Doomstar Requiem - A Klok Opera,Metalocalypse: The Doomstar Requiem - A Klok Opera,en,4.378,2013-10-27,2013,7.782,55,3298820,1,0,10329,2022-05-27
10141,Dirty Rotten Scoundrels,Dirty Rotten Scoundrels,en,22.841,1988-12-14,1988,7.1,869,95031,1,1,10328,2022-05-26
338953,Fantastic Beasts: The Secrets of Dumbledore,Fantastic Beasts: The Secrets of Dumbledore,en,92.264,2022-04-06,2022,6.7,4520,4123432,1,0,10327,2022-05-24
9012,Jackass: The Movie,Jackass: The Movie,en,16.476,2002-10-25,2002,6.306,1564,322802,0,0,10326,2022-05-24
780609,Men,Men,en,17.197,2022-05-20,2022,6.1,1099,13841850,3,1,10325,2022-05-23
608232,Tove,Tove,fi,3.659,2020-10-02,2020,6.8,60,11007444,3,1,10324,2022-05-18
800937,Senior Year,Senior Year,en,20.637,2022-05-11,2022,5.943,823,5315212,3,0,10323,2022-05-17
627087,Lunana: A Yak in the Classroom,ལུང་ནག་ན,dz,11.624,2019-11-16,2019,7.5,178,10189300,1,0,10322,2022-05-15
630382,Aspromonte: Land of The Forgotten,Aspromonte - La terra degli ultimi,it,3.581,2019-11-21,2019,6.344,64,9146058,1,0,10321,2022-05-15
553600,Promare,プロメア,ja,15.468,2019-05-24,2019,7.1,274,9116358,3,0,10320,2022-05-11
823610,Seal Team,Seal Team,en,11.988,2021-10-28,2021,6.9,228,8456190,3,0,10319,2022-05-10
307115,12 Dog Days Till Christmas,12 Dog Days Till Christmas,en,1.671,2014-11-28,2014,5.091,22,3579698,3,0,10318,2022-05-09
639933,The Northman,The Northman,en,57.867,2022-04-07,2022,7.057,4314,11138512,1,0,10317,2022-05-09
13676,The Little Mermaid: Ariel's Beginning,The Little Mermaid: Ariel's Beginning,en,1.297,2008-08-25,2008,6.7,1015,969647,3,0,10316,2022-05-09
71689,Phineas and Ferb The Movie: Across the 2nd Dimension,Phineas and Ferb The Movie: Across the 2nd Dimension,en,16.389,2011-08-05,2011,7.071,551,1825918,3,0,10315,2022-05-08
453395,Doctor Strange in the Multiverse of Madness,Doctor Strange in the Multiverse of Madness,en,92.802,2022-05-04,2022,7.276,9235,9419884,3,0,10314,2022-05-07
12591,Santa's Slay,Santa's Slay,en,14.244,2005-10-25,2005,5.4,237,393685,3,1,10312,2022-05-05
10661,You Don't Mess with the Zohan,You Don't Mess with the Zohan,en,33.39,2008-06-05,2008,5.7,3772,960144,1,1,10311,2022-05-04
791469,Dark Web: Cicada 3301,Dark Web: Cicada 3301,en,19.415,2021-03-12,2021,6.0,116,8110246,3,1,10309,2022-05-03
930817,The Very Last Fishing Trip,Allra síðasta veiðiferðin,is,0.997,2022-03-18,2022,5.7,3,15387742,1,0,10308,2022-05-02
835975,Great Freedom,Große Freiheit,de,7.363,2021-11-18,2021,7.3,154,14775784,0,0,10307,2022-05-02
25758,Christmas Is Here Again,Christmas Is Here Again,en,3.894,2007-10-20,2007,3.96,10,762148,3,0,10306,2022-04-26
18126,Hannah Montana: The Movie,Hannah Montana: The Movie,en,19.938,2009-04-10,2009,6.597,2006,1114677,2,1,10305,2022-04-26
545611,Everything Everywhere All at Once,Everything Everywhere All at Once,en,65.529,2022-03-24,2022,7.773,6641,6710474,3,0,10304,2022-04-25
763285,Ambulance,Ambulance,en,34.181,2022-03-16,2022,6.654,2138,4998632,2,1,10303,2022-04-24
752623,The Lost City,The Lost City,en,41.126,2022-03-24,2022,6.498,3598,13320622,3,0,10299,2022-04-21
14560,Paul Blart: Mall Cop,Paul Blart: Mall Cop,en,15.119,2009-01-15,2009,5.42,2502,1114740,1,0,10298,2022-04-18
505026,Death on the Nile,Death on the Nile,en,40.953,2022-02-09,2022,6.4,3688,7657566,3,0,10297,2022-04-17
537056,Batman: Hush,Batman: Hush,en,9.955,2019-07-19,2019,7.2,872,8752440,3,0,10296,2022-04-15
29154,Stand and Deliver,Stand and Deliver,en,17.455,1988-03-11,1988,7.6,380,94027,1,0,10295,2022-04-14
618344,Justice League Dark: Apokolips War,Justice League Dark: Apokolips War,en,24.394,2020-05-05,2020,8.215,1463,11079148,3,0,10294,2022-04-14
615677,We Can Be Heroes,We Can Be Heroes,en,40.008,2020-12-25,2020,6.005,770,10600398,3,0,10293,2022-04-13
526896,Morbius,Morbius,en,40.854,2022-03-30,2022,5.994,4327,5108870,1,0,10292,2022-04-12
818750,The In Between,The In Between,en,16.799,2022-02-11,2022,7.4,722,8851148,1,0,10290,2022-04-10
49964,Where Is The Friend's House?,خانه‌ی دوست کجاست؟,fa,9.254,1987-07-01,1987,7.9,359,93342,0,0,10288,2022-04-08
43195,Senso,Senso,it,7.726,1954-12-30,1954,7.223,224,47469,1,0,10286,2022-04-06
4474,My Super Ex-Girlfriend,My Super Ex-Girlfriend,en,9.937,2006-07-20,2006,5.108,1430,465624,3,0,10284,2022-04-06
54391,Millions Like Us,Millions Like Us,en,5.771,1943-06-01,1943,5.3,12,36160,3,0,10283,2022-04-06
2185,Big Trouble,Big Trouble,en,13.088,2002-04-05,2002,6.1,286,246464,3,0,10282,2022-04-05
9737,Bad Boys,Bad Boys,en,50.366,1995-04-07,1995,6.817,6392,112442,1,0,10281,2022-04-04
629542,The Bad Guys,The Bad Guys,en,56.013,2022-03-17,2022,7.553,2072,8115900,3,0,10280,2022-04-02
675353,Sonic the Hedgehog 2,Sonic the Hedgehog 2,en,550.713,2022-03-30,2022,7.493,5102,12412888,3,0,10279,2022-04-02
765119,The Bubble,The Bubble,en,9.741,2022-03-25,2022,4.625,453,13610562,3,0,10278,2022-04-02
278891,Apartment #5C,Apartment #5C,fr,0.38,2002-06-19,2002,5.0,1,300949,3,0,10277,2022-04-01
590304,June Again,June Again,en,2.678,2021-05-06,2021,6.597,31,9729768,1,0,10276,2022-04-01
27462,Slave Girls from Beyond Infinity,Slave Girls from Beyond Infinity,en,8.694,1987-09-18,1987,4.895,57,93991,3,0,10275,2022-04-01
787752,Fresh,Fresh,en,28.358,2022-03-03,2022,6.983,1597,13403046,3,0,10273,2022-03-30
716612,Spencer,Spencer,en,13.668,2021-11-04,2021,6.8,1632,12536294,3,0,10271,2022-03-28
460071,Lizzie,Lizzie,en,9.561,2018-09-14,2018,6.2,271,5160938,1,0,10270,2022-03-28
539885,Ava,Ava,en,28.469,2020-07-02,2020,5.83,2574,8784956,2,0,10269,2022-03-27
9036,Eight Below,Eight Below,en,24.44,2006-02-17,2006,7.007,1696,397313,0,0,10268,2022-03-27
609181,Golden Arm,Golden Arm,en,3.942,2021-04-30,2021,5.7,15,9572534,3,0,10267,2022-03-25
92321,Hotarubi no Mori e,蛍火の杜へ,ja,0.026,2011-09-17,2011,8.297,1113,2061702,3,1,10266,2022-03-25
11663,The Commitments,The Commitments,en,27.999,1991-08-14,1991,7.3,543,101605,3,0,10265,2022-03-21
11258,Hard Rain,Hard Rain,en,13.554,1998-01-16,1998,5.8,708,120696,2,0,10264,2022-03-21
696806,The Adam Project,The Adam Project,en,31.908,2022-03-11,2022,7.033,4369,2463208,1,0,10263,2022-03-19
840882,The Weekend Away,The Weekend Away,en,14.351,2022-03-03,2022,6.0,683,14817272,3,0,10262,2022-03-19
809065,Flashback,Flashback,fr,6.118,2021-11-11,2021,5.9,100,14371426,3,0,10261,2022-03-18
575776,Saint Maud,Saint Maud,en,15.023,2020-10-09,2020,6.6,724,7557108,3,0,10260,2022-03-18
399566,Godzilla vs. Kong,Godzilla vs. Kong,en,50.278,2021-03-24,2021,7.591,10007,5034838,3,1,10259,2022-03-15
504253,I Want to Eat Your Pancreas,君の膵臓をたべたい,ja,37.293,2018-09-01,2018,8.233,1560,7236034,3,1,10258,2022-03-14
632727,Texas Chainsaw Massacre,Texas Chainsaw Massacre,en,27.912,2022-02-18,2022,5.204,1454,11755740,3,1,10257,2022-03-13
482321,Ron's Gone Wrong,Ron's Gone Wrong,en,25.446,2021-10-14,2021,7.9,1857,7504818,3,1,10256,2022-03-13
227783,The Nut Job,The Nut Job,en,16.756,2014-01-17,2014,5.8,958,1821658,3,1,10255,2022-03-13
523777,Next Gen,Next Gen,en,13.314,2018-09-07,2018,7.0,768,7133686,3,0,10252,2022-03-13
508947,Turning Red,Turning Red,en,78.924,2022-03-10,2022,7.362,5252,8097030,3,0,10251,2022-03-12
370567,Sherlock Gnomes,Sherlock Gnomes,en,12.414,2018-03-15,2018,5.658,712,2296777,3,1,10250,2022-03-11
65759,Happy Feet Two,Happy Feet Two,en,21.403,2011-11-17,2011,6.153,1604,1402488,3,0,10249,2022-03-10
766798,Parallel Mothers,Madres paralelas,es,25.851,2021-10-08,2021,6.8,924,12618926,3,0,10248,2022-03-10
617771,Once Were Brothers: Robbie Robertson and The Band,Once Were Brothers: Robbie Robertson and The Band,en,1.316,2020-02-21,2020,6.733,15,10334456,0,0,10244,2022-03-07
751237,Umma,Umma,en,24.894,2022-03-18,2022,5.4,293,13235822,3,0,10243,2022-03-04
833425,No Exit,No Exit,en,26.402,2022-02-24,2022,6.9,1141,7550014,3,0,10242,2022-03-03
414906,The Batman,The Batman,en,116.842,2022-03-01,2022,7.664,10449,1877830,3,0,10241,2022-03-02
458131,The Best of Enemies,The Best of Enemies,en,10.8,2019-04-05,2019,7.4,423,4807408,3,0,10240,2022-02-26
8854,Steel,Steel,en,7.191,1997-08-15,1997,4.306,255,120207,2,0,10238,2022-02-22
862491,Catwoman: Hunted,Catwoman: Hunted,en,13.927,2022-02-07,2022,5.7,107,15248702,3,0,10237,2022-02-22
589880,RoboWoman,RoboWoman,en,0.809,2019-04-11,2019,1.3,7,8375936,3,0,10236,2022-02-22
17645,Leave Her to Heaven,Leave Her to Heaven,en,8.826,1945-12-25,1945,7.4,236,37865,3,0,10235,2022-02-20
81481,Silenced,도가니,ko,26.228,2011-09-22,2011,8.167,634,2070649,1,0,10234,2022-02-19
744275,After We Fell,After We Fell,en,92.241,2021-09-01,2021,7.052,2584,13069986,1,0,10233,2022-02-18
599960,French Exit,French Exit,en,14.416,2021-02-12,2021,5.7,138,10279362,3,0,10232,2022-02-18
438695,Sing 2,Sing 2,en,84.515,2021-12-01,2021,7.859,4402,6467266,1,0,10230,2022-02-17
15250,This Christmas,This Christmas,en,13.08,2007-11-27,2007,6.5,130,937375,3,0,10227,2022-02-15
335787,Uncharted,Uncharted,en,99.487,2022-02-10,2022,6.929,5994,1464335,2,1,10226,2022-02-14
245473,Cloud 9,Cloud 9,en,12.284,2014-01-17,2014,6.886,525,2762970,3,1,10225,2022-02-13
567690,Dear Evan Hansen,Dear Evan Hansen,en,14.073,2021-09-24,2021,6.285,325,9357050,1,0,10224,2022-02-07
86820,4:44 Last Day on Earth,4:44 Last Day on Earth,en,5.071,2012-03-23,2012,4.6,157,1707391,0,0,10223,2022-02-07
925332,Playboy: No Boys Allowed 1 100 Girls,Playboy: No Boys Allowed 1 100 Girls,en,4.01,2000-01-01,2000,0.0,0,354772,3,0,10222,2022-02-04
646385,Scream,Scream,en,73.765,2022-01-12,2022,6.67,3328,11245972,3,0,10221,2022-02-03
795514,The Fallout,The Fallout,en,28.381,2021-03-17,2021,7.59,1130,11847410,3,0,10220,2022-02-03
11694,Cat Ballou,Cat Ballou,en,13.398,1965-06-24,1965,6.3,245,59017,3,0,10219,2022-02-02
565382,Sister Aimee,Sister Aimee,en,1.334,2019-01-26,2019,5.9,12,8456696,3,0,10218,2022-02-02
502147,Wild Nights with Emily,Wild Nights with Emily,en,4.441,2018-03-11,2018,6.1,42,5176580,3,0,10217,2022-02-01
476669,The King's Man,The King's Man,en,70.805,2021-12-22,2021,6.753,4548,6856242,1,0,10216,2022-02-01
627290,Antebellum,Antebellum,en,13.257,2020-09-02,2020,6.2,910,10065694,3,0,10215,2022-01-31
790142,The Royal Treatment,The Royal Treatment,en,13.957,2022-01-20,2022,6.656,768,13989030,3,0,10214,2022-01-29
777270,Belfast,Belfast,en,13.298,2021-11-12,2021,7.083,1490,12789558,1,0,10213,2022-01-27
662401,The Woman Who Ran,도망친 여자,ko,6.83,2020-09-17,2020,6.5,89,11697690,3,0,10212,2022-01-27
576920,Silver Skates,Серебряные коньки,ru,14.371,2020-12-10,2020,7.592,276,10525672,2,0,10211,2022-01-26
95667,Night of the Living Dead: Re-Animation,Night of the Living Dead: Re-Animation,en,6.172,2012-10-16,2012,6.3,104,1879012,3,0,10210,2022-01-26
24927,Night of the Living Dead 3D,Night of the Living Dead 3D,en,5.088,2006-11-10,2006,4.0,54,489244,3,0,10209,2022-01-25
11986,Betty Blue,37°2 le matin,fr,18.867,1986-04-09,1986,7.2,409,90563,2,0,10208,2022-01-25
491283,Judy,Judy,en,10.8,2019-09-27,2019,6.7,1170,7549996,3,0,10207,2022-01-25
423333,Mass,Mass,en,9.087,2021-10-08,2021,7.5,240,11389748,3,0,10206,2022-01-23
4916,Guilty as Sin,Guilty as Sin,en,12.29,1993-06-04,1993,5.7,134,107057,2,0,10205,2022-01-23
22949,Old Dogs,Old Dogs,en,14.419,2009-11-24,2009,5.542,734,976238,3,0,10204,2022-01-22
9408,Surf's Up,Surf's Up,en,45.829,2007-06-08,2007,6.4,2494,423294,1,0,10203,2022-01-20
600583,The Power of the Dog,The Power of the Dog,en,16.106,2021-10-25,2021,6.779,2667,10293406,0,0,10202,2022-01-18
16084,Freaky Friday,Freaky Friday,en,8.518,1976-12-17,1976,6.1,263,76054,3,0,10201,2022-01-18
807196,Boiling Point,Boiling Point,en,14.401,2021-07-05,2021,7.2,546,11127680,3,0,10200,2022-01-17
517088,Being the Ricardos,Being the Ricardos,en,14.058,2021-12-10,2021,6.53,626,4995540,3,0,10199,2022-01-16
2054,Mr. Holland's Opus,Mr. Holland's Opus,en,15.806,1995-12-29,1995,7.0,413,113862,3,1,10198,2022-01-16
10806,In & Out,In & Out,en,12.998,1997-09-10,1997,6.5,690,119360,2,0,10197,2022-01-15
787723,13 Minutes,13 Minutes,en,33.17,2021-10-29,2021,5.944,216,9274670,3,0,10196,2022-01-14
522016,The 355,The 355,en,18.626,2022-01-05,2022,6.058,1010,8356942,3,0,10195,2022-01-13
635302,Demon Slayer -Kimetsu no Yaiba- The Movie: Mugen Train,劇場版「鬼滅の刃」無限列車編,ja,94.945,2020-10-16,2020,8.212,3971,11032374,0,1,10194,2022-01-12
660120,The Worst Person in the World,Verdens verste menneske,no,23.739,2021-10-13,2021,7.5,1380,10370710,3,1,10193,2022-01-11
537116,"tick, tick... BOOM!","tick, tick... BOOM!",en,12.642,2021-11-11,2021,7.644,2055,8721424,3,1,10190,2022-01-10
527729,Asterix: The Secret of the Magic Potion,Astérix - Le Secret de la potion magique,fr,20.338,2018-05-12,2018,6.9,1229,8001346,2,0,10189,2022-01-08
597208,Nightmare Alley,Nightmare Alley,en,26.771,2021-12-02,2021,7.0,2920,7740496,1,0,10186,2022-01-08
718032,Licorice Pizza,Licorice Pizza,en,18.479,2021-11-26,2021,6.976,2235,11271038,3,0,10185,2022-01-08
727293,The Tender Bar,The Tender Bar,en,14.566,2021-12-17,2021,6.625,536,3108894,1,0,10184,2022-01-08
11307,The World According to Garp,The World According to Garp,en,11.747,1982-08-13,1982,6.7,346,84917,3,0,10183,2022-01-06
653569,Save Yourselves!,Save Yourselves!,en,7.523,2020-10-02,2020,5.8,196,7873348,3,1,10182,2022-01-06
32078,Panic in the Streets,Panic in the Streets,en,6.789,1950-07-27,1950,6.9,141,42832,0,0,10181,2022-01-05
353378,Big Stone Gap,Big Stone Gap,en,7.632,2014-10-09,2014,5.9,68,3254796,3,0,10180,2022-01-04
6715,The Cure,The Cure,en,10.921,1995-04-21,1995,7.936,304,112757,1,0,10179,2022-01-04
10449,When a Man Loves a Woman,When a Man Loves a Woman,en,15.449,1994-04-29,1994,6.5,341,111693,3,0,10178,2022-01-04
768334,A Classic Horror Story,A Classic Horror Story,it,16.433,2021-07-01,2021,5.834,945,12877640,3,1,10177,2022-01-03
448119,Dolittle,Dolittle,en,28.281,2020-01-02,2020,6.6,3633,6673612,3,0,10176,2022-01-01
340255,Welcome to Happiness,Welcome to Happiness,en,1.765,2016-05-20,2016,5.656,16,3564794,1,0,10175,2021-12-31
27563,Flamingo Road,Flamingo Road,en,5.203,1949-04-30,1949,7.027,56,41373,3,0,10174,2021-12-31
10278,Return to Paradise,Return to Paradise,en,9.961,1998-08-10,1998,6.4,294,124595,2,0,10173,2021-12-31
597891,Kate,Kate,en,15.069,2021-09-10,2021,6.658,1507,7737528,2,1,10172,2021-12-30
43341,Cat-Women of the Moon,Cat-Women of the Moon,en,3.767,1953-09-03,1953,4.1,44,45609,3,0,10171,2021-12-30
71520,Last Woman on Earth,Last Woman on Earth,en,2.576,1960-08-05,1960,4.454,54,54017,0,0,10170,2021-12-29
29136,Flowers for Algernon,Flowers for Algernon,en,6.347,2000-02-20,2000,5.5,24,210044,2,1,10169,2021-12-29
646380,Don't Look Up,Don't Look Up,en,29.462,2021-12-08,2021,7.082,8285,11286314,3,0,10168,2021-12-28
624860,The Matrix Resurrections,The Matrix Resurrections,en,56.127,2021-12-16,2021,6.4,5770,10838180,3,0,10167,2021-12-25
634649,Spider-Man: No Way Home,Spider-Man: No Way Home,en,189.46,2021-12-15,2021,7.954,20286,10872600,3,1,10166,2021-12-21
512195,Red Notice,Red Notice,en,54.536,2021-11-04,2021,6.765,5820,7991608,1,0,10164,2021-12-20
3073,Bud Abbott and Lou Costello Meet Frankenstein,Bud Abbott and Lou Costello Meet Frankenstein,en,10.938,1948-06-15,1948,7.0,306,40068,3,0,10163,2021-12-19
293271,Moomins on the Riviera,Muumit Rivieralla,fi,2.36,2014-10-10,2014,5.7,39,2371399,3,0,10162,2021-12-17
